putnam_card_id,catalog_set,card_name,printed_number,product_id,product_name,status,score
pkm-151-1-165-9004d1f25f,151,Bulbasaur,1/165,502552,Bulbasaur - 001/165,SKIP_NAME_MISMATCH,0.33
pkm-151-2-165-c2f2e1b91f,151,Ivysaur,2/165,502553,Ivysaur - 002/165,SKIP_NAME_MISMATCH,0.33
pkm-151-3-165-a4dc2af528,151,Venusaur ex,3/165,502554,Venusaur ex - 003/165,SKIP_NAME_MISMATCH,0.50
pkm-151-4-165-67266d5841,151,Charmander,4/165,502555,Charmander - 004/165,SKIP_NAME_MISMATCH,0.33
pkm-151-5-165-297a51ce96,151,Charmeleon,5/165,502557,Charmeleon - 005/165,SKIP_NAME_MISMATCH,0.33
pkm-151-6-165-d9226ced1b,151,Charizard ex,6/165,502558,Charizard ex - 006/165,SKIP_NAME_MISMATCH,0.50
pkm-151-7-165-73ca76a6e7,151,Squirtle,7/165,502548,Squirtle - 007/165,SKIP_NAME_MISMATCH,0.33
pkm-151-8-165-b2027d71ae,151,Wartortle,8/165,502550,Wartortle - 008/165,SKIP_NAME_MISMATCH,0.33
pkm-151-9-165-369a2f4e2c,151,Blastoise ex,9/165,502551,Blastoise ex - 009/165,SKIP_NAME_MISMATCH,0.50
pkm-151-10-165-8c34ea2fdb,151,Caterpie,10/165,502559,Caterpie - 010/165,SKIP_NAME_MISMATCH,0.33
pkm-151-11-165-cc8726936c,151,Metapod,11/165,502560,Metapod,LINKED,1.00
pkm-151-12-165-39d8cb25f9,151,Butterfree,12/165,502561,Butterfree,LINKED,1.00
pkm-151-13-165-ff1a298fcd,151,Weedle,13/165,502562,Weedle,LINKED,1.00
pkm-151-14-165-f6b9cf30aa,151,Kakuna,14/165,502563,Kakuna,LINKED,1.00
pkm-151-15-165-7546ca168a,151,Beedrill,15/165,502564,Beedrill,LINKED,1.00
pkm-151-16-165-a971318e97,151,Pidgey,16/165,502565,Pidgey,LINKED,1.00
pkm-151-17-165-4c46cb55ba,151,Pidgeotto,17/165,502566,Pidgeotto,LINKED,1.00
pkm-151-18-165-eba92580f0,151,Pidgeot,18/165,502567,Pidgeot,LINKED,1.00
pkm-151-19-165-fb13582058,151,Rattata,19/165,502568,Rattata,LINKED,1.00
pkm-151-20-165-53ca288ee8,151,Raticate,20/165,502569,Raticate,LINKED,1.00
pkm-151-21-165-b2267fd0f1,151,Spearow,21/165,502587,Spearow,LINKED,1.00
pkm-151-22-165-f886814ba8,151,Fearow,22/165,502589,Fearow,LINKED,1.00
pkm-151-23-165-25b7ee9670,151,Ekans,23/165,515955,Ekans,LINKED,1.00
pkm-151-24-165-4a37d50f74,151,Arbok ex,24/165,515956,Arbok ex - 024/165,SKIP_NAME_MISMATCH,0.50
pkm-151-25-165-5f4c4cd625,151,Pikachu,25/165,517033,Pikachu - 025/165,SKIP_NAME_MISMATCH,0.33
pkm-151-26-165-f0500d33f3,151,Raichu,26/165,515957,Raichu,LINKED,1.00
pkm-151-27-165-bc9c79357f,151,Sandshrew,27/165,515978,Sandshrew,LINKED,1.00
pkm-151-28-165-5117c60688,151,Sandslash,28/165,515989,Sandslash,LINKED,1.00
pkm-151-29-165-95d2e3c958,151,Nidoran ♀,29/165,515994,Nidoran F,SKIP_NAME_MISMATCH,0.50
pkm-151-30-165-eb867e963c,151,Nidorina,30/165,516000,Nidorina,LINKED,1.00
pkm-151-31-165-4187b0a233,151,Nidoqueen,31/165,516004,Nidoqueen,LINKED,1.00
pkm-151-32-165-14241a793f,151,Nidoran ♂,32/165,516006,Nidoran M,SKIP_NAME_MISMATCH,0.50
pkm-151-33-165-8a84a6f40e,151,Nidorino,33/165,516016,Nidorino,LINKED,1.00
pkm-151-34-165-71ad1e6820,151,Nidoking,34/165,516024,Nidoking - 034/165,SKIP_NAME_MISMATCH,0.33
pkm-151-35-165-6c09c720a0,151,Clefairy,35/165,516030,Clefairy,LINKED,1.00
pkm-151-36-165-897ec809ce,151,Clefable,36/165,516036,Clefable,LINKED,1.00
pkm-151-37-165-8328872d94,151,Vulpix,37/165,516060,Vulpix,LINKED,1.00
pkm-151-38-165-14b21e0638,151,Ninetales ex,38/165,516072,Ninetales ex - 038/165,SKIP_NAME_MISMATCH,0.50
pkm-151-39-165-7dedd5b52f,151,Jigglypuff,39/165,516108,Jigglypuff,LINKED,1.00
pkm-151-40-165-5bd0f66d50,151,Wigglytuff ex,40/165,516145,Wigglytuff ex - 040/165,SKIP_NAME_MISMATCH,0.50
pkm-151-41-165-e9f4db612b,151,Zubat,41/165,516150,Zubat,LINKED,1.00
pkm-151-42-165-48390e7ce9,151,Golbat,42/165,516152,Golbat,LINKED,1.00
pkm-151-43-165-0d89181d45,151,Oddish,43/165,516156,Oddish,LINKED,1.00
pkm-151-44-165-3d0c846e4f,151,Gloom,44/165,516157,Gloom,LINKED,1.00
pkm-151-45-165-444dc2de5e,151,Vileplume,45/165,516159,Vileplume,LINKED,1.00
pkm-151-46-165-3c2ced775e,151,Paras,46/165,516163,Paras,LINKED,1.00
pkm-151-47-165-2bde32b138,151,Parasect,47/165,516170,Parasect,LINKED,1.00
pkm-151-48-165-0d06c70b80,151,Venonat,48/165,516206,Venonat,LINKED,1.00
pkm-151-49-165-6fc029cf25,151,Venomoth,49/165,516213,Venomoth,LINKED,1.00
pkm-151-50-165-82d2967446,151,Diglett,50/165,516215,Diglett,LINKED,1.00
pkm-151-51-165-9e0013180d,151,Dugtrio,51/165,516216,Dugtrio,LINKED,1.00
pkm-151-52-165-3ec6284775,151,Meowth,52/165,516221,Meowth,LINKED,1.00
pkm-151-53-165-f5d5a956c0,151,Persian,53/165,516223,Persian,LINKED,1.00
pkm-151-54-165-4fb2807ca6,151,Psyduck,54/165,516231,Psyduck - 054/165,SKIP_NAME_MISMATCH,0.33
pkm-151-55-165-81ce9766b7,151,Golduck,55/165,516232,Golduck,LINKED,1.00
pkm-151-56-165-14e0cb039c,151,Mankey,56/165,516242,Mankey,LINKED,1.00
pkm-151-57-165-8cf2f4693f,151,Primeape,57/165,516246,Primeape,LINKED,1.00
pkm-151-58-165-364d641006,151,Growlithe,58/165,516247,Growlithe,LINKED,1.00
pkm-151-59-165-244d568513,151,Arcanine,59/165,516248,Arcanine,LINKED,1.00
pkm-151-60-165-a4176dc168,151,Poliwag,60/165,516249,Poliwag,LINKED,1.00
pkm-151-61-165-2aec96c2ed,151,Poliwhirl,61/165,516250,Poliwhirl - 061/165,SKIP_NAME_MISMATCH,0.33
pkm-151-62-165-5e8cd81fa5,151,Poliwrath,62/165,516251,Poliwrath,LINKED,1.00
pkm-151-63-165-59ddc5d20e,151,Abra,63/165,516268,Abra,LINKED,1.00
pkm-151-64-165-79988366e2,151,Kadabra,64/165,516269,Kadabra,LINKED,1.00
pkm-151-65-165-c74575c690,151,Alakazam ex,65/165,516381,Alakazam ex - 065/165,SKIP_NAME_MISMATCH,0.50
pkm-151-66-165-7399076c6a,151,Machop,66/165,516382,Machop,LINKED,1.00
pkm-151-67-165-ac3abb3c12,151,Machoke,67/165,516383,Machoke - 067/165,SKIP_NAME_MISMATCH,0.33
pkm-151-68-165-7be52327c8,151,Machamp,68/165,516385,Machamp,LINKED,1.00
pkm-151-69-165-1a90572021,151,Bellsprout,69/165,516560,Bellsprout,LINKED,1.00
pkm-151-70-165-ee6e146bd3,151,Weepinbell,70/165,516563,Weepinbell,LINKED,1.00
pkm-151-71-165-424d03b223,151,Victreebel,71/165,516564,Victreebel,LINKED,1.00
pkm-151-72-165-37236f5ad8,151,Tentacool,72/165,516565,Tentacool,LINKED,1.00
pkm-151-73-165-ec95309e85,151,Tentacruel,73/165,516567,Tentacruel,LINKED,1.00
pkm-151-74-165-c7ed551e21,151,Geodude,74/165,516569,Geodude,LINKED,1.00
pkm-151-75-165-bea25e8682,151,Graveler,75/165,516572,Graveler,LINKED,1.00
pkm-151-76-165-6191d9c88f,151,Golem ex,76/165,516574,Golem ex - 076/165,SKIP_NAME_MISMATCH,0.50
pkm-151-77-165-f8550f48c6,151,Ponyta,77/165,516601,Ponyta,LINKED,1.00
pkm-151-78-165-b07e12cbe4,151,Rapidash,78/165,516607,Rapidash,LINKED,1.00
pkm-151-79-165-8f49ab4fb5,151,Slowpoke,79/165,516650,Slowpoke,LINKED,1.00
pkm-151-80-165-bfb5800d3e,151,Slowbro,80/165,516651,Slowbro,LINKED,1.00
pkm-151-81-165-b009bc7634,151,Magnemite,81/165,516648,Magnemite,LINKED,1.00
pkm-151-82-165-131899f17e,151,Magneton,82/165,516649,Magneton,LINKED,1.00
pkm-151-83-165-0ce63d9d00,151,Farfetch'd,83/165,516652,Farfetch'd,LINKED,1.00
pkm-151-84-165-b3bb6c87dd,151,Doduo,84/165,516653,Doduo,LINKED,1.00
pkm-151-85-165-aca01cc495,151,Dodrio,85/165,516654,Dodrio,LINKED,1.00
pkm-151-86-165-400ab45a1a,151,Seel,86/165,516655,Seel,LINKED,1.00
pkm-151-87-165-5e5b29eb5b,151,Dewgong,87/165,516656,Dewgong,LINKED,1.00
pkm-151-88-165-a6b845f377,151,Grimer,88/165,516657,Grimer,LINKED,1.00
pkm-151-89-165-d6bd2274d4,151,Muk,89/165,516658,Muk,LINKED,1.00
pkm-151-90-165-6f39bac5ed,151,Shellder,90/165,516659,Shellder,LINKED,1.00
pkm-151-91-165-2317cf0d30,151,Cloyster,91/165,516660,Cloyster,LINKED,1.00
pkm-151-92-165-0a4182c867,151,Gastly,92/165,516661,Gastly,LINKED,1.00
pkm-151-93-165-0c32d90a37,151,Haunter,93/165,516662,Haunter,LINKED,1.00
pkm-151-94-165-c22c7159ad,151,Gengar,94/165,516663,Gengar,LINKED,1.00
pkm-151-95-165-5f6e6be5d4,151,Onix,95/165,516664,Onix,LINKED,1.00
pkm-151-96-165-090851d593,151,Drowzee,96/165,516665,Drowzee,LINKED,1.00
pkm-151-97-165-abc66f36f4,151,Hypno,97/165,516666,Hypno,LINKED,1.00
pkm-151-98-165-69e7b6ebf1,151,Krabby,98/165,516667,Krabby,LINKED,1.00
pkm-151-99-165-798aba3dde,151,Kingler,99/165,516668,Kingler,LINKED,1.00
pkm-151-100-165-ec82266605,151,Voltorb,100/165,516669,Voltorb,LINKED,1.00
pkm-151-101-165-98c69c842b,151,Electrode,101/165,516670,Electrode,LINKED,1.00
pkm-151-102-165-c435fc4667,151,Exeggcute,102/165,516671,Exeggcute,LINKED,1.00
pkm-151-103-165-b3d7ef426e,151,Exeggutor,103/165,516672,Exeggutor,LINKED,1.00
pkm-151-104-165-62e763d6da,151,Cubone,104/165,516673,Cubone,LINKED,1.00
pkm-151-105-165-9a2c60e6fe,151,Marowak,105/165,516674,Marowak,LINKED,1.00
pkm-151-106-165-1ad5f7a019,151,Hitmonlee,106/165,516675,Hitmonlee,LINKED,1.00
pkm-151-107-165-2f4f64a9eb,151,Hitmonchan,107/165,516676,Hitmonchan,LINKED,1.00
pkm-151-108-165-281b29957e,151,Lickitung,108/165,516677,Lickitung,LINKED,1.00
pkm-151-109-165-ee713b33d9,151,Koffing,109/165,516679,Koffing,LINKED,1.00
pkm-151-110-165-3afc3aec5f,151,Weezing,110/165,516680,Weezing,LINKED,1.00
pkm-151-111-165-028e20e266,151,Rhyhorn,111/165,516570,Rhyhorn,LINKED,1.00
pkm-151-112-165-4dd4f6cfe4,151,Rhydon,112/165,516573,Rhydon,LINKED,1.00
pkm-151-113-165-0a9c9e2fc5,151,Chansey,113/165,516575,Chansey,LINKED,1.00
pkm-151-114-165-dc77bbfaea,151,Tangela,114/165,516579,Tangela - 114/165,SKIP_NAME_MISMATCH,0.33
pkm-151-115-165-93af03abba,151,Kangaskhan ex,115/165,516581,Kangaskhan ex - 115/165,SKIP_NAME_MISMATCH,0.50
pkm-151-116-165-4365626f90,151,Horsea,116/165,516583,Horsea,LINKED,1.00
pkm-151-117-165-c26155767e,151,Seadra,117/165,516584,Seadra,LINKED,1.00
pkm-151-118-165-60a8c5da3b,151,Goldeen,118/165,516681,Goldeen,LINKED,1.00
pkm-151-119-165-6120411f91,151,Seaking,119/165,516682,Seaking,LINKED,1.00
pkm-151-120-165-4ea338e730,151,Staryu,120/165,516683,Staryu,LINKED,1.00
pkm-151-121-165-c777da66c6,151,Starmie,121/165,516684,Starmie,LINKED,1.00
pkm-151-122-165-310ae3f1cc,151,Mr. Mime,122/165,516685,Mr. Mime - 122/165,SKIP_NAME_MISMATCH,0.50
pkm-151-123-165-5a051581c7,151,Scyther,123/165,516686,Scyther,LINKED,1.00
pkm-151-124-165-2f96418937,151,Jynx ex,124/165,516687,Jynx ex - 124/165,SKIP_NAME_MISMATCH,0.50
pkm-151-125-165-b5515ba4b2,151,Electabuzz,125/165,516688,Electabuzz,LINKED,1.00
pkm-151-126-165-957846c254,151,Magmar,126/165,516689,Magmar,LINKED,1.00
pkm-151-127-165-37ed5de916,151,Pinsir,127/165,516690,Pinsir,LINKED,1.00
pkm-151-128-165-f54e3dac23,151,Tauros,128/165,516691,Tauros,LINKED,1.00
pkm-151-129-165-deec1e7dea,151,Magikarp,129/165,516692,Magikarp,LINKED,1.00
pkm-151-130-165-8d1d4b8323,151,Gyarados,130/165,516693,Gyarados,LINKED,1.00
pkm-151-131-165-7258c3a8a5,151,Lapras,131/165,516694,Lapras,LINKED,1.00
pkm-151-132-165-46a8e5fb10,151,Ditto,132/165,516695,Ditto,LINKED,1.00
pkm-151-133-165-6a41f78f17,151,Eevee,133/165,516696,Eevee,LINKED,1.00
pkm-151-134-165-0ef736bfb6,151,Vaporeon,134/165,516697,Vaporeon,LINKED,1.00
pkm-151-135-165-8e25fdc86f,151,Jolteon,135/165,516698,Jolteon,LINKED,1.00
pkm-151-136-165-8bfb9f224b,151,Flareon,136/165,516699,Flareon,LINKED,1.00
pkm-151-137-165-84ad7a669c,151,Porygon,137/165,516700,Porygon,LINKED,1.00
pkm-151-138-165-bf72a207c9,151,Omanyte,138/165,516701,Omanyte - 138/165,SKIP_NAME_MISMATCH,0.33
pkm-151-139-165-9732bfb4c0,151,Omastar,139/165,516702,Omastar,LINKED,1.00
pkm-151-140-165-207550527a,151,Kabuto,140/165,516703,Kabuto,LINKED,1.00
pkm-151-141-165-66ead94121,151,Kabutops,141/165,516704,Kabutops,LINKED,1.00
pkm-151-142-165-643673573d,151,Aerodactyl,142/165,516705,Aerodactyl,LINKED,1.00
pkm-151-143-165-6105ac4eb6,151,Snorlax,143/165,516706,Snorlax,LINKED,1.00
pkm-151-144-165-b4c8e58591,151,Articuno,144/165,516707,Articuno,LINKED,1.00
pkm-151-145-165-edadd93d45,151,Zapdos ex,145/165,516708,Zapdos ex - 145/165,SKIP_NAME_MISMATCH,0.50
pkm-151-146-165-af476ffcdd,151,Moltres,146/165,516709,Moltres,LINKED,1.00
pkm-151-147-165-6f2afde7e8,151,Dratini,147/165,,,NO_CANDIDATE,
pkm-151-148-165-2df24bbd00,151,Dragonair,148/165,516711,Dragonair - 148/165,SKIP_NAME_MISMATCH,0.33
pkm-151-149-165-6689b0a540,151,Dragonite,149/165,516712,Dragonite,LINKED,1.00
pkm-151-150-165-deb2f97c44,151,Mewtwo,150/165,516713,Mewtwo,LINKED,1.00
pkm-151-151-165-f7ad2fb547,151,Mew ex,151/165,516566,Mew ex - 151/165,SKIP_NAME_MISMATCH,0.50
pkm-151-152-165-18a5ed0d24,151,Antique Dome Fossil,152/165,516714,Antique Dome Fossil,LINKED,1.00
pkm-151-153-165-6d0363a024,151,Antique Helix Fossil,153/165,516715,Antique Helix Fossil,LINKED,1.00
pkm-151-154-165-dbf7c9eb33,151,Antique Old Amber,154/165,516716,Antique Old Amber,LINKED,1.00
pkm-151-155-165-b6887be004,151,Big Air Balloon,155/165,516717,Big Air Balloon,LINKED,1.00
pkm-151-156-165-5edec959dd,151,Bill's Transfer,156/165,516718,Bill's Transfer - 156/165,SKIP_NAME_MISMATCH,0.60
pkm-151-157-165-e49711f330,151,Cycling Road,157/165,516719,Cycling Road,LINKED,1.00
pkm-151-158-165-5777a0c11a,151,Daisy's Help,158/165,516720,Daisy's Help - 158/165,SKIP_NAME_MISMATCH,0.60
pkm-151-159-165-2a65c4ccba,151,Energy Sticker,159/165,516721,Energy Sticker,LINKED,1.00
pkm-151-160-165-f6969884a9,151,Erika's Invitation,160/165,516722,Erika's Invitation - 160/165,SKIP_NAME_MISMATCH,0.60
pkm-151-161-165-51ab30144b,151,Giovanni's Charisma,161/165,516723,Giovanni's Charisma - 161/165,SKIP_NAME_MISMATCH,0.60
pkm-151-162-165-66c5649cf3,151,Grabber,162/165,516724,Grabber,LINKED,1.00
pkm-151-163-165-c98242f4f5,151,Leftovers,163/165,516725,Leftovers,LINKED,1.00
pkm-151-164-165-46aff37754,151,Protective Goggles,164/165,516726,Protective Goggles,LINKED,1.00
pkm-151-165-165-dff89ed4fc,151,Rigid Band,165/165,516727,Rigid Band,LINKED,1.00
pkm-151-166-165-be7e804116,151,Bulbasaur,166/165,516997,Bulbasaur - 166/165,SKIP_NAME_MISMATCH,0.33
pkm-151-167-165-ee5dca1a40,151,Ivysaur,167/165,516998,Ivysaur - 167/165,SKIP_NAME_MISMATCH,0.33
pkm-151-168-165-3e5f634ea3,151,Charmander,168/165,502556,Charmander - 168/165,SKIP_NAME_MISMATCH,0.33
pkm-151-169-165-3d1d43fc1f,151,Charmeleon,169/165,517018,Charmeleon - 169/165,SKIP_NAME_MISMATCH,0.33
pkm-151-170-165-c4e1b81c4f,151,Squirtle,170/165,502549,Squirtle - 170/165,SKIP_NAME_MISMATCH,0.33
pkm-151-171-165-ba0f649d29,151,Wartortle,171/165,517038,Wartortle - 171/165,SKIP_NAME_MISMATCH,0.33
pkm-151-172-165-12751e3300,151,Caterpie,172/165,517016,Caterpie - 172/165,SKIP_NAME_MISMATCH,0.33
pkm-151-173-165-6241a12396,151,Pikachu,173/165,513721,Pikachu - 173/165,SKIP_NAME_MISMATCH,0.33
pkm-151-174-165-323c8851a1,151,Nidoking,174/165,517029,Nidoking - 174/165,SKIP_NAME_MISMATCH,0.33
pkm-151-175-165-f84e1be2b2,151,Psyduck,175/165,517035,Psyduck - 175/165,SKIP_NAME_MISMATCH,0.33
pkm-151-176-165-e0edf933a5,151,Poliwhirl,176/165,517034,Poliwhirl - 176/165,SKIP_NAME_MISMATCH,0.33
pkm-151-177-165-8f8260f50b,151,Machoke,177/165,517025,Machoke - 177/165,SKIP_NAME_MISMATCH,0.33
pkm-151-178-165-e7c8582d02,151,Tangela,178/165,517036,Tangela - 178/165,SKIP_NAME_MISMATCH,0.33
pkm-151-179-165-c37693a946,151,Mr. Mime,179/165,517028,Mr. Mime - 179/165,SKIP_NAME_MISMATCH,0.50
pkm-151-180-165-d547ed4821,151,Omanyte,180/165,517031,Omanyte - 180/165,SKIP_NAME_MISMATCH,0.33
pkm-151-181-165-7d7e6769bf,151,Dragonair,181/165,517020,Dragonair - 181/165,SKIP_NAME_MISMATCH,0.33
pkm-151-182-165-b023e18288,151,Venusaur ex,182/165,517037,Venusaur ex - 182/165,SKIP_NAME_MISMATCH,0.50
pkm-151-183-165-d9e880753e,151,Charizard ex,183/165,517017,Charizard ex - 183/165,SKIP_NAME_MISMATCH,0.50
pkm-151-184-165-6f0b8402f0,151,Blastoise ex,184/165,517015,Blastoise ex - 184/165,SKIP_NAME_MISMATCH,0.50
pkm-151-185-165-2ca0eb10c6,151,Arbok ex,185/165,517014,Arbok ex - 185/165,SKIP_NAME_MISMATCH,0.50
pkm-151-186-165-41655d87e6,151,Ninetales ex,186/165,517030,Ninetales ex - 186/165,SKIP_NAME_MISMATCH,0.50
pkm-151-187-165-4a09f38269,151,Wigglytuff ex,187/165,517039,Wigglytuff ex - 187/165,SKIP_NAME_MISMATCH,0.50
pkm-151-188-165-de6423cf93,151,Alakazam ex,188/165,517013,Alakazam ex - 188/165,SKIP_NAME_MISMATCH,0.50
pkm-151-189-165-a03acb9a98,151,Golem ex,189/165,517021,Golem ex - 189/165,SKIP_NAME_MISMATCH,0.50
pkm-151-190-165-ecd302ee63,151,Kangaskhan ex,190/165,517024,Kangaskhan ex - 190/165,SKIP_NAME_MISMATCH,0.50
pkm-151-191-165-1f7e7f9903,151,Jynx ex,191/165,517023,Jynx ex - 191/165,SKIP_NAME_MISMATCH,0.50
pkm-151-192-165-e5a4aca2fc,151,Zapdos ex,192/165,517040,Zapdos ex - 192/165,SKIP_NAME_MISMATCH,0.50
pkm-151-193-165-12f565e549,151,Mew ex,193/165,517027,Mew ex - 193/165,SKIP_NAME_MISMATCH,0.50
pkm-151-194-165-c3121047f1,151,Bill's Transfer,194/165,517041,Bill's Transfer - 194/165,SKIP_NAME_MISMATCH,0.60
pkm-151-195-165-38c166c900,151,Daisy's Help,195/165,517042,Daisy's Help - 195/165,SKIP_NAME_MISMATCH,0.60
pkm-151-196-165-e1fdbe5ad8,151,Erika's Invitation,196/165,517176,Erika's Invitation - 196/165,SKIP_NAME_MISMATCH,0.60
pkm-151-197-165-0d19892dd6,151,Giovanni's Charisma,197/165,517043,Giovanni's Charisma - 197/165,SKIP_NAME_MISMATCH,0.60
pkm-151-198-165-43e2273d3a,151,Venusaur ex,198/165,517044,Venusaur ex - 198/165,SKIP_NAME_MISMATCH,0.50
pkm-151-199-165-85fc90671f,151,Charizard ex,199/165,517045,Charizard ex - 199/165,SKIP_NAME_MISMATCH,0.50
pkm-151-200-165-eca7a05177,151,Blastoise ex,200/165,517046,Blastoise ex - 200/165,SKIP_NAME_MISMATCH,0.50
pkm-151-201-165-75c8752a65,151,Alakazam ex,201/165,517047,Alakazam ex - 201/165,SKIP_NAME_MISMATCH,0.50
pkm-151-202-165-71fe7bb323,151,Zapdos ex,202/165,517048,Zapdos ex - 202/165,SKIP_NAME_MISMATCH,0.50
pkm-151-203-165-e7e3d68c75,151,Erika's Invitation,203/165,517049,Erika's Invitation - 203/165,SKIP_NAME_MISMATCH,0.60
pkm-151-204-165-b40553d1de,151,Giovanni's Charisma,204/165,517050,Giovanni's Charisma - 204/165,SKIP_NAME_MISMATCH,0.60
pkm-151-205-165-f860279fd6,151,Mew ex,205/165,517051,Mew ex - 205/165,SKIP_NAME_MISMATCH,0.50
pkm-151-205-165-f860279fd6,151,Mew ex,205/165,519481,Mew ex - 205/165 (151 Metal Card),SKIP_NAME_MISMATCH,0.29
pkm-151-206-165-51851786bd,151,Switch,206/165,517052,Switch - 206/165,SKIP_NAME_MISMATCH,0.33
pkm-151-207-165-11c69f26f5,151,Basic Psychic Energy,207/165,517053,Basic Psychic Energy - 207/165,SKIP_NAME_MISMATCH,0.60
pkm-champions-path-1-73-a970cde572,Champions Path,Venusaur V,1/73,222990,Venusaur V,LINKED,1.00
pkm-champions-path-2-73-d969b204a1,Champions Path,Weedle,2/73,222995,Weedle,LINKED,1.00
pkm-champions-path-3-73-9a8754263e,Champions Path,Kakuna,3/73,222997,Kakuna,LINKED,1.00
pkm-champions-path-4-73-02172b568d,Champions Path,Beedrill,4/73,222998,Beedrill,LINKED,1.00
pkm-champions-path-5-73-b97a278c70,Champions Path,Eldegoss V,5/73,223001,Eldegoss V,LINKED,1.00
pkm-champions-path-6-73-d057f8762e,Champions Path,Vulpix,6/73,223002,Vulpix,LINKED,1.00
pkm-champions-path-7-73-ae38a0ab3f,Champions Path,Victini,7/73,,,NO_CANDIDATE,
pkm-champions-path-8-73-684875e31f,Champions Path,Incineroar V,8/73,222329,Incineroar V,LINKED,1.00
pkm-champions-path-9-73-d87538f88d,Champions Path,Sizzlipede,9/73,223004,Sizzlipede,LINKED,1.00
pkm-champions-path-10-73-18f9492915,Champions Path,Centiskorch,10/73,223005,Centiskorch,LINKED,1.00
pkm-champions-path-11-73-0827f00536,Champions Path,Carvanha,11/73,223006,Carvanha,LINKED,1.00
pkm-champions-path-12-73-b35d439b5b,Champions Path,Sharpedo,12/73,223007,Sharpedo,LINKED,1.00
pkm-champions-path-13-73-8b1b2fc00a,Champions Path,Wailord V,13/73,223008,Wailord V,LINKED,1.00
pkm-champions-path-14-73-03266df1a8,Champions Path,Drednaw V,14/73,223009,Drednaw V,LINKED,1.00
pkm-champions-path-15-73-6c3a5ad7da,Champions Path,Drednaw VMAX,15/73,223010,Drednaw VMAX,LINKED,1.00
pkm-champions-path-16-73-bdf1c7bd61,Champions Path,Gardevoir V,16/73,222327,Gardevoir V,LINKED,1.00
pkm-champions-path-17-73-945c94cef1,Champions Path,Gardevoir VMAX,17/73,222328,Gardevoir VMAX,LINKED,1.00
pkm-champions-path-18-73-cf3a07117a,Champions Path,Hatenna,18/73,223011,Hatenna,LINKED,1.00
pkm-champions-path-19-73-dbe9d88692,Champions Path,Hattrem,19/73,223012,Hattrem,LINKED,1.00
pkm-champions-path-20-73-10c5b43250,Champions Path,Hatterene,20/73,223013,Hatterene,LINKED,1.00
pkm-champions-path-21-73-43ad0efdba,Champions Path,Galarian Cursola V,21/73,223014,Galarian Cursola V,LINKED,1.00
pkm-champions-path-22-73-7fa16d7741,Champions Path,Alcremie V,22/73,223015,Alcremie V,LINKED,1.00
pkm-champions-path-23-73-afd0d7c35c,Champions Path,Alcremie VMAX,23/73,223016,Alcremie VMAX,LINKED,1.00
pkm-champions-path-24-73-d69f86b42b,Champions Path,Machop,24/73,223017,Machop,LINKED,1.00
pkm-champions-path-25-73-02723d3825,Champions Path,Machoke,25/73,223018,Machoke,LINKED,1.00
pkm-champions-path-26-73-03d4c4dd73,Champions Path,Machamp,26/73,223019,Machamp,LINKED,1.00
pkm-champions-path-27-73-686fc44578,Champions Path,Lucario V,27/73,222330,Lucario V,LINKED,1.00
pkm-champions-path-28-73-bc212519d5,Champions Path,Zygarde,28/73,223020,Zygarde,LINKED,1.00
pkm-champions-path-29-73-a41ce7a602,Champions Path,Rockruff,29/73,223021,Rockruff,LINKED,1.00
pkm-champions-path-30-73-d891e65116,Champions Path,Lycanroc,30/73,223022,Lycanroc,LINKED,1.00
pkm-champions-path-31-73-a315750b6d,Champions Path,Rolycoly,31/73,223023,Rolycoly,LINKED,1.00
pkm-champions-path-32-73-752db3ae4c,Champions Path,Grapploct V,32/73,223024,Grapploct V,LINKED,1.00
pkm-champions-path-33-73-74688fc2c2,Champions Path,Ekans,33/73,223025,Ekans,LINKED,1.00
pkm-champions-path-34-73-cec7ecea48,Champions Path,Arbok,34/73,223026,Arbok,LINKED,1.00
pkm-champions-path-35-73-a99e8c67a5,Champions Path,Galarian Zigzagoon,35/73,223027,Galarian Zigzagoon,LINKED,1.00
pkm-champions-path-36-73-d6f9dd38e8,Champions Path,Galarian Linoone,36/73,223036,Galarian Linoone,LINKED,1.00
pkm-champions-path-37-73-2f2d596fae,Champions Path,Galarian Obstagoon,37/73,223037,Galarian Obstagoon,LINKED,1.00
pkm-champions-path-38-73-d71f4773f7,Champions Path,Absol,38/73,223038,Absol,LINKED,1.00
pkm-champions-path-39-73-39358cf9b9,Champions Path,Purrloin,39/73,223039,Purrloin,LINKED,1.00
pkm-champions-path-40-73-048dfb69e4,Champions Path,Liepard,40/73,223040,Liepard,LINKED,1.00
pkm-champions-path-41-73-4c2ecd7f25,Champions Path,Scraggy,41/73,223041,Scraggy,LINKED,1.00
pkm-champions-path-42-73-9c541afc63,Champions Path,Scrafty,42/73,223042,Scrafty,LINKED,1.00
pkm-champions-path-43-73-f81e76c175,Champions Path,Trubbish,43/73,223043,Trubbish,LINKED,1.00
pkm-champions-path-44-73-86e70f6864,Champions Path,Inkay,44/73,223044,Inkay,LINKED,1.00
pkm-champions-path-45-73-07c20022a7,Champions Path,Malamar,45/73,223045,Malamar,LINKED,1.00
pkm-champions-path-46-73-27de907797,Champions Path,Nickit,46/73,223046,Nickit,LINKED,1.00
pkm-champions-path-47-73-1fda43af5e,Champions Path,Duraludon V,47/73,223047,Duraludon V,LINKED,1.00
pkm-champions-path-48-73-34c1f47435,Champions Path,Swablu,48/73,223048,Swablu,LINKED,1.00
pkm-champions-path-49-73-817e84bdff,Champions Path,Altaria,49/73,223049,Altaria,LINKED,1.00
pkm-champions-path-50-73-ef9919bdec,Champions Path,Bede,50/73,223050,Bede,LINKED,1.00
pkm-champions-path-51-73-cc8ada5fe0,Champions Path,Full Heal,51/73,223051,Full Heal,LINKED,1.00
pkm-champions-path-52-73-9b8041d6b6,Champions Path,Great Ball,52/73,223052,Great Ball,LINKED,1.00
pkm-champions-path-53-73-4da381a28b,Champions Path,Hop,53/73,223053,Hop,LINKED,1.00
pkm-champions-path-54-73-fab6c5569f,Champions Path,Hyper Potion,54/73,223054,Hyper Potion,LINKED,1.00
pkm-champions-path-55-73-8e5663e94d,Champions Path,Kabu,55/73,223055,Kabu,LINKED,1.00
pkm-champions-path-56-73-504b35e5a1,Champions Path,Marnie,56/73,223056,Marnie,LINKED,1.00
pkm-champions-path-57-73-fd7d385477,Champions Path,Milo,57/73,223057,Milo,LINKED,1.00
pkm-champions-path-58-73-b9da2d8b6a,Champions Path,Piers,58/73,223058,Piers,LINKED,1.00
pkm-champions-path-59-73-d1fd05787b,Champions Path,Poké Ball,59/73,223059,Poke Ball,LINKED,1.00
pkm-champions-path-60-73-481a035d63,Champions Path,Pokémon Center Lady,60/73,223060,Pokemon Center Lady,LINKED,1.00
pkm-champions-path-61-73-02c4a92850,Champions Path,Potion,61/73,223061,Potion,LINKED,1.00
pkm-champions-path-62-73-5bd4692cc5,Champions Path,Professor's Research (Professor Magnolia),62/73,223062,Professor's Research,SKIP_NAME_MISMATCH,0.75
pkm-champions-path-63-73-77d3895589,Champions Path,Rotom Bike,63/73,223063,Rotom Bike,LINKED,1.00
pkm-champions-path-64-73-7cb9e5a721,Champions Path,Rotom Phone,64/73,223064,Rotom Phone,LINKED,1.00
pkm-champions-path-65-73-f1a00bfcb3,Champions Path,Sonia,65/73,223065,Sonia,LINKED,1.00
pkm-champions-path-66-73-1220b37d51,Champions Path,Suspicious Food Tin,66/73,,,NO_CANDIDATE,
pkm-champions-path-67-73-ab8dfa0534,Champions Path,Team Yell Grunt,67/73,223067,Team Yell Grunt,LINKED,1.00
pkm-champions-path-68-73-557a33427b,Champions Path,Turffield Stadium,68/73,223939,Turffield Stadium,LINKED,1.00
pkm-champions-path-69-73-0c95ef50c1,Champions Path,Drednaw V,69/73,223068,Drednaw V (Full Art),LINKED,1.00
pkm-champions-path-70-73-3d2553a5a5,Champions Path,Gardevoir V,70/73,223069,Gardevoir V (Full Art),LINKED,1.00
pkm-champions-path-71-73-7dc70f4bc6,Champions Path,Galarian Cursola V,71/73,223070,Galarian Cursola V (Full Art),LINKED,1.00
pkm-champions-path-72-73-64184a52ed,Champions Path,Grapploct V,72/73,223071,Grapploct V (Full Art),LINKED,1.00
pkm-champions-path-73-73-ae5ed7b56b,Champions Path,Hop,73/73,223072,Hop (Full Art),LINKED,1.00
pkm-champions-path-74-73-6040157051,Champions Path,Charizard VMAX,74/73,223073,Charizard VMAX (Secret),LINKED,1.00
pkm-champions-path-75-73-6e08fc49e9,Champions Path,Drednaw VMAX,75/73,223074,Drednaw VMAX (Secret),LINKED,1.00
pkm-champions-path-76-73-a703770732,Champions Path,Gardevoir VMAX,76/73,223075,Gardevoir VMAX (Secret),LINKED,1.00
pkm-champions-path-77-73-4658d2fa73,Champions Path,Kabu,77/73,223076,Kabu (Secret),LINKED,1.00
pkm-champions-path-78-73-3aaedd2ad8,Champions Path,Piers,78/73,223077,Piers (Secret),LINKED,1.00
pkm-champions-path-79-73-e304923578,Champions Path,Charizard V,79/73,223078,Charizard V (Secret),LINKED,1.00
pkm-champions-path-80-73-07fc86fd5b,Champions Path,Suspicious Food Tin,80/73,,,NO_CANDIDATE,
pkm-swsh-black-star-promos-swsh001-307-3427e49df3,SWSH Black Star Promos,Grookey,SWSH001/307,200300,Grookey - SWSH001,SKIP_NAME_MISMATCH,0.50
pkm-swsh-black-star-promos-swsh002-307-813fcac39d,SWSH Black Star Promos,Scorbunny,SWSH002/307,200301,Scorbunny - SWSH002,SKIP_NAME_MISMATCH,0.50
pkm-swsh-black-star-promos-swsh003-307-169ed20311,SWSH Black Star Promos,Sobble,SWSH003/307,200302,Sobble - SWSH003,SKIP_NAME_MISMATCH,0.50
pkm-swsh-black-star-promos-swsh004-307-db92bc625f,SWSH Black Star Promos,Meowth V,SWSH004/307,205465,Meowth V - SWSH004,SKIP_NAME_MISMATCH,0.67
pkm-swsh-black-star-promos-swsh005-307-7ff8bc479f,SWSH Black Star Promos,Meowth VMAX,SWSH005/307,205466,Meowth VMAX - SWSH005,SKIP_NAME_MISMATCH,0.67
pkm-swsh-black-star-promos-swsh006-307-da58fbe6c3,SWSH Black Star Promos,Rillaboom,SWSH006/307,208261,Rillaboom - SWSH006 (Prerelease),SKIP_NAME_MISMATCH,0.50
pkm-swsh-black-star-promos-swsh006-307-da58fbe6c3,SWSH Black Star Promos,Rillaboom,SWSH006/307,208260,Rillaboom - SWSH006 (Prerelease) [Staff],SKIP_NAME_MISMATCH,0.50
pkm-swsh-black-star-promos-swsh007-307-020c95d270,SWSH Black Star Promos,Frosmoth,SWSH007/307,208262,Frosmoth - SWSH007 (Prerelease),SKIP_NAME_MISMATCH,0.50
pkm-swsh-black-star-promos-swsh007-307-020c95d270,SWSH Black Star Promos,Frosmoth,SWSH007/307,208263,Frosmoth - SWSH007 (Prerelease) [Staff],SKIP_NAME_MISMATCH,0.50
pkm-swsh-black-star-promos-swsh008-307-09631d3068,SWSH Black Star Promos,Galarian Perrserker,SWSH008/307,208265,Galarian Perrserker - SWSH008 (Prerelease),SKIP_NAME_MISMATCH,0.67
pkm-swsh-black-star-promos-swsh008-307-09631d3068,SWSH Black Star Promos,Galarian Perrserker,SWSH008/307,208264,Galarian Perrserker - SWSH008 (Prerelease) [Staff],SKIP_NAME_MISMATCH,0.67
pkm-swsh-black-star-promos-swsh009-307-d283536c87,SWSH Black Star Promos,Cinccino,SWSH009/307,208266,Cinccino - SWSH009 (Prerelease),SKIP_NAME_MISMATCH,0.50
pkm-swsh-black-star-promos-swsh009-307-d283536c87,SWSH Black Star Promos,Cinccino,SWSH009/307,208267,Cinccino - SWSH009 (Prerelease) [Staff],SKIP_NAME_MISMATCH,0.50
pkm-swsh-black-star-promos-swsh010-307-d0b6198f9d,SWSH Black Star Promos,Gossifleur,SWSH010/307,206429,Gossifleur - SWSH010,SKIP_NAME_MISMATCH,0.50
pkm-swsh-black-star-promos-swsh011-307-f9d7d5bf50,SWSH Black Star Promos,Wooloo,SWSH011/307,206427,Wooloo - SWSH011,SKIP_NAME_MISMATCH,0.50
pkm-swsh-black-star-promos-swsh012-307-32644c2cb0,SWSH Black Star Promos,Morpeko,SWSH012/307,206428,Morpeko - SWSH012,SKIP_NAME_MISMATCH,0.50
pkm-swsh-black-star-promos-swsh013-307-2acdb14502,SWSH Black Star Promos,Galarian Ponyta,SWSH013/307,206430,Galarian Ponyta - SWSH013,SKIP_NAME_MISMATCH,0.67
pkm-swsh-black-star-promos-swsh014-307-e2d97db323,SWSH Black Star Promos,Rillaboom V,SWSH014/307,206421,Rillaboom V - SWSH014,SKIP_NAME_MISMATCH,0.67
pkm-swsh-black-star-promos-swsh015-307-cff1d99ff8,SWSH Black Star Promos,Cinderace V,SWSH015/307,206419,Cinderace V - SWSH015,SKIP_NAME_MISMATCH,0.67
pkm-swsh-black-star-promos-swsh016-307-7cdc444aec,SWSH Black Star Promos,Inteleon V,SWSH016/307,206418,Inteleon V - SWSH016,SKIP_NAME_MISMATCH,0.67
pkm-swsh-black-star-promos-swsh017-307-717f0cde46,SWSH Black Star Promos,Toxtricity V,SWSH017/307,206425,Toxtricity V - SWSH017,SKIP_NAME_MISMATCH,0.67
pkm-swsh-black-star-promos-swsh018-307-99ed30277a,SWSH Black Star Promos,Zacian V,SWSH018/307,214233,Zacian V - SWSH018,SKIP_NAME_MISMATCH,0.67
pkm-swsh-black-star-promos-swsh019-307-a90daf2f9d,SWSH Black Star Promos,Zamazenta V,SWSH019/307,214234,Zamazenta V - SWSH019,SKIP_NAME_MISMATCH,0.67
pkm-swsh-black-star-promos-swsh020-307-f62ddc77d4,SWSH Black Star Promos,Pikachu,SWSH020/307,214241,Pikachu - SWSH020,SKIP_NAME_MISMATCH,0.50
pkm-swsh-black-star-promos-swsh021-307-236bb149b5,SWSH Black Star Promos,Polteageist V,SWSH021/307,214235,Polteageist V - SWSH021,SKIP_NAME_MISMATCH,0.67
pkm-swsh-black-star-promos-swsh022-307-0b62c8f680,SWSH Black Star Promos,Flapple,SWSH022/307,213096,Flapple - SWSH022 (Prerelease),SKIP_NAME_MISMATCH,0.50
pkm-swsh-black-star-promos-swsh022-307-0b62c8f680,SWSH Black Star Promos,Flapple,SWSH022/307,213097,Flapple - SWSH022 (Prerelease) [Staff],SKIP_NAME_MISMATCH,0.50
pkm-swsh-black-star-promos-swsh023-307-fd5a535841,SWSH Black Star Promos,Luxray,SWSH023/307,213144,Luxray - SWSH023 (Prerelease),SKIP_NAME_MISMATCH,0.50
pkm-swsh-black-star-promos-swsh023-307-fd5a535841,SWSH Black Star Promos,Luxray,SWSH023/307,213145,Luxray - SWSH023 (Prerelease) [Staff],SKIP_NAME_MISMATCH,0.50
pkm-swsh-black-star-promos-swsh024-307-9d276e92d4,SWSH Black Star Promos,Coalossal,SWSH024/307,213196,Coalossal - SWSH024 (Prerelease),SKIP_NAME_MISMATCH,0.50
pkm-swsh-black-star-promos-swsh024-307-9d276e92d4,SWSH Black Star Promos,Coalossal,SWSH024/307,213197,Coalossal - SWSH024 (Prerelease) [Staff],SKIP_NAME_MISMATCH,0.50
pkm-swsh-black-star-promos-swsh025-307-eaf96e6c15,SWSH Black Star Promos,Garbodor,SWSH025/307,213211,Garbodor - SWSH025 (Prerelease),SKIP_NAME_MISMATCH,0.50
pkm-swsh-black-star-promos-swsh025-307-eaf96e6c15,SWSH Black Star Promos,Garbodor,SWSH025/307,213212,Garbodor - SWSH025 (Prerelease) [Staff],SKIP_NAME_MISMATCH,0.50
pkm-swsh-black-star-promos-swsh026-307-e1f95e00ff,SWSH Black Star Promos,Mantine,SWSH026/307,,,NO_CANDIDATE,
pkm-swsh-black-star-promos-swsh027-307-299e0077f0,SWSH Black Star Promos,Noctowl,SWSH027/307,214238,Noctowl - SWSH027,SKIP_NAME_MISMATCH,0.50
pkm-swsh-black-star-promos-swsh028-307-b1c61312b9,SWSH Black Star Promos,Duraludon,SWSH028/307,214239,Duraludon - SWSH028,SKIP_NAME_MISMATCH,0.50
pkm-swsh-black-star-promos-swsh029-307-26cb3068b7,SWSH Black Star Promos,Rayquaza,SWSH029/307,214240,Rayquaza - SWSH029,SKIP_NAME_MISMATCH,0.50
pkm-swsh-black-star-promos-swsh030-307-d7f1cc3833,SWSH Black Star Promos,Copperajah V,SWSH030/307,214228,Copperajah V - SWSH030,SKIP_NAME_MISMATCH,0.67
pkm-swsh-black-star-promos-swsh031-307-54d40ce1df,SWSH Black Star Promos,Morpeko,SWSH031/307,210579,Morpeko - SWSH031,SKIP_NAME_MISMATCH,0.50
pkm-swsh-black-star-promos-swsh032-307-d0698a0a37,SWSH Black Star Promos,Snorlax,SWSH032/307,210578,Snorlax - SWSH032,SKIP_NAME_MISMATCH,0.50
pkm-swsh-black-star-promos-swsh033-307-45fe28c866,SWSH Black Star Promos,Zacian,SWSH033/307,220313,Zacian - SWSH033,SKIP_NAME_MISMATCH,0.50
pkm-swsh-black-star-promos-swsh034-307-eb98f1029a,SWSH Black Star Promos,Zamazenta,SWSH034/307,220314,Zamazenta - SWSH034,SKIP_NAME_MISMATCH,0.50
pkm-swsh-black-star-promos-swsh035-307-f92dc19f07,SWSH Black Star Promos,Decidueye,SWSH035/307,218579,Decidueye - SWSH035 (Prerelease),SKIP_NAME_MISMATCH,0.50
pkm-swsh-black-star-promos-swsh035-307-f92dc19f07,SWSH Black Star Promos,Decidueye,SWSH035/307,218578,Decidueye - SWSH035 (Prerelease) [Staff],SKIP_NAME_MISMATCH,0.50
pkm-swsh-black-star-promos-swsh036-307-651205b30f,SWSH Black Star Promos,Arctozolt,SWSH036/307,218580,Arctozolt - SWSH036 (Prerelease),SKIP_NAME_MISMATCH,0.50
pkm-swsh-black-star-promos-swsh036-307-651205b30f,SWSH Black Star Promos,Arctozolt,SWSH036/307,218581,Arctozolt - SWSH036 (Prerelease) [Staff],SKIP_NAME_MISMATCH,0.50
pkm-swsh-black-star-promos-swsh037-307-ac3d206154,SWSH Black Star Promos,Hydreigon,SWSH037/307,218583,Hydreigon - SWSH037 (Prerelease),SKIP_NAME_MISMATCH,0.50
pkm-swsh-black-star-promos-swsh037-307-ac3d206154,SWSH Black Star Promos,Hydreigon,SWSH037/307,218582,Hydreigon - SWSH037 (Prerelease) [Staff],SKIP_NAME_MISMATCH,0.50
pkm-swsh-black-star-promos-swsh038-307-87aa596689,SWSH Black Star Promos,Kangaskhan,SWSH038/307,218574,Kangaskhan - SWSH038 (Prerelease),SKIP_NAME_MISMATCH,0.50
pkm-swsh-black-star-promos-swsh038-307-87aa596689,SWSH Black Star Promos,Kangaskhan,SWSH038/307,218576,Kangaskhan - SWSH038 (Prerelease) [Staff],SKIP_NAME_MISMATCH,0.50
pkm-swsh-black-star-promos-swsh039-307-542ff75edb,SWSH Black Star Promos,Pikachu,SWSH039/307,220268,Pikachu - SWSH039,SKIP_NAME_MISMATCH,0.50
pkm-swsh-black-star-promos-swsh040-307-f8d44c377e,SWSH Black Star Promos,Hatenna,SWSH040/307,220269,Hatenna - SWSH040,SKIP_NAME_MISMATCH,0.50
pkm-swsh-black-star-promos-swsh041-307-e6be820d4a,SWSH Black Star Promos,Flareon,SWSH041/307,220270,Flareon - SWSH041,SKIP_NAME_MISMATCH,0.50
pkm-swsh-black-star-promos-swsh042-307-8fac8e15cb,SWSH Black Star Promos,Eevee,SWSH042/307,220271,Eevee - SWSH042,SKIP_NAME_MISMATCH,0.50
pkm-swsh-black-star-promos-swsh043-307-9ecf8e8451,SWSH Black Star Promos,Galarian Sirfetch'd V,SWSH043/307,220273,Galarian Sirfetch'd V - SWSH043,SKIP_NAME_MISMATCH,0.80
pkm-swsh-black-star-promos-swsh044-307-79057dec76,SWSH Black Star Promos,Eternatus V,SWSH044/307,220279,Eternatus V - SWSH044,SKIP_NAME_MISMATCH,0.67
pkm-swsh-black-star-promos-swsh045-307-b8a319507a,SWSH Black Star Promos,Eternatus VMAX,SWSH045/307,220281,Eternatus VMAX - SWSH045,SKIP_NAME_MISMATCH,0.67
pkm-swsh-black-star-promos-swsh046-307-86b30af025,SWSH Black Star Promos,Eldegoss,SWSH046/307,223751,Eldegoss - SWSH046,SKIP_NAME_MISMATCH,0.50
pkm-swsh-black-star-promos-swsh047-307-386b2efc8e,SWSH Black Star Promos,Drednaw,SWSH047/307,223750,Drednaw - SWSH047,SKIP_NAME_MISMATCH,0.50
pkm-swsh-black-star-promos-swsh048-307-6d42d89a50,SWSH Black Star Promos,Centiskorch,SWSH048/307,223749,Centiskorch - SWSH048,SKIP_NAME_MISMATCH,0.50
pkm-swsh-black-star-promos-swsh049-307-fc9c852a22,SWSH Black Star Promos,Dubwool V,SWSH049/307,223752,Dubwool V - SWSH049,SKIP_NAME_MISMATCH,0.67
pkm-swsh-black-star-promos-swsh050-307-13e0bd909c,SWSH Black Star Promos,Charizard V,SWSH050/307,223754,Charizard V - SWSH050,SKIP_NAME_MISMATCH,0.67
pkm-swsh-black-star-promos-swsh051-307-c3d4efb63c,SWSH Black Star Promos,Lapras,SWSH051/307,222071,Lapras - SWSH051,SKIP_NAME_MISMATCH,0.50
pkm-swsh-black-star-promos-swsh052-307-465b3afbd1,SWSH Black Star Promos,Gengar,SWSH052/307,222072,Gengar - SWSH052,SKIP_NAME_MISMATCH,0.50
pkm-swsh-black-star-promos-swsh053-307-8f79665088,SWSH Black Star Promos,Machamp,SWSH053/307,222073,Machamp - SWSH053,SKIP_NAME_MISMATCH,0.50
pkm-swsh-black-star-promos-swsh054-307-1fdf5d381d,SWSH Black Star Promos,Coalossal,SWSH054/307,222074,Coalossal - SWSH054,SKIP_NAME_MISMATCH,0.50
pkm-swsh-black-star-promos-swsh055-307-ad11476c92,SWSH Black Star Promos,Hatterene V,SWSH055/307,223755,Hatterene V - SWSH055,SKIP_NAME_MISMATCH,0.67
pkm-swsh-black-star-promos-swsh056-307-0d6105c223,SWSH Black Star Promos,Morpeko V,SWSH056/307,223757,Morpeko V - SWSH056,SKIP_NAME_MISMATCH,0.67
pkm-swsh-black-star-promos-swsh057-307-1790804501,SWSH Black Star Promos,Grimmsnarl V,SWSH057/307,223758,Grimmsnarl V - SWSH057,SKIP_NAME_MISMATCH,0.67
pkm-swsh-black-star-promos-swsh058-307-08d6e2cf60,SWSH Black Star Promos,Alcremie,SWSH058/307,227029,Alcremie - SWSH058,SKIP_NAME_MISMATCH,0.50
pkm-swsh-black-star-promos-swsh059-307-319d03e624,SWSH Black Star Promos,Galarian Obstagoon,SWSH059/307,227030,Galarian Obstagoon - SWSH059,SKIP_NAME_MISMATCH,0.67
pkm-swsh-black-star-promos-swsh060-307-25c58eec48,SWSH Black Star Promos,Duraludon,SWSH060/307,227031,Duraludon - SWSH060,SKIP_NAME_MISMATCH,0.50
pkm-swsh-black-star-promos-swsh061-307-aceec5b31d,SWSH Black Star Promos,Pikachu V,SWSH061/307,232434,Pikachu V - SWSH061,SKIP_NAME_MISMATCH,0.67
pkm-swsh-black-star-promos-swsh062-307-aafd68eec2,SWSH Black Star Promos,Pikachu VMAX,SWSH062/307,251086,Pikachu VMAX - SWSH062,SKIP_NAME_MISMATCH,0.67
pkm-swsh-black-star-promos-swsh063-307-a116838666,SWSH Black Star Promos,Pikachu V,SWSH063/307,220315,Pikachu V - SWSH063,SKIP_NAME_MISMATCH,0.67
pkm-swsh-black-star-promos-swsh064-307-320b5ee4d0,SWSH Black Star Promos,Eternatus V,SWSH064/307,220316,Eternatus V - SWSH064,SKIP_NAME_MISMATCH,0.67
pkm-swsh-black-star-promos-swsh065-307-1d2a0fae32,SWSH Black Star Promos,Eevee V,SWSH065/307,220317,Eevee V - SWSH065,SKIP_NAME_MISMATCH,0.67
pkm-swsh-black-star-promos-swsh066-307-7276bf182c,SWSH Black Star Promos,Charizard,SWSH066/307,224365,Charizard - SWSH066 (Prerelease),SKIP_NAME_MISMATCH,0.50
pkm-swsh-black-star-promos-swsh066-307-7276bf182c,SWSH Black Star Promos,Charizard,SWSH066/307,224366,Charizard - SWSH066 (Prerelease) [Staff],SKIP_NAME_MISMATCH,0.50
pkm-swsh-black-star-promos-swsh067-307-704936ae76,SWSH Black Star Promos,Donphan,SWSH067/307,224368,Donphan - SWSH067 (Prerelease),SKIP_NAME_MISMATCH,0.50
pkm-swsh-black-star-promos-swsh067-307-704936ae76,SWSH Black Star Promos,Donphan,SWSH067/307,224367,Donphan - SWSH067 (Prerelease) [Staff],SKIP_NAME_MISMATCH,0.50
pkm-swsh-black-star-promos-swsh068-307-07f0f48616,SWSH Black Star Promos,Snorlax,SWSH068/307,224361,Snorlax - SWSH068 (Prerelease),SKIP_NAME_MISMATCH,0.50
pkm-swsh-black-star-promos-swsh068-307-07f0f48616,SWSH Black Star Promos,Snorlax,SWSH068/307,224362,Snorlax - SWSH068 (Prerelease) [Staff],SKIP_NAME_MISMATCH,0.50
pkm-swsh-black-star-promos-swsh069-307-8e55dc8d39,SWSH Black Star Promos,Lugia,SWSH069/307,224364,Lugia - SWSH069 (Prerelease),SKIP_NAME_MISMATCH,0.50
pkm-swsh-black-star-promos-swsh069-307-8e55dc8d39,SWSH Black Star Promos,Lugia,SWSH069/307,224363,Lugia - SWSH069 (Prerelease) [Staff],SKIP_NAME_MISMATCH,0.50
pkm-swsh-black-star-promos-swsh070-307-779b85947a,SWSH Black Star Promos,Grookey,SWSH070/307,227028,Grookey - SWSH070,SKIP_NAME_MISMATCH,0.50
pkm-swsh-black-star-promos-swsh071-307-62fe50c528,SWSH Black Star Promos,Scorbunny,SWSH071/307,227027,Scorbunny - SWSH071,SKIP_NAME_MISMATCH,0.50
pkm-swsh-black-star-promos-swsh072-307-d1648583c0,SWSH Black Star Promos,Vaporeon,SWSH072/307,221753,Vaporeon - SWSH072,SKIP_NAME_MISMATCH,0.50
pkm-swsh-black-star-promos-swsh073-307-6264d386c4,SWSH Black Star Promos,Sobble,SWSH073/307,221754,Sobble - SWSH073,SKIP_NAME_MISMATCH,0.50
pkm-swsh-black-star-promos-swsh074-307-942f1e5b69,SWSH Black Star Promos,Special Delivery Pikachu,SWSH074/307,227646,Special Delivery Pikachu - SWSH074,SKIP_NAME_MISMATCH,0.75
pkm-swsh-black-star-promos-swsh075-307-673add0fdf,SWSH Black Star Promos,Special Delivery Charizard,SWSH075/307,282259,Special Delivery Charizard - SWSH075,SKIP_NAME_MISMATCH,0.75
pkm-swsh-black-star-promos-swsh076-307-0060d20372,SWSH Black Star Promos,Zacian V,SWSH076/307,228595,Zacian V - SWSH076,SKIP_NAME_MISMATCH,0.67
pkm-swsh-black-star-promos-swsh077-307-233f8bcb0b,SWSH Black Star Promos,Zamazenta V,SWSH077/307,228596,Zamazenta V - SWSH077,SKIP_NAME_MISMATCH,0.67
pkm-swsh-black-star-promos-swsh078-307-2c20f41987,SWSH Black Star Promos,Orbeetle V,SWSH078/307,227025,Orbeetle V - SWSH078,SKIP_NAME_MISMATCH,0.67
pkm-swsh-black-star-promos-swsh079-307-bc4ada8d68,SWSH Black Star Promos,Galarian Mr. Rime,SWSH079/307,232450,Galarian Mr. Rime - SWSH079,SKIP_NAME_MISMATCH,0.75
pkm-swsh-black-star-promos-swsh080-307-71d20c4739,SWSH Black Star Promos,Dedenne,SWSH080/307,232453,Dedenne - SWSH080,SKIP_NAME_MISMATCH,0.50
pkm-swsh-black-star-promos-swsh081-307-be1888f08f,SWSH Black Star Promos,Polteageist,SWSH081/307,232458,Polteageist - SWSH081,SKIP_NAME_MISMATCH,0.50
pkm-swsh-black-star-promos-swsh082-307-f96ac7d7da,SWSH Black Star Promos,Bunnelby,SWSH082/307,232461,Bunnelby - SWSH082,SKIP_NAME_MISMATCH,0.50
pkm-swsh-black-star-promos-swsh083-307-6c768081bf,SWSH Black Star Promos,Alakazam V,SWSH083/307,228980,Alakazam V - SWSH083,SKIP_NAME_MISMATCH,0.67
pkm-swsh-black-star-promos-swsh084-307-b920791af4,SWSH Black Star Promos,Eldegoss V,SWSH084/307,232481,Eldegoss V - SWSH084,SKIP_NAME_MISMATCH,0.67
pkm-swsh-black-star-promos-swsh085-307-c055ecdad4,SWSH Black Star Promos,Boltund V,SWSH085/307,232499,Boltund V - SWSH085,SKIP_NAME_MISMATCH,0.67
pkm-swsh-black-star-promos-swsh086-307-71c06d2a7c,SWSH Black Star Promos,Cramorant V,SWSH086/307,232503,Cramorant V - SWSH086,SKIP_NAME_MISMATCH,0.67
pkm-swsh-black-star-promos-swsh087-307-effea080e1,SWSH Black Star Promos,Eevee VMAX,SWSH087/307,232611,Eevee VMAX - SWSH087,SKIP_NAME_MISMATCH,0.67
pkm-swsh-black-star-promos-swsh088-307-bdaf5b7e3c,SWSH Black Star Promos,Cherrim,SWSH088/307,234276,Cherrim - SWSH088 (Prerelease),SKIP_NAME_MISMATCH,0.50
pkm-swsh-black-star-promos-swsh089-307-f40fa8397a,SWSH Black Star Promos,Octillery,SWSH089/307,234277,Octillery - SWSH089 (Prerelease),SKIP_NAME_MISMATCH,0.50
pkm-swsh-black-star-promos-swsh090-307-e9289e90bb,SWSH Black Star Promos,Houndoom,SWSH090/307,234278,Houndoom - SWSH090 (Prerelease),SKIP_NAME_MISMATCH,0.50
pkm-swsh-black-star-promos-swsh091-307-f8e865819f,SWSH Black Star Promos,Bronzong,SWSH091/307,234279,Bronzong - SWSH091 (Prerelease),SKIP_NAME_MISMATCH,0.50
pkm-swsh-black-star-promos-swsh092-307-557b8a3e68,SWSH Black Star Promos,Charmander,SWSH092/307,234282,Charmander - SWSH092,SKIP_NAME_MISMATCH,0.50
pkm-swsh-black-star-promos-swsh093-307-80f1414881,SWSH Black Star Promos,Arrokuda,SWSH093/307,234283,Arrokuda - SWSH093,SKIP_NAME_MISMATCH,0.50
pkm-swsh-black-star-promos-swsh094-307-bd7cff437b,SWSH Black Star Promos,Jolteon,SWSH094/307,234284,Jolteon - SWSH094,SKIP_NAME_MISMATCH,0.50
pkm-swsh-black-star-promos-swsh095-307-4a33cefa7b,SWSH Black Star Promos,Eevee,SWSH095/307,234287,Eevee - SWSH095,SKIP_NAME_MISMATCH,0.50
pkm-swsh-black-star-promos-swsh096-307-c64506397e,SWSH Black Star Promos,Dragapult V,SWSH096/307,232610,Dragapult V - SWSH096,SKIP_NAME_MISMATCH,0.67
pkm-swsh-black-star-promos-swsh097-307-bf15cf27d6,SWSH Black Star Promos,Dragapult VMAX,SWSH097/307,232608,Dragapult VMAX - SWSH097,SKIP_NAME_MISMATCH,0.67
pkm-swsh-black-star-promos-swsh098-307-6156a365a7,SWSH Black Star Promos,Crobat V,SWSH098/307,232612,Crobat V - SWSH098,SKIP_NAME_MISMATCH,0.67
pkm-swsh-black-star-promos-swsh099-307-3c49e9ee5a,SWSH Black Star Promos,Crobat VMAX,SWSH099/307,232613,Crobat VMAX - SWSH099,SKIP_NAME_MISMATCH,0.67
pkm-swsh-black-star-promos-swsh100-307-9536a86060,SWSH Black Star Promos,Venusaur V,SWSH100/307,232723,Venusaur V - SWSH100,SKIP_NAME_MISMATCH,0.67
pkm-swsh-black-star-promos-swsh101-307-badb35cb9f,SWSH Black Star Promos,Blastoise V,SWSH101/307,232724,Blastoise V - SWSH101,SKIP_NAME_MISMATCH,0.67
pkm-swsh-black-star-promos-swsh102-307-bbed71cf4d,SWSH Black Star Promos,Venusaur VMAX,SWSH102/307,234298,Venusaur VMAX - SWSH102,SKIP_NAME_MISMATCH,0.67
pkm-swsh-black-star-promos-swsh103-307-fa546b593e,SWSH Black Star Promos,Blastoise VMAX,SWSH103/307,234299,Blastoise VMAX - SWSH103,SKIP_NAME_MISMATCH,0.67
pkm-swsh-black-star-promos-swsh104-307-0082c8ca63,SWSH Black Star Promos,Victini V,SWSH104/307,,,NO_CANDIDATE,
pkm-swsh-black-star-promos-swsh105-307-fa7e187a70,SWSH Black Star Promos,Gardevoir V,SWSH105/307,238545,Gardevoir V - SWSH105,SKIP_NAME_MISMATCH,0.67
pkm-swsh-black-star-promos-swsh106-307-4af025b983,SWSH Black Star Promos,Single Strike Urshifu V,SWSH106/307,234296,Single Strike Urshifu V - SWSH106,SKIP_NAME_MISMATCH,0.80
pkm-swsh-black-star-promos-swsh107-307-39898ec97e,SWSH Black Star Promos,Rapid Strike Urshifu V,SWSH107/307,234297,Rapid Strike Urshifu V - SWSH107,SKIP_NAME_MISMATCH,0.80
pkm-swsh-black-star-promos-swsh108-307-a1be88f0fa,SWSH Black Star Promos,Empoleon V,SWSH108/307,238555,Empoleon V - SWSH108,SKIP_NAME_MISMATCH,0.67
pkm-swsh-black-star-promos-swsh109-307-c39fb8ba22,SWSH Black Star Promos,Tyranitar V,SWSH109/307,238553,Tyranitar V - SWSH109,SKIP_NAME_MISMATCH,0.67
pkm-swsh-black-star-promos-swsh110-307-23f641f064,SWSH Black Star Promos,Crobat V,SWSH110/307,245875,Crobat V - SWSH110,SKIP_NAME_MISMATCH,0.67
pkm-swsh-black-star-promos-swsh111-307-c50bc2b58b,SWSH Black Star Promos,Galarian Rapidash V,SWSH111/307,236054,Galarian Rapidash V - SWSH111,SKIP_NAME_MISMATCH,0.75
pkm-swsh-black-star-promos-swsh112-307-d92fc498f3,SWSH Black Star Promos,Cinderace,SWSH112/307,240891,Cinderace - SWSH112 (Prerelease),SKIP_NAME_MISMATCH,0.50
pkm-swsh-black-star-promos-swsh113-307-6a032ca026,SWSH Black Star Promos,Inteleon,SWSH113/307,240892,Inteleon - SWSH113 (Prerelease),SKIP_NAME_MISMATCH,0.50
pkm-swsh-black-star-promos-swsh114-307-12fe210907,SWSH Black Star Promos,Cresselia,SWSH114/307,240893,Cresselia - SWSH114 (Prerelease),SKIP_NAME_MISMATCH,0.50
pkm-swsh-black-star-promos-swsh115-307-0a88996970,SWSH Black Star Promos,Passimian,SWSH115/307,240894,Passimian - SWSH115 (Prerelease),SKIP_NAME_MISMATCH,0.50
pkm-swsh-black-star-promos-swsh116-307-31eaba7e7d,SWSH Black Star Promos,Morpeko,SWSH116/307,241881,Morpeko - SWSH116,SKIP_NAME_MISMATCH,0.50
pkm-swsh-black-star-promos-swsh117-307-af584f2da2,SWSH Black Star Promos,Phanpy,SWSH117/307,241882,Phanpy - SWSH117,SKIP_NAME_MISMATCH,0.50
pkm-swsh-black-star-promos-swsh118-307-9f3a94ed11,SWSH Black Star Promos,Eevee,SWSH118/307,241883,Eevee - SWSH118,SKIP_NAME_MISMATCH,0.50
pkm-swsh-black-star-promos-swsh119-307-cc56cdd2e0,SWSH Black Star Promos,Snorlax,SWSH119/307,241884,Snorlax - SWSH119,SKIP_NAME_MISMATCH,0.50
pkm-swsh-black-star-promos-swsh120-307-4c4f912a46,SWSH Black Star Promos,Marnie,SWSH120/307,245871,Marnie - SWSH120,SKIP_NAME_MISMATCH,0.50
pkm-swsh-black-star-promos-swsh121-307-c0a5d91836,SWSH Black Star Promos,Marnie,SWSH121/307,245872,Marnie - SWSH121,SKIP_NAME_MISMATCH,0.50
pkm-swsh-black-star-promos-swsh122-307-941f2b9194,SWSH Black Star Promos,Flaaffy,SWSH122/307,246931,Flaaffy - SWSH122 (Prerelease),SKIP_NAME_MISMATCH,0.50
pkm-swsh-black-star-promos-swsh123-307-7f3f27f5ed,SWSH Black Star Promos,Galarian Articuno,SWSH123/307,246927,Galarian Articuno - SWSH123 (Prerelease),SKIP_NAME_MISMATCH,0.67
pkm-swsh-black-star-promos-swsh124-307-3976957fcd,SWSH Black Star Promos,Galarian Zapdos,SWSH124/307,246933,Galarian Zapdos - SWSH124 (Prerelease),SKIP_NAME_MISMATCH,0.67
pkm-swsh-black-star-promos-swsh125-307-5f10d5692d,SWSH Black Star Promos,Galarian Moltres,SWSH125/307,246929,Galarian Moltres - SWSH125 (Prerelease),SKIP_NAME_MISMATCH,0.67
pkm-swsh-black-star-promos-swsh126-307-44496aadd6,SWSH Black Star Promos,Galarian Slowpoke,SWSH126/307,247290,Galarian Slowpoke - SWSH126,SKIP_NAME_MISMATCH,0.67
pkm-swsh-black-star-promos-swsh127-307-fb20d5d91f,SWSH Black Star Promos,Eevee,SWSH127/307,247291,Eevee - SWSH127,SKIP_NAME_MISMATCH,0.50
pkm-swsh-black-star-promos-swsh128-307-54013a8da1,SWSH Black Star Promos,Eiscue,SWSH128/307,247292,Eiscue - SWSH128,SKIP_NAME_MISMATCH,0.50
pkm-swsh-black-star-promos-swsh129-307-26e8947d77,SWSH Black Star Promos,Umbreon,SWSH129/307,247294,Umbreon - SWSH129,SKIP_NAME_MISMATCH,0.50
pkm-swsh-black-star-promos-swsh130-307-0de672569d,SWSH Black Star Promos,Ice Rider Calyrex V,SWSH130/307,245868,Ice Rider Calyrex V - SWSH130,SKIP_NAME_MISMATCH,0.80
pkm-swsh-black-star-promos-swsh131-307-4c999cf702,SWSH Black Star Promos,Shadow Rider Calyrex V,SWSH131/307,245867,Shadow Rider Calyrex V - SWSH131,SKIP_NAME_MISMATCH,0.80
pkm-swsh-black-star-promos-swsh132-307-5e588c9f31,SWSH Black Star Promos,Dragapult,SWSH132/307,251088,Dragapult (Prime) - SWSH132,SKIP_NAME_MISMATCH,0.33
pkm-swsh-black-star-promos-swsh133-307-260b84296b,SWSH Black Star Promos,Lance's Charizard V,SWSH133/307,251089,Lance's Charizard V - SWSH133,SKIP_NAME_MISMATCH,0.80
pkm-swsh-black-star-promos-swsh134-307-8b392c6517,SWSH Black Star Promos,Dark Sylveon V,SWSH134/307,251090,Dark Sylveon V - SWSH134,SKIP_NAME_MISMATCH,0.75
pkm-swsh-black-star-promos-swsh135-307-864a4032a0,SWSH Black Star Promos,Zacian LV.X,SWSH135/307,251091,Zacian LV. X - SWSH135,SKIP_NAME_MISMATCH,0.67
pkm-swsh-black-star-promos-swsh136-307-9eb68989ac,SWSH Black Star Promos,Mimikyu δ,SWSH136/307,251092,Mimikyu (Delta Species) - SWSH136,SKIP_NAME_MISMATCH,0.75
pkm-swsh-black-star-promos-swsh137-307-0f51f57956,SWSH Black Star Promos,Light Toxtricity,SWSH137/307,251093,Light Toxtricity - SWSH137,SKIP_NAME_MISMATCH,0.67
pkm-swsh-black-star-promos-swsh138-307-cd02aec86d,SWSH Black Star Promos,Hydreigon C,SWSH138/307,251094,Hydreigon C lv.61 - SWSH138,SKIP_NAME_MISMATCH,0.40
pkm-swsh-black-star-promos-swsh139-307-d9de053675,SWSH Black Star Promos,Pikachu V-UNION,SWSH139/307,251095,Pikachu V-Union - SWSH139,SKIP_NAME_MISMATCH,0.67
pkm-swsh-black-star-promos-swsh140-307-f3d5cb45b0,SWSH Black Star Promos,Pikachu V-UNION,SWSH140/307,251096,Pikachu V-Union - SWSH140,SKIP_NAME_MISMATCH,0.67
pkm-swsh-black-star-promos-swsh141-307-e63f6880a7,SWSH Black Star Promos,Pikachu V-UNION,SWSH141/307,251097,Pikachu V-Union - SWSH141,SKIP_NAME_MISMATCH,0.67
pkm-swsh-black-star-promos-swsh142-307-b76af1187a,SWSH Black Star Promos,Pikachu V-UNION,SWSH142/307,251098,Pikachu V-Union - SWSH142,SKIP_NAME_MISMATCH,0.67
pkm-swsh-black-star-promos-swsh143-307-c7c1f18b15,SWSH Black Star Promos,Pikachu V,SWSH143/307,251101,Pikachu V - SWSH143,SKIP_NAME_MISMATCH,0.67
pkm-swsh-black-star-promos-swsh144-307-f3e187b2dd,SWSH Black Star Promos,Greninja ★,SWSH144/307,248731,Greninja Star,LINKED,1.00
pkm-swsh-black-star-promos-swsh145-307-ffdb0518f3,SWSH Black Star Promos,Pikachu V,SWSH145/307,251102,Pikachu V - SWSH145,SKIP_NAME_MISMATCH,0.67
pkm-swsh-black-star-promos-swsh146-307-f48c35d4f6,SWSH Black Star Promos,Poké Ball,SWSH146/307,251103,Poke Ball - SWSH146,SKIP_NAME_MISMATCH,0.00
pkm-swsh-black-star-promos-swsh147-307-fdd42e83aa,SWSH Black Star Promos,Rayquaza V,SWSH147/307,250577,Rayquaza V - SWSH147,SKIP_NAME_MISMATCH,0.67
pkm-swsh-black-star-promos-swsh148-307-8e04e0acc2,SWSH Black Star Promos,Noivern V,SWSH148/307,250578,Noivern V - SWSH148,SKIP_NAME_MISMATCH,0.67
pkm-swsh-black-star-promos-swsh149-307-9860723dec,SWSH Black Star Promos,Flareon V,SWSH149/307,247295,Flareon V - SWSH149,SKIP_NAME_MISMATCH,0.67
pkm-swsh-black-star-promos-swsh150-307-28172e63f7,SWSH Black Star Promos,Vaporeon V,SWSH150/307,247296,Vaporeon V - SWSH150,SKIP_NAME_MISMATCH,0.67
pkm-swsh-black-star-promos-swsh151-307-97b5d428a6,SWSH Black Star Promos,Jolteon V,SWSH151/307,247297,Jolteon V - SWSH151,SKIP_NAME_MISMATCH,0.67
pkm-swsh-black-star-promos-swsh152-307-17dbbeaf40,SWSH Black Star Promos,Professor's Research,SWSH152/307,268709,Professor's Research - SWSH152,SKIP_NAME_MISMATCH,0.75
pkm-swsh-black-star-promos-swsh153-307-2ed4142afc,SWSH Black Star Promos,Pikachu,SWSH153/307,283301,Pikachu - SWSH153 (Holiday Calendar),SKIP_NAME_MISMATCH,0.25
pkm-swsh-black-star-promos-swsh154-307-0388d42e2d,SWSH Black Star Promos,Dragonite V,SWSH154/307,247298,Dragonite V - SWSH154,SKIP_NAME_MISMATCH,0.67
pkm-swsh-black-star-promos-swsh155-307-8b14f590c1,SWSH Black Star Promos,Greninja V-UNION,SWSH155/307,248887,Greninja V-UNION - SWSH155,SKIP_NAME_MISMATCH,0.67
pkm-swsh-black-star-promos-swsh156-307-f890ab4355,SWSH Black Star Promos,Greninja V-UNION,SWSH156/307,248888,Greninja V-UNION - SWSH156,SKIP_NAME_MISMATCH,0.67
pkm-swsh-black-star-promos-swsh157-307-d868e6c19c,SWSH Black Star Promos,Greninja V-UNION,SWSH157/307,248889,Greninja V-UNION - SWSH157,SKIP_NAME_MISMATCH,0.67
pkm-swsh-black-star-promos-swsh158-307-e724a9ba4e,SWSH Black Star Promos,Greninja V-UNION,SWSH158/307,248890,Greninja V-UNION - SWSH158,SKIP_NAME_MISMATCH,0.67
pkm-swsh-black-star-promos-swsh159-307-feaed0a009,SWSH Black Star Promos,Mewtwo V-UNION,SWSH159/307,248891,Mewtwo V-UNION - SWSH159,SKIP_NAME_MISMATCH,0.67
pkm-swsh-black-star-promos-swsh160-307-2852ebea8a,SWSH Black Star Promos,Mewtwo V-UNION,SWSH160/307,248892,Mewtwo V-UNION - SWSH160,SKIP_NAME_MISMATCH,0.67
pkm-swsh-black-star-promos-swsh161-307-16d4062ab9,SWSH Black Star Promos,Mewtwo V-UNION,SWSH161/307,248893,Mewtwo V-UNION - SWSH161,SKIP_NAME_MISMATCH,0.67
pkm-swsh-black-star-promos-swsh162-307-b4fe2aa249,SWSH Black Star Promos,Mewtwo V-UNION,SWSH162/307,248894,Mewtwo V-UNION - SWSH162,SKIP_NAME_MISMATCH,0.67
pkm-swsh-black-star-promos-swsh163-307-f1b286acc4,SWSH Black Star Promos,Zacian V-UNION,SWSH163/307,247364,Zacian V-UNION - SWSH163,SKIP_NAME_MISMATCH,0.67
pkm-swsh-black-star-promos-swsh164-307-af645f5537,SWSH Black Star Promos,Zacian V-UNION,SWSH164/307,247365,Zacian V-UNION - SWSH164,SKIP_NAME_MISMATCH,0.67
pkm-swsh-black-star-promos-swsh165-307-fb6437fb31,SWSH Black Star Promos,Zacian V-UNION,SWSH165/307,247366,Zacian V-UNION - SWSH165,SKIP_NAME_MISMATCH,0.67
pkm-swsh-black-star-promos-swsh166-307-8c9663674d,SWSH Black Star Promos,Zacian V-UNION,SWSH166/307,247367,Zacian V-UNION - SWSH166,SKIP_NAME_MISMATCH,0.67
pkm-swsh-black-star-promos-swsh167-307-07198127cf,SWSH Black Star Promos,Professor Burnet,SWSH167/307,247299,Professor Burnet - SWSH167,SKIP_NAME_MISMATCH,0.67
pkm-swsh-black-star-promos-swsh167-307-07198127cf,SWSH Black Star Promos,Professor Burnet,SWSH167/307,247300,Professor Burnet - SWSH167 (25th Anniversary Stamp),SKIP_NAME_MISMATCH,0.40
pkm-swsh-black-star-promos-swsh168-307-7d0ccf752b,SWSH Black Star Promos,Oricorio,SWSH168/307,253404,Oricorio - SWSH168 (Prerelease),SKIP_NAME_MISMATCH,0.50
pkm-swsh-black-star-promos-swsh169-307-ee81e589af,SWSH Black Star Promos,Pyukumuku,SWSH169/307,253405,Pyukumuku - SWSH169 (Prerelease),SKIP_NAME_MISMATCH,0.50
pkm-swsh-black-star-promos-swsh170-307-9a60209d8e,SWSH Black Star Promos,Deoxys,SWSH170/307,253406,Deoxys - SWSH170 (Prerelease),SKIP_NAME_MISMATCH,0.50
pkm-swsh-black-star-promos-swsh171-307-568363f571,SWSH Black Star Promos,Latias,SWSH171/307,253407,Latias - SWSH171 (Prerelease),SKIP_NAME_MISMATCH,0.50
pkm-swsh-black-star-promos-swsh172-307-e79f211d05,SWSH Black Star Promos,Tepig,SWSH172/307,253408,Tepig - SWSH172,SKIP_NAME_MISMATCH,0.50
pkm-swsh-black-star-promos-swsh173-307-68018c24c4,SWSH Black Star Promos,Blitzle,SWSH173/307,253409,Blitzle - SWSH173,SKIP_NAME_MISMATCH,0.50
pkm-swsh-black-star-promos-swsh174-307-ea734633c3,SWSH Black Star Promos,Espeon,SWSH174/307,253410,Espeon - SWSH174,SKIP_NAME_MISMATCH,0.50
pkm-swsh-black-star-promos-swsh175-307-73981de99b,SWSH Black Star Promos,Eevee,SWSH175/307,253413,Eevee - SWSH175,SKIP_NAME_MISMATCH,0.50
pkm-swsh-black-star-promos-swsh176-307-9d12946270,SWSH Black Star Promos,Hoopa V,SWSH176/307,253412,Hoopa V - SWSH176,SKIP_NAME_MISMATCH,0.67
pkm-swsh-black-star-promos-swsh177-307-589accbd3a,SWSH Black Star Promos,Special Delivery Bidoof,SWSH177/307,247386,Special Delivery Bidoof,LINKED,1.00
pkm-swsh-black-star-promos-swsh178-307-737ef26407,SWSH Black Star Promos,Professor's Research,SWSH178/307,278705,Professor's Research - SWSH178,SKIP_NAME_MISMATCH,0.75
pkm-swsh-black-star-promos-swsh178-307-737ef26407,SWSH Black Star Promos,Professor's Research,SWSH178/307,246275,Professor's Research - SWSH178 (with Pokemon Go Code),SKIP_NAME_MISMATCH,0.38
pkm-swsh-black-star-promos-swsh179-307-dc643e6dd5,SWSH Black Star Promos,Flareon V,SWSH179/307,253414,Flareon V - SWSH179,SKIP_NAME_MISMATCH,0.67
pkm-swsh-black-star-promos-swsh180-307-a34d9c7b07,SWSH Black Star Promos,Flareon VMAX,SWSH180/307,253415,Flareon VMAX - SWSH180,SKIP_NAME_MISMATCH,0.67
pkm-swsh-black-star-promos-swsh181-307-0e8a93c743,SWSH Black Star Promos,Vaporeon V,SWSH181/307,253416,Vaporeon V - SWSH181,SKIP_NAME_MISMATCH,0.67
pkm-swsh-black-star-promos-swsh182-307-8b0c65e5a8,SWSH Black Star Promos,Vaporeon VMAX,SWSH182/307,253417,Vaporeon VMAX - SWSH182,SKIP_NAME_MISMATCH,0.67
pkm-swsh-black-star-promos-swsh183-307-7efaf103c1,SWSH Black Star Promos,Jolteon V,SWSH183/307,253418,Jolteon V - SWSH183,SKIP_NAME_MISMATCH,0.67
pkm-swsh-black-star-promos-swsh184-307-2614e4850e,SWSH Black Star Promos,Jolteon VMAX,SWSH184/307,253419,Jolteon VMAX - SWSH184,SKIP_NAME_MISMATCH,0.67
pkm-swsh-black-star-promos-swsh185-307-c5c0198737,SWSH Black Star Promos,Moltres,SWSH185/307,264277,Moltres - SWSH185,SKIP_NAME_MISMATCH,0.50
pkm-swsh-black-star-promos-swsh186-307-7087af0a96,SWSH Black Star Promos,Lucario,SWSH186/307,264278,Lucario - SWSH186,SKIP_NAME_MISMATCH,0.50
pkm-swsh-black-star-promos-swsh187-307-707476be06,SWSH Black Star Promos,Liepard,SWSH187/307,264279,Liepard - SWSH187,SKIP_NAME_MISMATCH,0.50
pkm-swsh-black-star-promos-swsh188-307-abdf3d0e57,SWSH Black Star Promos,Bibarel,SWSH188/307,264280,Bibarel - SWSH188,SKIP_NAME_MISMATCH,0.50
pkm-swsh-black-star-promos-swsh189-307-1be7eb3f54,SWSH Black Star Promos,Flapple,SWSH189/307,264282,Flapple - SWSH189,SKIP_NAME_MISMATCH,0.50
pkm-swsh-black-star-promos-swsh190-307-1766ab0ef0,SWSH Black Star Promos,Eevee,SWSH190/307,264283,Eevee - SWSH190,SKIP_NAME_MISMATCH,0.50
pkm-swsh-black-star-promos-swsh191-307-9838dd33cc,SWSH Black Star Promos,Leafeon,SWSH191/307,264284,Leafeon - SWSH191,SKIP_NAME_MISMATCH,0.50
pkm-swsh-black-star-promos-swsh192-307-86f63b61cc,SWSH Black Star Promos,Glaceon,SWSH192/307,264285,Glaceon - SWSH192,SKIP_NAME_MISMATCH,0.50
pkm-swsh-black-star-promos-swsh193-307-5e0a53d633,SWSH Black Star Promos,Galarian Obstagoon,SWSH193/307,268708,Galarian Obstagoon - SWSH193,SKIP_NAME_MISMATCH,0.67
pkm-swsh-black-star-promos-swsh194-307-e248975068,SWSH Black Star Promos,Leafeon V,SWSH194/307,262563,Leafeon V - SWSH194,SKIP_NAME_MISMATCH,0.67
pkm-swsh-black-star-promos-swsh195-307-2cd5856a64,SWSH Black Star Promos,Leafeon VSTAR,SWSH195/307,262566,Leafeon VSTAR - SWSH195,SKIP_NAME_MISMATCH,0.67
pkm-swsh-black-star-promos-swsh196-307-dc28b482ed,SWSH Black Star Promos,Glaceon V,SWSH196/307,262571,Glaceon V - SWSH196,SKIP_NAME_MISMATCH,0.67
pkm-swsh-black-star-promos-swsh197-307-d86639a1ad,SWSH Black Star Promos,Glaceon VSTAR,SWSH197/307,262569,Glaceon VSTAR - SWSH197,SKIP_NAME_MISMATCH,0.67
pkm-swsh-black-star-promos-swsh198-307-e35d72aa74,SWSH Black Star Promos,Pikachu V,SWSH198/307,260711,Pikachu V - SWSH198,SKIP_NAME_MISMATCH,0.67
pkm-swsh-black-star-promos-swsh199-307-461b17e440,SWSH Black Star Promos,Lycanroc V,SWSH199/307,266616,Lycanroc V - SWSH199,SKIP_NAME_MISMATCH,0.67
pkm-swsh-black-star-promos-swsh200-307-1a57f9e797,SWSH Black Star Promos,Corviknight V,SWSH200/307,266627,Corviknight V - SWSH200,SKIP_NAME_MISMATCH,0.67
pkm-swsh-black-star-promos-swsh201-307-8f5b416776,SWSH Black Star Promos,Espeon V,SWSH201/307,268710,Espeon V - SWSH201,SKIP_NAME_MISMATCH,0.67
pkm-swsh-black-star-promos-swsh202-307-24af83b921,SWSH Black Star Promos,Sylveon V,SWSH202/307,268711,Sylveon V - SWSH202,SKIP_NAME_MISMATCH,0.67
pkm-swsh-black-star-promos-swsh203-307-bf815cf1ee,SWSH Black Star Promos,Umbreon V,SWSH203/307,268712,Umbreon V - SWSH203,SKIP_NAME_MISMATCH,0.67
pkm-swsh-black-star-promos-swsh204-307-60410dcb8b,SWSH Black Star Promos,Arceus V,SWSH204/307,271837,Arceus V - SWSH204,SKIP_NAME_MISMATCH,0.67
pkm-swsh-black-star-promos-swsh205-307-42747031e1,SWSH Black Star Promos,Hisuian Basculegion,SWSH205/307,273154,Hisuian Basculegion - SWSH205,SKIP_NAME_MISMATCH,0.67
pkm-swsh-black-star-promos-swsh206-307-11deeceb9a,SWSH Black Star Promos,Wyrdeer,SWSH206/307,273155,Wyrdeer - SWSH206,SKIP_NAME_MISMATCH,0.50
pkm-swsh-black-star-promos-swsh207-307-0c20d3a807,SWSH Black Star Promos,Hisuian Samurott,SWSH207/307,273156,Hisuian Samurott - SWSH207,SKIP_NAME_MISMATCH,0.67
pkm-swsh-black-star-promos-swsh208-307-69cdefe4e1,SWSH Black Star Promos,Magnezone,SWSH208/307,273158,Magnezone - SWSH208,SKIP_NAME_MISMATCH,0.50
pkm-swsh-black-star-promos-swsh209-307-80cd980057,SWSH Black Star Promos,Toxel,SWSH209/307,273583,Toxel - SWSH209,SKIP_NAME_MISMATCH,0.50
pkm-swsh-black-star-promos-swsh210-307-a2e559e68f,SWSH Black Star Promos,Oricorio,SWSH210/307,273585,Oricorio - SWSH210,SKIP_NAME_MISMATCH,0.50
pkm-swsh-black-star-promos-swsh211-307-b79bae7ac1,SWSH Black Star Promos,Sylveon,SWSH211/307,273588,Sylveon - SWSH211,SKIP_NAME_MISMATCH,0.50
pkm-swsh-black-star-promos-swsh212-307-ae58d0c433,SWSH Black Star Promos,Eevee,SWSH212/307,273590,Eevee - SWSH212,SKIP_NAME_MISMATCH,0.50
pkm-swsh-black-star-promos-swsh213-307-c9d47e86b2,SWSH Black Star Promos,Lucario V,SWSH213/307,268306,Lucario V - SWSH213,SKIP_NAME_MISMATCH,0.67
pkm-swsh-black-star-promos-swsh214-307-da976a95c0,SWSH Black Star Promos,Lucario VSTAR,SWSH214/307,268304,Lucario VSTAR - SWSH214,SKIP_NAME_MISMATCH,0.67
pkm-swsh-black-star-promos-swsh215-307-352b40f41d,SWSH Black Star Promos,Morpeko V-UNION,SWSH215/307,268444,Morpeko V-Union - SWSH215,SKIP_NAME_MISMATCH,0.67
pkm-swsh-black-star-promos-swsh216-307-9f3e1f0be9,SWSH Black Star Promos,Morpeko V-UNION,SWSH216/307,268445,Morpeko V-Union - SWSH216,SKIP_NAME_MISMATCH,0.67
pkm-swsh-black-star-promos-swsh217-307-abf7422c25,SWSH Black Star Promos,Morpeko V-UNION,SWSH217/307,268446,Morpeko V-Union - SWSH217,SKIP_NAME_MISMATCH,0.67
pkm-swsh-black-star-promos-swsh218-307-6dc79a825a,SWSH Black Star Promos,Morpeko V-UNION,SWSH218/307,268447,Morpeko V-Union - SWSH218,SKIP_NAME_MISMATCH,0.67
pkm-swsh-black-star-promos-swsh218-307-6dc79a825a,SWSH Black Star Promos,Morpeko V-UNION,SWSH218/307,268450,Morpeko V-Union [Set of 4],SKIP_NAME_MISMATCH,0.40
pkm-swsh-black-star-promos-swsh219-307-801281e56d,SWSH Black Star Promos,Boltund V,SWSH219/307,270468,Boltund V - SWSH219,SKIP_NAME_MISMATCH,0.67
pkm-swsh-black-star-promos-swsh220-307-cbcb0867c6,SWSH Black Star Promos,Rowlet,SWSH220/307,268705,Rowlet - SWSH220,SKIP_NAME_MISMATCH,0.50
pkm-swsh-black-star-promos-swsh221-307-db7e1e33ab,SWSH Black Star Promos,Cyndaquil,SWSH221/307,268706,Cyndaquil - SWSH221,SKIP_NAME_MISMATCH,0.50
pkm-swsh-black-star-promos-swsh221-307-db7e1e33ab,SWSH Black Star Promos,Cyndaquil,SWSH221/307,489390,Cyndaquil - SWSH221 (Cosmos Holo),SKIP_NAME_MISMATCH,0.50
pkm-swsh-black-star-promos-swsh222-307-3e960ed70c,SWSH Black Star Promos,Oshawott,SWSH222/307,268707,Oshawott - SWSH222,SKIP_NAME_MISMATCH,0.50
pkm-swsh-black-star-promos-swsh222-307-3e960ed70c,SWSH Black Star Promos,Oshawott,SWSH222/307,594750,Oshawott - SWSH222 (Cosmo Holo),SKIP_NAME_MISMATCH,0.25
pkm-swsh-black-star-promos-swsh223-307-a69b1f230d,SWSH Black Star Promos,Mewtwo V,SWSH223/307,270718,Mewtwo V - SWSH223,SKIP_NAME_MISMATCH,0.67
pkm-swsh-black-star-promos-swsh224-307-7c6980f11b,SWSH Black Star Promos,Melmetal V,SWSH224/307,270719,Melmetal V - SWSH224,SKIP_NAME_MISMATCH,0.67
pkm-swsh-black-star-promos-swsh225-307-1440495975,SWSH Black Star Promos,Alolan Exeggutor V,SWSH225/307,270723,Alolan Exeggutor V - SWSH225,SKIP_NAME_MISMATCH,0.75
pkm-swsh-black-star-promos-swsh226-307-d1188a7f76,SWSH Black Star Promos,Spark,SWSH226/307,270720,Spark - SWSH226,SKIP_NAME_MISMATCH,0.50
pkm-swsh-black-star-promos-swsh227-307-f631290da9,SWSH Black Star Promos,Blanche,SWSH227/307,270721,Blanche - SWSH227,SKIP_NAME_MISMATCH,0.50
pkm-swsh-black-star-promos-swsh228-307-197781d1f8,SWSH Black Star Promos,Candela,SWSH228/307,270722,Candela - SWSH228,SKIP_NAME_MISMATCH,0.50
pkm-swsh-black-star-promos-swsh229-307-fb01493979,SWSH Black Star Promos,Mewtwo V,SWSH229/307,277040,Mewtwo V - SWSH229,SKIP_NAME_MISMATCH,0.67
pkm-swsh-black-star-promos-swsh230-307-689c95ac63,SWSH Black Star Promos,Radiant Eevee,SWSH230/307,270724,Radiant Eevee - SWSH230,SKIP_NAME_MISMATCH,0.67
pkm-swsh-black-star-promos-swsh231-307-c29a3a246d,SWSH Black Star Promos,Bulbasaur,SWSH231/307,275828,Bulbasaur - SWSH231,SKIP_NAME_MISMATCH,0.50
pkm-swsh-black-star-promos-swsh232-307-2862f4cd9b,SWSH Black Star Promos,Charmander,SWSH232/307,275829,Charmander - SWSH232,SKIP_NAME_MISMATCH,0.50
pkm-swsh-black-star-promos-swsh233-307-58565f1b28,SWSH Black Star Promos,Squirtle,SWSH233/307,275830,Squirtle - SWSH233,SKIP_NAME_MISMATCH,0.50
pkm-swsh-black-star-promos-swsh234-307-7d796588b3,SWSH Black Star Promos,Pikachu,SWSH234/307,277039,Pikachu - SWSH234,SKIP_NAME_MISMATCH,0.50
pkm-swsh-black-star-promos-swsh235-307-e41bca3211,SWSH Black Star Promos,Dragonite V,SWSH235/307,275844,Dragonite V - SWSH235,SKIP_NAME_MISMATCH,0.67
pkm-swsh-black-star-promos-swsh236-307-7b2c5b0c92,SWSH Black Star Promos,Dragonite VSTAR,SWSH236/307,275843,Dragonite VSTAR - SWSH236,SKIP_NAME_MISMATCH,0.67
pkm-swsh-black-star-promos-swsh237-307-20ea05b586,SWSH Black Star Promos,Hisuian Typhlosion V,SWSH237/307,275167,Hisuian Typhlosion V - SWSH237,SKIP_NAME_MISMATCH,0.75
pkm-swsh-black-star-promos-swsh238-307-ca827d7e27,SWSH Black Star Promos,Hisuian Decidueye V,SWSH238/307,275166,Hisuian Decidueye V - SWSH238,SKIP_NAME_MISMATCH,0.75
pkm-swsh-black-star-promos-swsh239-307-3a18c5fa8a,SWSH Black Star Promos,Hisuian Samurott V,SWSH239/307,275165,Hisuian Samurott V - SWSH239,SKIP_NAME_MISMATCH,0.75
pkm-swsh-black-star-promos-swsh240-307-808a01f337,SWSH Black Star Promos,Finneon,SWSH240/307,680245,Finneon - SWSH240 (Prerelease Staff),SKIP_NAME_MISMATCH,0.50
pkm-swsh-black-star-promos-swsh240-307-808a01f337,SWSH Black Star Promos,Finneon,SWSH240/307,285254,Finneon - SWSH240 (Prerelease),SKIP_NAME_MISMATCH,0.50
pkm-swsh-black-star-promos-swsh241-307-f7e05038f2,SWSH Black Star Promos,Gengar,SWSH241/307,285257,Gengar - SWSH241 (Prerelease),SKIP_NAME_MISMATCH,0.50
pkm-swsh-black-star-promos-swsh241-307-f7e05038f2,SWSH Black Star Promos,Gengar,SWSH241/307,607368,Gengar - SWSH241 (Prerelease) (Staff),SKIP_NAME_MISMATCH,0.50
pkm-swsh-black-star-promos-swsh242-307-5b8d5ce4c4,SWSH Black Star Promos,Comfey,SWSH242/307,285253,Comfey - SWSH242 (Prerelease),SKIP_NAME_MISMATCH,0.50
pkm-swsh-black-star-promos-swsh243-307-b3f0f74793,SWSH Black Star Promos,Machamp,SWSH243/307,285251,Machamp - SWSH243 (Prerelease),SKIP_NAME_MISMATCH,0.50
pkm-swsh-black-star-promos-swsh244-307-78b0414e00,SWSH Black Star Promos,Scorbunny,SWSH244/307,285264,Scorbunny - SWSH244 (Cosmos Holo),SKIP_NAME_MISMATCH,0.50
pkm-swsh-black-star-promos-swsh245-307-277644b6d5,SWSH Black Star Promos,Croagunk,SWSH245/307,285259,Croagunk - SWSH245 (Cosmos Holo),SKIP_NAME_MISMATCH,0.50
pkm-swsh-black-star-promos-swsh246-307-900a128a00,SWSH Black Star Promos,Weavile,SWSH246/307,285262,Weavile - SWSH246 (Cosmos Holo),SKIP_NAME_MISMATCH,0.50
pkm-swsh-black-star-promos-swsh247-307-f7cbfe9db4,SWSH Black Star Promos,Regigigas,SWSH247/307,285258,Regigigas - SWSH247 (Cosmos Holo),SKIP_NAME_MISMATCH,0.50
pkm-swsh-black-star-promos-swsh248-307-1035cbf1ad,SWSH Black Star Promos,Kleavor V,SWSH248/307,273938,Kleavor V (Full Art) - SWSH248,SKIP_NAME_MISMATCH,0.67
pkm-swsh-black-star-promos-swsh249-307-6bcbe17d0d,SWSH Black Star Promos,Kleavor VSTAR,SWSH249/307,273939,Kleavor VSTAR - SWSH249,SKIP_NAME_MISMATCH,0.67
pkm-swsh-black-star-promos-swsh250-307-00e195a802,SWSH Black Star Promos,Lumineon V,SWSH250/307,279141,Lumineon V - SWSH250,SKIP_NAME_MISMATCH,0.67
pkm-swsh-black-star-promos-swsh251-307-952e2d3346,SWSH Black Star Promos,Boss's Orders,SWSH251/307,489944,Boss's Orders (Full Art),LINKED,1.00
pkm-swsh-black-star-promos-swsh252-307-6d3c958d99,SWSH Black Star Promos,Infernape V,SWSH252/307,283369,Infernape V - SWSH252,SKIP_NAME_MISMATCH,0.67
pkm-swsh-black-star-promos-swsh253-307-2048674982,SWSH Black Star Promos,Origin Forme Palkia V,SWSH253/307,449512,Origin Forme Palkia V,LINKED,1.00
pkm-swsh-black-star-promos-swsh254-307-e0d4eec63b,SWSH Black Star Promos,Origin Forme Palkia VSTAR,SWSH254/307,449511,Origin Forme Palkia VSTAR,LINKED,1.00
pkm-swsh-black-star-promos-swsh255-307-fe5ef4e0c1,SWSH Black Star Promos,Origin Forme Dialga V,SWSH255/307,449510,Origin Forme Dialga V,LINKED,1.00
pkm-swsh-black-star-promos-swsh256-307-9104f54d35,SWSH Black Star Promos,Origin Forme Dialga VSTAR,SWSH256/307,449509,Origin Forme Dialga VSTAR,LINKED,1.00
pkm-swsh-black-star-promos-swsh257-307-bd8cbe75b0,SWSH Black Star Promos,Rotom V,SWSH257/307,450653,Rotom V - SWSH257,SKIP_NAME_MISMATCH,0.67
pkm-swsh-black-star-promos-swsh258-307-e89afe68bc,SWSH Black Star Promos,Gallade V,SWSH258/307,450656,Gallade V - SWSH258,SKIP_NAME_MISMATCH,0.67
pkm-swsh-black-star-promos-swsh259-307-a99faf8574,SWSH Black Star Promos,Giratina V,SWSH259/307,,,NO_CANDIDATE,
pkm-swsh-black-star-promos-swsh260-307-305977f9cb,SWSH Black Star Promos,Charizard V,SWSH260/307,285384,Charizard V - SWSH260,SKIP_NAME_MISMATCH,0.67
pkm-swsh-black-star-promos-swsh261-307-2118c27152,SWSH Black Star Promos,Charizard VMAX,SWSH261/307,285378,Charizard VMAX - SWSH261,SKIP_NAME_MISMATCH,0.67
pkm-swsh-black-star-promos-swsh262-307-2894c00c35,SWSH Black Star Promos,Charizard VSTAR,SWSH262/307,285396,Charizard VSTAR - SWSH262,SKIP_NAME_MISMATCH,0.67
pkm-swsh-black-star-promos-swsh263-307-25597aa52d,SWSH Black Star Promos,Zeraora V,SWSH263/307,449518,Zeraora V - SWSH263,SKIP_NAME_MISMATCH,0.67
pkm-swsh-black-star-promos-swsh264-307-530b04c4fa,SWSH Black Star Promos,Zeraora VMAX,SWSH264/307,449519,Zeraora VMAX - SWSH264,SKIP_NAME_MISMATCH,0.67
pkm-swsh-black-star-promos-swsh265-307-3956ff8558,SWSH Black Star Promos,Zeraora VSTAR,SWSH265/307,449520,Zeraora VSTAR - SWSH265,SKIP_NAME_MISMATCH,0.67
pkm-swsh-black-star-promos-swsh266-307-a54b2b8959,SWSH Black Star Promos,Deoxys V,SWSH266/307,449521,Deoxys V - SWSH266,SKIP_NAME_MISMATCH,0.67
pkm-swsh-black-star-promos-swsh267-307-681bbee96c,SWSH Black Star Promos,Deoxys VMAX,SWSH267/307,449522,Deoxys VMAX - SWSH267,SKIP_NAME_MISMATCH,0.67
pkm-swsh-black-star-promos-swsh268-307-4fdf1b6627,SWSH Black Star Promos,Deoxys VSTAR,SWSH268/307,449523,Deoxys VSTAR - SWSH268,SKIP_NAME_MISMATCH,0.67
pkm-swsh-black-star-promos-swsh269-307-9515019b46,SWSH Black Star Promos,Sunflora,SWSH269/307,451844,Sunflora - SWSH269 (Prerelease),SKIP_NAME_MISMATCH,0.50
pkm-swsh-black-star-promos-swsh269-307-9515019b46,SWSH Black Star Promos,Sunflora,SWSH269/307,451884,Sunflora - SWSH269 (Prerelease) [STAFF],SKIP_NAME_MISMATCH,0.50
pkm-swsh-black-star-promos-swsh270-307-bbbff618ee,SWSH Black Star Promos,Rapidash,SWSH270/307,451845,Rapidash - SWSH270 (Prerelease),SKIP_NAME_MISMATCH,0.50
pkm-swsh-black-star-promos-swsh270-307-bbbff618ee,SWSH Black Star Promos,Rapidash,SWSH270/307,451885,Rapidash - SWSH270 (Prerelease) [STAFF],SKIP_NAME_MISMATCH,0.50
pkm-swsh-black-star-promos-swsh271-307-784cfefe9b,SWSH Black Star Promos,Kirlia,SWSH271/307,451846,Kirlia - SWSH271 (Prerelease),SKIP_NAME_MISMATCH,0.50
pkm-swsh-black-star-promos-swsh271-307-784cfefe9b,SWSH Black Star Promos,Kirlia,SWSH271/307,451886,Kirlia - SWSH271 (Prerelease) [STAFF],SKIP_NAME_MISMATCH,0.50
pkm-swsh-black-star-promos-swsh272-307-d33797d207,SWSH Black Star Promos,Archeops,SWSH272/307,451847,Archeops - SWSH272 (Prerelease),SKIP_NAME_MISMATCH,0.50
pkm-swsh-black-star-promos-swsh272-307-d33797d207,SWSH Black Star Promos,Archeops,SWSH272/307,451887,Archeops - SWSH272 (Prerelease) [STAFF],SKIP_NAME_MISMATCH,0.50
pkm-swsh-black-star-promos-swsh273-307-f939eab50e,SWSH Black Star Promos,Hisuian Basculin,SWSH273/307,454228,Hisuian Basculin - SWSH273,SKIP_NAME_MISMATCH,0.67
pkm-swsh-black-star-promos-swsh274-307-d3ddbca099,SWSH Black Star Promos,Cranidos,SWSH274/307,454227,Cranidos - SWSH274,SKIP_NAME_MISMATCH,0.50
pkm-swsh-black-star-promos-swsh275-307-261b9e6ba1,SWSH Black Star Promos,Manaphy,SWSH275/307,454226,Manaphy - SWSH275,SKIP_NAME_MISMATCH,0.50
pkm-swsh-black-star-promos-swsh276-307-7d5f4e91c2,SWSH Black Star Promos,Togetic,SWSH276/307,454225,Togetic - SWSH276,SKIP_NAME_MISMATCH,0.50
pkm-swsh-black-star-promos-swsh277-307-0f61b5a997,SWSH Black Star Promos,Rillaboom,SWSH277/307,475621,Rillaboom - SWSH277,SKIP_NAME_MISMATCH,0.50
pkm-swsh-black-star-promos-swsh278-307-42cf9e4c5a,SWSH Black Star Promos,Cinderace,SWSH278/307,475622,Cinderace - SWSH278,SKIP_NAME_MISMATCH,0.50
pkm-swsh-black-star-promos-swsh279-307-2ae65f99c6,SWSH Black Star Promos,Inteleon,SWSH279/307,475623,Inteleon - SWSH279,SKIP_NAME_MISMATCH,0.50
pkm-swsh-black-star-promos-swsh280-307-40c854ea1d,SWSH Black Star Promos,Regieleki V,SWSH280/307,453483,Regieleki V - SWSH280,SKIP_NAME_MISMATCH,0.67
pkm-swsh-black-star-promos-swsh281-307-f864d38ec7,SWSH Black Star Promos,Regidrago V,SWSH281/307,453485,Regidrago V - SWSH281,SKIP_NAME_MISMATCH,0.67
pkm-swsh-black-star-promos-swsh282-307-2a4dcbc6a5,SWSH Black Star Promos,Galarian Articuno,SWSH282/307,488271,Galarian Articuno - SWSH282,SKIP_NAME_MISMATCH,0.67
pkm-swsh-black-star-promos-swsh283-307-a141eb91e4,SWSH Black Star Promos,Galarian Zapdos,SWSH283/307,488274,Galarian Zapdos - SWSH283,SKIP_NAME_MISMATCH,0.67
pkm-swsh-black-star-promos-swsh284-307-c467ddafa9,SWSH Black Star Promos,Galarian Moltres,SWSH284/307,488275,Galarian Moltres - SWSH284,SKIP_NAME_MISMATCH,0.67
pkm-swsh-black-star-promos-swsh285-307-4ca90a6498,SWSH Black Star Promos,Pikachu V,SWSH285/307,478423,Pikachu V - SWSH285,SKIP_NAME_MISMATCH,0.67
pkm-swsh-black-star-promos-swsh286-307-0ee498f9eb,SWSH Black Star Promos,Pikachu VMAX,SWSH286/307,478424,Pikachu VMAX - SWSH286,SKIP_NAME_MISMATCH,0.67
pkm-swsh-black-star-promos-swsh287-307-45a225421c,SWSH Black Star Promos,Morpeko V-UNION,SWSH287/307,477065,Morpeko V-Union - SWSH287,SKIP_NAME_MISMATCH,0.67
pkm-swsh-black-star-promos-swsh288-307-1facb380f9,SWSH Black Star Promos,Morpeko V-UNION,SWSH288/307,477066,Morpeko V-Union - SWSH288,SKIP_NAME_MISMATCH,0.67
pkm-swsh-black-star-promos-swsh289-307-78fe24ef93,SWSH Black Star Promos,Morpeko V-UNION,SWSH289/307,477067,Morpeko V-Union - SWSH289,SKIP_NAME_MISMATCH,0.67
pkm-swsh-black-star-promos-swsh290-307-4420050451,SWSH Black Star Promos,Morpeko V-UNION,SWSH290/307,477068,Morpeko V-Union - SWSH290,SKIP_NAME_MISMATCH,0.67
pkm-swsh-black-star-promos-swsh290-307-4420050451,SWSH Black Star Promos,Morpeko V-UNION,SWSH290/307,495215,Morpeko V-Union (SWSH287-290) [Set of 4],SKIP_NAME_MISMATCH,0.29
pkm-swsh-black-star-promos-swsh291-307-c2ef0f5c97,SWSH Black Star Promos,Lucario VSTAR,SWSH291/307,475642,Lucario VSTAR - SWSH291,SKIP_NAME_MISMATCH,0.67
pkm-swsh-black-star-promos-swsh292-307-95026cef58,SWSH Black Star Promos,Zacian V,SWSH292/307,477063,Zacian V (Shiny) - SWSH292,SKIP_NAME_MISMATCH,0.50
pkm-swsh-black-star-promos-swsh293-307-73dfc768c3,SWSH Black Star Promos,Zamazenta V,SWSH293/307,477064,Zamazenta V (Shiny) - SWSH293,SKIP_NAME_MISMATCH,0.50
pkm-swsh-black-star-promos-swsh294-307-6115083e2c,SWSH Black Star Promos,Hisuian Electrode V,SWSH294/307,451115,Hisuian Electrode V - SWSH294,SKIP_NAME_MISMATCH,0.75
pkm-swsh-black-star-promos-swsh295-307-dca270427d,SWSH Black Star Promos,Virizion V,SWSH295/307,449515,Virizion V - SWSH295,SKIP_NAME_MISMATCH,0.67
pkm-swsh-black-star-promos-swsh296-307-b95e25db9d,SWSH Black Star Promos,Champions Festival,SWSH296/307,575154,Champions Festival - SWSH296 (World Championships 2022),SKIP_NAME_MISMATCH,0.33
pkm-swsh-black-star-promos-swsh296-307-b95e25db9d,SWSH Black Star Promos,Champions Festival,SWSH296/307,503454,Champions Festival - SWSH296 (World Championships 2022) [Staff],SKIP_NAME_MISMATCH,0.33
pkm-swsh-black-star-promos-swsh297-307-75dd5c37cf,SWSH Black Star Promos,Hisuian Zoroark V,SWSH297/307,449526,Hisuian Zoroark V - SWSH297,SKIP_NAME_MISMATCH,0.75
pkm-swsh-black-star-promos-swsh298-307-02e7496a4b,SWSH Black Star Promos,Hisuian Zoroark VSTAR,SWSH298/307,449527,Hisuian Zoroark VSTAR - SWSH298,SKIP_NAME_MISMATCH,0.75
pkm-swsh-black-star-promos-swsh302-307-f737c9346d,SWSH Black Star Promos,Klara,SWSH302/307,489692,Klara (Full Art),LINKED,1.00
pkm-swsh-black-star-promos-swsh303-307-59c35b409d,SWSH Black Star Promos,Bulbasaur,SWSH303/307,485843,Bulbasaur (Illustration Contest 2022),SKIP_NAME_MISMATCH,0.25
pkm-swsh-black-star-promos-swsh304-307-972733eb1c,SWSH Black Star Promos,Arcanine,SWSH304/307,485844,Arcanine (Illustration Contest 2022),SKIP_NAME_MISMATCH,0.25
pkm-swsh-black-star-promos-swsh305-307-4ae160f3e2,SWSH Black Star Promos,Greninja,SWSH305/307,485845,Greninja (Illustration Contest 2022),SKIP_NAME_MISMATCH,0.25
pkm-swsh-black-star-promos-swsh306-307-3f7662caff,SWSH Black Star Promos,Arceus V,SWSH306/307,499989,Arceus V - SWSH306,SKIP_NAME_MISMATCH,0.67
pkm-swsh-black-star-promos-swsh307-307-14d50c096b,SWSH Black Star Promos,Arceus VSTAR,SWSH307/307,499984,Arceus VSTAR - SWSH307,SKIP_NAME_MISMATCH,0.67
pkm-scarlet-and-violet-black-star-promos-1-102-96ca4d4a3e,Scarlet and Violet Black Star Promos,Sprigatito,1/102,477184,Sprigatito - 001,SKIP_NAME_MISMATCH,0.50
pkm-scarlet-and-violet-black-star-promos-2-102-59d0d7826a,Scarlet and Violet Black Star Promos,Fuecoco,2/102,477182,Fuecoco - 002,SKIP_NAME_MISMATCH,0.50
pkm-scarlet-and-violet-black-star-promos-3-102-11c8bfff3e,Scarlet and Violet Black Star Promos,Quaxly,3/102,477183,Quaxly - 003,SKIP_NAME_MISMATCH,0.50
pkm-scarlet-and-violet-black-star-promos-4-102-c1162f180d,Scarlet and Violet Black Star Promos,Mimikyu ex,4/102,487435,Mimikyu ex - 004,SKIP_NAME_MISMATCH,0.67
pkm-scarlet-and-violet-black-star-promos-5-102-32c35ffa39,Scarlet and Violet Black Star Promos,Quaquaval,5/102,487751,Quaquaval - 005 (Prerelease),SKIP_NAME_MISMATCH,0.50
pkm-scarlet-and-violet-black-star-promos-5-102-32c35ffa39,Scarlet and Violet Black Star Promos,Quaquaval,5/102,522650,Quaquaval - 005 (Prerelease) [Staff],SKIP_NAME_MISMATCH,0.50
pkm-scarlet-and-violet-black-star-promos-6-102-33c51f490d,Scarlet and Violet Black Star Promos,Pawmot,6/102,487752,Pawmot - 006 (Prerelease),SKIP_NAME_MISMATCH,0.50
pkm-scarlet-and-violet-black-star-promos-6-102-33c51f490d,Scarlet and Violet Black Star Promos,Pawmot,6/102,522648,Pawmot - 006 (Prerelease) [Staff],SKIP_NAME_MISMATCH,0.50
pkm-scarlet-and-violet-black-star-promos-7-102-0f6308c340,Scarlet and Violet Black Star Promos,Hawlucha,7/102,487755,Hawlucha - 007 (Prerelease),SKIP_NAME_MISMATCH,0.50
pkm-scarlet-and-violet-black-star-promos-7-102-0f6308c340,Scarlet and Violet Black Star Promos,Hawlucha,7/102,522649,Hawlucha - 007 (Prerelease) [Staff],SKIP_NAME_MISMATCH,0.50
pkm-scarlet-and-violet-black-star-promos-8-102-d2e18e18ce,Scarlet and Violet Black Star Promos,Revavroom,8/102,487756,Revavroom - 008 (Prerelease),SKIP_NAME_MISMATCH,0.50
pkm-scarlet-and-violet-black-star-promos-8-102-d2e18e18ce,Scarlet and Violet Black Star Promos,Revavroom,8/102,515203,Revavroom - 008 (Prerelease) [Staff],SKIP_NAME_MISMATCH,0.50
pkm-scarlet-and-violet-black-star-promos-9-102-a3557e97f8,Scarlet and Violet Black Star Promos,Spidops,9/102,491184,Spidops - 009,SKIP_NAME_MISMATCH,0.50
pkm-scarlet-and-violet-black-star-promos-10-102-ca246c57bd,Scarlet and Violet Black Star Promos,Espathra,10/102,491185,Espathra - 010,SKIP_NAME_MISMATCH,0.50
pkm-scarlet-and-violet-black-star-promos-11-102-b058877a20,Scarlet and Violet Black Star Promos,Arcanine,11/102,491186,Arcanine - 011,SKIP_NAME_MISMATCH,0.50
pkm-scarlet-and-violet-black-star-promos-12-102-cd2a283a43,Scarlet and Violet Black Star Promos,Dondozo,12/102,491187,Dondozo - 012,SKIP_NAME_MISMATCH,0.50
pkm-scarlet-and-violet-black-star-promos-12-102-cd2a283a43,Scarlet and Violet Black Star Promos,Dondozo,12/102,653800,Dondozo - 012 (Cosmos Holofoil),SKIP_NAME_MISMATCH,0.50
pkm-scarlet-and-violet-black-star-promos-13-102-d5ca66f021,Scarlet and Violet Black Star Promos,Miraidon,13/102,490719,Miraidon - 013,SKIP_NAME_MISMATCH,0.50
pkm-scarlet-and-violet-black-star-promos-13-102-d5ca66f021,Scarlet and Violet Black Star Promos,Miraidon,13/102,490730,Miraidon - 013 (Pokemon Center Exclusive),SKIP_NAME_MISMATCH,0.20
pkm-scarlet-and-violet-black-star-promos-14-102-af2f56d1cf,Scarlet and Violet Black Star Promos,Koraidon,14/102,490721,Koraidon - 014,SKIP_NAME_MISMATCH,0.50
pkm-scarlet-and-violet-black-star-promos-14-102-af2f56d1cf,Scarlet and Violet Black Star Promos,Koraidon,14/102,490725,Koraidon - 014 (Pokemon Center Exclusive),SKIP_NAME_MISMATCH,0.20
pkm-scarlet-and-violet-black-star-promos-15-102-0a69be2e43,Scarlet and Violet Black Star Promos,Flaaffy,15/102,496972,Flaaffy - 015,SKIP_NAME_MISMATCH,0.50
pkm-scarlet-and-violet-black-star-promos-16-102-561e9103af,Scarlet and Violet Black Star Promos,Ampharos ex,16/102,484397,Ampharos ex - 016,SKIP_NAME_MISMATCH,0.67
pkm-scarlet-and-violet-black-star-promos-17-102-3b816543be,Scarlet and Violet Black Star Promos,Lucario ex,17/102,484396,Lucario ex - 017,SKIP_NAME_MISMATCH,0.67
pkm-scarlet-and-violet-black-star-promos-18-102-592a04c430,Scarlet and Violet Black Star Promos,Cyclizar ex,18/102,496429,Cyclizar ex - 018,SKIP_NAME_MISMATCH,0.67
pkm-scarlet-and-violet-black-star-promos-19-102-cf107138a8,Scarlet and Violet Black Star Promos,Baxcalibur,19/102,501885,Baxcalibur - 019 (Prerelease),SKIP_NAME_MISMATCH,0.50
pkm-scarlet-and-violet-black-star-promos-19-102-cf107138a8,Scarlet and Violet Black Star Promos,Baxcalibur,19/102,515202,Baxcalibur - 019 (Prerelease) [Staff],SKIP_NAME_MISMATCH,0.50
pkm-scarlet-and-violet-black-star-promos-20-102-0e4e4f9599,Scarlet and Violet Black Star Promos,Tinkaton,20/102,,,NO_CANDIDATE,
pkm-scarlet-and-violet-black-star-promos-21-102-dd8d8ddfd6,Scarlet and Violet Black Star Promos,Murkrow,21/102,501893,Murkrow - 021 (Prerelease),SKIP_NAME_MISMATCH,0.50
pkm-scarlet-and-violet-black-star-promos-21-102-dd8d8ddfd6,Scarlet and Violet Black Star Promos,Murkrow,21/102,527563,Murkrow - 021 (Prerelease) [Staff],SKIP_NAME_MISMATCH,0.50
pkm-scarlet-and-violet-black-star-promos-22-102-0036a77a6f,Scarlet and Violet Black Star Promos,Pelipper,22/102,501896,Pelipper - 022 (Prerelease),SKIP_NAME_MISMATCH,0.50
pkm-scarlet-and-violet-black-star-promos-22-102-0036a77a6f,Scarlet and Violet Black Star Promos,Pelipper,22/102,527564,Pelipper - 022 (Prerelease) [Staff],SKIP_NAME_MISMATCH,0.50
pkm-scarlet-and-violet-black-star-promos-22-102-0036a77a6f,Scarlet and Violet Black Star Promos,Pelipper,22/102,553715,Sinistcha - 022/167 (Prerelease),SKIP_NAME_MISMATCH,0.00
pkm-scarlet-and-violet-black-star-promos-23-102-eaa3402527,Scarlet and Violet Black Star Promos,Smoliv,23/102,500833,Smoliv - 023,SKIP_NAME_MISMATCH,0.50
pkm-scarlet-and-violet-black-star-promos-24-102-1819bc860e,Scarlet and Violet Black Star Promos,Growlithe,24/102,500563,Growlithe - 024,SKIP_NAME_MISMATCH,0.50
pkm-scarlet-and-violet-black-star-promos-25-102-cc3ecbf473,Scarlet and Violet Black Star Promos,Tinkatink,25/102,,,NO_CANDIDATE,
pkm-scarlet-and-violet-black-star-promos-26-102-84162f696d,Scarlet and Violet Black Star Promos,Varoom,26/102,532538,Varoom - 026 (Cosmos Holo),SKIP_NAME_MISMATCH,0.50
pkm-scarlet-and-violet-black-star-promos-27-102-0c66f653ea,Scarlet and Violet Black Star Promos,Pikachu,27/102,500263,Pikachu - 027,SKIP_NAME_MISMATCH,0.50
pkm-scarlet-and-violet-black-star-promos-27-102-0c66f653ea,Scarlet and Violet Black Star Promos,Pikachu,27/102,500264,Pikachu - 027 (Pokemon Center Exclusive),SKIP_NAME_MISMATCH,0.20
pkm-scarlet-and-violet-black-star-promos-28-102-a468b2242a,Scarlet and Violet Black Star Promos,Miraidon ex,28/102,500062,Miraidon ex - 028,SKIP_NAME_MISMATCH,0.67
pkm-scarlet-and-violet-black-star-promos-29-102-f5de95bf7e,Scarlet and Violet Black Star Promos,Koraidon ex,29/102,500070,Koraidon ex - 029,SKIP_NAME_MISMATCH,0.67
pkm-scarlet-and-violet-black-star-promos-30-102-f3491a080b,Scarlet and Violet Black Star Promos,Chien-Pao ex,30/102,505534,Chien-Pao ex - 030,SKIP_NAME_MISMATCH,0.75
pkm-scarlet-and-violet-black-star-promos-31-102-3688fe7ec5,Scarlet and Violet Black Star Promos,Tinkaton ex,31/102,,,NO_CANDIDATE,
pkm-scarlet-and-violet-black-star-promos-32-102-0e0a76ba3a,Scarlet and Violet Black Star Promos,Annihilape ex,32/102,502981,Annihilape ex - 032,SKIP_NAME_MISMATCH,0.67
pkm-scarlet-and-violet-black-star-promos-33-102-3d8c3295fb,Scarlet and Violet Black Star Promos,Meowscarada ex,33/102,513876,Meowscarada ex - 033,SKIP_NAME_MISMATCH,0.67
pkm-scarlet-and-violet-black-star-promos-34-102-9afee4d901,Scarlet and Violet Black Star Promos,Skeledirge ex,34/102,513831,Skeledirge ex - 034,SKIP_NAME_MISMATCH,0.67
pkm-scarlet-and-violet-black-star-promos-35-102-0a3ce749ac,Scarlet and Violet Black Star Promos,Quaquaval ex,35/102,513874,Quaquaval ex - 035,SKIP_NAME_MISMATCH,0.67
pkm-scarlet-and-violet-black-star-promos-36-102-acefb8d990,Scarlet and Violet Black Star Promos,Palafin,36/102,513424,Palafin - 036 (Prerelease),SKIP_NAME_MISMATCH,0.50
pkm-scarlet-and-violet-black-star-promos-36-102-acefb8d990,Scarlet and Violet Black Star Promos,Palafin,36/102,513425,Palafin - 036 (Prerelease) [Staff],SKIP_NAME_MISMATCH,0.50
pkm-scarlet-and-violet-black-star-promos-37-102-08edc27216,Scarlet and Violet Black Star Promos,Cleffa,37/102,512896,Cleffa - 037 (Prerelease),SKIP_NAME_MISMATCH,0.50
pkm-scarlet-and-violet-black-star-promos-37-102-08edc27216,Scarlet and Violet Black Star Promos,Cleffa,37/102,513423,Cleffa - 037 (Prerelease) [Staff],SKIP_NAME_MISMATCH,0.50
pkm-scarlet-and-violet-black-star-promos-38-102-5e206db241,Scarlet and Violet Black Star Promos,Togekiss,38/102,513426,Togekiss - 038 (Prerelease),SKIP_NAME_MISMATCH,0.50
pkm-scarlet-and-violet-black-star-promos-38-102-5e206db241,Scarlet and Violet Black Star Promos,Togekiss,38/102,513427,Togekiss - 038 (Prerelease) [Staff],SKIP_NAME_MISMATCH,0.50
pkm-scarlet-and-violet-black-star-promos-39-102-9b05482a12,Scarlet and Violet Black Star Promos,Mawile,39/102,513428,Mawile - 039 (Prerelease),SKIP_NAME_MISMATCH,0.50
pkm-scarlet-and-violet-black-star-promos-39-102-9b05482a12,Scarlet and Violet Black Star Promos,Mawile,39/102,513429,Mawile - 039 (Prerelease) [Staff],SKIP_NAME_MISMATCH,0.50
pkm-scarlet-and-violet-black-star-promos-40-102-be06d506d8,Scarlet and Violet Black Star Promos,Pawmi,40/102,512043,Pawmi - 040,SKIP_NAME_MISMATCH,0.50
pkm-scarlet-and-violet-black-star-promos-40-102-be06d506d8,Scarlet and Violet Black Star Promos,Pawmi,40/102,607764,Pawmi - 040 (Cosmos Holo),SKIP_NAME_MISMATCH,0.50
pkm-scarlet-and-violet-black-star-promos-41-102-0b1889a0b0,Scarlet and Violet Black Star Promos,Paldean Wooper,41/102,512049,Paldean Wooper - 041,SKIP_NAME_MISMATCH,0.67
pkm-scarlet-and-violet-black-star-promos-42-102-877ad5e155,Scarlet and Violet Black Star Promos,Houndstone,42/102,512914,Houndstone - 042,SKIP_NAME_MISMATCH,0.50
pkm-scarlet-and-violet-black-star-promos-43-102-f4b9d80792,Scarlet and Violet Black Star Promos,Eevee,43/102,512492,Eevee - 043,SKIP_NAME_MISMATCH,0.50
pkm-scarlet-and-violet-black-star-promos-44-102-4573490312,Scarlet and Violet Black Star Promos,Charmander,44/102,512035,Charmander - 044,SKIP_NAME_MISMATCH,0.50
pkm-scarlet-and-violet-black-star-promos-44-102-4573490312,Scarlet and Violet Black Star Promos,Charmander,44/102,512036,Charmander - 044 (Pokemon Center Exclusive),SKIP_NAME_MISMATCH,0.20
pkm-scarlet-and-violet-black-star-promos-45-102-0d3907c6dd,Scarlet and Violet Black Star Promos,Paradise Resort,45/102,518863,Paradise Resort - 045 (World Championships 2023),SKIP_NAME_MISMATCH,0.33
pkm-scarlet-and-violet-black-star-promos-45-102-0d3907c6dd,Scarlet and Violet Black Star Promos,Paradise Resort,45/102,583700,Paradise Resort - 045 (World Championships 2023) [Staff],SKIP_NAME_MISMATCH,0.33
pkm-scarlet-and-violet-black-star-promos-46-102-4aee4c798e,Scarlet and Violet Black Star Promos,Bulbasaur,46/102,517271,Bulbasaur - 046 (Cosmos Holo),SKIP_NAME_MISMATCH,0.50
pkm-scarlet-and-violet-black-star-promos-47-102-7c37641415,Scarlet and Violet Black Star Promos,Charmander,47/102,517272,Charmander - 047 (Cosmos Holo),SKIP_NAME_MISMATCH,0.50
pkm-scarlet-and-violet-black-star-promos-48-102-dff776fdc8,Scarlet and Violet Black Star Promos,Squirtle,48/102,517273,Squirtle - 048 (Cosmos Holo),SKIP_NAME_MISMATCH,0.50
pkm-scarlet-and-violet-black-star-promos-49-102-0d82027e73,Scarlet and Violet Black Star Promos,Zapdos ex,49/102,518869,Zapdos ex - 049,SKIP_NAME_MISMATCH,0.67
pkm-scarlet-and-violet-black-star-promos-50-102-517ac10aa5,Scarlet and Violet Black Star Promos,Alakazam ex,50/102,518868,Alakazam ex - 050,SKIP_NAME_MISMATCH,0.67
pkm-scarlet-and-violet-black-star-promos-51-102-8901e0f979,Scarlet and Violet Black Star Promos,Snorlax,51/102,517175,Snorlax - 051,SKIP_NAME_MISMATCH,0.50
pkm-scarlet-and-violet-black-star-promos-51-102-8901e0f979,Scarlet and Violet Black Star Promos,Snorlax,51/102,517270,Snorlax - 051 (Pokemon Center Exclusive),SKIP_NAME_MISMATCH,0.20
pkm-scarlet-and-violet-black-star-promos-52-102-b350d3034a,Scarlet and Violet Black Star Promos,Mewtwo,52/102,518872,Mewtwo - 052,SKIP_NAME_MISMATCH,0.50
pkm-scarlet-and-violet-black-star-promos-53-102-039058d136,Scarlet and Violet Black Star Promos,Mew ex,53/102,518871,Mew ex - 053,SKIP_NAME_MISMATCH,0.67
pkm-scarlet-and-violet-black-star-promos-54-102-9a25692547,Scarlet and Violet Black Star Promos,Greninja ex,54/102,518878,Greninja ex - 054,SKIP_NAME_MISMATCH,0.67
pkm-scarlet-and-violet-black-star-promos-55-102-2f97246d23,Scarlet and Violet Black Star Promos,Kangaskhan ex,55/102,519482,Kangaskhan ex - 055,SKIP_NAME_MISMATCH,0.67
pkm-scarlet-and-violet-black-star-promos-56-102-e46162eb99,Scarlet and Violet Black Star Promos,Charizard ex,56/102,521697,Charizard ex - 056,SKIP_NAME_MISMATCH,0.67
pkm-scarlet-and-violet-black-star-promos-57-102-1badfb6ed7,Scarlet and Violet Black Star Promos,Chi-Yu,57/102,526574,Chi-Yu - 057 (Prerelease),SKIP_NAME_MISMATCH,0.67
pkm-scarlet-and-violet-black-star-promos-57-102-1badfb6ed7,Scarlet and Violet Black Star Promos,Chi-Yu,57/102,548552,Chi-Yu - 057 (Prerelease) [Staff],SKIP_NAME_MISMATCH,0.67
pkm-scarlet-and-violet-black-star-promos-58-102-7450b4afee,Scarlet and Violet Black Star Promos,Iron Bundle,58/102,,,NO_CANDIDATE,
pkm-scarlet-and-violet-black-star-promos-59-102-865f7f0e50,Scarlet and Violet Black Star Promos,Xatu,59/102,526590,Xatu - 059 (Prerelease),SKIP_NAME_MISMATCH,0.50
pkm-scarlet-and-violet-black-star-promos-59-102-865f7f0e50,Scarlet and Violet Black Star Promos,Xatu,59/102,548554,Xatu - 059 (Prerelease) [Staff],SKIP_NAME_MISMATCH,0.50
pkm-scarlet-and-violet-black-star-promos-60-102-f5d4f2b50d,Scarlet and Violet Black Star Promos,Aegislash,60/102,526610,Aegislash - 060 (Prerelease),SKIP_NAME_MISMATCH,0.50
pkm-scarlet-and-violet-black-star-promos-60-102-f5d4f2b50d,Scarlet and Violet Black Star Promos,Aegislash,60/102,548555,Aegislash - 060 (Prerelease) [Staff],SKIP_NAME_MISMATCH,0.50
pkm-scarlet-and-violet-black-star-promos-61-102-bdf411c783,Scarlet and Violet Black Star Promos,Pineco,61/102,526634,Pineco - 061,SKIP_NAME_MISMATCH,0.50
pkm-scarlet-and-violet-black-star-promos-62-102-7502f3d1b2,Scarlet and Violet Black Star Promos,Sinistea,62/102,526638,Sinistea - 062,SKIP_NAME_MISMATCH,0.50
pkm-scarlet-and-violet-black-star-promos-63-102-06fb57921c,Scarlet and Violet Black Star Promos,Cetitan,63/102,526640,Cetitan - 063,SKIP_NAME_MISMATCH,0.50
pkm-scarlet-and-violet-black-star-promos-63-102-06fb57921c,Scarlet and Violet Black Star Promos,Cetitan,63/102,561591,Cetitan - 063 (Cosmos Holo),SKIP_NAME_MISMATCH,0.50
pkm-scarlet-and-violet-black-star-promos-64-102-acf31d850b,Scarlet and Violet Black Star Promos,Arctibax,64/102,526646,Arctibax - 064,SKIP_NAME_MISMATCH,0.50
pkm-scarlet-and-violet-black-star-promos-64-102-acf31d850b,Scarlet and Violet Black Star Promos,Arctibax,64/102,561590,Arctibax - 064 (Cosmos Holo),SKIP_NAME_MISMATCH,0.50
pkm-scarlet-and-violet-black-star-promos-65-102-ea0fba9ac1,Scarlet and Violet Black Star Promos,Scream Tail,65/102,526649,Scream Tail - 065,SKIP_NAME_MISMATCH,0.67
pkm-scarlet-and-violet-black-star-promos-65-102-ea0fba9ac1,Scarlet and Violet Black Star Promos,Scream Tail,65/102,526655,Scream Tail - 065 (Pokemon Center Exclusive),SKIP_NAME_MISMATCH,0.33
pkm-scarlet-and-violet-black-star-promos-66-102-71ed111014,Scarlet and Violet Black Star Promos,Iron Bundle,66/102,,,NO_CANDIDATE,
pkm-scarlet-and-violet-black-star-promos-67-102-7f1f89c2b7,Scarlet and Violet Black Star Promos,Roaring Moon ex,67/102,527878,Roaring Moon ex - 067,SKIP_NAME_MISMATCH,0.75
pkm-scarlet-and-violet-black-star-promos-68-102-3041415c92,Scarlet and Violet Black Star Promos,Iron Valiant ex,68/102,527879,Iron Valiant ex - 068,SKIP_NAME_MISMATCH,0.75
pkm-scarlet-and-violet-black-star-promos-69-102-a2b1586783,Scarlet and Violet Black Star Promos,Fidough,69/102,536070,Fidough - 069,SKIP_NAME_MISMATCH,0.50
pkm-scarlet-and-violet-black-star-promos-70-102-5b6a28127b,Scarlet and Violet Black Star Promos,Greavard,70/102,536072,Greavard - 070,SKIP_NAME_MISMATCH,0.50
pkm-scarlet-and-violet-black-star-promos-71-102-eec04b625f,Scarlet and Violet Black Star Promos,Maschiff,71/102,536075,Maschiff - 071,SKIP_NAME_MISMATCH,0.50
pkm-scarlet-and-violet-black-star-promos-72-102-813a6cdc6d,Scarlet and Violet Black Star Promos,Great Tusk ex,72/102,538684,Great Tusk ex - 072,SKIP_NAME_MISMATCH,0.75
pkm-scarlet-and-violet-black-star-promos-73-102-4731a6a96e,Scarlet and Violet Black Star Promos,Iron Treads ex,73/102,538686,Iron Treads ex - 073,SKIP_NAME_MISMATCH,0.75
pkm-scarlet-and-violet-black-star-promos-74-102-2da441d0ff,Scarlet and Violet Black Star Promos,Charizard ex,74/102,538687,Charizard ex - 074,SKIP_NAME_MISMATCH,0.67
pkm-scarlet-and-violet-black-star-promos-75-102-158f9a333c,Scarlet and Violet Black Star Promos,Mimikyu,75/102,535952,Mimikyu - 075,SKIP_NAME_MISMATCH,0.50
pkm-scarlet-and-violet-black-star-promos-75-102-158f9a333c,Scarlet and Violet Black Star Promos,Mimikyu,75/102,535953,Mimikyu - 075 (Pokemon Center Exclusive),SKIP_NAME_MISMATCH,0.20
pkm-scarlet-and-violet-black-star-promos-76-102-969e867c04,Scarlet and Violet Black Star Promos,Sprigatito,76/102,537971,Sprigatito - 076,SKIP_NAME_MISMATCH,0.50
pkm-scarlet-and-violet-black-star-promos-77-102-ed5d63c4ac,Scarlet and Violet Black Star Promos,Floragato,77/102,537980,Floragato - 077,SKIP_NAME_MISMATCH,0.50
pkm-scarlet-and-violet-black-star-promos-78-102-87e6537c79,Scarlet and Violet Black Star Promos,Meowscarada ex,78/102,537978,Meowscarada ex - 078,SKIP_NAME_MISMATCH,0.67
pkm-scarlet-and-violet-black-star-promos-79-102-a7d25a9782,Scarlet and Violet Black Star Promos,Fuecoco,79/102,537818,Fuecoco - 079,SKIP_NAME_MISMATCH,0.50
pkm-scarlet-and-violet-black-star-promos-80-102-cf1fd58b85,Scarlet and Violet Black Star Promos,Crocalor,80/102,537981,Crocalor - 080,SKIP_NAME_MISMATCH,0.50
pkm-scarlet-and-violet-black-star-promos-81-102-d2a33cae1b,Scarlet and Violet Black Star Promos,Skeledirge ex,81/102,537975,Skeledirge ex - 081,SKIP_NAME_MISMATCH,0.67
pkm-scarlet-and-violet-black-star-promos-82-102-59722609de,Scarlet and Violet Black Star Promos,Quaxly,82/102,537974,Quaxly - 082,SKIP_NAME_MISMATCH,0.50
pkm-scarlet-and-violet-black-star-promos-83-102-740bc476ca,Scarlet and Violet Black Star Promos,Quaxwell,83/102,537972,Quaxwell - 083,SKIP_NAME_MISMATCH,0.50
pkm-scarlet-and-violet-black-star-promos-84-102-b472a89aa3,Scarlet and Violet Black Star Promos,Quaquaval ex,84/102,537973,Quaquaval ex - 084,SKIP_NAME_MISMATCH,0.67
pkm-scarlet-and-violet-black-star-promos-85-102-594cca92af,Scarlet and Violet Black Star Promos,Pikachu with Grey Felt Hat,85/102,518861,Pikachu with Grey Felt Hat,LINKED,1.00
pkm-scarlet-and-violet-black-star-promos-86-102-f48f6b2081,Scarlet and Violet Black Star Promos,Mabosstiff ex,86/102,542255,Mabosstiff ex - 086,SKIP_NAME_MISMATCH,0.67
pkm-scarlet-and-violet-black-star-promos-87-102-27727a8aee,Scarlet and Violet Black Star Promos,Sprigatito ex,87/102,542468,Sprigatito ex - 087,SKIP_NAME_MISMATCH,0.67
pkm-scarlet-and-violet-black-star-promos-88-102-8720e747e1,Scarlet and Violet Black Star Promos,Pikachu,88/102,542481,Pikachu - 088,SKIP_NAME_MISMATCH,0.50
pkm-scarlet-and-violet-black-star-promos-89-102-c9b0812bcd,Scarlet and Violet Black Star Promos,Feraligatr,89/102,543950,Feraligatr - 089 (Prerelease),SKIP_NAME_MISMATCH,0.50
pkm-scarlet-and-violet-black-star-promos-89-102-c9b0812bcd,Scarlet and Violet Black Star Promos,Feraligatr,89/102,548310,Feraligatr - 089 (Prerelease) [Staff],SKIP_NAME_MISMATCH,0.50
pkm-scarlet-and-violet-black-star-promos-90-102-adbc53dd51,Scarlet and Violet Black Star Promos,Metang,90/102,543951,Metang - 090 (Prerelease),SKIP_NAME_MISMATCH,0.50
pkm-scarlet-and-violet-black-star-promos-90-102-adbc53dd51,Scarlet and Violet Black Star Promos,Metang,90/102,548311,Metang - 090 (Prerelease) [Staff],SKIP_NAME_MISMATCH,0.50
pkm-scarlet-and-violet-black-star-promos-91-102-b6555687c1,Scarlet and Violet Black Star Promos,Koraidon,91/102,543952,Koraidon - 091 (Prerelease),SKIP_NAME_MISMATCH,0.50
pkm-scarlet-and-violet-black-star-promos-91-102-b6555687c1,Scarlet and Violet Black Star Promos,Koraidon,91/102,548308,Koraidon - 091 (Prerelease) [Staff],SKIP_NAME_MISMATCH,0.50
pkm-scarlet-and-violet-black-star-promos-92-102-bb8d086185,Scarlet and Violet Black Star Promos,Miraidon,92/102,543953,Miraidon - 092 (Prerelease),SKIP_NAME_MISMATCH,0.50
pkm-scarlet-and-violet-black-star-promos-92-102-bb8d086185,Scarlet and Violet Black Star Promos,Miraidon,92/102,548309,Miraidon - 092 (Prerelease) [Staff],SKIP_NAME_MISMATCH,0.50
pkm-scarlet-and-violet-black-star-promos-93-102-222146b8b1,Scarlet and Violet Black Star Promos,Carvanha,93/102,544183,Carvanha - 093,SKIP_NAME_MISMATCH,0.50
pkm-scarlet-and-violet-black-star-promos-94-102-c9555ad2b3,Scarlet and Violet Black Star Promos,Bellibolt,94/102,544194,Bellibolt - 094,SKIP_NAME_MISMATCH,0.50
pkm-scarlet-and-violet-black-star-promos-95-102-80ae50e6b9,Scarlet and Violet Black Star Promos,Cleffa,95/102,544201,Cleffa - 095,SKIP_NAME_MISMATCH,0.50
pkm-scarlet-and-violet-black-star-promos-96-102-63cc34824a,Scarlet and Violet Black Star Promos,Cyclizar,96/102,544214,Cyclizar - 096,SKIP_NAME_MISMATCH,0.50
pkm-scarlet-and-violet-black-star-promos-97-102-f84976e01e,Scarlet and Violet Black Star Promos,Flutter Mane,97/102,543946,Flutter Mane - 097,SKIP_NAME_MISMATCH,0.67
pkm-scarlet-and-violet-black-star-promos-97-102-f84976e01e,Scarlet and Violet Black Star Promos,Flutter Mane,97/102,543947,Flutter Mane - 097 (Pokemon Center),SKIP_NAME_MISMATCH,0.40
pkm-scarlet-and-violet-black-star-promos-98-102-79e11448cd,Scarlet and Violet Black Star Promos,Iron Thorns,98/102,543948,Iron Thorns - 098,SKIP_NAME_MISMATCH,0.67
pkm-scarlet-and-violet-black-star-promos-98-102-79e11448cd,Scarlet and Violet Black Star Promos,Iron Thorns,98/102,543949,Iron Thorns - 098 (Pokemon Center),SKIP_NAME_MISMATCH,0.40
pkm-scarlet-and-violet-black-star-promos-99-102-bddfdeec0f,Scarlet and Violet Black Star Promos,Shroodle,99/102,546450,Shroodle - 099,SKIP_NAME_MISMATCH,0.50
pkm-scarlet-and-violet-black-star-promos-100-102-12c5212164,Scarlet and Violet Black Star Promos,Grafaiai ex,100/102,546448,Grafaiai ex - 100,SKIP_NAME_MISMATCH,0.67
pkm-scarlet-and-violet-black-star-promos-101-102-8aa0eeb692,Scarlet and Violet Black Star Promos,Pikachu,101/102,528365,Pikachu - 101,SKIP_NAME_MISMATCH,0.50
pkm-scarlet-and-violet-black-star-promos-101-102-8aa0eeb692,Scarlet and Violet Black Star Promos,Pikachu,101/102,681225,Pikachu (Asia Championship Series 23-24),SKIP_NAME_MISMATCH,0.17
pkm-scarlet-and-violet-black-star-promos-102-102-c7b7305213,Scarlet and Violet Black Star Promos,Oddish,102/102,525293,Oddish - 102,SKIP_NAME_MISMATCH,0.50
pkm-scarlet-and-violet-black-star-promos-103-102-b18f264c0c,Scarlet and Violet Black Star Promos,Houndoom ex,103/102,546754,Houndoom ex - 103,SKIP_NAME_MISMATCH,0.67
pkm-scarlet-and-violet-black-star-promos-104-102-e59580e56b,Scarlet and Violet Black Star Promos,Melmetal ex,104/102,546755,Melmetal ex - 104,SKIP_NAME_MISMATCH,0.67
pkm-scarlet-and-violet-black-star-promos-105-102-0a1e459a80,Scarlet and Violet Black Star Promos,Armarouge ex,105/102,,,NO_CANDIDATE,
pkm-scarlet-and-violet-black-star-promos-106-102-850e4678f3,Scarlet and Violet Black Star Promos,Pikachu ex,106/102,,,NO_CANDIDATE,
pkm-scarlet-and-violet-black-star-promos-107-102-754abe212f,Scarlet and Violet Black Star Promos,Mareep,107/102,,,NO_CANDIDATE,
pkm-scarlet-and-violet-black-star-promos-108-102-96f8935798,Scarlet and Violet Black Star Promos,Flaaffy,108/102,,,NO_CANDIDATE,
pkm-scarlet-and-violet-black-star-promos-109-102-4dc20b396d,Scarlet and Violet Black Star Promos,Ampharos,109/102,,,NO_CANDIDATE,
pkm-scarlet-and-violet-black-star-promos-110-102-c52c1f982d,Scarlet and Violet Black Star Promos,Darkrai ex,110/102,,,NO_CANDIDATE,
pkm-scarlet-and-violet-black-star-promos-111-102-0639b81ac6,Scarlet and Violet Black Star Promos,Pawniard,111/102,,,NO_CANDIDATE,
pkm-scarlet-and-violet-black-star-promos-112-102-a82e874ca9,Scarlet and Violet Black Star Promos,Bisharp,112/102,,,NO_CANDIDATE,
pkm-scarlet-and-violet-black-star-promos-113-102-602a0ea8e0,Scarlet and Violet Black Star Promos,Kingambit,113/102,,,NO_CANDIDATE,
pkm-scarlet-and-violet-black-star-promos-114-102-a88dd9f2ce,Scarlet and Violet Black Star Promos,Picnicker,114/102,551687,Picnicker - 114,SKIP_NAME_MISMATCH,0.50
pkm-scarlet-and-violet-black-star-promos-115-102-7055a9ba95,Scarlet and Violet Black Star Promos,Thwackey,115/102,551688,Thwackey - 115,SKIP_NAME_MISMATCH,0.50
pkm-scarlet-and-violet-black-star-promos-115-102-7055a9ba95,Scarlet and Violet Black Star Promos,Thwackey,115/102,563315,Thwackey - 115 (Prerelease) [Staff],SKIP_NAME_MISMATCH,0.50
pkm-scarlet-and-violet-black-star-promos-116-102-ec7fbcf699,Scarlet and Violet Black Star Promos,Infernape,116/102,551689,Infernape - 116,SKIP_NAME_MISMATCH,0.50
pkm-scarlet-and-violet-black-star-promos-116-102-ec7fbcf699,Scarlet and Violet Black Star Promos,Infernape,116/102,563316,Infernape - 116 (Prerelease) [Staff],SKIP_NAME_MISMATCH,0.50
pkm-scarlet-and-violet-black-star-promos-116-102-ec7fbcf699,Scarlet and Violet Black Star Promos,Infernape,116/102,678764,Rockruff - 116/193 (Cosmos Holo),SKIP_NAME_MISMATCH,0.00
pkm-scarlet-and-violet-black-star-promos-117-102-3096e60505,Scarlet and Violet Black Star Promos,Froslass,117/102,551691,Froslass - 117,SKIP_NAME_MISMATCH,0.50
pkm-scarlet-and-violet-black-star-promos-117-102-3096e60505,Scarlet and Violet Black Star Promos,Froslass,117/102,563317,Froslass - 117 (Prerelease) [Staff],SKIP_NAME_MISMATCH,0.50
pkm-scarlet-and-violet-black-star-promos-118-102-ed91b40c48,Scarlet and Violet Black Star Promos,Tatsugiri,118/102,551692,Tatsugiri - 118,SKIP_NAME_MISMATCH,0.50
pkm-scarlet-and-violet-black-star-promos-118-102-ed91b40c48,Scarlet and Violet Black Star Promos,Tatsugiri,118/102,563318,Tatsugiri - 118 (Prerelease) [Staff],SKIP_NAME_MISMATCH,0.50
pkm-scarlet-and-violet-black-star-promos-119-102-96ca032e9d,Scarlet and Violet Black Star Promos,Toxel,119/102,554293,Toxel - 119,SKIP_NAME_MISMATCH,0.50
pkm-scarlet-and-violet-black-star-promos-120-102-dd54bd7723,Scarlet and Violet Black Star Promos,Pupitar,120/102,554189,Pupitar - 120,SKIP_NAME_MISMATCH,0.50
pkm-scarlet-and-violet-black-star-promos-121-102-ff4f2fcfe8,Scarlet and Violet Black Star Promos,Revavroom,121/102,554296,Revavroom - 121,SKIP_NAME_MISMATCH,0.50
pkm-scarlet-and-violet-black-star-promos-121-102-ff4f2fcfe8,Scarlet and Violet Black Star Promos,Revavroom,121/102,560618,Revavroom - 121 (Cosmos Holo),SKIP_NAME_MISMATCH,0.50
pkm-scarlet-and-violet-black-star-promos-122-102-d1c84b4135,Scarlet and Violet Black Star Promos,Snorlax,122/102,554297,Snorlax - 122,SKIP_NAME_MISMATCH,0.50
pkm-scarlet-and-violet-black-star-promos-123-102-4506e959f7,Scarlet and Violet Black Star Promos,Teal Mask Ogerpon,123/102,552785,Teal Mask Ogerpon - 123,SKIP_NAME_MISMATCH,0.75
pkm-scarlet-and-violet-black-star-promos-123-102-4506e959f7,Scarlet and Violet Black Star Promos,Teal Mask Ogerpon,123/102,552786,Teal Mask Ogerpon - 123 (Pokemon Center Exclusive),SKIP_NAME_MISMATCH,0.43
pkm-scarlet-and-violet-black-star-promos-124-102-9255799f60,Scarlet and Violet Black Star Promos,Iono,124/102,545661,Iono - 124,SKIP_NAME_MISMATCH,0.50
pkm-scarlet-and-violet-black-star-promos-125-102-cc84185b48,Scarlet and Violet Black Star Promos,Armarouge ex,125/102,547653,Armarouge ex - 125,SKIP_NAME_MISMATCH,0.67
pkm-scarlet-and-violet-black-star-promos-126-102-0e41289495,Scarlet and Violet Black Star Promos,Palafin ex,126/102,556449,Palafin ex - 126,SKIP_NAME_MISMATCH,0.67
pkm-scarlet-and-violet-black-star-promos-127-102-a2831055f9,Scarlet and Violet Black Star Promos,Walking Wake ex,127/102,554298,Walking Wake ex - 127,SKIP_NAME_MISMATCH,0.75
pkm-scarlet-and-violet-black-star-promos-128-102-b65739dacd,Scarlet and Violet Black Star Promos,Iron Leaves ex,128/102,554299,Iron Leaves ex - 128,SKIP_NAME_MISMATCH,0.75
pkm-scarlet-and-violet-black-star-promos-129-102-d346cb7441,Scarlet and Violet Black Star Promos,Pecharunt,129/102,564137,Pecharunt - 129,SKIP_NAME_MISMATCH,0.50
pkm-scarlet-and-violet-black-star-promos-129-102-d346cb7441,Scarlet and Violet Black Star Promos,Pecharunt,129/102,573720,Pecharunt - 129 (Pokemon Center Exclusive),SKIP_NAME_MISMATCH,0.20
pkm-scarlet-and-violet-black-star-promos-130-102-976d6a22bf,Scarlet and Violet Black Star Promos,Kingambit,130/102,562087,Kingambit - 130,SKIP_NAME_MISMATCH,0.50
pkm-scarlet-and-violet-black-star-promos-131-102-2becb3b664,Scarlet and Violet Black Star Promos,Kingdra ex,131/102,562019,Kingdra ex - 131,SKIP_NAME_MISMATCH,0.67
pkm-scarlet-and-violet-black-star-promos-132-102-24bac2b5b1,Scarlet and Violet Black Star Promos,Greninja ex,132/102,562018,Greninja ex - 132,SKIP_NAME_MISMATCH,0.67
pkm-scarlet-and-violet-black-star-promos-133-102-b9b6236f4c,Scarlet and Violet Black Star Promos,Ledian,133/102,576970,Ledian - 133,SKIP_NAME_MISMATCH,0.50
pkm-scarlet-and-violet-black-star-promos-133-102-b9b6236f4c,Scarlet and Violet Black Star Promos,Ledian,133/102,580334,Ledian - 133 (Prerelease) [Staff],SKIP_NAME_MISMATCH,0.50
pkm-scarlet-and-violet-black-star-promos-134-102-8269981207,Scarlet and Violet Black Star Promos,Crabominable,134/102,576972,Crabominable - 134,SKIP_NAME_MISMATCH,0.50
pkm-scarlet-and-violet-black-star-promos-134-102-8269981207,Scarlet and Violet Black Star Promos,Crabominable,134/102,580335,Crabominable - 134 (Prerelease) [Staff],SKIP_NAME_MISMATCH,0.50
pkm-scarlet-and-violet-black-star-promos-135-102-7ecde6d465,Scarlet and Violet Black Star Promos,Drifblim,135/102,576974,Drifblim - 135,SKIP_NAME_MISMATCH,0.50
pkm-scarlet-and-violet-black-star-promos-135-102-7ecde6d465,Scarlet and Violet Black Star Promos,Drifblim,135/102,580336,Drifblim - 135 (Prerelease) [Staff],SKIP_NAME_MISMATCH,0.50
pkm-scarlet-and-violet-black-star-promos-136-102-64c9c1887e,Scarlet and Violet Black Star Promos,Bouffalant,136/102,576976,Bouffalant - 136,SKIP_NAME_MISMATCH,0.50
pkm-scarlet-and-violet-black-star-promos-136-102-64c9c1887e,Scarlet and Violet Black Star Promos,Bouffalant,136/102,580337,Bouffalant - 136 (Prerelease) [Staff],SKIP_NAME_MISMATCH,0.50
pkm-scarlet-and-violet-black-star-promos-137-102-a337e42dfa,Scarlet and Violet Black Star Promos,Horsea,137/102,585578,Horsea - 137 (Cosmo Holo),SKIP_NAME_MISMATCH,0.25
pkm-scarlet-and-violet-black-star-promos-138-102-5e2983d139,Scarlet and Violet Black Star Promos,Porygon2,138/102,585577,Porygon2 - 138 (Cosmos Holo),SKIP_NAME_MISMATCH,0.50
pkm-scarlet-and-violet-black-star-promos-139-102-6245e45d77,Scarlet and Violet Black Star Promos,Latias,139/102,585579,Latias - 139 (Cosmo Holo),SKIP_NAME_MISMATCH,0.25
pkm-scarlet-and-violet-black-star-promos-140-102-bc2b3ac246,Scarlet and Violet Black Star Promos,Tinkaton,140/102,,,NO_CANDIDATE,
pkm-scarlet-and-violet-black-star-promos-141-102-c0f5de7302,Scarlet and Violet Black Star Promos,Noctowl,141/102,578811,Noctowl - 141,SKIP_NAME_MISMATCH,0.50
pkm-scarlet-and-violet-black-star-promos-141-102-c0f5de7302,Scarlet and Violet Black Star Promos,Noctowl,141/102,578812,Noctowl - 141 (Pokemon Center Exclusive),SKIP_NAME_MISMATCH,0.20
pkm-scarlet-and-violet-black-star-promos-142-102-f668bce565,Scarlet and Violet Black Star Promos,Victini ex,142/102,,,NO_CANDIDATE,
pkm-scarlet-and-violet-black-star-promos-143-102-7fd3dc07e3,Scarlet and Violet Black Star Promos,Miraidon ex,143/102,593277,Miraidon ex - 143,SKIP_NAME_MISMATCH,0.67
pkm-scarlet-and-violet-black-star-promos-144-102-b59774fde6,Scarlet and Violet Black Star Promos,Gouging Fire ex,144/102,579993,Gouging Fire ex - 144,SKIP_NAME_MISMATCH,0.75
pkm-scarlet-and-violet-black-star-promos-145-102-268c46f847,Scarlet and Violet Black Star Promos,Raging Bolt ex,145/102,583850,Raging Bolt ex - 145,SKIP_NAME_MISMATCH,0.75
pkm-scarlet-and-violet-black-star-promos-146-102-a9750cd5aa,Scarlet and Violet Black Star Promos,Iron Crown ex,146/102,579992,Iron Crown ex - 146,SKIP_NAME_MISMATCH,0.75
pkm-scarlet-and-violet-black-star-promos-147-102-b282cdbfbf,Scarlet and Violet Black Star Promos,Iron Boulder ex,147/102,583851,Iron Boulder ex - 147,SKIP_NAME_MISMATCH,0.75
pkm-scarlet-and-violet-black-star-promos-148-102-60c05f469a,Scarlet and Violet Black Star Promos,Miraidon,148/102,593282,Miraidon - 148,SKIP_NAME_MISMATCH,0.50
pkm-scarlet-and-violet-black-star-promos-149-102-f45e3eb4a9,Scarlet and Violet Black Star Promos,Pecharunt,149/102,562025,Pecharunt - 149,SKIP_NAME_MISMATCH,0.50
pkm-scarlet-and-violet-black-star-promos-150-102-2e07202f0f,Scarlet and Violet Black Star Promos,Paradise Resort,150/102,578146,Paradise Resort - 150 (World Championships 2024),SKIP_NAME_MISMATCH,0.33
pkm-scarlet-and-violet-black-star-promos-150-102-2e07202f0f,Scarlet and Violet Black Star Promos,Paradise Resort,150/102,583726,Paradise Resort - 150 (World Championships 2024) [Staff],SKIP_NAME_MISMATCH,0.33
pkm-scarlet-and-violet-black-star-promos-151-102-99d96a23da,Scarlet and Violet Black Star Promos,Gouging Fire,151/102,594382,Gouging Fire - 151,SKIP_NAME_MISMATCH,0.67
pkm-scarlet-and-violet-black-star-promos-151-102-99d96a23da,Scarlet and Violet Black Star Promos,Gouging Fire,151/102,607013,Gouging Fire - 151 (Staff),SKIP_NAME_MISMATCH,0.67
pkm-scarlet-and-violet-black-star-promos-152-102-6c85839e11,Scarlet and Violet Black Star Promos,Chien-Pao,152/102,594383,Chien-Pao - 152,SKIP_NAME_MISMATCH,0.67
pkm-scarlet-and-violet-black-star-promos-152-102-6c85839e11,Scarlet and Violet Black Star Promos,Chien-Pao,152/102,607014,Chien-Pao - 152 (Staff),SKIP_NAME_MISMATCH,0.67
pkm-scarlet-and-violet-black-star-promos-153-102-2627941637,Scarlet and Violet Black Star Promos,Magneton,153/102,594385,Magneton - 153,SKIP_NAME_MISMATCH,0.50
pkm-scarlet-and-violet-black-star-promos-153-102-2627941637,Scarlet and Violet Black Star Promos,Magneton,153/102,607015,Magneton - 153 (Staff),SKIP_NAME_MISMATCH,0.50
pkm-scarlet-and-violet-black-star-promos-154-102-9e8ee4c990,Scarlet and Violet Black Star Promos,Indeedee,154/102,594388,Indeedee - 154,SKIP_NAME_MISMATCH,0.50
pkm-scarlet-and-violet-black-star-promos-154-102-9e8ee4c990,Scarlet and Violet Black Star Promos,Indeedee,154/102,607016,Indeedee - 154 (Staff),SKIP_NAME_MISMATCH,0.50
pkm-scarlet-and-violet-black-star-promos-155-102-1ac07a5028,Scarlet and Violet Black Star Promos,Wooper,155/102,594389,Wooper - 155,SKIP_NAME_MISMATCH,0.50
pkm-scarlet-and-violet-black-star-promos-156-102-41b6497605,Scarlet and Violet Black Star Promos,Quagsire,156/102,594403,Quagsire - 156,SKIP_NAME_MISMATCH,0.50
pkm-scarlet-and-violet-black-star-promos-157-102-72dae6a3a3,Scarlet and Violet Black Star Promos,Zapdos,157/102,594405,Zapdos - 157,SKIP_NAME_MISMATCH,0.50
pkm-scarlet-and-violet-black-star-promos-158-102-c68afa6108,Scarlet and Violet Black Star Promos,Pachirisu,158/102,594410,Pachirisu - 158,SKIP_NAME_MISMATCH,0.50
pkm-scarlet-and-violet-black-star-promos-159-102-a8524b738a,Scarlet and Violet Black Star Promos,Magneton,159/102,594386,Magneton - 159,SKIP_NAME_MISMATCH,0.50
pkm-scarlet-and-violet-black-star-promos-159-102-a8524b738a,Scarlet and Violet Black Star Promos,Magneton,159/102,594468,Magneton - 159 (Pokémon Center Exclusive),SKIP_NAME_MISMATCH,0.20
pkm-scarlet-and-violet-black-star-promos-160-102-64cb34b700,Scarlet and Violet Black Star Promos,Squawkabilly ex,160/102,587945,Squawkabilly ex - 160,SKIP_NAME_MISMATCH,0.67
pkm-scarlet-and-violet-black-star-promos-161-102-29ee939251,Scarlet and Violet Black Star Promos,Charizard ex,161/102,586831,Charizard ex - 161,SKIP_NAME_MISMATCH,0.67
pkm-scarlet-and-violet-black-star-promos-162-102-9155899b30,Scarlet and Violet Black Star Promos,Houndstone ex,162/102,591023,Houndstone ex,LINKED,1.00
pkm-scarlet-and-violet-black-star-promos-163-102-a3f1d6c1ce,Scarlet and Violet Black Star Promos,Cinderace ex,163/102,596420,Cinderace ex - 163,SKIP_NAME_MISMATCH,0.67
pkm-scarlet-and-violet-black-star-promos-164-102-ce5196119a,Scarlet and Violet Black Star Promos,Lapras ex,164/102,596421,Lapras ex - 164,SKIP_NAME_MISMATCH,0.67
pkm-scarlet-and-violet-black-star-promos-165-102-3791ccfd55,Scarlet and Violet Black Star Promos,Terapagos ex,165/102,596422,Terapagos ex - 165,SKIP_NAME_MISMATCH,0.67
pkm-scarlet-and-violet-1-198-751d9a1c0d,Scarlet and Violet,Pineco,1/198,487828,Pineco,LINKED,1.00
pkm-scarlet-and-violet-2-198-d8992151f2,Scarlet and Violet,Heracross,2/198,487831,Heracross,LINKED,1.00
pkm-scarlet-and-violet-3-198-b0d1c80b1e,Scarlet and Violet,Shroomish,3/198,487832,Shroomish,LINKED,1.00
pkm-scarlet-and-violet-4-198-e1da7f32c3,Scarlet and Violet,Breloom,4/198,487833,Breloom,LINKED,1.00
pkm-scarlet-and-violet-5-198-42fbbbf19f,Scarlet and Violet,Cacnea,5/198,487834,Cacnea - 005/198,SKIP_NAME_MISMATCH,0.33
pkm-scarlet-and-violet-6-198-1c7266744e,Scarlet and Violet,Cacturne,6/198,487836,Cacturne - 006/198,SKIP_NAME_MISMATCH,0.33
pkm-scarlet-and-violet-7-198-045c5c7e35,Scarlet and Violet,Tropius,7/198,487838,Tropius,LINKED,1.00
pkm-scarlet-and-violet-8-198-38df92c394,Scarlet and Violet,Scatterbug,8/198,487839,Scatterbug,LINKED,1.00
pkm-scarlet-and-violet-9-198-8cabc3b47a,Scarlet and Violet,Spewpa,9/198,487840,Spewpa,LINKED,1.00
pkm-scarlet-and-violet-10-198-ac2641d55f,Scarlet and Violet,Vivillon,10/198,487842,Vivillon,LINKED,1.00
pkm-scarlet-and-violet-11-198-e0e9719c10,Scarlet and Violet,Skiddo,11/198,487053,Skiddo,LINKED,1.00
pkm-scarlet-and-violet-12-198-463d716653,Scarlet and Violet,Gogoat,12/198,487843,Gogoat,LINKED,1.00
pkm-scarlet-and-violet-13-198-72e8dd4cb5,Scarlet and Violet,Sprigatito,13/198,475417,Sprigatito,LINKED,1.00
pkm-scarlet-and-violet-14-198-2b8476feff,Scarlet and Violet,Floragato,14/198,487846,Floragato,LINKED,1.00
pkm-scarlet-and-violet-15-198-73b1947d0e,Scarlet and Violet,Meowscarada,15/198,487848,Meowscarada - 015/198,SKIP_NAME_MISMATCH,0.33
pkm-scarlet-and-violet-16-198-ae1f9dd418,Scarlet and Violet,Tarountula,16/198,487851,Tarountula - 016/198,SKIP_NAME_MISMATCH,0.33
pkm-scarlet-and-violet-17-198-facb05962a,Scarlet and Violet,Tarountula,17/198,487854,Tarountula - 017/198,SKIP_NAME_MISMATCH,0.33
pkm-scarlet-and-violet-18-198-28bfe3525b,Scarlet and Violet,Tarountula,18/198,487855,Tarountula - 018/198,SKIP_NAME_MISMATCH,0.33
pkm-scarlet-and-violet-19-198-ee2a9ed24d,Scarlet and Violet,Spidops ex,19/198,487856,Spidops ex - 019/198,SKIP_NAME_MISMATCH,0.50
pkm-scarlet-and-violet-20-198-a337aef13b,Scarlet and Violet,Smoliv,20/198,487857,Smoliv - 020/198,SKIP_NAME_MISMATCH,0.33
pkm-scarlet-and-violet-21-198-387fd1175d,Scarlet and Violet,Smoliv,21/198,487858,Smoliv - 021/198,SKIP_NAME_MISMATCH,0.33
pkm-scarlet-and-violet-22-198-6df3b60226,Scarlet and Violet,Dolliv,22/198,487859,Dolliv - 022/198,SKIP_NAME_MISMATCH,0.33
pkm-scarlet-and-violet-23-198-00c71de87d,Scarlet and Violet,Arboliva,23/198,487860,Arboliva,LINKED,1.00
pkm-scarlet-and-violet-24-198-436f716ce4,Scarlet and Violet,Toedscool,24/198,487861,Toedscool - 024/198,SKIP_NAME_MISMATCH,0.33
pkm-scarlet-and-violet-25-198-d1f981583e,Scarlet and Violet,Toedscool,25/198,487862,Toedscool - 025/198,SKIP_NAME_MISMATCH,0.33
pkm-scarlet-and-violet-26-198-36a81afb9d,Scarlet and Violet,Toedscruel,26/198,487864,Toedscruel,LINKED,1.00
pkm-scarlet-and-violet-27-198-9082b359b7,Scarlet and Violet,Capsakid,27/198,487866,Capsakid - 027/198,SKIP_NAME_MISMATCH,0.33
pkm-scarlet-and-violet-28-198-a33ecca66b,Scarlet and Violet,Capsakid,28/198,487867,Capsakid - 028/198,SKIP_NAME_MISMATCH,0.33
pkm-scarlet-and-violet-29-198-6b435bc678,Scarlet and Violet,Scovillain,29/198,487868,Scovillain - 029/198,SKIP_NAME_MISMATCH,0.33
pkm-scarlet-and-violet-30-198-97875dc4ab,Scarlet and Violet,Growlithe,30/198,487869,Growlithe - 030/198,SKIP_NAME_MISMATCH,0.33
pkm-scarlet-and-violet-31-198-c887a825e0,Scarlet and Violet,Growlithe,31/198,487870,Growlithe - 031/198,SKIP_NAME_MISMATCH,0.33
pkm-scarlet-and-violet-32-198-5f8329fdb5,Scarlet and Violet,Arcanine ex,32/198,487872,Arcanine ex - 032/198,SKIP_NAME_MISMATCH,0.50
pkm-scarlet-and-violet-33-198-94c0d449c2,Scarlet and Violet,Houndour,33/198,487873,Houndour - 033/198,SKIP_NAME_MISMATCH,0.33
pkm-scarlet-and-violet-34-198-25d6629e99,Scarlet and Violet,Houndoom,34/198,487874,Houndoom - 034/198,SKIP_NAME_MISMATCH,0.33
pkm-scarlet-and-violet-35-198-90b7492117,Scarlet and Violet,Torkoal,35/198,487875,Torkoal,LINKED,1.00
pkm-scarlet-and-violet-36-198-38c54ff585,Scarlet and Violet,Fuecoco,36/198,475418,Fuecoco,LINKED,1.00
pkm-scarlet-and-violet-37-198-549e0b9673,Scarlet and Violet,Crocalor,37/198,487877,Crocalor,LINKED,1.00
pkm-scarlet-and-violet-38-198-ca640074c5,Scarlet and Violet,Skeledirge,38/198,487879,Skeledirge,LINKED,1.00
pkm-scarlet-and-violet-39-198-b76a5c34c1,Scarlet and Violet,Charcadet,39/198,487881,Charcadet - 039/198,SKIP_NAME_MISMATCH,0.33
pkm-scarlet-and-violet-40-198-ddcbf9907a,Scarlet and Violet,Charcadet,40/198,487882,Charcadet - 040/198,SKIP_NAME_MISMATCH,0.33
pkm-scarlet-and-violet-41-198-184d8d83f3,Scarlet and Violet,Armarouge,41/198,487883,Armarouge - 041/198,SKIP_NAME_MISMATCH,0.33
pkm-scarlet-and-violet-42-198-e1628e1f2c,Scarlet and Violet,Slowpoke,42/198,487885,Slowpoke - 042/198,SKIP_NAME_MISMATCH,0.33
pkm-scarlet-and-violet-43-198-b82c422008,Scarlet and Violet,Slowbro,43/198,487887,Slowbro,LINKED,1.00
pkm-scarlet-and-violet-44-198-77e6d3eda9,Scarlet and Violet,Magikarp,44/198,487888,Magikarp,LINKED,1.00
pkm-scarlet-and-violet-45-198-d425a8a669,Scarlet and Violet,Gyarados ex,45/198,487889,Gyarados ex - 045/198,SKIP_NAME_MISMATCH,0.50
pkm-scarlet-and-violet-46-198-c4070edd04,Scarlet and Violet,Buizel,46/198,487891,Buizel,LINKED,1.00
pkm-scarlet-and-violet-47-198-b68e156918,Scarlet and Violet,Floatzel,47/198,487893,Floatzel,LINKED,1.00
pkm-scarlet-and-violet-48-198-c0246002e7,Scarlet and Violet,Alomomola,48/198,487894,Alomomola,LINKED,1.00
pkm-scarlet-and-violet-49-198-e789214336,Scarlet and Violet,Clauncher,49/198,487895,Clauncher - 049/198,SKIP_NAME_MISMATCH,0.33
pkm-scarlet-and-violet-50-198-fa45a9f88c,Scarlet and Violet,Clawitzer,50/198,487897,Clawitzer,LINKED,1.00
pkm-scarlet-and-violet-51-198-1b2f996ba6,Scarlet and Violet,Bruxish,51/198,487898,Bruxish,LINKED,1.00
pkm-scarlet-and-violet-52-198-102811a683,Scarlet and Violet,Quaxly,52/198,475419,Quaxly,LINKED,1.00
pkm-scarlet-and-violet-53-198-bb16d558c2,Scarlet and Violet,Quaxwell,53/198,487899,Quaxwell,LINKED,1.00
pkm-scarlet-and-violet-54-198-ac680fbd1d,Scarlet and Violet,Quaquaval,54/198,487902,Quaquaval,LINKED,1.00
pkm-scarlet-and-violet-55-198-eb8e3c6a73,Scarlet and Violet,Wiglett,55/198,487903,Wiglett - 055/198,SKIP_NAME_MISMATCH,0.33
pkm-scarlet-and-violet-56-198-4bf6c234f5,Scarlet and Violet,Wiglett,56/198,487905,Wiglett - 056/198,SKIP_NAME_MISMATCH,0.33
pkm-scarlet-and-violet-57-198-71c296293a,Scarlet and Violet,Wugtrio,57/198,487906,Wugtrio,LINKED,1.00
pkm-scarlet-and-violet-58-198-76d1a69023,Scarlet and Violet,Cetoddle,58/198,487908,Cetoddle - 058/198,SKIP_NAME_MISMATCH,0.33
pkm-scarlet-and-violet-59-198-2f1bba16d6,Scarlet and Violet,Cetoddle,59/198,487910,Cetoddle - 059/198,SKIP_NAME_MISMATCH,0.33
pkm-scarlet-and-violet-60-198-3c59c095db,Scarlet and Violet,Cetitan,60/198,487912,Cetitan,LINKED,1.00
pkm-scarlet-and-violet-61-198-58f52b8b02,Scarlet and Violet,Dondozo,61/198,487913,Dondozo - 061/198,SKIP_NAME_MISMATCH,0.33
pkm-scarlet-and-violet-62-198-4b07756727,Scarlet and Violet,Tatsugiri,62/198,487914,Tatsugiri,LINKED,1.00
pkm-scarlet-and-violet-63-198-2878bd195d,Scarlet and Violet,Magnemite,63/198,487916,Magnemite,LINKED,1.00
pkm-scarlet-and-violet-64-198-3856fa32fb,Scarlet and Violet,Magneton,64/198,487917,Magneton,LINKED,1.00
pkm-scarlet-and-violet-65-198-74af81cd6f,Scarlet and Violet,Magnezone ex,65/198,486612,Magnezone ex - 065/198,SKIP_NAME_MISMATCH,0.50
pkm-scarlet-and-violet-66-198-48f85920c6,Scarlet and Violet,Mareep,66/198,487919,Mareep,LINKED,1.00
pkm-scarlet-and-violet-67-198-b126a20d06,Scarlet and Violet,Flaaffy,67/198,487920,Flaaffy,LINKED,1.00
pkm-scarlet-and-violet-68-198-eba1d188a2,Scarlet and Violet,Pachirisu,68/198,487922,Pachirisu - 068/198,SKIP_NAME_MISMATCH,0.33
pkm-scarlet-and-violet-69-198-2f8584eeac,Scarlet and Violet,Rotom,69/198,487923,Rotom - 069/198,SKIP_NAME_MISMATCH,0.33
pkm-scarlet-and-violet-70-198-b8422da5f6,Scarlet and Violet,Rotom,70/198,487924,Rotom - 070/198,SKIP_NAME_MISMATCH,0.33
pkm-scarlet-and-violet-71-198-6884d237ef,Scarlet and Violet,Toxel,71/198,487925,Toxel,LINKED,1.00
pkm-scarlet-and-violet-72-198-4fd0d7baf0,Scarlet and Violet,Toxtricity,72/198,487926,Toxtricity,LINKED,1.00
pkm-scarlet-and-violet-73-198-362c9585b6,Scarlet and Violet,Pawmi,73/198,487927,Pawmi - 073/198,SKIP_NAME_MISMATCH,0.33
pkm-scarlet-and-violet-74-198-71bf3ed4bb,Scarlet and Violet,Pawmi,74/198,487929,Pawmi - 074/198,SKIP_NAME_MISMATCH,0.33
pkm-scarlet-and-violet-75-198-a3f61137f2,Scarlet and Violet,Pawmo,75/198,487930,Pawmo,LINKED,1.00
pkm-scarlet-and-violet-76-198-aafe274454,Scarlet and Violet,Pawmot,76/198,487931,Pawmot - 076/198,SKIP_NAME_MISMATCH,0.33
pkm-scarlet-and-violet-77-198-276b5f5736,Scarlet and Violet,Wattrel,77/198,487932,Wattrel - 077/198,SKIP_NAME_MISMATCH,0.33
pkm-scarlet-and-violet-78-198-16e91a4227,Scarlet and Violet,Wattrel,78/198,487933,Wattrel - 078/198,SKIP_NAME_MISMATCH,0.33
pkm-scarlet-and-violet-79-198-f7a246ea9c,Scarlet and Violet,Kilowattrel,79/198,487935,Kilowattrel,LINKED,1.00
pkm-scarlet-and-violet-80-198-86b88f8c7d,Scarlet and Violet,Miraidon,80/198,487942,Miraidon,LINKED,1.00
pkm-scarlet-and-violet-81-198-9189adaa18,Scarlet and Violet,Miraidon ex,81/198,475420,Miraidon ex - 081/198,SKIP_NAME_MISMATCH,0.50
pkm-scarlet-and-violet-82-198-143d238b2a,Scarlet and Violet,Drowzee,82/198,487944,Drowzee - 082/198,SKIP_NAME_MISMATCH,0.33
pkm-scarlet-and-violet-83-198-338f835fc7,Scarlet and Violet,Hypno,83/198,487946,Hypno,LINKED,1.00
pkm-scarlet-and-violet-84-198-7fde06a065,Scarlet and Violet,Ralts,84/198,487948,Ralts - 084/198,SKIP_NAME_MISMATCH,0.33
pkm-scarlet-and-violet-85-198-dbddab9b66,Scarlet and Violet,Kirlia,85/198,487949,Kirlia - 085/198,SKIP_NAME_MISMATCH,0.33
pkm-scarlet-and-violet-86-198-b043864e5b,Scarlet and Violet,Gardevoir ex,86/198,487951,Gardevoir ex - 086/198,SKIP_NAME_MISMATCH,0.50
pkm-scarlet-and-violet-87-198-bc51c6a0a0,Scarlet and Violet,Shuppet,87/198,487952,Shuppet,LINKED,1.00
pkm-scarlet-and-violet-88-198-80d941a4e8,Scarlet and Violet,Banette ex,88/198,487954,Banette ex - 088/198,SKIP_NAME_MISMATCH,0.50
pkm-scarlet-and-violet-89-198-c7734e9f4b,Scarlet and Violet,Drifloon,89/198,487955,Drifloon,LINKED,1.00
pkm-scarlet-and-violet-90-198-e672fb0234,Scarlet and Violet,Drifblim,90/198,487956,Drifblim,LINKED,1.00
pkm-scarlet-and-violet-91-198-63aaa7cf6e,Scarlet and Violet,Flabébé,91/198,487958,Flabebe,SKIP_NAME_MISMATCH,0.00
pkm-scarlet-and-violet-92-198-14b280ba45,Scarlet and Violet,Floette,92/198,487959,Floette,LINKED,1.00
pkm-scarlet-and-violet-93-198-90f52d269e,Scarlet and Violet,Florges,93/198,487960,Florges,LINKED,1.00
pkm-scarlet-and-violet-94-198-8177b6ab18,Scarlet and Violet,Dedenne,94/198,487961,Dedenne - 094/198,SKIP_NAME_MISMATCH,0.33
pkm-scarlet-and-violet-95-198-4b293542ca,Scarlet and Violet,Dedenne,95/198,487054,Dedenne - 095/198,SKIP_NAME_MISMATCH,0.33
pkm-scarlet-and-violet-96-198-ec48279391,Scarlet and Violet,Klefki,96/198,486602,Klefki,LINKED,1.00
pkm-scarlet-and-violet-97-198-952f29535f,Scarlet and Violet,Fidough,97/198,487968,Fidough - 097/198,SKIP_NAME_MISMATCH,0.33
pkm-scarlet-and-violet-98-198-6c371a0359,Scarlet and Violet,Fidough,98/198,487969,Fidough - 098/198,SKIP_NAME_MISMATCH,0.33
pkm-scarlet-and-violet-99-198-94fda9d04a,Scarlet and Violet,Dachsbun,99/198,487971,Dachsbun,LINKED,1.00
pkm-scarlet-and-violet-100-198-5a69d21d42,Scarlet and Violet,Flittle,100/198,487973,Flittle - 100/198,SKIP_NAME_MISMATCH,0.33
pkm-scarlet-and-violet-101-198-8a182e30f7,Scarlet and Violet,Flittle,101/198,487975,Flittle - 101/198,SKIP_NAME_MISMATCH,0.33
pkm-scarlet-and-violet-102-198-b6734fe138,Scarlet and Violet,Flittle,102/198,487976,Flittle - 102/198,SKIP_NAME_MISMATCH,0.33
pkm-scarlet-and-violet-103-198-92082fc030,Scarlet and Violet,Espathra,103/198,487978,Espathra,LINKED,1.00
pkm-scarlet-and-violet-104-198-d9f6439643,Scarlet and Violet,Greavard,104/198,487980,Greavard - 104/198,SKIP_NAME_MISMATCH,0.33
pkm-scarlet-and-violet-105-198-032dd9b6b8,Scarlet and Violet,Greavard,105/198,487981,Greavard - 105/198,SKIP_NAME_MISMATCH,0.33
pkm-scarlet-and-violet-106-198-7ebcacbebf,Scarlet and Violet,Houndstone,106/198,487983,Houndstone,LINKED,1.00
pkm-scarlet-and-violet-107-198-f741ea3586,Scarlet and Violet,Mankey,107/198,487993,Mankey,LINKED,1.00
pkm-scarlet-and-violet-108-198-7b42be7895,Scarlet and Violet,Primeape,108/198,487994,Primeape,LINKED,1.00
pkm-scarlet-and-violet-109-198-4c5e97073a,Scarlet and Violet,Annihilape,109/198,486617,Annihilape,LINKED,1.00
pkm-scarlet-and-violet-110-198-b811a19eee,Scarlet and Violet,Meditite,110/198,487999,Meditite - 110/198,SKIP_NAME_MISMATCH,0.33
pkm-scarlet-and-violet-111-198-b61c3f049a,Scarlet and Violet,Medicham,111/198,488000,Medicham - 111/198,SKIP_NAME_MISMATCH,0.33
pkm-scarlet-and-violet-112-198-a134b5c1a0,Scarlet and Violet,Riolu,112/198,488001,Riolu - 112/198,SKIP_NAME_MISMATCH,0.33
pkm-scarlet-and-violet-113-198-8d888e7748,Scarlet and Violet,Riolu,113/198,488002,Riolu - 113/198,SKIP_NAME_MISMATCH,0.33
pkm-scarlet-and-violet-114-198-a0a03be706,Scarlet and Violet,Lucario,114/198,488003,Lucario - 114/198,SKIP_NAME_MISMATCH,0.33
pkm-scarlet-and-violet-115-198-306923e4c7,Scarlet and Violet,Sandile,115/198,488004,Sandile - 115/198,SKIP_NAME_MISMATCH,0.33
pkm-scarlet-and-violet-116-198-3479f01148,Scarlet and Violet,Krokorok,116/198,488005,Krokorok,LINKED,1.00
pkm-scarlet-and-violet-117-198-1e88511716,Scarlet and Violet,Krookodile,117/198,488006,Krookodile,LINKED,1.00
pkm-scarlet-and-violet-118-198-f0ceebc4bb,Scarlet and Violet,Hawlucha,118/198,488007,Hawlucha,LINKED,1.00
pkm-scarlet-and-violet-119-198-59c7d2e747,Scarlet and Violet,Silicobra,119/198,488008,Silicobra,LINKED,1.00
pkm-scarlet-and-violet-120-198-440b1e5df5,Scarlet and Violet,Sandaconda,120/198,488009,Sandaconda,LINKED,1.00
pkm-scarlet-and-violet-121-198-572af26ffc,Scarlet and Violet,Stonjourner,121/198,488010,Stonjourner,LINKED,1.00
pkm-scarlet-and-violet-122-198-a6f5921315,Scarlet and Violet,Klawf,122/198,488011,Klawf - 122/198,SKIP_NAME_MISMATCH,0.33
pkm-scarlet-and-violet-123-198-1b26d58c08,Scarlet and Violet,Great Tusk ex,123/198,488012,Great Tusk ex - 123/198,SKIP_NAME_MISMATCH,0.60
pkm-scarlet-and-violet-124-198-4db80c5038,Scarlet and Violet,Koraidon,124/198,488013,Koraidon,LINKED,1.00
pkm-scarlet-and-violet-125-198-743d3e3d1c,Scarlet and Violet,Koraidon ex,125/198,475421,Koraidon ex - 125/198,SKIP_NAME_MISMATCH,0.50
pkm-scarlet-and-violet-126-198-bf52a24cea,Scarlet and Violet,Grimer,126/198,487055,Grimer,LINKED,1.00
pkm-scarlet-and-violet-127-198-168df3925e,Scarlet and Violet,Muk,127/198,488015,Muk,LINKED,1.00
pkm-scarlet-and-violet-128-198-d10f8bdf8f,Scarlet and Violet,Seviper,128/198,488016,Seviper,LINKED,1.00
pkm-scarlet-and-violet-129-198-2ea4e012da,Scarlet and Violet,Spiritomb,129/198,488017,Spiritomb,LINKED,1.00
pkm-scarlet-and-violet-130-198-676426d4ba,Scarlet and Violet,Croagunk,130/198,487056,Croagunk,LINKED,1.00
pkm-scarlet-and-violet-131-198-b52961db5e,Scarlet and Violet,Toxicroak ex,131/198,488019,Toxicroak ex - 131/198,SKIP_NAME_MISMATCH,0.50
pkm-scarlet-and-violet-132-198-e64306b067,Scarlet and Violet,Pawniard,132/198,488021,Pawniard,LINKED,1.00
pkm-scarlet-and-violet-133-198-3d342cc500,Scarlet and Violet,Bisharp,133/198,488023,Bisharp,LINKED,1.00
pkm-scarlet-and-violet-134-198-e2f8035f81,Scarlet and Violet,Kingambit,134/198,488024,Kingambit - 134/198,SKIP_NAME_MISMATCH,0.33
pkm-scarlet-and-violet-135-198-e83c4ae942,Scarlet and Violet,Maschiff,135/198,488025,Maschiff - 135/198,SKIP_NAME_MISMATCH,0.33
pkm-scarlet-and-violet-136-198-068e5ea3aa,Scarlet and Violet,Maschiff,136/198,485867,Maschiff - 136/198,SKIP_NAME_MISMATCH,0.33
pkm-scarlet-and-violet-137-198-7d25f38226,Scarlet and Violet,Mabosstiff,137/198,485871,Mabosstiff - 137/198,SKIP_NAME_MISMATCH,0.33
pkm-scarlet-and-violet-138-198-0d400d522a,Scarlet and Violet,Bombirdier,138/198,488026,Bombirdier - 138/198,SKIP_NAME_MISMATCH,0.33
pkm-scarlet-and-violet-139-198-6bb3232782,Scarlet and Violet,Forretress,139/198,488027,Forretress,LINKED,1.00
pkm-scarlet-and-violet-140-198-316c1de814,Scarlet and Violet,Varoom,140/198,488028,Varoom - 140/198,SKIP_NAME_MISMATCH,0.33
pkm-scarlet-and-violet-141-198-11aa8a1eff,Scarlet and Violet,Varoom,141/198,488029,Varoom - 141/198,SKIP_NAME_MISMATCH,0.33
pkm-scarlet-and-violet-142-198-3342cf2c85,Scarlet and Violet,Revavroom,142/198,488030,Revavroom,LINKED,1.00
pkm-scarlet-and-violet-143-198-af2d2453c8,Scarlet and Violet,Iron Treads ex,143/198,485106,Iron Treads ex - 143/198,SKIP_NAME_MISMATCH,0.60
pkm-scarlet-and-violet-144-198-fd21fe83fe,Scarlet and Violet,Chansey,144/198,488031,Chansey,LINKED,1.00
pkm-scarlet-and-violet-145-198-e4b1e5ebc0,Scarlet and Violet,Blissey,145/198,488033,Blissey,LINKED,1.00
pkm-scarlet-and-violet-146-198-69b51bab86,Scarlet and Violet,Zangoose,146/198,488035,Zangoose - 146/198,SKIP_NAME_MISMATCH,0.33
pkm-scarlet-and-violet-147-198-308920303b,Scarlet and Violet,Zangoose,147/198,488036,Zangoose - 147/198,SKIP_NAME_MISMATCH,0.33
pkm-scarlet-and-violet-148-198-201f26ad03,Scarlet and Violet,Starly,148/198,488037,Starly - 148/198,SKIP_NAME_MISMATCH,0.33
pkm-scarlet-and-violet-149-198-63a7949032,Scarlet and Violet,Staravia,149/198,488038,Staravia,LINKED,1.00
pkm-scarlet-and-violet-150-198-c3c2ddbe1f,Scarlet and Violet,Staraptor,150/198,488040,Staraptor,LINKED,1.00
pkm-scarlet-and-violet-151-198-9a35e5c1aa,Scarlet and Violet,Skwovet,151/198,488041,Skwovet - 151/198,SKIP_NAME_MISMATCH,0.33
pkm-scarlet-and-violet-152-198-9128d912ab,Scarlet and Violet,Greedent,152/198,488043,Greedent,LINKED,1.00
pkm-scarlet-and-violet-153-198-18cf3f3502,Scarlet and Violet,Indeedee,153/198,488045,Indeedee,LINKED,1.00
pkm-scarlet-and-violet-154-198-adaf888a85,Scarlet and Violet,Lechonk,154/198,488048,Lechonk - 154/198,SKIP_NAME_MISMATCH,0.33
pkm-scarlet-and-violet-155-198-3713e3e41e,Scarlet and Violet,Lechonk,155/198,485108,Lechonk - 155/198,SKIP_NAME_MISMATCH,0.33
pkm-scarlet-and-violet-156-198-c6eb7b7428,Scarlet and Violet,Lechonk,156/198,488050,Lechonk - 156/198,SKIP_NAME_MISMATCH,0.33
pkm-scarlet-and-violet-157-198-8bc628d0d7,Scarlet and Violet,Oinkologne,157/198,488052,Oinkologne,LINKED,1.00
pkm-scarlet-and-violet-158-198-12ebaa8614,Scarlet and Violet,Oinkologne ex,158/198,488053,Oinkologne ex - 158/198,SKIP_NAME_MISMATCH,0.50
pkm-scarlet-and-violet-159-198-3ebc8306f3,Scarlet and Violet,Tandemaus,159/198,488054,Tandemaus - 159/198,SKIP_NAME_MISMATCH,0.33
pkm-scarlet-and-violet-160-198-32f3c88d7f,Scarlet and Violet,Tandemaus,160/198,488056,Tandemaus - 160/198,SKIP_NAME_MISMATCH,0.33
pkm-scarlet-and-violet-161-198-ea11e21099,Scarlet and Violet,Maushold,161/198,488057,Maushold,LINKED,1.00
pkm-scarlet-and-violet-162-198-7856e5cce4,Scarlet and Violet,Squawkabilly,162/198,488058,Squawkabilly,LINKED,1.00
pkm-scarlet-and-violet-163-198-69a2e51641,Scarlet and Violet,Cyclizar,163/198,488059,Cyclizar - 163/198,SKIP_NAME_MISMATCH,0.33
pkm-scarlet-and-violet-164-198-81c768177b,Scarlet and Violet,Cyclizar,164/198,487059,Cyclizar - 164/198,SKIP_NAME_MISMATCH,0.33
pkm-scarlet-and-violet-165-198-191e3013fa,Scarlet and Violet,Flamigo,165/198,488060,Flamigo,LINKED,1.00
pkm-scarlet-and-violet-166-198-22d62e97b8,Scarlet and Violet,Arven,166/198,488071,Arven - 166/198,SKIP_NAME_MISMATCH,0.33
pkm-scarlet-and-violet-167-198-7e77b27650,Scarlet and Violet,Beach Court,167/198,488072,Beach Court,LINKED,1.00
pkm-scarlet-and-violet-168-198-fcf8cb2f2d,Scarlet and Violet,Crushing Hammer,168/198,488073,Crushing Hammer,LINKED,1.00
pkm-scarlet-and-violet-169-198-c6528d4f2b,Scarlet and Violet,Defiance Band,169/198,488074,Defiance Band,LINKED,1.00
pkm-scarlet-and-violet-170-198-0dd3a6997d,Scarlet and Violet,Electric Generator,170/198,488075,Electric Generator,LINKED,1.00
pkm-scarlet-and-violet-171-198-cf9bbec9c2,Scarlet and Violet,Energy Retrieval,171/198,488076,Energy Retrieval,LINKED,1.00
pkm-scarlet-and-violet-172-198-3c7c4476d3,Scarlet and Violet,Energy Search,172/198,488077,Energy Search,LINKED,1.00
pkm-scarlet-and-violet-173-198-79d566eab7,Scarlet and Violet,Energy Switch,173/198,488078,Energy Switch,LINKED,1.00
pkm-scarlet-and-violet-174-198-bce2c9ebf9,Scarlet and Violet,Exp. Share,174/198,488079,Exp. Share,LINKED,1.00
pkm-scarlet-and-violet-175-198-665376e07b,Scarlet and Violet,Jacq,175/198,488080,Jacq - 175/198,SKIP_NAME_MISMATCH,0.33
pkm-scarlet-and-violet-176-198-0d18b70c19,Scarlet and Violet,Judge,176/198,488081,Judge,LINKED,1.00
pkm-scarlet-and-violet-177-198-ffb53170d7,Scarlet and Violet,Katy,177/198,488082,Katy - 177/198,SKIP_NAME_MISMATCH,0.33
pkm-scarlet-and-violet-178-198-e3e4c041a9,Scarlet and Violet,Mesagoza,178/198,488083,Mesagoza - 178/198,SKIP_NAME_MISMATCH,0.33
pkm-scarlet-and-violet-179-198-d727ddcd87,Scarlet and Violet,Miriam,179/198,488085,Miriam - 179/198,SKIP_NAME_MISMATCH,0.33
pkm-scarlet-and-violet-180-198-c821558eef,Scarlet and Violet,Nemona,180/198,488086,Nemona,LINKED,1.00
pkm-scarlet-and-violet-181-198-bb27190751,Scarlet and Violet,Nest Ball,181/198,488087,Nest Ball - 181/198,SKIP_NAME_MISMATCH,0.50
pkm-scarlet-and-violet-182-198-7ecae2422d,Scarlet and Violet,Pal Pad,182/198,488088,Pal Pad,LINKED,1.00
pkm-scarlet-and-violet-183-198-b60e79b49b,Scarlet and Violet,Penny,183/198,488089,Penny - 183/198,SKIP_NAME_MISMATCH,0.33
pkm-scarlet-and-violet-184-198-a5f997e4bc,Scarlet and Violet,Picnic Basket,184/198,488090,Picnic Basket,LINKED,1.00
pkm-scarlet-and-violet-185-198-ab6a6e4afc,Scarlet and Violet,Poké Ball,185/198,488091,Poke Ball,LINKED,1.00
pkm-scarlet-and-violet-186-198-0dbffca4eb,Scarlet and Violet,Pokégear 3.0,186/198,488092,Pokegear 3.0,LINKED,1.00
pkm-scarlet-and-violet-187-198-bc72e6b141,Scarlet and Violet,Pokémon Catcher,187/198,488093,Pokemon Catcher,LINKED,1.00
pkm-scarlet-and-violet-188-198-94e2c75b90,Scarlet and Violet,Potion,188/198,488094,Potion,LINKED,1.00
pkm-scarlet-and-violet-189-198-86dc549134,Scarlet and Violet,Professor's Research (Professor Sada),189/198,475423,Professor's Research - 189/198,SKIP_NAME_MISMATCH,0.60
pkm-scarlet-and-violet-190-198-fa20efb79a,Scarlet and Violet,Professor's Research (Professor Turo),190/198,475424,Professor's Research - 190/198,SKIP_NAME_MISMATCH,0.60
pkm-scarlet-and-violet-191-198-38b70e1111,Scarlet and Violet,Rare Candy,191/198,488098,Rare Candy - 191/198,SKIP_NAME_MISMATCH,0.50
pkm-scarlet-and-violet-192-198-d07207797f,Scarlet and Violet,Rock Chestplate,192/198,475443,Rock Chestplate,LINKED,1.00
pkm-scarlet-and-violet-193-198-d2da4b8dd1,Scarlet and Violet,Rocky Helmet,193/198,488100,Rocky Helmet,LINKED,1.00
pkm-scarlet-and-violet-194-198-e83c43c28a,Scarlet and Violet,Switch,194/198,488102,Switch,LINKED,1.00
pkm-scarlet-and-violet-195-198-5a2cfe0da4,Scarlet and Violet,Team Star Grunt,195/198,488104,Team Star Grunt - 195/198,SKIP_NAME_MISMATCH,0.67
pkm-scarlet-and-violet-196-198-384887b756,Scarlet and Violet,Ultra Ball,196/198,488105,Ultra Ball,LINKED,1.00
pkm-scarlet-and-violet-197-198-333d1e5a18,Scarlet and Violet,Vitality Band,197/198,488107,Vitality Band,LINKED,1.00
pkm-scarlet-and-violet-198-198-5c96179f85,Scarlet and Violet,Youngster,198/198,488108,Youngster,LINKED,1.00
pkm-scarlet-and-violet-199-198-c74b5e66da,Scarlet and Violet,Tarountula,199/198,490293,Tarountula - 199/198,SKIP_NAME_MISMATCH,0.33
pkm-scarlet-and-violet-200-198-fd0b9541b5,Scarlet and Violet,Dolliv,200/198,486622,Dolliv - 200/198,SKIP_NAME_MISMATCH,0.33
pkm-scarlet-and-violet-201-198-b619c609ff,Scarlet and Violet,Toedscool,201/198,490049,Toedscool - 201/198,SKIP_NAME_MISMATCH,0.33
pkm-scarlet-and-violet-202-198-27fc3c9518,Scarlet and Violet,Scovillain,202/198,490062,Scovillain - 202/198,SKIP_NAME_MISMATCH,0.33
pkm-scarlet-and-violet-203-198-f4f353fe07,Scarlet and Violet,Armarouge,203/198,490063,Armarouge - 203/198,SKIP_NAME_MISMATCH,0.33
pkm-scarlet-and-violet-204-198-c727f52a5c,Scarlet and Violet,Slowpoke,204/198,490064,Slowpoke - 204/198,SKIP_NAME_MISMATCH,0.33
pkm-scarlet-and-violet-205-198-0ee8f6c2ce,Scarlet and Violet,Clauncher,205/198,490066,Clauncher - 205/198,SKIP_NAME_MISMATCH,0.33
pkm-scarlet-and-violet-206-198-ef8718d151,Scarlet and Violet,Wiglett,206/198,490067,Wiglett - 206/198,SKIP_NAME_MISMATCH,0.33
pkm-scarlet-and-violet-207-198-2b2ec6ce46,Scarlet and Violet,Dondozo,207/198,487060,Dondozo - 207/198,SKIP_NAME_MISMATCH,0.33
pkm-scarlet-and-violet-208-198-59379d2ba7,Scarlet and Violet,Pachirisu,208/198,490068,Pachirisu - 208/198,SKIP_NAME_MISMATCH,0.33
pkm-scarlet-and-violet-209-198-b9568dbc0b,Scarlet and Violet,Pawmot,209/198,490069,Pawmot - 209/198,SKIP_NAME_MISMATCH,0.33
pkm-scarlet-and-violet-210-198-60fc3f51a6,Scarlet and Violet,Drowzee,210/198,490070,Drowzee - 210/198,SKIP_NAME_MISMATCH,0.33
pkm-scarlet-and-violet-211-198-40f131d172,Scarlet and Violet,Ralts,211/198,490071,Ralts - 211/198,SKIP_NAME_MISMATCH,0.33
pkm-scarlet-and-violet-212-198-05eae73331,Scarlet and Violet,Kirlia,212/198,490072,Kirlia - 212/198,SKIP_NAME_MISMATCH,0.33
pkm-scarlet-and-violet-213-198-efeccd942f,Scarlet and Violet,Fidough,213/198,487086,Fidough - 213/198,SKIP_NAME_MISMATCH,0.33
pkm-scarlet-and-violet-214-198-fc160550e0,Scarlet and Violet,Greavard,214/198,490073,Greavard - 214/198,SKIP_NAME_MISMATCH,0.33
pkm-scarlet-and-violet-215-198-6651d29d1a,Scarlet and Violet,Riolu,215/198,490074,Riolu - 215/198,SKIP_NAME_MISMATCH,0.33
pkm-scarlet-and-violet-216-198-811a0c38a0,Scarlet and Violet,Sandile,216/198,489631,Sandile - 216/198,SKIP_NAME_MISMATCH,0.33
pkm-scarlet-and-violet-217-198-fbcf8b0396,Scarlet and Violet,Klawf,217/198,490075,Klawf - 217/198,SKIP_NAME_MISMATCH,0.33
pkm-scarlet-and-violet-218-198-f238a4ccdc,Scarlet and Violet,Mabosstiff,218/198,490076,Mabosstiff - 218/198,SKIP_NAME_MISMATCH,0.33
pkm-scarlet-and-violet-219-198-86d1e5e7b4,Scarlet and Violet,Bombirdier,219/198,490077,Bombirdier - 219/198,SKIP_NAME_MISMATCH,0.33
pkm-scarlet-and-violet-220-198-1605d4f5ff,Scarlet and Violet,Kingambit,220/198,490078,Kingambit - 220/198,SKIP_NAME_MISMATCH,0.33
pkm-scarlet-and-violet-221-198-f5ebf1b748,Scarlet and Violet,Starly,221/198,490079,Starly - 221/198,SKIP_NAME_MISMATCH,0.33
pkm-scarlet-and-violet-222-198-4d986b8479,Scarlet and Violet,Skwovet,222/198,490080,Skwovet - 222/198,SKIP_NAME_MISMATCH,0.33
pkm-scarlet-and-violet-223-198-9fd5b29683,Scarlet and Violet,Spidops ex,223/198,490081,Spidops ex - 223/198,SKIP_NAME_MISMATCH,0.50
pkm-scarlet-and-violet-224-198-6536329b31,Scarlet and Violet,Arcanine ex,224/198,490082,Arcanine ex - 224/198,SKIP_NAME_MISMATCH,0.50
pkm-scarlet-and-violet-225-198-9de896c90b,Scarlet and Violet,Gyarados ex,225/198,490083,Gyarados ex - 225/198,SKIP_NAME_MISMATCH,0.50
pkm-scarlet-and-violet-226-198-74659a9bc9,Scarlet and Violet,Magnezone ex,226/198,490084,Magnezone ex - 226/198,SKIP_NAME_MISMATCH,0.50
pkm-scarlet-and-violet-227-198-b91c6979ed,Scarlet and Violet,Miraidon ex,227/198,490085,Miraidon ex - 227/198,SKIP_NAME_MISMATCH,0.50
pkm-scarlet-and-violet-228-198-d86a995353,Scarlet and Violet,Gardevoir ex,228/198,490086,Gardevoir ex - 228/198,SKIP_NAME_MISMATCH,0.50
pkm-scarlet-and-violet-229-198-59c6c8302f,Scarlet and Violet,Banette ex,229/198,490087,Banette ex - 229/198,SKIP_NAME_MISMATCH,0.50
pkm-scarlet-and-violet-230-198-17415bf4d4,Scarlet and Violet,Great Tusk ex,230/198,490088,Great Tusk ex - 230/198,SKIP_NAME_MISMATCH,0.60
pkm-scarlet-and-violet-231-198-ddc87144e1,Scarlet and Violet,Koraidon ex,231/198,490089,Koraidon ex - 231/198,SKIP_NAME_MISMATCH,0.50
pkm-scarlet-and-violet-232-198-bfe307cf5a,Scarlet and Violet,Toxicroak ex,232/198,490090,Toxicroak ex - 232/198,SKIP_NAME_MISMATCH,0.50
pkm-scarlet-and-violet-233-198-d8f925b8c7,Scarlet and Violet,Iron Treads ex,233/198,490091,Iron Treads ex - 233/198,SKIP_NAME_MISMATCH,0.60
pkm-scarlet-and-violet-234-198-edc40a5bf9,Scarlet and Violet,Oinkologne ex,234/198,490092,Oinkologne ex - 234/198,SKIP_NAME_MISMATCH,0.50
pkm-scarlet-and-violet-235-198-d33dc53fdd,Scarlet and Violet,Arven,235/198,490093,Arven - 235/198,SKIP_NAME_MISMATCH,0.33
pkm-scarlet-and-violet-236-198-907e74f0fa,Scarlet and Violet,Jacq,236/198,490094,Jacq - 236/198,SKIP_NAME_MISMATCH,0.33
pkm-scarlet-and-violet-237-198-5f4cf0faa4,Scarlet and Violet,Katy,237/198,490095,Katy - 237/198,SKIP_NAME_MISMATCH,0.33
pkm-scarlet-and-violet-238-198-dd0821f304,Scarlet and Violet,Miriam,238/198,490096,Miriam - 238/198,SKIP_NAME_MISMATCH,0.33
pkm-scarlet-and-violet-239-198-e7f08911c8,Scarlet and Violet,Penny,239/198,490097,Penny - 239/198,SKIP_NAME_MISMATCH,0.33
pkm-scarlet-and-violet-240-198-06a2819fb3,Scarlet and Violet,Professor's Research (Professor Sada),240/198,490098,Professor's Research - 240/198,SKIP_NAME_MISMATCH,0.60
pkm-scarlet-and-violet-241-198-f77a6971d2,Scarlet and Violet,Professor's Research (Professor Turo),241/198,490099,Professor's Research - 241/198,SKIP_NAME_MISMATCH,0.60
pkm-scarlet-and-violet-242-198-2690188b66,Scarlet and Violet,Team Star Grunt,242/198,487149,Team Star Grunt - 242/198,SKIP_NAME_MISMATCH,0.67
pkm-scarlet-and-violet-243-198-8e6c207bdb,Scarlet and Violet,Spidops ex,243/198,487147,Spidops ex - 243/198,SKIP_NAME_MISMATCH,0.50
pkm-scarlet-and-violet-244-198-6b90209930,Scarlet and Violet,Miraidon ex,244/198,485259,Miraidon ex - 244/198,SKIP_NAME_MISMATCH,0.50
pkm-scarlet-and-violet-245-198-a74bd01414,Scarlet and Violet,Gardevoir ex,245/198,486623,Gardevoir ex - 245/198,SKIP_NAME_MISMATCH,0.50
pkm-scarlet-and-violet-246-198-18f7d9d821,Scarlet and Violet,Great Tusk ex,246/198,490290,Great Tusk ex - 246/198,SKIP_NAME_MISMATCH,0.60
pkm-scarlet-and-violet-247-198-8efa4a954c,Scarlet and Violet,Koraidon ex,247/198,490044,Koraidon ex - 247/198,SKIP_NAME_MISMATCH,0.50
pkm-scarlet-and-violet-248-198-d1a86a0b57,Scarlet and Violet,Iron Treads ex,248/198,490291,Iron Treads ex - 248/198,SKIP_NAME_MISMATCH,0.60
pkm-scarlet-and-violet-249-198-33830f3e59,Scarlet and Violet,Arven,249/198,490292,Arven - 249/198,SKIP_NAME_MISMATCH,0.33
pkm-scarlet-and-violet-250-198-bb62b52adc,Scarlet and Violet,Jacq,250/198,490289,Jacq - 250/198,SKIP_NAME_MISMATCH,0.33
pkm-scarlet-and-violet-251-198-a56f4ff989,Scarlet and Violet,Miriam,251/198,487061,Miriam - 251/198,SKIP_NAME_MISMATCH,0.33
pkm-scarlet-and-violet-252-198-f1b4045a53,Scarlet and Violet,Penny,252/198,490041,Penny - 252/198,SKIP_NAME_MISMATCH,0.33
pkm-scarlet-and-violet-253-198-258c94ca04,Scarlet and Violet,Miraidon ex,253/198,490043,Miraidon ex - 253/198,SKIP_NAME_MISMATCH,0.50
pkm-scarlet-and-violet-254-198-27a0d403f6,Scarlet and Violet,Koraidon ex,254/198,490045,Koraidon ex - 254/198,SKIP_NAME_MISMATCH,0.50
pkm-scarlet-and-violet-255-198-68c513ff41,Scarlet and Violet,Nest Ball,255/198,490297,Nest Ball - 255/198,SKIP_NAME_MISMATCH,0.50
pkm-scarlet-and-violet-256-198-b9b176e991,Scarlet and Violet,Rare Candy,256/198,490296,Rare Candy - 256/198,SKIP_NAME_MISMATCH,0.50
pkm-scarlet-and-violet-257-198-80431fe727,Scarlet and Violet,Basic Lightning Energy,257/198,490295,Basic Lightning Energy - 257/198,SKIP_NAME_MISMATCH,0.60
pkm-scarlet-and-violet-258-198-c2bf170114,Scarlet and Violet,Basic Fighting Energy,258/198,,,NO_CANDIDATE,
pkm-sword-and-shield-1-202-4e31cdc7eb,Sword and Shield,Celebi V,1/202,206047,Celebi V,LINKED,1.00
pkm-sword-and-shield-2-202-0814838c93,Sword and Shield,Roselia,2/202,208268,Roselia (002),SKIP_NAME_MISMATCH,0.50
pkm-sword-and-shield-3-202-257b24f2a9,Sword and Shield,Roselia,3/202,208269,Roselia (003),SKIP_NAME_MISMATCH,0.50
pkm-sword-and-shield-4-202-1f502179ea,Sword and Shield,Roserade,4/202,208270,Roserade,LINKED,1.00
pkm-sword-and-shield-5-202-9919356fe7,Sword and Shield,Cottonee,5/202,208271,Cottonee,LINKED,1.00
pkm-sword-and-shield-6-202-d78de18a28,Sword and Shield,Whimsicott,6/202,208272,Whimsicott,LINKED,1.00
pkm-sword-and-shield-7-202-280d9dc855,Sword and Shield,Maractus,7/202,208274,Maractus,LINKED,1.00
pkm-sword-and-shield-8-202-c07185a492,Sword and Shield,Durant,8/202,208276,Durant,LINKED,1.00
pkm-sword-and-shield-9-202-c5b70ee758,Sword and Shield,Dhelmise V,9/202,208281,Dhelmise V,LINKED,1.00
pkm-sword-and-shield-10-202-9d1926e622,Sword and Shield,Grookey,10/202,208284,Grookey (010),SKIP_NAME_MISMATCH,0.50
pkm-sword-and-shield-11-202-93f85793b2,Sword and Shield,Grookey,11/202,208286,Grookey (011),SKIP_NAME_MISMATCH,0.50
pkm-sword-and-shield-12-202-111df335dd,Sword and Shield,Thwackey,12/202,208291,Thwackey (012),SKIP_NAME_MISMATCH,0.50
pkm-sword-and-shield-13-202-8c60c502ca,Sword and Shield,Thwackey,13/202,208292,Thwackey (013),SKIP_NAME_MISMATCH,0.50
pkm-sword-and-shield-14-202-bb35806870,Sword and Shield,Rillaboom,14/202,208293,Rillaboom (014),SKIP_NAME_MISMATCH,0.50
pkm-sword-and-shield-15-202-373210fd96,Sword and Shield,Rillaboom,15/202,208294,Rillaboom (015),SKIP_NAME_MISMATCH,0.50
pkm-sword-and-shield-16-202-3b8f9ecb76,Sword and Shield,Blipbug,16/202,208295,Blipbug (016),SKIP_NAME_MISMATCH,0.50
pkm-sword-and-shield-17-202-f41746369c,Sword and Shield,Blipbug,17/202,208296,Blipbug (017),SKIP_NAME_MISMATCH,0.50
pkm-sword-and-shield-18-202-1f5f10dfc2,Sword and Shield,Dottler,18/202,208297,Dottler,LINKED,1.00
pkm-sword-and-shield-19-202-f05fc5025d,Sword and Shield,Orbeetle,19/202,208298,Orbeetle,LINKED,1.00
pkm-sword-and-shield-20-202-8a58f61943,Sword and Shield,Gossifleur,20/202,208299,Gossifleur,LINKED,1.00
pkm-sword-and-shield-21-202-0b1abf17be,Sword and Shield,Eldegoss,21/202,208300,Eldegoss,LINKED,1.00
pkm-sword-and-shield-22-202-5b6218dd88,Sword and Shield,Vulpix,22/202,208301,Vulpix,LINKED,1.00
pkm-sword-and-shield-23-202-37e6d119ab,Sword and Shield,Ninetales,23/202,208302,Ninetales,LINKED,1.00
pkm-sword-and-shield-24-202-9dd92b22c3,Sword and Shield,Torkoal V,24/202,208303,Torkoal V,LINKED,1.00
pkm-sword-and-shield-25-202-b85d45c17e,Sword and Shield,Victini V,25/202,,,NO_CANDIDATE,
pkm-sword-and-shield-26-202-75745d7351,Sword and Shield,Heatmor,26/202,208304,Heatmor,LINKED,1.00
pkm-sword-and-shield-27-202-21d2f6dbd2,Sword and Shield,Salandit,27/202,208305,Salandit,LINKED,1.00
pkm-sword-and-shield-28-202-5e595a7f61,Sword and Shield,Salazzle,28/202,208306,Salazzle,LINKED,1.00
pkm-sword-and-shield-29-202-ccc3a8fae4,Sword and Shield,Turtonator,29/202,208307,Turtonator,LINKED,1.00
pkm-sword-and-shield-30-202-d315d65cdc,Sword and Shield,Scorbunny,30/202,208308,Scorbunny (030),SKIP_NAME_MISMATCH,0.50
pkm-sword-and-shield-31-202-8f99f55e4f,Sword and Shield,Scorbunny,31/202,208309,Scorbunny (031),SKIP_NAME_MISMATCH,0.50
pkm-sword-and-shield-32-202-461610cd77,Sword and Shield,Raboot,32/202,208310,Raboot (032),SKIP_NAME_MISMATCH,0.50
pkm-sword-and-shield-33-202-9a64b20e13,Sword and Shield,Raboot,33/202,208311,Raboot (033),SKIP_NAME_MISMATCH,0.50
pkm-sword-and-shield-34-202-23bf7443a5,Sword and Shield,Cinderace,34/202,208312,Cinderace (034),SKIP_NAME_MISMATCH,0.50
pkm-sword-and-shield-35-202-38b75ba356,Sword and Shield,Cinderace,35/202,208313,Cinderace (035),SKIP_NAME_MISMATCH,0.50
pkm-sword-and-shield-36-202-56fe19dd85,Sword and Shield,Cinderace,36/202,208314,Cinderace (036),SKIP_NAME_MISMATCH,0.50
pkm-sword-and-shield-37-202-a324aaeac4,Sword and Shield,Sizzlipede,37/202,208315,Sizzlipede (037),SKIP_NAME_MISMATCH,0.50
pkm-sword-and-shield-38-202-340e2aa9fc,Sword and Shield,Sizzlipede,38/202,208316,Sizzlipede (038),SKIP_NAME_MISMATCH,0.50
pkm-sword-and-shield-39-202-8b645f2f94,Sword and Shield,Centiskorch,39/202,208317,Centiskorch,LINKED,1.00
pkm-sword-and-shield-40-202-0ee53ebb5a,Sword and Shield,Shellder,40/202,208339,Shellder,LINKED,1.00
pkm-sword-and-shield-41-202-ab217a3e14,Sword and Shield,Cloyster,41/202,208340,Cloyster,LINKED,1.00
pkm-sword-and-shield-42-202-6dab2dd059,Sword and Shield,Krabby,42/202,208341,Krabby (042),SKIP_NAME_MISMATCH,0.50
pkm-sword-and-shield-43-202-441953f71e,Sword and Shield,Krabby,43/202,208342,Krabby (043),SKIP_NAME_MISMATCH,0.50
pkm-sword-and-shield-44-202-a1c3c182a0,Sword and Shield,Kingler,44/202,208343,Kingler,LINKED,1.00
pkm-sword-and-shield-45-202-bc26e15570,Sword and Shield,Goldeen,45/202,208344,Goldeen (045),SKIP_NAME_MISMATCH,0.50
pkm-sword-and-shield-46-202-204b38d5fa,Sword and Shield,Goldeen,46/202,208345,Goldeen (046),SKIP_NAME_MISMATCH,0.50
pkm-sword-and-shield-47-202-7c0b686dc6,Sword and Shield,Seaking,47/202,208346,Seaking,LINKED,1.00
pkm-sword-and-shield-48-202-cb34d67912,Sword and Shield,Lapras,48/202,208347,Lapras,LINKED,1.00
pkm-sword-and-shield-49-202-4efcb1a0f9,Sword and Shield,Lapras V,49/202,208348,Lapras V,LINKED,1.00
pkm-sword-and-shield-50-202-cd79d63c74,Sword and Shield,Lapras VMAX,50/202,206049,Lapras VMAX,LINKED,1.00
pkm-sword-and-shield-51-202-e0f0c32c02,Sword and Shield,Qwilfish,51/202,208349,Qwilfish,LINKED,1.00
pkm-sword-and-shield-52-202-eef7109144,Sword and Shield,Mantine,52/202,,,NO_CANDIDATE,
pkm-sword-and-shield-53-202-d9c97e7e5a,Sword and Shield,Keldeo V,53/202,206046,Keldeo V,LINKED,1.00
pkm-sword-and-shield-54-202-fbe63cbee4,Sword and Shield,Sobble,54/202,208351,Sobble (054),SKIP_NAME_MISMATCH,0.50
pkm-sword-and-shield-55-202-c6a9981eaa,Sword and Shield,Sobble,55/202,208352,Sobble (055),SKIP_NAME_MISMATCH,0.50
pkm-sword-and-shield-56-202-047ac671fe,Sword and Shield,Drizzile,56/202,208353,Drizzile (056),SKIP_NAME_MISMATCH,0.50
pkm-sword-and-shield-57-202-27aabdf532,Sword and Shield,Drizzile,57/202,208354,Drizzile (057),SKIP_NAME_MISMATCH,0.50
pkm-sword-and-shield-58-202-17b85bec52,Sword and Shield,Inteleon,58/202,208355,Inteleon (058),SKIP_NAME_MISMATCH,0.50
pkm-sword-and-shield-59-202-a3f884b099,Sword and Shield,Inteleon,59/202,208356,Inteleon (059),SKIP_NAME_MISMATCH,0.50
pkm-sword-and-shield-60-202-fe673a1fa0,Sword and Shield,Chewtle,60/202,208357,Chewtle,LINKED,1.00
pkm-sword-and-shield-61-202-64aed1de2e,Sword and Shield,Drednaw,61/202,208358,Drednaw,LINKED,1.00
pkm-sword-and-shield-62-202-e6b70323d9,Sword and Shield,Cramorant,62/202,208359,Cramorant,LINKED,1.00
pkm-sword-and-shield-63-202-ac054ef658,Sword and Shield,Snom,63/202,208360,Snom,LINKED,1.00
pkm-sword-and-shield-64-202-089969165e,Sword and Shield,Frosmoth,64/202,208361,Frosmoth,LINKED,1.00
pkm-sword-and-shield-65-202-827c4b7dee,Sword and Shield,Pikachu,65/202,208362,Pikachu,LINKED,1.00
pkm-sword-and-shield-66-202-45da57a67e,Sword and Shield,Raichu,66/202,208363,Raichu,LINKED,1.00
pkm-sword-and-shield-67-202-3d778578f6,Sword and Shield,Chinchou,67/202,208366,Chinchou (067),SKIP_NAME_MISMATCH,0.50
pkm-sword-and-shield-68-202-5ab6432b4b,Sword and Shield,Chinchou,68/202,208367,Chinchou (068),SKIP_NAME_MISMATCH,0.50
pkm-sword-and-shield-69-202-218e93f950,Sword and Shield,Lanturn,69/202,208368,Lanturn,LINKED,1.00
pkm-sword-and-shield-70-202-a55e0b43d7,Sword and Shield,Joltik,70/202,208369,Joltik,LINKED,1.00
pkm-sword-and-shield-71-202-92c348a5c3,Sword and Shield,Galvantula,71/202,208370,Galvantula,LINKED,1.00
pkm-sword-and-shield-72-202-5125a450e9,Sword and Shield,Tapu Koko V,72/202,206050,Tapu Koko V,LINKED,1.00
pkm-sword-and-shield-73-202-f378f81a06,Sword and Shield,Yamper,73/202,208371,Yamper (073),SKIP_NAME_MISMATCH,0.50
pkm-sword-and-shield-74-202-7fcc594045,Sword and Shield,Yamper,74/202,208372,Yamper (074),SKIP_NAME_MISMATCH,0.50
pkm-sword-and-shield-75-202-7e33803e30,Sword and Shield,Boltund,75/202,208373,Boltund (075),SKIP_NAME_MISMATCH,0.50
pkm-sword-and-shield-76-202-ad96b7ad73,Sword and Shield,Boltund,76/202,208374,Boltund (076),SKIP_NAME_MISMATCH,0.50
pkm-sword-and-shield-77-202-8c41c05695,Sword and Shield,Pincurchin,77/202,208375,Pincurchin,LINKED,1.00
pkm-sword-and-shield-78-202-eccecd3912,Sword and Shield,Morpeko,78/202,208376,Morpeko,LINKED,1.00
pkm-sword-and-shield-79-202-8a1b27ea9f,Sword and Shield,Morpeko V,79/202,208377,Morpeko V,LINKED,1.00
pkm-sword-and-shield-80-202-f77cca6fbd,Sword and Shield,Morpeko VMAX,80/202,208380,Morpeko VMAX,LINKED,1.00
pkm-sword-and-shield-81-202-97fdcaaae0,Sword and Shield,Galarian Ponyta,81/202,206051,Galarian Ponyta,LINKED,1.00
pkm-sword-and-shield-82-202-9a6ffbaf1e,Sword and Shield,Galarian Rapidash,82/202,208387,Galarian Rapidash,LINKED,1.00
pkm-sword-and-shield-83-202-6c4df99523,Sword and Shield,Gastly,83/202,208388,Gastly,LINKED,1.00
pkm-sword-and-shield-84-202-3654e820ac,Sword and Shield,Haunter,84/202,208390,Haunter,LINKED,1.00
pkm-sword-and-shield-85-202-82a4e289eb,Sword and Shield,Gengar,85/202,208393,Gengar,LINKED,1.00
pkm-sword-and-shield-86-202-71bdfa586b,Sword and Shield,Wobbuffet V,86/202,208394,Wobbuffet V,LINKED,1.00
pkm-sword-and-shield-87-202-8af35b06fd,Sword and Shield,Munna,87/202,208396,Munna,LINKED,1.00
pkm-sword-and-shield-88-202-7a01a3ad12,Sword and Shield,Musharna,88/202,208397,Musharna,LINKED,1.00
pkm-sword-and-shield-89-202-27b8f0e926,Sword and Shield,Sinistea,89/202,208398,Sinistea,LINKED,1.00
pkm-sword-and-shield-90-202-fe477c9aad,Sword and Shield,Polteageist,90/202,208399,Polteageist,LINKED,1.00
pkm-sword-and-shield-91-202-192588588c,Sword and Shield,Indeedee V,91/202,206052,Indeedee V,LINKED,1.00
pkm-sword-and-shield-92-202-5feaddf319,Sword and Shield,Diglett,92/202,208401,Diglett,LINKED,1.00
pkm-sword-and-shield-93-202-6f04db5411,Sword and Shield,Dugtrio,93/202,208402,Dugtrio,LINKED,1.00
pkm-sword-and-shield-94-202-113ac2d682,Sword and Shield,Hitmonlee,94/202,208403,Hitmonlee,LINKED,1.00
pkm-sword-and-shield-95-202-a5ba0fb2f3,Sword and Shield,Hitmonchan,95/202,208404,Hitmonchan,LINKED,1.00
pkm-sword-and-shield-96-202-24b0e7a6f8,Sword and Shield,Rhyhorn,96/202,208405,Rhyhorn (096),SKIP_NAME_MISMATCH,0.50
pkm-sword-and-shield-97-202-5078da92d6,Sword and Shield,Rhyhorn,97/202,208406,Rhyhorn (097),SKIP_NAME_MISMATCH,0.50
pkm-sword-and-shield-98-202-5af0e40d9c,Sword and Shield,Rhydon,98/202,208407,Rhydon,LINKED,1.00
pkm-sword-and-shield-99-202-a550aa8e36,Sword and Shield,Rhyperior,99/202,208408,Rhyperior,LINKED,1.00
pkm-sword-and-shield-100-202-baf7693244,Sword and Shield,Sudowoodo,100/202,208409,Sudowoodo,LINKED,1.00
pkm-sword-and-shield-101-202-fecb64b334,Sword and Shield,Baltoy,101/202,208411,Baltoy (101),SKIP_NAME_MISMATCH,0.50
pkm-sword-and-shield-102-202-323258e576,Sword and Shield,Baltoy,102/202,208412,Baltoy (102),SKIP_NAME_MISMATCH,0.50
pkm-sword-and-shield-103-202-cbb8363ded,Sword and Shield,Claydol,103/202,208413,Claydol,LINKED,1.00
pkm-sword-and-shield-104-202-c4a7900870,Sword and Shield,Regirock V,104/202,206053,Regirock V,LINKED,1.00
pkm-sword-and-shield-105-202-2c7955648f,Sword and Shield,Mudbray,105/202,208414,Mudbray,LINKED,1.00
pkm-sword-and-shield-106-202-ae9ff5bd3b,Sword and Shield,Mudsdale,106/202,208415,Mudsdale,LINKED,1.00
pkm-sword-and-shield-107-202-f92b573123,Sword and Shield,Silicobra,107/202,208416,Silicobra (107),SKIP_NAME_MISMATCH,0.50
pkm-sword-and-shield-108-202-bf697d04a7,Sword and Shield,Silicobra,108/202,208417,Silicobra (108),SKIP_NAME_MISMATCH,0.50
pkm-sword-and-shield-109-202-40e31385dc,Sword and Shield,Sandaconda,109/202,208418,Sandaconda (109),SKIP_NAME_MISMATCH,0.50
pkm-sword-and-shield-110-202-47266e4cb9,Sword and Shield,Sandaconda,110/202,208419,Sandaconda (110),SKIP_NAME_MISMATCH,0.50
pkm-sword-and-shield-111-202-a5101fe580,Sword and Shield,Clobbopus,111/202,208420,Clobbopus (111),SKIP_NAME_MISMATCH,0.50
pkm-sword-and-shield-112-202-8221925ceb,Sword and Shield,Clobbopus,112/202,208421,Clobbopus (112),SKIP_NAME_MISMATCH,0.50
pkm-sword-and-shield-113-202-e0140d6b4c,Sword and Shield,Grapploct,113/202,208422,Grapploct,LINKED,1.00
pkm-sword-and-shield-114-202-080412e18a,Sword and Shield,Stonjourner,114/202,208423,Stonjourner,LINKED,1.00
pkm-sword-and-shield-115-202-b576b51c35,Sword and Shield,Stonjourner V,115/202,206054,Stonjourner V,LINKED,1.00
pkm-sword-and-shield-116-202-caa5e53c85,Sword and Shield,Stonjourner VMAX,116/202,208425,Stonjourner VMAX,LINKED,1.00
pkm-sword-and-shield-117-202-4591a595c0,Sword and Shield,Galarian Zigzagoon,117/202,208427,Galarian Zigzagoon,LINKED,1.00
pkm-sword-and-shield-118-202-1ad2188ff6,Sword and Shield,Galarian Linoone,118/202,208428,Galarian Linoone,LINKED,1.00
pkm-sword-and-shield-119-202-585bc8454f,Sword and Shield,Galarian Obstagoon,119/202,208429,Galarian Obstagoon,LINKED,1.00
pkm-sword-and-shield-120-202-657ba93f15,Sword and Shield,Sableye V,120/202,208430,Sableye V,LINKED,1.00
pkm-sword-and-shield-121-202-43f34abec4,Sword and Shield,Skorupi,121/202,208432,Skorupi,LINKED,1.00
pkm-sword-and-shield-122-202-32cc5e26ae,Sword and Shield,Drapion,122/202,208433,Drapion,LINKED,1.00
pkm-sword-and-shield-123-202-f9cba659ec,Sword and Shield,Croagunk,123/202,208434,Croagunk,LINKED,1.00
pkm-sword-and-shield-124-202-1c482d7a29,Sword and Shield,Toxicroak,124/202,208435,Toxicroak,LINKED,1.00
pkm-sword-and-shield-125-202-95eb7062f3,Sword and Shield,Nickit,125/202,208436,Nickit,LINKED,1.00
pkm-sword-and-shield-126-202-c7e74c0073,Sword and Shield,Thievul,126/202,208437,Thievul,LINKED,1.00
pkm-sword-and-shield-127-202-f53bf723e1,Sword and Shield,Galarian Meowth,127/202,208438,Galarian Meowth,LINKED,1.00
pkm-sword-and-shield-128-202-3621dbb69c,Sword and Shield,Galarian Perrserker,128/202,208439,Galarian Perrserker,LINKED,1.00
pkm-sword-and-shield-129-202-d774910c50,Sword and Shield,Mawile,129/202,208440,Mawile,LINKED,1.00
pkm-sword-and-shield-130-202-e5358973ed,Sword and Shield,Ferroseed,130/202,208441,Ferroseed,LINKED,1.00
pkm-sword-and-shield-131-202-5a866e099b,Sword and Shield,Ferrothorn,131/202,208442,Ferrothorn,LINKED,1.00
pkm-sword-and-shield-132-202-7d12f9d9d8,Sword and Shield,Galarian Stunfisk,132/202,208443,Galarian Stunfisk,LINKED,1.00
pkm-sword-and-shield-133-202-1cd06f0cf2,Sword and Shield,Pawniard,133/202,208444,Pawniard,LINKED,1.00
pkm-sword-and-shield-134-202-e0b939720b,Sword and Shield,Bisharp,134/202,208445,Bisharp,LINKED,1.00
pkm-sword-and-shield-135-202-f652626108,Sword and Shield,Corviknight,135/202,208446,Corviknight,LINKED,1.00
pkm-sword-and-shield-136-202-049ca06e60,Sword and Shield,Cufant,136/202,208447,Cufant,LINKED,1.00
pkm-sword-and-shield-137-202-1f4e49f34d,Sword and Shield,Copperajah,137/202,208448,Copperajah,LINKED,1.00
pkm-sword-and-shield-138-202-082f9afab3,Sword and Shield,Zacian V,138/202,206055,Zacian V,LINKED,1.00
pkm-sword-and-shield-139-202-5e53d06d08,Sword and Shield,Zamazenta V,139/202,206056,Zamazenta V,LINKED,1.00
pkm-sword-and-shield-140-202-ccc0b84a13,Sword and Shield,Snorlax,140/202,208456,Snorlax,LINKED,1.00
pkm-sword-and-shield-141-202-3207862978,Sword and Shield,Snorlax V,141/202,208457,Snorlax V,LINKED,1.00
pkm-sword-and-shield-142-202-86ba9a56b4,Sword and Shield,Snorlax VMAX,142/202,206057,Snorlax VMAX,LINKED,1.00
pkm-sword-and-shield-143-202-36798c337a,Sword and Shield,Hoothoot,143/202,208461,Hoothoot,LINKED,1.00
pkm-sword-and-shield-144-202-abec0518e7,Sword and Shield,Noctowl,144/202,208463,Noctowl,LINKED,1.00
pkm-sword-and-shield-145-202-195b640897,Sword and Shield,Minccino,145/202,208464,Minccino (145),SKIP_NAME_MISMATCH,0.50
pkm-sword-and-shield-146-202-fe6a35a2be,Sword and Shield,Minccino,146/202,208466,Minccino (146),SKIP_NAME_MISMATCH,0.50
pkm-sword-and-shield-147-202-45d9f80362,Sword and Shield,Cinccino,147/202,208467,Cinccino,LINKED,1.00
pkm-sword-and-shield-148-202-b31a06c0f2,Sword and Shield,Oranguru,148/202,208468,Oranguru,LINKED,1.00
pkm-sword-and-shield-149-202-b9aa4854e2,Sword and Shield,Drampa,149/202,208469,Drampa,LINKED,1.00
pkm-sword-and-shield-150-202-a4d3d99c6d,Sword and Shield,Rookidee,150/202,208471,Rookidee,LINKED,1.00
pkm-sword-and-shield-151-202-904736b954,Sword and Shield,Corvisquire,151/202,208472,Corvisquire,LINKED,1.00
pkm-sword-and-shield-152-202-5a5a1075c5,Sword and Shield,Wooloo,152/202,208473,Wooloo (152),SKIP_NAME_MISMATCH,0.50
pkm-sword-and-shield-153-202-742b5e97f9,Sword and Shield,Wooloo,153/202,208475,Wooloo (153),SKIP_NAME_MISMATCH,0.50
pkm-sword-and-shield-154-202-9879e86be2,Sword and Shield,Dubwool,154/202,208476,Dubwool,LINKED,1.00
pkm-sword-and-shield-155-202-bcf42ff43b,Sword and Shield,Cramorant V,155/202,208477,Cramorant V,LINKED,1.00
pkm-sword-and-shield-156-202-f82c373ecf,Sword and Shield,Air Balloon,156/202,208479,Air Balloon,LINKED,1.00
pkm-sword-and-shield-157-202-80447e5fbc,Sword and Shield,Bede,157/202,208481,Bede,LINKED,1.00
pkm-sword-and-shield-158-202-282045c040,Sword and Shield,Big Charm,158/202,208484,Big Charm,LINKED,1.00
pkm-sword-and-shield-159-202-5bb7bf1a43,Sword and Shield,Crushing Hammer,159/202,208485,Crushing Hammer,LINKED,1.00
pkm-sword-and-shield-160-202-eb60ecf91e,Sword and Shield,Energy Retrieval,160/202,208486,Energy Retrieval,LINKED,1.00
pkm-sword-and-shield-161-202-6717fce109,Sword and Shield,Energy Search,161/202,208487,Energy Search,LINKED,1.00
pkm-sword-and-shield-162-202-d2832489e8,Sword and Shield,Energy Switch,162/202,208488,Energy Switch,LINKED,1.00
pkm-sword-and-shield-163-202-b548b87fdc,Sword and Shield,Evolution Incense,163/202,208489,Evolution Incense,LINKED,1.00
pkm-sword-and-shield-164-202-dd25c49a64,Sword and Shield,Great Ball,164/202,208490,Great Ball,LINKED,1.00
pkm-sword-and-shield-165-202-99eef1c9de,Sword and Shield,Hop,165/202,208491,Hop,LINKED,1.00
pkm-sword-and-shield-166-202-722247725d,Sword and Shield,Hyper Potion,166/202,208492,Hyper Potion,LINKED,1.00
pkm-sword-and-shield-167-202-027fc2cba4,Sword and Shield,Lucky Egg,167/202,208493,Lucky Egg,LINKED,1.00
pkm-sword-and-shield-168-202-3e73ef8a1e,Sword and Shield,Lum Berry,168/202,208494,Lum Berry,LINKED,1.00
pkm-sword-and-shield-169-202-626b05bc7d,Sword and Shield,Marnie,169/202,208495,Marnie,LINKED,1.00
pkm-sword-and-shield-170-202-9301464aae,Sword and Shield,Metal Saucer,170/202,208498,Metal Saucer,LINKED,1.00
pkm-sword-and-shield-171-202-c521f43a8c,Sword and Shield,Ordinary Rod,171/202,208500,Ordinary Rod,LINKED,1.00
pkm-sword-and-shield-172-202-4dea858dd4,Sword and Shield,Pal Pad,172/202,208502,Pal Pad,LINKED,1.00
pkm-sword-and-shield-173-202-dd4a91756b,Sword and Shield,Poké Kid,173/202,208503,Poke Kid,LINKED,1.00
pkm-sword-and-shield-174-202-326b00cc96,Sword and Shield,Pokégear 3.0,174/202,208504,Pokegear 3.0,LINKED,1.00
pkm-sword-and-shield-175-202-d15ac248da,Sword and Shield,Pokémon Catcher,175/202,208505,Pokemon Catcher,LINKED,1.00
pkm-sword-and-shield-176-202-870d3c7fd1,Sword and Shield,Pokémon Center Lady,176/202,208506,Pokemon Center Lady,LINKED,1.00
pkm-sword-and-shield-177-202-0e3ed619d3,Sword and Shield,Potion,177/202,208507,Potion,LINKED,1.00
pkm-sword-and-shield-178-202-a8ecda4b46,Sword and Shield,Professor's Research (Professor Magnolia),178/202,208508,Professor's Research,SKIP_NAME_MISMATCH,0.75
pkm-sword-and-shield-179-202-7f2aaf71d6,Sword and Shield,Quick Ball,179/202,208511,Quick Ball,LINKED,1.00
pkm-sword-and-shield-180-202-8d221e95d9,Sword and Shield,Rare Candy,180/202,208513,Rare Candy,LINKED,1.00
pkm-sword-and-shield-181-202-5286a8c76a,Sword and Shield,Rotom Bike,181/202,208514,Rotom Bike,LINKED,1.00
pkm-sword-and-shield-182-202-f5e335347e,Sword and Shield,Sitrus Berry,182/202,208515,Sitrus Berry,LINKED,1.00
pkm-sword-and-shield-183-202-50f0386224,Sword and Shield,Switch,183/202,208516,Switch,LINKED,1.00
pkm-sword-and-shield-184-202-b718b61449,Sword and Shield,Team Yell Grunt,184/202,208517,Team Yell Grunt,LINKED,1.00
pkm-sword-and-shield-185-202-b9ed35c16f,Sword and Shield,Vitality Band,185/202,208520,Vitality Band,LINKED,1.00
pkm-sword-and-shield-186-202-ad28b67383,Sword and Shield,Aurora Energy,186/202,208521,Aurora Energy,LINKED,1.00
pkm-sword-and-shield-187-202-8ec7aee25d,Sword and Shield,Dhelmise V,187/202,208385,Dhelmise V (Full Art),LINKED,1.00
pkm-sword-and-shield-188-202-b546292936,Sword and Shield,Torkoal V,188/202,208410,Torkoal V (Full Art),LINKED,1.00
pkm-sword-and-shield-189-202-d7e18fb374,Sword and Shield,Lapras V,189/202,208364,Lapras V (Full Art),LINKED,1.00
pkm-sword-and-shield-190-202-c8d953655d,Sword and Shield,Morpeko V,190/202,208378,Morpeko V (Full Art),LINKED,1.00
pkm-sword-and-shield-191-202-2bf42e237e,Sword and Shield,Wobbuffet V,191/202,208395,Wobbuffet V (Full Art),LINKED,1.00
pkm-sword-and-shield-192-202-b233a2243d,Sword and Shield,Indeedee V,192/202,208400,Indeedee V (Full Art),LINKED,1.00
pkm-sword-and-shield-193-202-ab47d4e39d,Sword and Shield,Stonjourner V,193/202,208424,Stonjourner V (Full Art),LINKED,1.00
pkm-sword-and-shield-194-202-e8a3d317fe,Sword and Shield,Sableye V,194/202,208431,Sableye V (Full Art),LINKED,1.00
pkm-sword-and-shield-195-202-2ecd175e01,Sword and Shield,Zacian V,195/202,208449,Zacian V (Full Art),LINKED,1.00
pkm-sword-and-shield-196-202-10d0541834,Sword and Shield,Zamazenta V,196/202,208451,Zamazenta V (Full Art),LINKED,1.00
pkm-sword-and-shield-197-202-a02562aa39,Sword and Shield,Snorlax V,197/202,208458,Snorlax V (Full Art),LINKED,1.00
pkm-sword-and-shield-198-202-c1bcb5e342,Sword and Shield,Cramorant V,198/202,208478,Cramorant V (Full Art),LINKED,1.00
pkm-sword-and-shield-199-202-52084ef391,Sword and Shield,Bede,199/202,208482,Bede (Full Art),LINKED,1.00
pkm-sword-and-shield-200-202-5283a68e1e,Sword and Shield,Marnie,200/202,208496,Marnie (Full Art),LINKED,1.00
pkm-sword-and-shield-201-202-9e94b4f0a8,Sword and Shield,Professor's Research (Professor Magnolia),201/202,208509,Professor's Research (Full Art),SKIP_NAME_MISMATCH,0.75
pkm-sword-and-shield-202-202-0e6eeb1c89,Sword and Shield,Team Yell Grunt,202/202,208518,Team Yell Grunt (Full Art),LINKED,1.00
pkm-sword-and-shield-203-202-0bbfffe677,Sword and Shield,Lapras VMAX,203/202,208365,Lapras VMAX (Secret),LINKED,1.00
pkm-sword-and-shield-204-202-4495661792,Sword and Shield,Morpeko VMAX,204/202,208381,Morpeko VMAX (Secret),LINKED,1.00
pkm-sword-and-shield-205-202-3884768578,Sword and Shield,Stonjourner VMAX,205/202,208426,Stonjourner VMAX (Secret),LINKED,1.00
pkm-sword-and-shield-206-202-7625c57e8c,Sword and Shield,Snorlax VMAX,206/202,208459,Snorlax VMAX (Secret),LINKED,1.00
pkm-sword-and-shield-207-202-109bc4784a,Sword and Shield,Bede,207/202,208483,Bede (Secret),LINKED,1.00
pkm-sword-and-shield-208-202-accc14905c,Sword and Shield,Marnie,208/202,208497,Marnie (Secret),LINKED,1.00
pkm-sword-and-shield-209-202-1e30fc8990,Sword and Shield,Professor's Research (Professor Magnolia),209/202,208510,Professor's Research (Secret),SKIP_NAME_MISMATCH,0.75
pkm-sword-and-shield-210-202-39a9ad33c5,Sword and Shield,Team Yell Grunt,210/202,208519,Team Yell Grunt (Secret),LINKED,1.00
pkm-sword-and-shield-211-202-e5032c62ff,Sword and Shield,Zacian V,211/202,208450,Zacian V (Secret),LINKED,1.00
pkm-sword-and-shield-212-202-c0c308b250,Sword and Shield,Zamazenta V,212/202,208452,Zamazenta V (Secret),LINKED,1.00
pkm-sword-and-shield-213-202-c9758ea16b,Sword and Shield,Air Balloon,213/202,208480,Air Balloon (Secret),LINKED,1.00
pkm-sword-and-shield-214-202-bd7630fdfc,Sword and Shield,Metal Saucer,214/202,208499,Metal Saucer (Secret),LINKED,1.00
pkm-sword-and-shield-215-202-40e48ef6c7,Sword and Shield,Ordinary Rod,215/202,208501,Ordinary Rod (Secret),LINKED,1.00
pkm-sword-and-shield-216-202-a7d7f611e3,Sword and Shield,Quick Ball,216/202,208512,Quick Ball (Secret),LINKED,1.00
pkm-wizards-black-star-promos-1-53-18c0742931,Wizards Black Star Promos,Pikachu,1/53,121772,Pikachu (1),SKIP_NAME_MISMATCH,0.50
pkm-wizards-black-star-promos-1-53-18c0742931,Wizards Black Star Promos,Pikachu,1/53,88065,Pikachu (1) (Misprint),SKIP_NAME_MISMATCH,0.33
pkm-wizards-black-star-promos-1-53-18c0742931,Wizards Black Star Promos,Pikachu,1/53,154998,Aerodactyl (Prerelease),SKIP_NAME_MISMATCH,0.00
pkm-wizards-black-star-promos-1-53-18c0742931,Wizards Black Star Promos,Pikachu,1/53,154997,Clefable (Prerelease),SKIP_NAME_MISMATCH,0.00
pkm-wizards-black-star-promos-2-53-d8a3f73e67,Wizards Black Star Promos,Electabuzz,2/53,85107,Electabuzz (Movie Promo),SKIP_NAME_MISMATCH,0.50
pkm-wizards-black-star-promos-3-53-7ac3906f02,Wizards Black Star Promos,Mewtwo,3/53,87414,Mewtwo (Movie Promo),SKIP_NAME_MISMATCH,0.50
pkm-wizards-black-star-promos-4-53-737085b8b0,Wizards Black Star Promos,Pikachu,4/53,88066,Pikachu (Movie Promo),SKIP_NAME_MISMATCH,0.50
pkm-wizards-black-star-promos-5-53-58c037e548,Wizards Black Star Promos,Dragonite,5/53,84909,Dragonite (Movie Promo),SKIP_NAME_MISMATCH,0.50
pkm-wizards-black-star-promos-6-53-7a7d1430aa,Wizards Black Star Promos,Arcanine,6/53,83578,Arcanine,LINKED,1.00
pkm-wizards-black-star-promos-7-53-5d5712674b,Wizards Black Star Promos,Jigglypuff,7/53,86309,Jigglypuff,LINKED,1.00
pkm-wizards-black-star-promos-8-53-3fc871e21c,Wizards Black Star Promos,Mew,8/53,607818,Mew - 8 (Glossy Finish),SKIP_NAME_MISMATCH,0.25
pkm-wizards-black-star-promos-8-53-3fc871e21c,Wizards Black Star Promos,Mew,8/53,87394,Mew (8),SKIP_NAME_MISMATCH,0.50
pkm-wizards-black-star-promos-8-53-3fc871e21c,Wizards Black Star Promos,Mew,8/53,118775,Dark Gyarados (Prerelease),SKIP_NAME_MISMATCH,0.00
pkm-wizards-black-star-promos-9-53-ce1740d88a,Wizards Black Star Promos,Mew,9/53,123445,Misty's Seadra (Prerelease),SKIP_NAME_MISMATCH,0.00
pkm-wizards-black-star-promos-9-53-ce1740d88a,Wizards Black Star Promos,Mew,9/53,87395,Mew (9),SKIP_NAME_MISMATCH,0.50
pkm-wizards-black-star-promos-10-53-3030d21a62,Wizards Black Star Promos,Meowth,10/53,87309,Meowth,LINKED,1.00
pkm-wizards-black-star-promos-11-53-f09e669e60,Wizards Black Star Promos,Eevee,11/53,85074,Eevee,LINKED,1.00
pkm-wizards-black-star-promos-11-53-f09e669e60,Wizards Black Star Promos,Eevee,11/53,618732,Eevee (JR East Stamp Rally),SKIP_NAME_MISMATCH,0.25
pkm-wizards-black-star-promos-12-53-487a66bd56,Wizards Black Star Promos,Mewtwo,12/53,87416,Mewtwo (12),SKIP_NAME_MISMATCH,0.50
pkm-wizards-black-star-promos-13-53-93658abc8f,Wizards Black Star Promos,Venusaur,13/53,90311,Venusaur,LINKED,1.00
pkm-wizards-black-star-promos-14-53-89ae9fda53,Wizards Black Star Promos,Mewtwo,14/53,87417,Mewtwo (14),SKIP_NAME_MISMATCH,0.50
pkm-wizards-black-star-promos-15-53-d1aa86bd90,Wizards Black Star Promos,Cool Porygon,15/53,84422,Cool Porygon,LINKED,1.00
pkm-wizards-black-star-promos-16-53-36a3e3917e,Wizards Black Star Promos,Computer Error,16/53,84414,Computer Error (Rocket's Secret Machine),SKIP_NAME_MISMATCH,0.40
pkm-wizards-black-star-promos-17-53-ce0e4ebb87,Wizards Black Star Promos,Dark Persian,17/53,84638,Dark Persian,LINKED,1.00
pkm-wizards-black-star-promos-18-53-f2ebcfb646,Wizards Black Star Promos,Team Rocket's Meowth,18/53,89851,Team Rocket's Meowth,LINKED,1.00
pkm-wizards-black-star-promos-19-53-f28ca1ec25,Wizards Black Star Promos,Sabrina's Abra,19/53,88862,Sabrina's Abra,LINKED,1.00
pkm-wizards-black-star-promos-19-53-f28ca1ec25,Wizards Black Star Promos,Sabrina's Abra,19/53,126208,Dark Arbok [W Stamped],SKIP_NAME_MISMATCH,0.00
pkm-wizards-black-star-promos-20-53-53f455cbcf,Wizards Black Star Promos,Psyduck,20/53,88429,Psyduck,LINKED,1.00
pkm-wizards-black-star-promos-21-53-a24d353c90,Wizards Black Star Promos,Moltres,21/53,87557,Moltres,LINKED,1.00
pkm-wizards-black-star-promos-22-53-764aa516f5,Wizards Black Star Promos,Articuno,22/53,83647,Articuno (22),SKIP_NAME_MISMATCH,0.50
pkm-wizards-black-star-promos-23-53-aa0ea8b900,Wizards Black Star Promos,Zapdos,23/53,90713,Zapdos,LINKED,1.00
pkm-wizards-black-star-promos-24-53-751283e3c4,Wizards Black Star Promos,_____'s Pikachu,24/53,90784,______'s Pikachu,LINKED,1.00
pkm-wizards-black-star-promos-25-53-a160d42920,Wizards Black Star Promos,Flying Pikachu,25/53,85534,Flying Pikachu,LINKED,1.00
pkm-wizards-black-star-promos-26-53-3199aa00fc,Wizards Black Star Promos,Pikachu,26/53,88068,Pikachu (SNAP Promo),SKIP_NAME_MISMATCH,0.50
pkm-wizards-black-star-promos-27-53-d53478c463,Wizards Black Star Promos,Pikachu,27/53,88069,Pikachu (27),SKIP_NAME_MISMATCH,0.50
pkm-wizards-black-star-promos-28-53-52b816440a,Wizards Black Star Promos,Surfing Pikachu,28/53,89643,Surfing Pikachu,LINKED,1.00
pkm-wizards-black-star-promos-29-53-e30943b88a,Wizards Black Star Promos,Marill,29/53,87211,Marill,LINKED,1.00
pkm-wizards-black-star-promos-30-53-cac728f755,Wizards Black Star Promos,Togepi,30/53,89928,Togepi,LINKED,1.00
pkm-wizards-black-star-promos-31-53-92b786d8ab,Wizards Black Star Promos,Cleffa,31/53,84363,Cleffa,LINKED,1.00
pkm-wizards-black-star-promos-32-53-42bfe422b4,Wizards Black Star Promos,Smeargle,32/53,89353,Smeargle,LINKED,1.00
pkm-wizards-black-star-promos-32-53-42bfe422b4,Wizards Black Star Promos,Smeargle,32/53,180834,Dark Charmeleon [W Stamped],SKIP_NAME_MISMATCH,0.00
pkm-wizards-black-star-promos-33-53-fd491d505f,Wizards Black Star Promos,Scizor,33/53,88960,Scizor,LINKED,1.00
pkm-wizards-black-star-promos-34-53-0251ed19a5,Wizards Black Star Promos,Entei,34/53,85270,Entei,LINKED,1.00
pkm-wizards-black-star-promos-35-53-3a0304cf47,Wizards Black Star Promos,Pichu,35/53,88014,Pichu,LINKED,1.00
pkm-wizards-black-star-promos-36-53-dde040394f,Wizards Black Star Promos,Igglybuff,36/53,86259,Igglybuff,LINKED,1.00
pkm-wizards-black-star-promos-37-53-fb65544bae,Wizards Black Star Promos,Hitmontop,37/53,123632,Brock's Vulpix [W Stamped],SKIP_NAME_MISMATCH,0.00
pkm-wizards-black-star-promos-37-53-fb65544bae,Wizards Black Star Promos,Hitmontop,37/53,86112,Hitmontop,LINKED,1.00
pkm-wizards-black-star-promos-38-53-ac19ad7578,Wizards Black Star Promos,Unown [J],38/53,90215,Unown [J],LINKED,1.00
pkm-wizards-black-star-promos-39-53-60577b8404,Wizards Black Star Promos,Misdreavus,39/53,87503,Misdreavus,LINKED,1.00
pkm-wizards-black-star-promos-40-53-6e1c4ea5c0,Wizards Black Star Promos,Pokémon Center,40/53,88213,Pokemon Center,LINKED,1.00
pkm-wizards-black-star-promos-41-53-7b822854b5,Wizards Black Star Promos,Lucky Stadium,41/53,86894,Lucky Stadium,LINKED,1.00
pkm-wizards-black-star-promos-42-53-390622cb38,Wizards Black Star Promos,Pokémon Tower,42/53,88240,Pokemon Tower,LINKED,1.00
pkm-wizards-black-star-promos-43-53-90cb93b620,Wizards Black Star Promos,Machamp,43/53,86961,Machamp,LINKED,1.00
pkm-wizards-black-star-promos-44-53-353d5151ef,Wizards Black Star Promos,Magmar,44/53,87043,Magmar,LINKED,1.00
pkm-wizards-black-star-promos-45-53-f311e0ae11,Wizards Black Star Promos,Scyther,45/53,88993,Scyther,LINKED,1.00
pkm-wizards-black-star-promos-46-53-e20f3c7a88,Wizards Black Star Promos,Electabuzz,46/53,85111,Electabuzz,LINKED,1.00
pkm-wizards-black-star-promos-47-53-1f53adfef0,Wizards Black Star Promos,Mew,47/53,87397,Mew (47),SKIP_NAME_MISMATCH,0.50
pkm-wizards-black-star-promos-48-53-fa68227394,Wizards Black Star Promos,Articuno,48/53,83648,Articuno (48),SKIP_NAME_MISMATCH,0.50
pkm-wizards-black-star-promos-49-53-b25c85ffbe,Wizards Black Star Promos,Snorlax,49/53,89385,Snorlax,LINKED,1.00
pkm-wizards-black-star-promos-50-53-b5051ba7e9,Wizards Black Star Promos,Celebi,50/53,84143,Celebi,LINKED,1.00
pkm-wizards-black-star-promos-50-53-b5051ba7e9,Wizards Black Star Promos,Celebi,50/53,123631,Kabuto [W Stamped],SKIP_NAME_MISMATCH,0.00
pkm-wizards-black-star-promos-51-53-eeaeae17bd,Wizards Black Star Promos,Rapidash,51/53,88575,Rapidash (51),SKIP_NAME_MISMATCH,0.50
pkm-wizards-black-star-promos-51-53-eeaeae17bd,Wizards Black Star Promos,Rapidash,51/53,244347,Rapidash [Pokemon Center NY],SKIP_NAME_MISMATCH,0.25
pkm-wizards-black-star-promos-52-53-2acf2f1adb,Wizards Black Star Promos,Ho-oh,52/53,86120,Ho-oh,LINKED,1.00
pkm-wizards-black-star-promos-52-53-2acf2f1adb,Wizards Black Star Promos,Ho-oh,52/53,244348,Ho-oh [Pokemon Center NY],SKIP_NAME_MISMATCH,0.40
pkm-wizards-black-star-promos-53-53-f168224cfc,Wizards Black Star Promos,Suicune,53/53,89601,Suicune,LINKED,1.00
pkm-bw-black-star-promos-bw01-101-425906d511,BW Black Star Promos,Snivy,BW01/101,89377,Snivy - BW01,SKIP_NAME_MISMATCH,0.50
pkm-bw-black-star-promos-bw02-101-dee01b457f,BW Black Star Promos,Tepig,BW02/101,89881,Tepig (BW02),SKIP_NAME_MISMATCH,0.50
pkm-bw-black-star-promos-bw03-101-f395159513,BW Black Star Promos,Oshawott,BW03/101,87892,Oshawott - BW03,SKIP_NAME_MISMATCH,0.50
pkm-bw-black-star-promos-bw004-101-ca7c195eaa,BW Black Star Promos,Reshiram,BW004/101,88705,Reshiram - BW004,SKIP_NAME_MISMATCH,0.50
pkm-bw-black-star-promos-bw005-101-4c1c5ee48d,BW Black Star Promos,Zekrom,BW005/101,90733,Zekrom - BW005,SKIP_NAME_MISMATCH,0.50
pkm-bw-black-star-promos-bw06-101-69da14f4ce,BW Black Star Promos,Snivy,BW06/101,89379,Snivy - BW06,SKIP_NAME_MISMATCH,0.50
pkm-bw-black-star-promos-bw07-101-b3f2800728,BW Black Star Promos,Tepig,BW07/101,89883,Tepig - BW07,SKIP_NAME_MISMATCH,0.50
pkm-bw-black-star-promos-bw08-101-42a037e8c1,BW Black Star Promos,Oshawott,BW08/101,87894,Oshawott - BW08,SKIP_NAME_MISMATCH,0.50
pkm-bw-black-star-promos-bw09-101-91b0b5979f,BW Black Star Promos,Zoroark,BW09/101,90751,Zoroark - BW09,SKIP_NAME_MISMATCH,0.50
pkm-bw-black-star-promos-bw10-101-476ad80900,BW Black Star Promos,Axew,BW10/101,83666,Axew - BW10,SKIP_NAME_MISMATCH,0.50
pkm-bw-black-star-promos-bw11-101-821c0cba76,BW Black Star Promos,Pansage,BW11/101,87934,Pansage - BW11,SKIP_NAME_MISMATCH,0.50
pkm-bw-black-star-promos-bw12-101-10ec07a6e1,BW Black Star Promos,Zorua,BW12/101,90760,Zorua - BW12,SKIP_NAME_MISMATCH,0.50
pkm-bw-black-star-promos-bw13-101-5bb2beda48,BW Black Star Promos,Minccino,BW13/101,87475,Minccino - BW13 (Cosmos Holo),SKIP_NAME_MISMATCH,0.50
pkm-bw-black-star-promos-bw13-101-5bb2beda48,BW Black Star Promos,Minccino,BW13/101,96881,Minccino - BW13 (Cracked Ice Holo),SKIP_NAME_MISMATCH,0.20
pkm-bw-black-star-promos-bw14-101-a487d30333,BW Black Star Promos,Pansage,BW14/101,87935,Pansage - BW14,SKIP_NAME_MISMATCH,0.50
pkm-bw-black-star-promos-bw15-101-4c22bea2c3,BW Black Star Promos,Pidove,BW15/101,88057,Pidove - BW15,SKIP_NAME_MISMATCH,0.50
pkm-bw-black-star-promos-bw16-101-bc2bfb5519,BW Black Star Promos,Axew,BW16/101,83667,Axew - BW16,SKIP_NAME_MISMATCH,0.50
pkm-bw-black-star-promos-bw17-101-ad2d5c41b2,BW Black Star Promos,Ducklett,BW17/101,84992,Ducklett - BW17,SKIP_NAME_MISMATCH,0.50
pkm-bw-black-star-promos-bw18-101-038ce70fda,BW Black Star Promos,Darumaka,BW18/101,84720,Darumaka - BW18,SKIP_NAME_MISMATCH,0.50
pkm-bw-black-star-promos-bw19-101-13c578b325,BW Black Star Promos,Zoroark,BW19/101,90752,Zoroark - BW19,SKIP_NAME_MISMATCH,0.50
pkm-bw-black-star-promos-bw20-101-6d9096ad87,BW Black Star Promos,Serperior,BW20/101,89071,Serperior - BW20,SKIP_NAME_MISMATCH,0.50
pkm-bw-black-star-promos-bw21-101-9bffe67f7a,BW Black Star Promos,Emboar,BW21/101,85183,Emboar - BW21,SKIP_NAME_MISMATCH,0.50
pkm-bw-black-star-promos-bw22-101-ebff63e1ae,BW Black Star Promos,Samurott,BW22/101,88909,Samurott - BW22,SKIP_NAME_MISMATCH,0.50
pkm-bw-black-star-promos-bw23-101-cca2f97da7,BW Black Star Promos,Reshiram,BW23/101,88706,Reshiram - BW23,SKIP_NAME_MISMATCH,0.50
pkm-bw-black-star-promos-bw24-101-edaf4719e5,BW Black Star Promos,Zekrom,BW24/101,90734,Zekrom - BW24,SKIP_NAME_MISMATCH,0.50
pkm-bw-black-star-promos-bw25-101-b23b4d7ced,BW Black Star Promos,Scraggy,BW25/101,88982,Scraggy - BW25 (Cosmos Holo),SKIP_NAME_MISMATCH,0.50
pkm-bw-black-star-promos-bw25-101-b23b4d7ced,BW Black Star Promos,Scraggy,BW25/101,96882,Scraggy - BW25 (Cracked Ice Holo),SKIP_NAME_MISMATCH,0.20
pkm-bw-black-star-promos-bw26-101-ecb8a1cc2b,BW Black Star Promos,Axew,BW26/101,83669,Axew - BW26,SKIP_NAME_MISMATCH,0.50
pkm-bw-black-star-promos-bw27-101-c9e5444e17,BW Black Star Promos,Litwick,BW27/101,86810,Litwick - BW27,SKIP_NAME_MISMATCH,0.50
pkm-bw-black-star-promos-bw28-101-046004a973,BW Black Star Promos,Tropical Beach,BW28/101,90048,Tropical Beach - BW28 (Worlds 11),SKIP_NAME_MISMATCH,0.40
pkm-bw-black-star-promos-bw28-101-046004a973,BW Black Star Promos,Tropical Beach,BW28/101,96873,Tropical Beach - BW28 (Worlds 11) [Finalist],SKIP_NAME_MISMATCH,0.33
pkm-bw-black-star-promos-bw28-101-046004a973,BW Black Star Promos,Tropical Beach,BW28/101,96871,Tropical Beach - BW28 (Worlds 11) [Quarter-Finalist],SKIP_NAME_MISMATCH,0.29
pkm-bw-black-star-promos-bw28-101-046004a973,BW Black Star Promos,Tropical Beach,BW28/101,96872,Tropical Beach - BW28 (Worlds 11) [Semi Finalist],SKIP_NAME_MISMATCH,0.29
pkm-bw-black-star-promos-bw28-101-046004a973,BW Black Star Promos,Tropical Beach,BW28/101,96874,Tropical Beach - BW28 (Worlds 11) [Staff],SKIP_NAME_MISMATCH,0.40
pkm-bw-black-star-promos-bw28-101-046004a973,BW Black Star Promos,Tropical Beach,BW28/101,96870,Tropical Beach - BW28 (Worlds 11) [Top 16],SKIP_NAME_MISMATCH,0.29
pkm-bw-black-star-promos-bw28-101-046004a973,BW Black Star Promos,Tropical Beach,BW28/101,96869,Tropical Beach - BW28 (Worlds 11) [Top 32],SKIP_NAME_MISMATCH,0.29
pkm-bw-black-star-promos-bw29-101-e6ee3aa8f5,BW Black Star Promos,Victory Cup,BW29/101,90355,Victory Cup - BW29 (Battle Road Autumn 2011) [3rd Place],SKIP_NAME_MISMATCH,0.22
pkm-bw-black-star-promos-bw29-101-e6ee3aa8f5,BW Black Star Promos,Victory Cup,BW29/101,96862,Victory Cup - BW29 (Battle Road Autumn 2012) [3rd Place],SKIP_NAME_MISMATCH,0.22
pkm-bw-black-star-promos-bw29-101-e6ee3aa8f5,BW Black Star Promos,Victory Cup,BW29/101,96863,Victory Cup - BW29 (Battle Road Spring 2012) [3rd Place],SKIP_NAME_MISMATCH,0.22
pkm-bw-black-star-promos-bw29-101-e6ee3aa8f5,BW Black Star Promos,Victory Cup,BW29/101,96868,Victory Cup - BW29 (Battle Road Spring 2013) [3rd Place],SKIP_NAME_MISMATCH,0.22
pkm-bw-black-star-promos-bw30-101-ff68752185,BW Black Star Promos,Victory Cup,BW30/101,90354,Victory Cup - BW30 (Battle Road Autumn 2011) [2nd Place],SKIP_NAME_MISMATCH,0.22
pkm-bw-black-star-promos-bw30-101-ff68752185,BW Black Star Promos,Victory Cup,BW30/101,96861,Victory Cup - BW30 (Battle Road Autumn 2012) [2nd Place],SKIP_NAME_MISMATCH,0.22
pkm-bw-black-star-promos-bw30-101-ff68752185,BW Black Star Promos,Victory Cup,BW30/101,96864,Victory Cup - BW30 (Battle Road Spring 2012) [2nd Place],SKIP_NAME_MISMATCH,0.22
pkm-bw-black-star-promos-bw30-101-ff68752185,BW Black Star Promos,Victory Cup,BW30/101,96867,Victory Cup - BW30 (Battle Road Spring 2013) [2nd Place],SKIP_NAME_MISMATCH,0.22
pkm-bw-black-star-promos-bw31-101-a7fe090f95,BW Black Star Promos,Victory Cup,BW31/101,90353,Victory Cup - BW31 (Battle Road Autumn 2011) [1st Place],SKIP_NAME_MISMATCH,0.22
pkm-bw-black-star-promos-bw31-101-a7fe090f95,BW Black Star Promos,Victory Cup,BW31/101,96860,Victory Cup - BW31 (Battle Road Autumn 2012) [1st Place],SKIP_NAME_MISMATCH,0.22
pkm-bw-black-star-promos-bw31-101-a7fe090f95,BW Black Star Promos,Victory Cup,BW31/101,96865,Victory Cup - BW31 (Battle Road Spring 2012) [1st Place],SKIP_NAME_MISMATCH,0.22
pkm-bw-black-star-promos-bw31-101-a7fe090f95,BW Black Star Promos,Victory Cup,BW31/101,96866,Victory Cup - BW31 (Battle Road Spring 2013) [1st Place],SKIP_NAME_MISMATCH,0.22
pkm-bw-black-star-promos-bw32-101-b0c13247ee,BW Black Star Promos,Victini,BW32/101,,,NO_CANDIDATE,
pkm-bw-black-star-promos-bw33-101-03e552e4b8,BW Black Star Promos,Riolu,BW33/101,96883,Riolu - BW33,SKIP_NAME_MISMATCH,0.50
pkm-bw-black-star-promos-bw33-101-03e552e4b8,BW Black Star Promos,Riolu,BW33/101,88760,Riolu - BW33 (Cosmos Holo),SKIP_NAME_MISMATCH,0.50
pkm-bw-black-star-promos-bw34-101-8afc66db44,BW Black Star Promos,Luxio,BW34/101,86945,Luxio - BW34 (Cosmos Holo),SKIP_NAME_MISMATCH,0.50
pkm-bw-black-star-promos-bw34-101-8afc66db44,BW Black Star Promos,Luxio,BW34/101,96884,Luxio - BW34 (Cracked Ice Holo),SKIP_NAME_MISMATCH,0.20
pkm-bw-black-star-promos-bw35-101-29a2c2018e,BW Black Star Promos,Meowth,BW35/101,87327,Meowth - BW35,SKIP_NAME_MISMATCH,0.50
pkm-bw-black-star-promos-bw36-101-6f6ff058a5,BW Black Star Promos,Reshiram-EX,BW36/101,88714,Reshiram EX - BW36,SKIP_NAME_MISMATCH,0.67
pkm-bw-black-star-promos-bw37-101-3589f847dc,BW Black Star Promos,Kyurem-EX,BW37/101,86567,Kyurem EX - BW37,SKIP_NAME_MISMATCH,0.67
pkm-bw-black-star-promos-bw38-101-812978cd2b,BW Black Star Promos,Zekrom-EX,BW38/101,90741,Zekrom EX - BW38,SKIP_NAME_MISMATCH,0.67
pkm-bw-black-star-promos-bw39-101-2ec0b5c697,BW Black Star Promos,Battle City,BW39/101,83739,Battle City - BW39,SKIP_NAME_MISMATCH,0.67
pkm-bw-black-star-promos-bw40-101-caa113e7f8,BW Black Star Promos,Volcarona,BW40/101,90403,Volcarona - BW40 (Prerelease),SKIP_NAME_MISMATCH,0.50
pkm-bw-black-star-promos-bw40-101-caa113e7f8,BW Black Star Promos,Volcarona,BW40/101,97093,Volcarona - BW40 (Prerelease) [Staff],SKIP_NAME_MISMATCH,0.50
pkm-bw-black-star-promos-bw41-101-f37440f72c,BW Black Star Promos,Thundurus,BW41/101,89904,Thundurus - BW41,SKIP_NAME_MISMATCH,0.50
pkm-bw-black-star-promos-bw42-101-4141fc2eba,BW Black Star Promos,Tornadus,BW42/101,89975,Tornadus - BW42,SKIP_NAME_MISMATCH,0.50
pkm-bw-black-star-promos-bw43-101-74da346e98,BW Black Star Promos,Landorus,BW43/101,86592,Landorus - BW43,SKIP_NAME_MISMATCH,0.50
pkm-bw-black-star-promos-bw44-101-180dcc58c7,BW Black Star Promos,Kyurem,BW44/101,86562,Kyurem - BW44,SKIP_NAME_MISMATCH,0.50
pkm-bw-black-star-promos-bw45-101-93f44c2d9a,BW Black Star Promos,Mewtwo-EX,BW45/101,87430,Mewtwo EX - BW45,SKIP_NAME_MISMATCH,0.67
pkm-bw-black-star-promos-bw46-101-83fc4f867d,BW Black Star Promos,Darkrai-EX,BW46/101,84707,Darkrai EX - BW46,SKIP_NAME_MISMATCH,0.67
pkm-bw-black-star-promos-bw47-101-87d3d99057,BW Black Star Promos,Rayquaza-EX,BW47/101,88646,Rayquaza EX -BW47,SKIP_NAME_MISMATCH,0.67
pkm-bw-black-star-promos-bw48-101-1e7b647233,BW Black Star Promos,Altaria,BW48/101,83520,Altaria - BW48 (Prerelease),SKIP_NAME_MISMATCH,0.50
pkm-bw-black-star-promos-bw48-101-1e7b647233,BW Black Star Promos,Altaria,BW48/101,96566,Altaria - BW48 (Prerelease) [Staff],SKIP_NAME_MISMATCH,0.50
pkm-bw-black-star-promos-bw49-101-44047ffdea,BW Black Star Promos,Lilligant,BW49/101,86795,Lilligant - BW49,SKIP_NAME_MISMATCH,0.50
pkm-bw-black-star-promos-bw50-101-aefcbb9233,BW Black Star Promos,Tropical Beach,BW50/101,90049,Tropical Beach - BW50 (Worlds 12),SKIP_NAME_MISMATCH,0.40
pkm-bw-black-star-promos-bw50-101-aefcbb9233,BW Black Star Promos,Tropical Beach,BW50/101,96879,Tropical Beach - BW50 (Worlds 12) [Finalist],SKIP_NAME_MISMATCH,0.33
pkm-bw-black-star-promos-bw50-101-aefcbb9233,BW Black Star Promos,Tropical Beach,BW50/101,96877,Tropical Beach - BW50 (Worlds 12) [Quarter-Finalist],SKIP_NAME_MISMATCH,0.29
pkm-bw-black-star-promos-bw50-101-aefcbb9233,BW Black Star Promos,Tropical Beach,BW50/101,96878,Tropical Beach - BW50 (Worlds 12) [Semi-Finalist],SKIP_NAME_MISMATCH,0.29
pkm-bw-black-star-promos-bw50-101-aefcbb9233,BW Black Star Promos,Tropical Beach,BW50/101,96880,Tropical Beach - BW50 (Worlds 12) [Staff],SKIP_NAME_MISMATCH,0.40
pkm-bw-black-star-promos-bw50-101-aefcbb9233,BW Black Star Promos,Tropical Beach,BW50/101,96876,Tropical Beach - BW50 (Worlds 12) [Top 16],SKIP_NAME_MISMATCH,0.29
pkm-bw-black-star-promos-bw50-101-aefcbb9233,BW Black Star Promos,Tropical Beach,BW50/101,96875,Tropical Beach - BW50 (Worlds 12) [Top 32],SKIP_NAME_MISMATCH,0.29
pkm-bw-black-star-promos-bw51-101-2d840f7412,BW Black Star Promos,Crobat,BW51/101,84492,Crobat - BW51 (Team Plasma) (Prerelease),SKIP_NAME_MISMATCH,0.25
pkm-bw-black-star-promos-bw51-101-2d840f7412,BW Black Star Promos,Crobat,BW51/101,96573,Crobat - BW51 (Team Plasma) (Prerelease) [Staff],SKIP_NAME_MISMATCH,0.25
pkm-bw-black-star-promos-bw52-101-7d10915d07,BW Black Star Promos,Lillipup,BW52/101,86801,Lillipup - BW52,SKIP_NAME_MISMATCH,0.50
pkm-bw-black-star-promos-bw53-101-2a52ceba6f,BW Black Star Promos,Flygon,BW53/101,85528,Flygon - BW53 (Prerelease),SKIP_NAME_MISMATCH,0.50
pkm-bw-black-star-promos-bw53-101-2a52ceba6f,BW Black Star Promos,Flygon,BW53/101,96574,Flygon - BW53 (Prerelease) [Staff],SKIP_NAME_MISMATCH,0.50
pkm-bw-black-star-promos-bw54-101-7c4c2e81a7,BW Black Star Promos,Pikachu,BW54/101,202379,Pikachu - BW54,SKIP_NAME_MISMATCH,0.50
pkm-bw-black-star-promos-bw55-101-faca588acd,BW Black Star Promos,Elgyem,BW55/101,85178,Elgyem - BW55,SKIP_NAME_MISMATCH,0.50
pkm-bw-black-star-promos-bw56-101-7f990e1ae8,BW Black Star Promos,Empoleon,BW56/101,85202,Empoleon - BW56,SKIP_NAME_MISMATCH,0.50
pkm-bw-black-star-promos-bw57-101-5630593c04,BW Black Star Promos,Haxorus,BW57/101,86035,Haxorus - BW57,SKIP_NAME_MISMATCH,0.50
pkm-bw-black-star-promos-bw58-101-a5850759a2,BW Black Star Promos,Black Kyurem,BW58/101,83852,Black Kyurem - BW58,SKIP_NAME_MISMATCH,0.67
pkm-bw-black-star-promos-bw59-101-12746f8ac6,BW Black Star Promos,White Kyurem,BW59/101,90587,White Kyurem - BW59,SKIP_NAME_MISMATCH,0.67
pkm-bw-black-star-promos-bw60-101-fddb3bc596,BW Black Star Promos,Keldeo,BW60/101,96885,Keldeo - BW60,SKIP_NAME_MISMATCH,0.50
pkm-bw-black-star-promos-bw61-101-5ec052370a,BW Black Star Promos,Keldeo-EX,BW61/101,86437,Keldeo EX - BW61,SKIP_NAME_MISMATCH,0.67
pkm-bw-black-star-promos-bw62-101-0a9211d27e,BW Black Star Promos,Black Kyurem-EX,BW62/101,83855,Black Kyurem EX - BW62,SKIP_NAME_MISMATCH,0.75
pkm-bw-black-star-promos-bw63-101-677c260851,BW Black Star Promos,White Kyurem-EX,BW63/101,90590,White Kyurem EX - BW63,SKIP_NAME_MISMATCH,0.75
pkm-bw-black-star-promos-bw64-101-4a18382d5d,BW Black Star Promos,Drifblim,BW64/101,84950,Drifblim - BW64,SKIP_NAME_MISMATCH,0.50
pkm-bw-black-star-promos-bw65-101-5788e9467c,BW Black Star Promos,Jigglypuff,BW65/101,86321,Jigglypuff - BW65,SKIP_NAME_MISMATCH,0.50
pkm-bw-black-star-promos-bw66-101-c3f3d8dfa9,BW Black Star Promos,Ninetales,BW66/101,87779,Ninetales - BW66,SKIP_NAME_MISMATCH,0.50
pkm-bw-black-star-promos-bw67-101-80c03c2cd8,BW Black Star Promos,Ampharos,BW67/101,83548,Ampharos - BW67,SKIP_NAME_MISMATCH,0.50
pkm-bw-black-star-promos-bw68-101-0651a42d48,BW Black Star Promos,Meloetta,BW68/101,87300,Meloetta - BW68,SKIP_NAME_MISMATCH,0.50
pkm-bw-black-star-promos-bw69-101-cafdc7859a,BW Black Star Promos,Meloetta,BW69/101,87301,Meloetta - BW69,SKIP_NAME_MISMATCH,0.50
pkm-bw-black-star-promos-bw70-101-661d146188,BW Black Star Promos,Virizion,BW70/101,90389,Virizion - BW70,SKIP_NAME_MISMATCH,0.50
pkm-bw-black-star-promos-bw71-101-bde7d6a0b6,BW Black Star Promos,Terrakion,BW71/101,89889,Terrakion - BW71,SKIP_NAME_MISMATCH,0.50
pkm-bw-black-star-promos-bw72-101-05ab409577,BW Black Star Promos,Cobalion,BW72/101,84379,Cobalion - BW72,SKIP_NAME_MISMATCH,0.50
pkm-bw-black-star-promos-bw73-101-1149340393,BW Black Star Promos,Darkrai,BW73/101,84703,Darkrai (Team Plasma) - BW73,SKIP_NAME_MISMATCH,0.25
pkm-bw-black-star-promos-bw74-101-bb7e3d9d05,BW Black Star Promos,Giratina,BW74/101,,,NO_CANDIDATE,
pkm-bw-black-star-promos-bw75-101-bf34016bc4,BW Black Star Promos,Metagross,BW75/101,87344,Metagross - BW75 (Team Plasma) (Prerelease),SKIP_NAME_MISMATCH,0.25
pkm-bw-black-star-promos-bw75-101-bf34016bc4,BW Black Star Promos,Metagross,BW75/101,97090,Metagross - BW75 (Team Plasma) (Prerelease) [Staff],SKIP_NAME_MISMATCH,0.25
pkm-bw-black-star-promos-bw76-101-33b1460de2,BW Black Star Promos,Electrode,BW76/101,85164,Electrode (Team Plasma) - BW76,SKIP_NAME_MISMATCH,0.25
pkm-bw-black-star-promos-bw77-101-bf2a714ae1,BW Black Star Promos,Pikachu,BW77/101,,,NO_CANDIDATE,
pkm-bw-black-star-promos-bw78-101-366c9fd88f,BW Black Star Promos,Raichu,BW78/101,,,NO_CANDIDATE,
pkm-bw-black-star-promos-bw79-101-9c087fcae4,BW Black Star Promos,Landorus,BW79/101,86594,Landorus (Team Plasma) - BW79,SKIP_NAME_MISMATCH,0.25
pkm-bw-black-star-promos-bw80-101-a4801075ad,BW Black Star Promos,Druddigon,BW80/101,84983,Druddigon (Team Plasma) - BW80,SKIP_NAME_MISMATCH,0.25
pkm-bw-black-star-promos-bw80-101-a4801075ad,BW Black Star Promos,Druddigon,BW80/101,242032,Druddigon (Team Plasma) - BW80 (Cosmos Holo),SKIP_NAME_MISMATCH,0.25
pkm-bw-black-star-promos-bw81-101-1b90ce38c5,BW Black Star Promos,Thundurus-EX,BW81/101,89908,Thundurus EX (Team Plasma) - BW81,SKIP_NAME_MISMATCH,0.40
pkm-bw-black-star-promos-bw82-101-0db073f35a,BW Black Star Promos,Deoxys-EX,BW82/101,84776,Deoxys EX (Team Plasma) - BW82,SKIP_NAME_MISMATCH,0.40
pkm-bw-black-star-promos-bw83-101-8232d9e1fe,BW Black Star Promos,Lugia-EX,BW83/101,86914,Lugia EX (Team Plasma) - BW83,SKIP_NAME_MISMATCH,0.40
pkm-bw-black-star-promos-bw84-101-6e9f154e0c,BW Black Star Promos,Porygon-Z,BW84/101,88318,Porygon-Z (Team Plasma) - BW84 (Prerelease),SKIP_NAME_MISMATCH,0.40
pkm-bw-black-star-promos-bw84-101-6e9f154e0c,BW Black Star Promos,Porygon-Z,BW84/101,97091,Porygon-Z (Team Plasma) - BW84 (Prerelease) [Staff],SKIP_NAME_MISMATCH,0.40
pkm-bw-black-star-promos-bw85-101-5f842a615f,BW Black Star Promos,Lucario,BW85/101,86885,Lucario - BW85,SKIP_NAME_MISMATCH,0.50
pkm-bw-black-star-promos-bw86-101-465400cf66,BW Black Star Promos,Genesect,BW86/101,85664,Genesect (Team Plasma) - BW86,SKIP_NAME_MISMATCH,0.25
pkm-bw-black-star-promos-bw87-101-a5a6fdd4c7,BW Black Star Promos,Leafeon,BW87/101,91600,Leafeon - BW87,SKIP_NAME_MISMATCH,0.50
pkm-bw-black-star-promos-bw88-101-04cb7e8667,BW Black Star Promos,Flareon,BW88/101,91599,Flareon - BW88,SKIP_NAME_MISMATCH,0.50
pkm-bw-black-star-promos-bw89-101-dd311125fc,BW Black Star Promos,Vaporeon,BW89/101,90289,Vaporeon - BW89,SKIP_NAME_MISMATCH,0.50
pkm-bw-black-star-promos-bw90-101-1d3c8572f0,BW Black Star Promos,Glaceon,BW90/101,85748,Glaceon - BW90,SKIP_NAME_MISMATCH,0.50
pkm-bw-black-star-promos-bw91-101-9e1dabb9a5,BW Black Star Promos,Jolteon,BW91/101,86348,Jolteon - BW91,SKIP_NAME_MISMATCH,0.50
pkm-bw-black-star-promos-bw92-101-4160237b74,BW Black Star Promos,Espeon,BW92/101,85326,Espeon - BW92,SKIP_NAME_MISMATCH,0.50
pkm-bw-black-star-promos-bw93-101-b0376e87bb,BW Black Star Promos,Umbreon,BW93/101,90150,Umbreon - BW93,SKIP_NAME_MISMATCH,0.50
pkm-bw-black-star-promos-bw94-101-70e7bab5bb,BW Black Star Promos,Eevee,BW94/101,85095,Eevee - BW94,SKIP_NAME_MISMATCH,0.50
pkm-bw-black-star-promos-bw95-101-d264c58fb9,BW Black Star Promos,Champions Festival,BW95/101,84162,Champions Festival - BW95 (Worlds 13),SKIP_NAME_MISMATCH,0.40
pkm-bw-black-star-promos-bw95-101-d264c58fb9,BW Black Star Promos,Champions Festival,BW95/101,97089,Champions Festival - BW95 (Worlds 13) [Champion],SKIP_NAME_MISMATCH,0.33
pkm-bw-black-star-promos-bw95-101-d264c58fb9,BW Black Star Promos,Champions Festival,BW95/101,96571,Champions Festival - BW95 (Worlds 13) [Finalist],SKIP_NAME_MISMATCH,0.33
pkm-bw-black-star-promos-bw95-101-d264c58fb9,BW Black Star Promos,Champions Festival,BW95/101,96569,Champions Festival - BW95 (Worlds 13) [Quarter-Finalist],SKIP_NAME_MISMATCH,0.29
pkm-bw-black-star-promos-bw95-101-d264c58fb9,BW Black Star Promos,Champions Festival,BW95/101,96570,Champions Festival - BW95 (Worlds 13) [Semi-Finalist],SKIP_NAME_MISMATCH,0.29
pkm-bw-black-star-promos-bw95-101-d264c58fb9,BW Black Star Promos,Champions Festival,BW95/101,96572,Champions Festival - BW95 (Worlds 13) [Staff],SKIP_NAME_MISMATCH,0.40
pkm-bw-black-star-promos-bw95-101-d264c58fb9,BW Black Star Promos,Champions Festival,BW95/101,96568,Champions Festival - BW95 (Worlds 13) [Top 16],SKIP_NAME_MISMATCH,0.29
pkm-bw-black-star-promos-bw95-101-d264c58fb9,BW Black Star Promos,Champions Festival,BW95/101,96567,Champions Festival - BW95 (Worlds 13) [Top Thirty-Two],SKIP_NAME_MISMATCH,0.25
pkm-bw-black-star-promos-bw96-101-2ed74c0772,BW Black Star Promos,Tornadus-EX,BW96/101,89979,Tornadus EX - BW96 (Prerelease),SKIP_NAME_MISMATCH,0.67
pkm-bw-black-star-promos-bw96-101-2ed74c0772,BW Black Star Promos,Tornadus-EX,BW96/101,97092,Tornadus EX - BW96 (Prerelease) [Staff],SKIP_NAME_MISMATCH,0.67
pkm-bw-black-star-promos-bw97-101-180d5d105a,BW Black Star Promos,Eevee,BW97/101,85096,Eevee - BW97,SKIP_NAME_MISMATCH,0.50
pkm-bw-black-star-promos-bw98-101-a3065fdaea,BW Black Star Promos,Mew,BW98/101,87406,Mew - BW98,SKIP_NAME_MISMATCH,0.50
pkm-bw-black-star-promos-bw99-101-053f53ab31,BW Black Star Promos,Genesect,BW99/101,85663,Genesect - BW99,SKIP_NAME_MISMATCH,0.50
pkm-bw-black-star-promos-bw100-101-8bf1fbbe17,BW Black Star Promos,N,BW100/101,87677,N (Supporter) - BW100,SKIP_NAME_MISMATCH,0.33
pkm-bw-black-star-promos-bw101-101-15db3b0559,BW Black Star Promos,Genesect,BW101/101,108421,Genesect - BW101,SKIP_NAME_MISMATCH,0.50
pkm-dp-black-star-promos-dp01-56-47767b9da3,DP Black Star Promos,Turtwig,DP01/56,90075,Turtwig - DP01,SKIP_NAME_MISMATCH,0.50
pkm-dp-black-star-promos-dp02-56-21fc4f10dc,DP Black Star Promos,Chimchar,DP02/56,84286,Chimchar - DP02,SKIP_NAME_MISMATCH,0.50
pkm-dp-black-star-promos-dp03-56-7727ea2f83,DP Black Star Promos,Piplup,DP03/56,88147,Piplup - DP03,SKIP_NAME_MISMATCH,0.50
pkm-dp-black-star-promos-dp04-56-b84c56a873,DP Black Star Promos,Pachirisu,DP04/56,87901,Pachirisu - DP04,SKIP_NAME_MISMATCH,0.50
pkm-dp-black-star-promos-dp05-56-6b0df1a7b6,DP Black Star Promos,Tropical Wind,DP05/56,90054,Tropical Wind - DP05 (Worlds 07),SKIP_NAME_MISMATCH,0.40
pkm-dp-black-star-promos-dp05-56-6b0df1a7b6,DP Black Star Promos,Tropical Wind,DP05/56,97810,Tropical Winds - DP05 (Worlds 07) [Staff],SKIP_NAME_MISMATCH,0.20
pkm-dp-black-star-promos-dp06-56-dfe95d4026,DP Black Star Promos,Buneary,DP06/56,84041,Buneary - DP06,SKIP_NAME_MISMATCH,0.50
pkm-dp-black-star-promos-dp07-56-3960049a42,DP Black Star Promos,Cranidos,DP07/56,84459,Cranidos - DP07,SKIP_NAME_MISMATCH,0.50
pkm-dp-black-star-promos-dp08-56-2feff79c5d,DP Black Star Promos,Shieldon,DP08/56,89150,Shieldon - DP08,SKIP_NAME_MISMATCH,0.50
pkm-dp-black-star-promos-dp09-56-60234f50dd,DP Black Star Promos,Torterra LV.X,DP09/56,89990,Torterra LV.X - DP09,SKIP_NAME_MISMATCH,0.67
pkm-dp-black-star-promos-dp10-56-6cac2fa1eb,DP Black Star Promos,Infernape LV.X,DP10/56,86282,Infernape LV.X - DP10,SKIP_NAME_MISMATCH,0.67
pkm-dp-black-star-promos-dp11-56-1a3224dd34,DP Black Star Promos,Empoleon LV.X,DP11/56,85207,Empoleon LV.X - DP11,SKIP_NAME_MISMATCH,0.67
pkm-dp-black-star-promos-dp12-56-2d6899a865,DP Black Star Promos,Lucario LV.X,DP12/56,86890,Lucario LV.X - DP12,SKIP_NAME_MISMATCH,0.67
pkm-dp-black-star-promos-dp13-56-834545b11a,DP Black Star Promos,Buizel,DP13/56,84019,Buizel - DP13,SKIP_NAME_MISMATCH,0.50
pkm-dp-black-star-promos-dp14-56-1e458d6dd6,DP Black Star Promos,Chatot,DP14/56,84241,Chatot - DP14,SKIP_NAME_MISMATCH,0.50
pkm-dp-black-star-promos-dp15-56-992e80a090,DP Black Star Promos,Shinx,DP15/56,89175,Shinx - DP15,SKIP_NAME_MISMATCH,0.50
pkm-dp-black-star-promos-dp16-56-51a33df56b,DP Black Star Promos,Pikachu,DP16/56,88089,Pikachu - DP16,SKIP_NAME_MISMATCH,0.50
pkm-dp-black-star-promos-dp17-56-b933f8cfc9,DP Black Star Promos,Dialga LV.X,DP17/56,84813,Dialga LV.X - DP17,SKIP_NAME_MISMATCH,0.67
pkm-dp-black-star-promos-dp18-56-7452a52461,DP Black Star Promos,Palkia LV.X,DP18/56,87920,Palkia LV.X - DP18,SKIP_NAME_MISMATCH,0.67
pkm-dp-black-star-promos-dp19-56-728a9eaff9,DP Black Star Promos,Darkrai LV.X,DP19/56,84712,Darkrai LV.X - DP19,SKIP_NAME_MISMATCH,0.67
pkm-dp-black-star-promos-dp20-56-d3294e7b40,DP Black Star Promos,Magmortar,DP20/56,87057,Magmortar - DP20,SKIP_NAME_MISMATCH,0.50
pkm-dp-black-star-promos-dp21-56-030ae46356,DP Black Star Promos,Raichu,DP21/56,88512,Raichu - DP21,SKIP_NAME_MISMATCH,0.50
pkm-dp-black-star-promos-dp22-56-265c78d00e,DP Black Star Promos,Mime Jr.,DP22/56,87470,Mime Jr. - DP22,SKIP_NAME_MISMATCH,0.67
pkm-dp-black-star-promos-dp23-56-75442f0f70,DP Black Star Promos,Glameow,DP23/56,85761,Glameow - DP23,SKIP_NAME_MISMATCH,0.50
pkm-dp-black-star-promos-dp24-56-1a4f1a9c34,DP Black Star Promos,Darkrai,DP24/56,84701,Darkrai - DP24,SKIP_NAME_MISMATCH,0.50
pkm-dp-black-star-promos-dp25-56-b6125a188a,DP Black Star Promos,Tropical Wind,DP25/56,90055,Tropical Wind - DP25 (Worlds 08),SKIP_NAME_MISMATCH,0.40
pkm-dp-black-star-promos-dp25-56-b6125a188a,DP Black Star Promos,Tropical Wind,DP25/56,97811,Tropical Wind - DP25 (Worlds 08) [Staff],SKIP_NAME_MISMATCH,0.40
pkm-dp-black-star-promos-dp26-56-f9213376f0,DP Black Star Promos,Dialga,DP26/56,84801,Dialga - DP26,SKIP_NAME_MISMATCH,0.50
pkm-dp-black-star-promos-dp27-56-d079100c8d,DP Black Star Promos,Palkia,DP27/56,87909,Palkia - DP27,SKIP_NAME_MISMATCH,0.50
pkm-dp-black-star-promos-dp28-56-89a0f9898a,DP Black Star Promos,Mewtwo LV.X,DP28/56,87434,Mewtwo LV.X - DP28,SKIP_NAME_MISMATCH,0.67
pkm-dp-black-star-promos-dp29-56-a186b02325,DP Black Star Promos,Rhyperior LV.X,DP29/56,88750,Rhyperior LV.X - DP29,SKIP_NAME_MISMATCH,0.67
pkm-dp-black-star-promos-dp30-56-1a2aab3c5c,DP Black Star Promos,Regigigas LV.X,DP30/56,88670,Regigigas LV.X - DP30,SKIP_NAME_MISMATCH,0.67
pkm-dp-black-star-promos-dp31-56-a662185467,DP Black Star Promos,Heatran LV.X,DP31/56,86055,Heatran LV.X - DP31,SKIP_NAME_MISMATCH,0.67
pkm-dp-black-star-promos-dp32-56-45a4bb7712,DP Black Star Promos,Magnezone,DP32/56,87116,Magnezone - DP32,SKIP_NAME_MISMATCH,0.50
pkm-dp-black-star-promos-dp33-56-85158431fe,DP Black Star Promos,Dusknoir,DP33/56,85039,Dusknoir - DP33,SKIP_NAME_MISMATCH,0.50
pkm-dp-black-star-promos-dp34-56-f978d35aec,DP Black Star Promos,Drifblim,DP34/56,84946,Drifblim - DP34,SKIP_NAME_MISMATCH,0.50
pkm-dp-black-star-promos-dp35-56-eff4bbe942,DP Black Star Promos,Porygon-Z,DP35/56,88316,Porygon-Z - DP35,SKIP_NAME_MISMATCH,0.67
pkm-dp-black-star-promos-dp36-56-c83357696a,DP Black Star Promos,Gliscor,DP36/56,85773,Gliscor - DP36,SKIP_NAME_MISMATCH,0.50
pkm-dp-black-star-promos-dp37-56-1321b70d6a,DP Black Star Promos,Dialga LV.X,DP37/56,84814,Dialga LV.X - DP37,SKIP_NAME_MISMATCH,0.67
pkm-dp-black-star-promos-dp38-56-c107c93b2d,DP Black Star Promos,Giratina LV.X,DP38/56,,,NO_CANDIDATE,
pkm-dp-black-star-promos-dp39-56-bba033c8b9,DP Black Star Promos,Shaymin LV.X,DP39/56,89116,Shaymin LV.X - DP39,SKIP_NAME_MISMATCH,0.67
pkm-dp-black-star-promos-dp40-56-df22ee1527,DP Black Star Promos,Regigigas,DP40/56,88665,Regigigas - DP40,SKIP_NAME_MISMATCH,0.50
pkm-dp-black-star-promos-dp41-56-f4a094aa9c,DP Black Star Promos,Toxicroak G,DP41/56,90013,Toxicroak G - DP41,SKIP_NAME_MISMATCH,0.67
pkm-dp-black-star-promos-dp42-56-2bed12cf9d,DP Black Star Promos,Carnivine G,DP42/56,84108,Carnivine G - DP42,SKIP_NAME_MISMATCH,0.67
pkm-dp-black-star-promos-dp43-56-d16457e577,DP Black Star Promos,Probopass G,DP43/56,88380,Probopass G - DP43,SKIP_NAME_MISMATCH,0.67
pkm-dp-black-star-promos-dp44-56-9c01e9d3b0,DP Black Star Promos,Magnezone,DP44/56,87117,Magnezone - DP44,SKIP_NAME_MISMATCH,0.50
pkm-dp-black-star-promos-dp45-56-031f7e89dd,DP Black Star Promos,Charizard G LV.X,DP45/56,84202,Charizard G LV.X - DP45,SKIP_NAME_MISMATCH,0.75
pkm-dp-black-star-promos-dp46-56-27bff2bc2a,DP Black Star Promos,Garchomp C LV.X,DP46/56,85630,Garchomp C LV.X - DP46,SKIP_NAME_MISMATCH,0.75
pkm-dp-black-star-promos-dp47-56-cbe8e2e4b3,DP Black Star Promos,Rayquaza C LV.X,DP47/56,88641,Rayquaza C LV.X - DP47,SKIP_NAME_MISMATCH,0.75
pkm-dp-black-star-promos-dp48-56-3c0b7522da,DP Black Star Promos,Tropical Wind,DP48/56,90056,Tropical Wind - DP48 (Worlds 09),SKIP_NAME_MISMATCH,0.40
pkm-dp-black-star-promos-dp48-56-3c0b7522da,DP Black Star Promos,Tropical Wind,DP48/56,97812,Tropical Wind - DP48 (Worlds 09) [Staff],SKIP_NAME_MISMATCH,0.40
pkm-dp-black-star-promos-dp49-56-d764edcbb3,DP Black Star Promos,Dialga,DP49/56,84805,Dialga - DP49,SKIP_NAME_MISMATCH,0.50
pkm-dp-black-star-promos-dp50-56-471206d047,DP Black Star Promos,Arceus,DP50/56,83601,Arceus - DP50,SKIP_NAME_MISMATCH,0.50
pkm-dp-black-star-promos-dp51-56-e6cc36d168,DP Black Star Promos,Cresselia,DP51/56,84469,Cresselia - DP51,SKIP_NAME_MISMATCH,0.50
pkm-dp-black-star-promos-dp52-56-7083257a28,DP Black Star Promos,Darkrai,DP52/56,84702,Darkrai - DP52,SKIP_NAME_MISMATCH,0.50
pkm-dp-black-star-promos-dp53-56-0a2f464e28,DP Black Star Promos,Arceus LV.X,DP53/56,83605,Arceus LV.X - DP53,SKIP_NAME_MISMATCH,0.67
pkm-dp-black-star-promos-dp54-56-e162fb9e9d,DP Black Star Promos,Beginning Door,DP54/56,,,NO_CANDIDATE,
pkm-dp-black-star-promos-dp55-56-eb9556464b,DP Black Star Promos,Ultimate Zone,DP55/56,,,NO_CANDIDATE,
pkm-dp-black-star-promos-dp56-56-5a26aba706,DP Black Star Promos,Arceus LV.X,DP56/56,83606,Arceus LV.X - DP56,SKIP_NAME_MISMATCH,0.67
pkm-firered-and-leafgreen-1-112-d7a6e2d40b,FireRed and LeafGreen,Beedrill,1/112,83769,Beedrill,LINKED,1.00
pkm-firered-and-leafgreen-2-112-4040391592,FireRed and LeafGreen,Butterfree,2/112,84065,Butterfree,LINKED,1.00
pkm-firered-and-leafgreen-3-112-e8bc61327f,FireRed and LeafGreen,Dewgong,3/112,84789,Dewgong,LINKED,1.00
pkm-firered-and-leafgreen-4-112-791d8e664a,FireRed and LeafGreen,Ditto,4/112,84831,Ditto,LINKED,1.00
pkm-firered-and-leafgreen-5-112-41f62c2baf,FireRed and LeafGreen,Exeggutor,5/112,85359,Exeggutor,LINKED,1.00
pkm-firered-and-leafgreen-6-112-a1d4780319,FireRed and LeafGreen,Kangaskhan,6/112,86421,Kangaskhan,LINKED,1.00
pkm-firered-and-leafgreen-7-112-a1a6923606,FireRed and LeafGreen,Marowak,7/112,87226,Marowak,LINKED,1.00
pkm-firered-and-leafgreen-8-112-3aee6b44bf,FireRed and LeafGreen,Nidoking,8/112,87696,Nidoking,LINKED,1.00
pkm-firered-and-leafgreen-9-112-5c1760dc5e,FireRed and LeafGreen,Nidoqueen,9/112,87707,Nidoqueen,LINKED,1.00
pkm-firered-and-leafgreen-10-112-e437a882ac,FireRed and LeafGreen,Pidgeot,10/112,88031,Pidgeot,LINKED,1.00
pkm-firered-and-leafgreen-11-112-d3cb88292c,FireRed and LeafGreen,Poliwrath,11/112,88276,Poliwrath,LINKED,1.00
pkm-firered-and-leafgreen-12-112-3fe38156ed,FireRed and LeafGreen,Raichu,12/112,88507,Raichu,LINKED,1.00
pkm-firered-and-leafgreen-13-112-29e704fa64,FireRed and LeafGreen,Rapidash,13/112,88581,Rapidash,LINKED,1.00
pkm-firered-and-leafgreen-14-112-da561123af,FireRed and LeafGreen,Slowbro,14/112,89304,Slowbro,LINKED,1.00
pkm-firered-and-leafgreen-15-112-2111d857cc,FireRed and LeafGreen,Snorlax,15/112,89388,Snorlax,LINKED,1.00
pkm-firered-and-leafgreen-16-112-7f77c6abf4,FireRed and LeafGreen,Tauros,16/112,89761,Tauros,LINKED,1.00
pkm-firered-and-leafgreen-17-112-bf30be2376,FireRed and LeafGreen,Victreebel,17/112,90362,Victreebel,LINKED,1.00
pkm-firered-and-leafgreen-18-112-65620c8646,FireRed and LeafGreen,Arcanine,18/112,83582,Arcanine,LINKED,1.00
pkm-firered-and-leafgreen-19-112-f9757611d9,FireRed and LeafGreen,Chansey,19/112,84173,Chansey,LINKED,1.00
pkm-firered-and-leafgreen-20-112-9479b7da11,FireRed and LeafGreen,Cloyster,20/112,84373,Cloyster,LINKED,1.00
pkm-firered-and-leafgreen-21-112-8050cb6767,FireRed and LeafGreen,Dodrio,21/112,84850,Dodrio,LINKED,1.00
pkm-firered-and-leafgreen-22-112-334808b77a,FireRed and LeafGreen,Dugtrio,22/112,85000,Dugtrio,LINKED,1.00
pkm-firered-and-leafgreen-23-112-e745d3fcea,FireRed and LeafGreen,Farfetch'd,23/112,85384,Farfetch'd,LINKED,1.00
pkm-firered-and-leafgreen-24-112-4910cc43ee,FireRed and LeafGreen,Fearow,24/112,85397,Fearow,LINKED,1.00
pkm-firered-and-leafgreen-25-112-4903a6c26c,FireRed and LeafGreen,Hypno,25/112,86252,Hypno,LINKED,1.00
pkm-firered-and-leafgreen-26-112-d197155eff,FireRed and LeafGreen,Kingler,26/112,86456,Kingler,LINKED,1.00
pkm-firered-and-leafgreen-27-112-1190b02a94,FireRed and LeafGreen,Magneton,27/112,87102,Magneton,LINKED,1.00
pkm-firered-and-leafgreen-28-112-93a691c9bc,FireRed and LeafGreen,Primeape,28/112,88362,Primeape,LINKED,1.00
pkm-firered-and-leafgreen-29-112-3a58f333ad,FireRed and LeafGreen,Scyther,29/112,88998,Scyther,LINKED,1.00
pkm-firered-and-leafgreen-30-112-3c979a8d90,FireRed and LeafGreen,Tangela,30/112,89742,Tangela,LINKED,1.00
pkm-firered-and-leafgreen-31-112-12bff0d08d,FireRed and LeafGreen,Charmeleon,31/112,84226,Charmeleon,LINKED,1.00
pkm-firered-and-leafgreen-32-112-9d13ef2780,FireRed and LeafGreen,Drowzee,32/112,84973,Drowsee,SKIP_NAME_MISMATCH,0.00
pkm-firered-and-leafgreen-33-112-5823e59872,FireRed and LeafGreen,Exeggcute,33/112,85346,Exeggcute,LINKED,1.00
pkm-firered-and-leafgreen-34-112-d737ff86d0,FireRed and LeafGreen,Haunter,34/112,86025,Haunter,LINKED,1.00
pkm-firered-and-leafgreen-35-112-16da65e8a5,FireRed and LeafGreen,Ivysaur,35/112,86297,Ivysaur,LINKED,1.00
pkm-firered-and-leafgreen-36-112-bc176dd46c,FireRed and LeafGreen,Kakuna,36/112,86411,Kakuna,LINKED,1.00
pkm-firered-and-leafgreen-37-112-721797356a,FireRed and LeafGreen,Lickitung,37/112,86719,Lickitung,LINKED,1.00
pkm-firered-and-leafgreen-38-112-168b5c7c25,FireRed and LeafGreen,Mankey,38/112,87173,Mankey,LINKED,1.00
pkm-firered-and-leafgreen-39-112-23408d534b,FireRed and LeafGreen,Metapod,39/112,87389,Metapod,LINKED,1.00
pkm-firered-and-leafgreen-40-112-6f0b15532e,FireRed and LeafGreen,Nidorina,40/112,87735,Nidorina,LINKED,1.00
pkm-firered-and-leafgreen-41-112-f44ee75d53,FireRed and LeafGreen,Nidorino,41/112,87744,Nidorino,LINKED,1.00
pkm-firered-and-leafgreen-42-112-aed8bd9cb6,FireRed and LeafGreen,Onix,42/112,87879,Onix,LINKED,1.00
pkm-firered-and-leafgreen-43-112-54538b6514,FireRed and LeafGreen,Parasect,43/112,87957,Parasect,LINKED,1.00
pkm-firered-and-leafgreen-44-112-14ddaea467,FireRed and LeafGreen,Persian,44/112,87984,Persian,LINKED,1.00
pkm-firered-and-leafgreen-45-112-311f43d807,FireRed and LeafGreen,Pidgeotto,45/112,88040,Pidgeotto,LINKED,1.00
pkm-firered-and-leafgreen-46-112-ae0faa8279,FireRed and LeafGreen,Poliwhirl,46/112,88265,Poliwhirl,LINKED,1.00
pkm-firered-and-leafgreen-47-112-e7e9bcce15,FireRed and LeafGreen,Porygon,47/112,88308,Porygon,LINKED,1.00
pkm-firered-and-leafgreen-48-112-30bb476ade,FireRed and LeafGreen,Raticate,48/112,88603,Raticate,LINKED,1.00
pkm-firered-and-leafgreen-49-112-00c9587173,FireRed and LeafGreen,Venomoth,49/112,90301,Venomoth,LINKED,1.00
pkm-firered-and-leafgreen-50-112-449d079874,FireRed and LeafGreen,Wartortle,50/112,90486,Wartortle,LINKED,1.00
pkm-firered-and-leafgreen-51-112-324d39ed23,FireRed and LeafGreen,Weepinbell,51/112,90552,Weepinbell,LINKED,1.00
pkm-firered-and-leafgreen-52-112-6f41f89d56,FireRed and LeafGreen,Wigglytuff,52/112,90596,Wigglytuff,LINKED,1.00
pkm-firered-and-leafgreen-53-112-8dfc671f18,FireRed and LeafGreen,Bellsprout,53/112,83807,Bellsprout,LINKED,1.00
pkm-firered-and-leafgreen-54-112-fcbf22f769,FireRed and LeafGreen,Bulbasaur,54/112,84029,Bulbasaur - 054/112,SKIP_NAME_MISMATCH,0.33
pkm-firered-and-leafgreen-55-112-2d5f52e8ce,FireRed and LeafGreen,Bulbasaur,55/112,84030,Bulbasaur - 055/112,SKIP_NAME_MISMATCH,0.33
pkm-firered-and-leafgreen-56-112-2a58347edf,FireRed and LeafGreen,Caterpie,56/112,84136,Caterpie,LINKED,1.00
pkm-firered-and-leafgreen-57-112-31340da172,FireRed and LeafGreen,Charmander,57/112,84209,Charmander - 057/112,SKIP_NAME_MISMATCH,0.33
pkm-firered-and-leafgreen-58-112-c1d39f2cf4,FireRed and LeafGreen,Charmander,58/112,84210,Charmander - 058/112,SKIP_NAME_MISMATCH,0.33
pkm-firered-and-leafgreen-59-112-47ebad9c3b,FireRed and LeafGreen,Clefairy,59/112,84354,Clefairy,LINKED,1.00
pkm-firered-and-leafgreen-60-112-d145925078,FireRed and LeafGreen,Cubone,60/112,84531,Cubone,LINKED,1.00
pkm-firered-and-leafgreen-61-112-074e9ffd19,FireRed and LeafGreen,Diglett,61/112,84821,Diglett,LINKED,1.00
pkm-firered-and-leafgreen-62-112-f970727d17,FireRed and LeafGreen,Doduo,62/112,84861,Doduo,LINKED,1.00
pkm-firered-and-leafgreen-63-112-a05079e176,FireRed and LeafGreen,Gastly,63/112,85650,Gastly,LINKED,1.00
pkm-firered-and-leafgreen-64-112-10c4419596,FireRed and LeafGreen,Growlithe,64/112,85954,Growlithe,LINKED,1.00
pkm-firered-and-leafgreen-65-112-10eea54616,FireRed and LeafGreen,Jigglypuff,65/112,86316,Jigglypuff,LINKED,1.00
pkm-firered-and-leafgreen-66-112-66c1566f73,FireRed and LeafGreen,Krabby,66/112,86524,Krabby,LINKED,1.00
pkm-firered-and-leafgreen-67-112-e00d3200d8,FireRed and LeafGreen,Magikarp,67/112,87026,Magikarp,LINKED,1.00
pkm-firered-and-leafgreen-68-112-452ca4e3ce,FireRed and LeafGreen,Magnemite,68/112,87075,Magnemite,LINKED,1.00
pkm-firered-and-leafgreen-69-112-dfc4947a3a,FireRed and LeafGreen,Meowth,69/112,87317,Meowth,LINKED,1.00
pkm-firered-and-leafgreen-70-112-a0104d7dc1,FireRed and LeafGreen,Nidoran ♀,70/112,87717,Nidoran F,SKIP_NAME_MISMATCH,0.50
pkm-firered-and-leafgreen-71-112-9a7c12aadb,FireRed and LeafGreen,Nidoran ♂,71/112,87726,Nidoran M,SKIP_NAME_MISMATCH,0.50
pkm-firered-and-leafgreen-72-112-ea4887e6b3,FireRed and LeafGreen,Paras,72/112,87950,Paras,LINKED,1.00
pkm-firered-and-leafgreen-73-112-8b4297fd30,FireRed and LeafGreen,Pidgey,73/112,88048,Pidgey,LINKED,1.00
pkm-firered-and-leafgreen-74-112-f5b6460c01,FireRed and LeafGreen,Pikachu,74/112,88078,Pikachu,LINKED,1.00
pkm-firered-and-leafgreen-75-112-68a6f29916,FireRed and LeafGreen,Poliwag,75/112,88257,Poliwag,LINKED,1.00
pkm-firered-and-leafgreen-76-112-d81cd14421,FireRed and LeafGreen,Ponyta,76/112,88285,Ponyta,LINKED,1.00
pkm-firered-and-leafgreen-77-112-ca5cdee359,FireRed and LeafGreen,Rattata,77/112,88615,Rattata,LINKED,1.00
pkm-firered-and-leafgreen-78-112-99ec656775,FireRed and LeafGreen,Seel,78/112,89052,Seel,LINKED,1.00
pkm-firered-and-leafgreen-79-112-c3e64fbe70,FireRed and LeafGreen,Shellder,79/112,89137,Shellder,LINKED,1.00
pkm-firered-and-leafgreen-80-112-6a365a53dd,FireRed and LeafGreen,Slowpoke,80/112,89327,Slowpoke,LINKED,1.00
pkm-firered-and-leafgreen-81-112-ced8968320,FireRed and LeafGreen,Spearow,81/112,89439,Spearow,LINKED,1.00
pkm-firered-and-leafgreen-82-112-c1f967a6f9,FireRed and LeafGreen,Squirtle,82/112,89489,Squirtle - 082/112,SKIP_NAME_MISMATCH,0.33
pkm-firered-and-leafgreen-83-112-400a9948ae,FireRed and LeafGreen,Squirtle,83/112,89490,Squirtle - 083/112,SKIP_NAME_MISMATCH,0.33
pkm-firered-and-leafgreen-84-112-e291d745bf,FireRed and LeafGreen,Venonat,84/112,90307,Venonat,LINKED,1.00
pkm-firered-and-leafgreen-85-112-035a80ff86,FireRed and LeafGreen,Voltorb,85/112,90414,Voltorb,LINKED,1.00
pkm-firered-and-leafgreen-86-112-30659185f9,FireRed and LeafGreen,Weedle,86/112,90542,Weedle,LINKED,1.00
pkm-firered-and-leafgreen-87-112-b0d0968a90,FireRed and LeafGreen,Bill's Maintenance,87/112,83838,Bill's Maintenance,LINKED,1.00
pkm-firered-and-leafgreen-88-112-77323ae1ee,FireRed and LeafGreen,Celio's Network,88/112,84154,Celio's Network,LINKED,1.00
pkm-firered-and-leafgreen-89-112-77e7d78a3d,FireRed and LeafGreen,Energy Removal 2,89/112,85222,Energy Removal 2,LINKED,1.00
pkm-firered-and-leafgreen-90-112-b954efa067,FireRed and LeafGreen,Energy Switch,90/112,85254,Energy Switch,LINKED,1.00
pkm-firered-and-leafgreen-91-112-13307b2acd,FireRed and LeafGreen,EXP.ALL,91/112,85368,EXP.ALL,LINKED,1.00
pkm-firered-and-leafgreen-92-112-e84280f2fb,FireRed and LeafGreen,Great Ball,92/112,85895,Great Ball,LINKED,1.00
pkm-firered-and-leafgreen-93-112-84392f3ce0,FireRed and LeafGreen,Life Herb,93/112,86731,Life Herb,LINKED,1.00
pkm-firered-and-leafgreen-94-112-7a23f6a8e9,FireRed and LeafGreen,Mt. Moon,94/112,87603,Mt. Moon,LINKED,1.00
pkm-firered-and-leafgreen-95-112-dcfedf75a8,FireRed and LeafGreen,Poké Ball,95/112,88183,Poke Ball,LINKED,1.00
pkm-firered-and-leafgreen-96-112-e8686ab998,FireRed and LeafGreen,PokéDex HANDY909,96/112,88201,PokeDex (HANDY909),LINKED,1.00
pkm-firered-and-leafgreen-97-112-43489518e6,FireRed and LeafGreen,Pokémon Reversal,97/112,88239,Pokemon Reversal,LINKED,1.00
pkm-firered-and-leafgreen-98-112-e47223f41a,FireRed and LeafGreen,Prof. Oak's Research,98/112,88403,Prof. Oak's Research,LINKED,1.00
pkm-firered-and-leafgreen-99-112-8c14021318,FireRed and LeafGreen,Super Scoop Up,99/112,89636,Super Scoop Up,LINKED,1.00
pkm-firered-and-leafgreen-100-112-a95479e205,FireRed and LeafGreen,VS Seeker,100/112,90426,VS Seeker,LINKED,1.00
pkm-firered-and-leafgreen-101-112-25352bc52c,FireRed and LeafGreen,Potion,101/112,88334,Potion,LINKED,1.00
pkm-firered-and-leafgreen-102-112-15248cf4f4,FireRed and LeafGreen,Switch,102/112,89712,Switch,LINKED,1.00
pkm-firered-and-leafgreen-103-112-a0668c3e20,FireRed and LeafGreen,Multi Energy,103/112,87630,Multi Energy,LINKED,1.00
pkm-firered-and-leafgreen-104-112-c8c03533e1,FireRed and LeafGreen,Blastoise ex,104/112,83900,Blastoise ex,LINKED,1.00
pkm-firered-and-leafgreen-105-112-d9ead71f09,FireRed and LeafGreen,Charizard ex,105/112,84199,Charizard ex,LINKED,1.00
pkm-firered-and-leafgreen-106-112-0e3537d2f2,FireRed and LeafGreen,Clefable ex,106/112,84350,Clefable ex,LINKED,1.00
pkm-firered-and-leafgreen-107-112-9b899f5fe6,FireRed and LeafGreen,Electrode ex,107/112,85165,Electrode ex,LINKED,1.00
pkm-firered-and-leafgreen-108-112-3d90387649,FireRed and LeafGreen,Gengar ex,108/112,85680,Gengar ex,LINKED,1.00
pkm-firered-and-leafgreen-109-112-7e83e7392f,FireRed and LeafGreen,Gyarados ex,109/112,86004,Gyarados ex,LINKED,1.00
pkm-firered-and-leafgreen-110-112-3acffbc35b,FireRed and LeafGreen,Mr. Mime ex,110/112,87598,Mr. Mime ex - 110/112,SKIP_NAME_MISMATCH,0.60
pkm-firered-and-leafgreen-111-112-2bfdbb74da,FireRed and LeafGreen,Mr. Mime ex,111/112,87599,Mr. Mime ex - 111/112,SKIP_NAME_MISMATCH,0.60
pkm-firered-and-leafgreen-112-112-1469263cc5,FireRed and LeafGreen,Venusaur ex,112/112,90323,Venusaur ex,LINKED,1.00
pkm-firered-and-leafgreen-113-112-3b8196298c,FireRed and LeafGreen,Charmander,113/112,84211,Charmander - 113/112,SKIP_NAME_MISMATCH,0.33
pkm-firered-and-leafgreen-114-112-998966da18,FireRed and LeafGreen,Articuno ex,114/112,83654,Articuno ex,LINKED,1.00
pkm-firered-and-leafgreen-115-112-9828add245,FireRed and LeafGreen,Moltres ex,115/112,87566,Moltres ex,LINKED,1.00
pkm-firered-and-leafgreen-116-112-384ff449fa,FireRed and LeafGreen,Zapdos ex,116/112,90723,Zapdos ex,LINKED,1.00
pkm-heartgold-and-soulsilver-1-123-a477da31fe,HeartGold and SoulSilver,Arcanine,1/123,83586,Arcanine,LINKED,1.00
pkm-heartgold-and-soulsilver-2-123-6ad343df54,HeartGold and SoulSilver,Azumarill,2/123,83685,Azumarill,LINKED,1.00
pkm-heartgold-and-soulsilver-3-123-e83d361fd2,HeartGold and SoulSilver,Clefable,3/123,84346,Clefable,LINKED,1.00
pkm-heartgold-and-soulsilver-4-123-762ca622ea,HeartGold and SoulSilver,Gyarados,4/123,85992,Gyarados,LINKED,1.00
pkm-heartgold-and-soulsilver-5-123-268893118b,HeartGold and SoulSilver,Hitmontop,5/123,86115,Hitmontop,LINKED,1.00
pkm-heartgold-and-soulsilver-6-123-7f10e1d07a,HeartGold and SoulSilver,Jumpluff,6/123,86367,Jumpluff,LINKED,1.00
pkm-heartgold-and-soulsilver-7-123-5d4b3f2c21,HeartGold and SoulSilver,Ninetales,7/123,87774,Ninetales,LINKED,1.00
pkm-heartgold-and-soulsilver-8-123-fb3490d649,HeartGold and SoulSilver,Noctowl,8/123,87794,Noctowl,LINKED,1.00
pkm-heartgold-and-soulsilver-9-123-482c52a73c,HeartGold and SoulSilver,Quagsire,9/123,88473,Quagsire,LINKED,1.00
pkm-heartgold-and-soulsilver-10-123-698e4333ad,HeartGold and SoulSilver,Raichu,10/123,88517,Raichu,LINKED,1.00
pkm-heartgold-and-soulsilver-11-123-e4cec531d8,HeartGold and SoulSilver,Shuckle,11/123,89192,Shuckle,LINKED,1.00
pkm-heartgold-and-soulsilver-12-123-29d3245f10,HeartGold and SoulSilver,Slowking,12/123,89317,Slowking,LINKED,1.00
pkm-heartgold-and-soulsilver-13-123-1c92c29066,HeartGold and SoulSilver,Wobbuffet,13/123,90621,Wobbuffet,LINKED,1.00
pkm-heartgold-and-soulsilver-14-123-1914764941,HeartGold and SoulSilver,Ampharos,14/123,83544,Ampharos,LINKED,1.00
pkm-heartgold-and-soulsilver-15-123-81eff8482e,HeartGold and SoulSilver,Ariados,15/123,83618,Ariados,LINKED,1.00
pkm-heartgold-and-soulsilver-16-123-2aa15ce9ac,HeartGold and SoulSilver,Butterfree,16/123,84067,Butterfree,LINKED,1.00
pkm-heartgold-and-soulsilver-17-123-e87318d85f,HeartGold and SoulSilver,Cleffa,17/123,84367,Cleffa,LINKED,1.00
pkm-heartgold-and-soulsilver-18-123-38b7cab1bb,HeartGold and SoulSilver,Exeggutor,18/123,85362,Exeggutor,LINKED,1.00
pkm-heartgold-and-soulsilver-19-123-664c193fcf,HeartGold and SoulSilver,Farfetch'd,19/123,85388,Farfetch'd,LINKED,1.00
pkm-heartgold-and-soulsilver-20-123-0a1443039e,HeartGold and SoulSilver,Feraligatr,20/123,85419,Feraligatr,LINKED,1.00
pkm-heartgold-and-soulsilver-21-123-ad967e8ba2,HeartGold and SoulSilver,Furret,21/123,85594,Furret,LINKED,1.00
pkm-heartgold-and-soulsilver-22-123-767f7f1961,HeartGold and SoulSilver,Granbull,22/123,85865,Granbull,LINKED,1.00
pkm-heartgold-and-soulsilver-23-123-42444d47e0,HeartGold and SoulSilver,Hypno,23/123,86255,Hypno,LINKED,1.00
pkm-heartgold-and-soulsilver-24-123-82b50e45c3,HeartGold and SoulSilver,Lapras,24/123,86620,Lapras,LINKED,1.00
pkm-heartgold-and-soulsilver-25-123-a6c4ccfa7b,HeartGold and SoulSilver,Ledian,25/123,86695,Ledian,LINKED,1.00
pkm-heartgold-and-soulsilver-26-123-50d7775aae,HeartGold and SoulSilver,Meganium,26/123,87293,Meganium,LINKED,1.00
pkm-heartgold-and-soulsilver-27-123-0b8050b72a,HeartGold and SoulSilver,Persian,27/123,87987,Persian,LINKED,1.00
pkm-heartgold-and-soulsilver-28-123-ddbbeea313,HeartGold and SoulSilver,Pichu,28/123,88022,Pichu,LINKED,1.00
pkm-heartgold-and-soulsilver-29-123-354b8cb4b2,HeartGold and SoulSilver,Sandslash,29/123,88934,Sandslash,LINKED,1.00
pkm-heartgold-and-soulsilver-30-123-8f05f340ce,HeartGold and SoulSilver,Smoochum,30/123,89363,Smoochum,LINKED,1.00
pkm-heartgold-and-soulsilver-31-123-8440834415,HeartGold and SoulSilver,Sunflora,31/123,89616,Sunflora,LINKED,1.00
pkm-heartgold-and-soulsilver-32-123-d774a221fc,HeartGold and SoulSilver,Typhlosion,32/123,90106,Typhlosion,LINKED,1.00
pkm-heartgold-and-soulsilver-33-123-fd868e0045,HeartGold and SoulSilver,Tyrogue,33/123,90131,Tyrogue,LINKED,1.00
pkm-heartgold-and-soulsilver-34-123-ecd86f4b54,HeartGold and SoulSilver,Weezing,34/123,90564,Weezing,LINKED,1.00
pkm-heartgold-and-soulsilver-35-123-f6f1656cf4,HeartGold and SoulSilver,Bayleef,35/123,83748,Bayleef,LINKED,1.00
pkm-heartgold-and-soulsilver-36-123-fae642cd61,HeartGold and SoulSilver,Blissey,36/123,83923,Blissey,LINKED,1.00
pkm-heartgold-and-soulsilver-37-123-348cdf7dac,HeartGold and SoulSilver,Corsola,37/123,84443,Corsola,LINKED,1.00
pkm-heartgold-and-soulsilver-38-123-0f6e6cc9ad,HeartGold and SoulSilver,Croconaw,38/123,84500,Croconaw,LINKED,1.00
pkm-heartgold-and-soulsilver-39-123-2ddeabb086,HeartGold and SoulSilver,Delibird,39/123,84750,Delibird,LINKED,1.00
pkm-heartgold-and-soulsilver-40-123-cbecbd001e,HeartGold and SoulSilver,Donphan,40/123,84877,Donphan,LINKED,1.00
pkm-heartgold-and-soulsilver-41-123-f21ff9f893,HeartGold and SoulSilver,Dunsparce,41/123,85012,Dunsparce,LINKED,1.00
pkm-heartgold-and-soulsilver-42-123-17be1b27b0,HeartGold and SoulSilver,Flaaffy,42/123,85482,Flaaffy,LINKED,1.00
pkm-heartgold-and-soulsilver-43-123-a13deb2f6c,HeartGold and SoulSilver,Heracross,43/123,86065,Heracross,LINKED,1.00
pkm-heartgold-and-soulsilver-44-123-0eba21f2e2,HeartGold and SoulSilver,Igglybuff,44/123,86263,Igglybuff,LINKED,1.00
pkm-heartgold-and-soulsilver-45-123-a710bce41f,HeartGold and SoulSilver,Mantine,45/123,,,NO_CANDIDATE,
pkm-heartgold-and-soulsilver-46-123-22c455f462,HeartGold and SoulSilver,Metapod,46/123,87391,Metapod,LINKED,1.00
pkm-heartgold-and-soulsilver-47-123-2be9114e4e,HeartGold and SoulSilver,Miltank,47/123,87466,Miltank,LINKED,1.00
pkm-heartgold-and-soulsilver-48-123-26f8e78924,HeartGold and SoulSilver,Parasect,48/123,87960,Parasect,LINKED,1.00
pkm-heartgold-and-soulsilver-49-123-2643f5bbe4,HeartGold and SoulSilver,Quilava,49/123,88486,Quilava,LINKED,1.00
pkm-heartgold-and-soulsilver-50-123-d678a150ad,HeartGold and SoulSilver,Qwilfish,50/123,88495,Qwilfish,LINKED,1.00
pkm-heartgold-and-soulsilver-51-123-ec8c2e2aa2,HeartGold and SoulSilver,Skiploom,51/123,89257,Skiploom,LINKED,1.00
pkm-heartgold-and-soulsilver-52-123-b1a0f48754,HeartGold and SoulSilver,Slowbro,52/123,89307,Slowbro,LINKED,1.00
pkm-heartgold-and-soulsilver-53-123-66b54c8464,HeartGold and SoulSilver,Starmie,53/123,89536,Starmie,LINKED,1.00
pkm-heartgold-and-soulsilver-54-123-10c0ff4dd6,HeartGold and SoulSilver,Unown,54/123,90162,Unown (54),SKIP_NAME_MISMATCH,0.50
pkm-heartgold-and-soulsilver-55-123-b5b31493fa,HeartGold and SoulSilver,Unown,55/123,90163,Unown (55),SKIP_NAME_MISMATCH,0.50
pkm-heartgold-and-soulsilver-56-123-7b9b18d619,HeartGold and SoulSilver,Wigglytuff,56/123,90599,Wigglytuff,LINKED,1.00
pkm-heartgold-and-soulsilver-57-123-9093cdf992,HeartGold and SoulSilver,Caterpie,57/123,84138,Caterpie,LINKED,1.00
pkm-heartgold-and-soulsilver-58-123-d3e1777d16,HeartGold and SoulSilver,Chansey,58/123,84177,Chansey,LINKED,1.00
pkm-heartgold-and-soulsilver-59-123-975844e4d1,HeartGold and SoulSilver,Chikorita,59/123,84279,Chikorita,LINKED,1.00
pkm-heartgold-and-soulsilver-60-123-4df9eca4f4,HeartGold and SoulSilver,Clefairy,60/123,84358,Clefairy,LINKED,1.00
pkm-heartgold-and-soulsilver-61-123-f0836e92a0,HeartGold and SoulSilver,Cyndaquil,61/123,84552,Cyndaquil,LINKED,1.00
pkm-heartgold-and-soulsilver-62-123-585f5ebbfe,HeartGold and SoulSilver,Drowzee,62/123,84977,Drowzee,LINKED,1.00
pkm-heartgold-and-soulsilver-63-123-92ae48f2f3,HeartGold and SoulSilver,Exeggcute,63/123,85349,Exeggcute,LINKED,1.00
pkm-heartgold-and-soulsilver-64-123-e35a5d9fdc,HeartGold and SoulSilver,Girafarig,64/123,85732,Girafarig,LINKED,1.00
pkm-heartgold-and-soulsilver-65-123-65e210b123,HeartGold and SoulSilver,Growlithe,65/123,85960,Growlithe,LINKED,1.00
pkm-heartgold-and-soulsilver-66-123-512d163798,HeartGold and SoulSilver,Hoothoot,66/123,86173,Hoothoot,LINKED,1.00
pkm-heartgold-and-soulsilver-67-123-27881c0162,HeartGold and SoulSilver,Hoppip,67/123,86182,Hoppip,LINKED,1.00
pkm-heartgold-and-soulsilver-68-123-852d02ef0f,HeartGold and SoulSilver,Jigglypuff,68/123,86319,Jigglypuff,LINKED,1.00
pkm-heartgold-and-soulsilver-69-123-40617ce497,HeartGold and SoulSilver,Jynx,69/123,86377,Jynx,LINKED,1.00
pkm-heartgold-and-soulsilver-70-123-ef770578a3,HeartGold and SoulSilver,Koffing,70/123,86498,Koffing,LINKED,1.00
pkm-heartgold-and-soulsilver-71-123-24853ef3d7,HeartGold and SoulSilver,Ledyba,71/123,86705,Ledyba,LINKED,1.00
pkm-heartgold-and-soulsilver-72-123-92e5ea43e5,HeartGold and SoulSilver,Magikarp,72/123,87032,Magikarp,LINKED,1.00
pkm-heartgold-and-soulsilver-73-123-7fad369aa4,HeartGold and SoulSilver,Mareep,73/123,87204,Mareep,LINKED,1.00
pkm-heartgold-and-soulsilver-74-123-2035b188c6,HeartGold and SoulSilver,Marill,74/123,87219,Marill,LINKED,1.00
pkm-heartgold-and-soulsilver-75-123-27f9d012a1,HeartGold and SoulSilver,Meowth,75/123,87322,Meowth,LINKED,1.00
pkm-heartgold-and-soulsilver-76-123-cd29b89c11,HeartGold and SoulSilver,Paras,76/123,87953,Paras,LINKED,1.00
pkm-heartgold-and-soulsilver-77-123-c277d4cb5b,HeartGold and SoulSilver,Phanpy,77/123,88003,Phanpy,LINKED,1.00
pkm-heartgold-and-soulsilver-78-123-1d14425229,HeartGold and SoulSilver,Pikachu,78/123,88095,Pikachu,LINKED,1.00
pkm-heartgold-and-soulsilver-79-123-3bcb19bb6c,HeartGold and SoulSilver,Sandshrew,79/123,88926,Sandshrew,LINKED,1.00
pkm-heartgold-and-soulsilver-80-123-ad92172303,HeartGold and SoulSilver,Sentret,80/123,89068,Sentret,LINKED,1.00
pkm-heartgold-and-soulsilver-81-123-72ef624f0b,HeartGold and SoulSilver,Slowpoke,81/123,89332,Slowpoke,LINKED,1.00
pkm-heartgold-and-soulsilver-82-123-fdf6d551d5,HeartGold and SoulSilver,Snubbull,82/123,89416,Snubbull,LINKED,1.00
pkm-heartgold-and-soulsilver-83-123-6b96afdd5a,HeartGold and SoulSilver,Spinarak,83/123,89458,Spinarak,LINKED,1.00
pkm-heartgold-and-soulsilver-84-123-b827273e61,HeartGold and SoulSilver,Staryu,84/123,89552,Staryu,LINKED,1.00
pkm-heartgold-and-soulsilver-85-123-a7a0617bef,HeartGold and SoulSilver,Sunkern,85/123,89622,Sunkern,LINKED,1.00
pkm-heartgold-and-soulsilver-86-123-9980891475,HeartGold and SoulSilver,Totodile,86/123,90000,Totodile,LINKED,1.00
pkm-heartgold-and-soulsilver-87-123-fa831df1bc,HeartGold and SoulSilver,Vulpix,87/123,90444,Vulpix,LINKED,1.00
pkm-heartgold-and-soulsilver-88-123-786b9c0285,HeartGold and SoulSilver,Wooper,88/123,90637,Wooper,LINKED,1.00
pkm-heartgold-and-soulsilver-89-123-beb9962821,HeartGold and SoulSilver,Bill,89/123,83832,Bill,LINKED,1.00
pkm-heartgold-and-soulsilver-90-123-fed654aa42,HeartGold and SoulSilver,Copycat,90/123,84426,Copycat,LINKED,1.00
pkm-heartgold-and-soulsilver-91-123-3d01d0a715,HeartGold and SoulSilver,Energy Switch,91/123,85259,Energy Switch,LINKED,1.00
pkm-heartgold-and-soulsilver-92-123-b59aaa78c6,HeartGold and SoulSilver,Fisherman,92/123,85472,Fisherman,LINKED,1.00
pkm-heartgold-and-soulsilver-93-123-c8513f3e50,HeartGold and SoulSilver,Full Heal,93/123,85583,Full Heal,LINKED,1.00
pkm-heartgold-and-soulsilver-94-123-85213e7bb0,HeartGold and SoulSilver,Moomoo Milk,94/123,87576,Moomoo Milk,LINKED,1.00
pkm-heartgold-and-soulsilver-95-123-b0558de03d,HeartGold and SoulSilver,Poké Ball,95/123,88189,Poke Ball,LINKED,1.00
pkm-heartgold-and-soulsilver-96-123-cc4ce393d5,HeartGold and SoulSilver,Pokégear 3.0,96/123,88205,Pokegear 3.0,LINKED,1.00
pkm-heartgold-and-soulsilver-97-123-0fe3c2769a,HeartGold and SoulSilver,Pokémon Collector,97/123,88217,Pokemon Collector,LINKED,1.00
pkm-heartgold-and-soulsilver-98-123-88eee91412,HeartGold and SoulSilver,Pokémon Communication,98/123,88220,Pokemon Communication,LINKED,1.00
pkm-heartgold-and-soulsilver-99-123-7d2e39bc95,HeartGold and SoulSilver,Pokémon Reversal,99/123,88236,Pokemon Reversal,LINKED,1.00
pkm-heartgold-and-soulsilver-100-123-c0e45ee9eb,HeartGold and SoulSilver,Professor Elm's Training Method,100/123,88392,Professor Elm's Training Method,LINKED,1.00
pkm-heartgold-and-soulsilver-101-123-3b624b9f2d,HeartGold and SoulSilver,Professor Oak's New Theory,101/123,88400,Professor Oak's New Theory,LINKED,1.00
pkm-heartgold-and-soulsilver-102-123-77dd3ef570,HeartGold and SoulSilver,Switch,102/123,89718,Switch,LINKED,1.00
pkm-heartgold-and-soulsilver-103-123-41cc61c59e,HeartGold and SoulSilver,Double Colorless Energy,103/123,84883,Double Colorless Energy,LINKED,1.00
pkm-heartgold-and-soulsilver-104-123-853511c65e,HeartGold and SoulSilver,Rainbow Energy,104/123,88548,Rainbow Energy,LINKED,1.00
pkm-heartgold-and-soulsilver-105-123-4879df1378,HeartGold and SoulSilver,Ampharos,105/123,83545,Ampharos (Prime),SKIP_NAME_MISMATCH,0.50
pkm-heartgold-and-soulsilver-106-123-759e14bb2f,HeartGold and SoulSilver,Blissey,106/123,83924,Blissey (Prime),SKIP_NAME_MISMATCH,0.50
pkm-heartgold-and-soulsilver-107-123-1805e642be,HeartGold and SoulSilver,Donphan,107/123,84878,Donphan (Prime),SKIP_NAME_MISMATCH,0.50
pkm-heartgold-and-soulsilver-108-123-11a26fa4f1,HeartGold and SoulSilver,Feraligatr,108/123,85420,Feraligatr (Prime),SKIP_NAME_MISMATCH,0.50
pkm-heartgold-and-soulsilver-109-123-361094eeaf,HeartGold and SoulSilver,Meganium,109/123,87294,Meganium (Prime),SKIP_NAME_MISMATCH,0.50
pkm-heartgold-and-soulsilver-110-123-fcc0131ffa,HeartGold and SoulSilver,Typhlosion,110/123,90107,Typhlosion (Prime),SKIP_NAME_MISMATCH,0.50
pkm-heartgold-and-soulsilver-111-123-d5a179f275,HeartGold and SoulSilver,Ho-Oh LEGEND,111/123,86133,Ho-Oh Legend (Top),SKIP_NAME_MISMATCH,0.75
pkm-heartgold-and-soulsilver-112-123-9550bc9288,HeartGold and SoulSilver,Ho-Oh LEGEND,112/123,86132,Ho-Oh Legend (Bottom),SKIP_NAME_MISMATCH,0.75
pkm-heartgold-and-soulsilver-113-123-f2cdfeb4cf,HeartGold and SoulSilver,Lugia LEGEND,113/123,86918,Lugia Legend (Top),SKIP_NAME_MISMATCH,0.67
pkm-heartgold-and-soulsilver-114-123-1efac8682a,HeartGold and SoulSilver,Lugia LEGEND,114/123,86917,Lugia Legend (Bottom),SKIP_NAME_MISMATCH,0.67
pkm-heartgold-and-soulsilver-115-123-3a702cadae,HeartGold and SoulSilver,Grass Energy,115/123,85879,Grass Energy,LINKED,1.00
pkm-heartgold-and-soulsilver-116-123-d108ffe247,HeartGold and SoulSilver,Fire Energy,116/123,85464,Fire Energy,LINKED,1.00
pkm-heartgold-and-soulsilver-117-123-9c741d5e45,HeartGold and SoulSilver,Water Energy,117/123,90512,Water Energy,LINKED,1.00
pkm-heartgold-and-soulsilver-118-123-03b3cc4256,HeartGold and SoulSilver,Lightning Energy,118/123,86768,Lightning Energy,LINKED,1.00
pkm-heartgold-and-soulsilver-119-123-857c9f6815,HeartGold and SoulSilver,Psychic Energy,119/123,88424,Psychic Energy,LINKED,1.00
pkm-heartgold-and-soulsilver-120-123-0453054f5a,HeartGold and SoulSilver,Fighting Energy,120/123,,,NO_CANDIDATE,
pkm-heartgold-and-soulsilver-121-123-dc63acabb2,HeartGold and SoulSilver,Darkness Energy,121/123,84677,Darkness Energy (Basic),SKIP_NAME_MISMATCH,0.67
pkm-heartgold-and-soulsilver-122-123-44659a4f1f,HeartGold and SoulSilver,Metal Energy,122/123,87350,Metal Energy (Basic),SKIP_NAME_MISMATCH,0.67
pkm-heartgold-and-soulsilver-123-123-a439f900cc,HeartGold and SoulSilver,Gyarados,123/123,85995,Gyarados (Red),SKIP_NAME_MISMATCH,0.50
pkm-heartgold-and-soulsilver-one-123-3e863c8657,HeartGold and SoulSilver,Alph Lithograph,ONE/123,83509,Alph Lithograph,LINKED,1.00
pkm-hgss-black-star-promos-hgss01-25-f4ff189248,HGSS Black Star Promos,Ho-Oh,HGSS01/25,86125,Ho-Oh - HGSS01,SKIP_NAME_MISMATCH,0.67
pkm-hgss-black-star-promos-hgss02-25-c2564afe5f,HGSS Black Star Promos,Lugia,HGSS02/25,86909,Lugia - HGSS02,SKIP_NAME_MISMATCH,0.50
pkm-hgss-black-star-promos-hgss03-25-3f25b83f80,HGSS Black Star Promos,Pikachu,HGSS03/25,88098,Pikachu - HGSS03,SKIP_NAME_MISMATCH,0.50
pkm-hgss-black-star-promos-hgss04-25-78896fdfa9,HGSS Black Star Promos,Wobbuffet,HGSS04/25,90622,Wobbuffet - HGSS04,SKIP_NAME_MISMATCH,0.50
pkm-hgss-black-star-promos-hgss05-25-d0dc54bdd9,HGSS Black Star Promos,Hoothoot,HGSS05/25,86174,Hoothoot - HGSS05,SKIP_NAME_MISMATCH,0.50
pkm-hgss-black-star-promos-hgss06-25-cb8cfac0c9,HGSS Black Star Promos,Noctowl,HGSS06/25,87795,Noctowl - HGSS06,SKIP_NAME_MISMATCH,0.50
pkm-hgss-black-star-promos-hgss07-25-e51f75fdc5,HGSS Black Star Promos,Feraligatr,HGSS07/25,85421,Feraligatr (Prime) - HGSS07,SKIP_NAME_MISMATCH,0.33
pkm-hgss-black-star-promos-hgss08-25-08bf732ca6,HGSS Black Star Promos,Meganium,HGSS08/25,87295,Meganium (Prime) - HGSS08,SKIP_NAME_MISMATCH,0.33
pkm-hgss-black-star-promos-hgss09-25-20c8b48f6e,HGSS Black Star Promos,Typhlosion,HGSS09/25,90108,Typhlosion (Prime) - HGSS09,SKIP_NAME_MISMATCH,0.33
pkm-hgss-black-star-promos-hgss10-25-3d147e4e7d,HGSS Black Star Promos,Latias,HGSS10/25,86653,Latias - HGSS10 (Cosmos Holo),SKIP_NAME_MISMATCH,0.50
pkm-hgss-black-star-promos-hgss10-25-3d147e4e7d,HGSS Black Star Promos,Latias,HGSS10/25,97705,Latias - HGSS10 (Cracked Ice Holo),SKIP_NAME_MISMATCH,0.20
pkm-hgss-black-star-promos-hgss11-25-3e342243be,HGSS Black Star Promos,Latios,HGSS11/25,86667,Latios - HGSS11 (Cosmos Holo),SKIP_NAME_MISMATCH,0.50
pkm-hgss-black-star-promos-hgss11-25-3e342243be,HGSS Black Star Promos,Latios,HGSS11/25,97706,Latios - HGSS11 (Cracked Ice Holo),SKIP_NAME_MISMATCH,0.20
pkm-hgss-black-star-promos-hgss12-25-0be63553d5,HGSS Black Star Promos,Cleffa,HGSS12/25,84368,Cleffa - HGSS12,SKIP_NAME_MISMATCH,0.50
pkm-hgss-black-star-promos-hgss13-25-b8248e0e9d,HGSS Black Star Promos,Smoochum,HGSS13/25,89364,Smoochum - HGSS13,SKIP_NAME_MISMATCH,0.50
pkm-hgss-black-star-promos-hgss14-25-d39968f214,HGSS Black Star Promos,Lapras,HGSS14/25,86621,Lapras - HGSS14,SKIP_NAME_MISMATCH,0.50
pkm-hgss-black-star-promos-hgss15-25-0571fc3dee,HGSS Black Star Promos,Shuckle,HGSS15/25,89193,Shuckle - HGSS15,SKIP_NAME_MISMATCH,0.50
pkm-hgss-black-star-promos-hgss16-25-9e093d1be2,HGSS Black Star Promos,Plusle,HGSS16/25,88172,Plusle - HGSS16,SKIP_NAME_MISMATCH,0.50
pkm-hgss-black-star-promos-hgss17-25-237be50268,HGSS Black Star Promos,Minun,HGSS17/25,87492,Minun - HGSS17,SKIP_NAME_MISMATCH,0.50
pkm-hgss-black-star-promos-hgss18-25-fb9a831f78,HGSS Black Star Promos,Tropical Tidal Wave,HGSS18/25,97704,Tropical Tidal Wave - HGSS18 (Worlds 10) [Finalist],SKIP_NAME_MISMATCH,0.43
pkm-hgss-black-star-promos-hgss18-25-fb9a831f78,HGSS Black Star Promos,Tropical Tidal Wave,HGSS18/25,90052,Tropical Tidal Wave - HGSS18 (Worlds 10) [Participation],SKIP_NAME_MISMATCH,0.43
pkm-hgss-black-star-promos-hgss18-25-fb9a831f78,HGSS Black Star Promos,Tropical Tidal Wave,HGSS18/25,97701,Tropical Tidal Wave - HGSS18 (Worlds 10) [Quarter-Finalist],SKIP_NAME_MISMATCH,0.38
pkm-hgss-black-star-promos-hgss18-25-fb9a831f78,HGSS Black Star Promos,Tropical Tidal Wave,HGSS18/25,97702,Tropical Tidal Wave - HGSS18 (Worlds 10) [Semi-Finalist],SKIP_NAME_MISMATCH,0.38
pkm-hgss-black-star-promos-hgss18-25-fb9a831f78,HGSS Black Star Promos,Tropical Tidal Wave,HGSS18/25,97703,Tropical Tidal Wave - HGSS18 (Worlds 10) [Staff],SKIP_NAME_MISMATCH,0.50
pkm-hgss-black-star-promos-hgss18-25-fb9a831f78,HGSS Black Star Promos,Tropical Tidal Wave,HGSS18/25,97700,Tropical Tidal Wave - HGSS18 (Worlds 10) [Top 16],SKIP_NAME_MISMATCH,0.38
pkm-hgss-black-star-promos-hgss18-25-fb9a831f78,HGSS Black Star Promos,Tropical Tidal Wave,HGSS18/25,97699,Tropical Tidal Wave - HGSS18 (Worlds 10) [Top 32],SKIP_NAME_MISMATCH,0.38
pkm-hgss-black-star-promos-hgss19-25-8edaf4ce63,HGSS Black Star Promos,Raikou,HGSS19/25,88535,Raikou - HGSS19,SKIP_NAME_MISMATCH,0.50
pkm-hgss-black-star-promos-hgss20-25-366ce655d5,HGSS Black Star Promos,Entei,HGSS20/25,85273,Entei - HGSS20,SKIP_NAME_MISMATCH,0.50
pkm-hgss-black-star-promos-hgss21-25-610b4bc3b7,HGSS Black Star Promos,Suicune,HGSS21/25,89605,Suicune - HGSS21,SKIP_NAME_MISMATCH,0.50
pkm-hgss-black-star-promos-hgss22-25-98c9be7d92,HGSS Black Star Promos,Porygon,HGSS22/25,88313,Porygon - HGSS22,SKIP_NAME_MISMATCH,0.50
pkm-hgss-black-star-promos-hgss23-25-bfd312fe79,HGSS Black Star Promos,Porygon2,HGSS23/25,88328,Porygon2 - HGSS23,SKIP_NAME_MISMATCH,0.50
pkm-hgss-black-star-promos-hgss24-25-179c2c6175,HGSS Black Star Promos,Hitmonchan,HGSS24/25,86097,Hitmonchan - HGSS24,SKIP_NAME_MISMATCH,0.50
pkm-hgss-black-star-promos-hgss25-25-38460ae5bc,HGSS Black Star Promos,Hitmonlee,HGSS25/25,86109,Hitmonlee - HGSS25,SKIP_NAME_MISMATCH,0.50
pkm-nintendo-black-star-promos-1-40-d627565008,Nintendo Black Star Promos,Kyogre ex,1/40,86555,Kyogre ex - 001 (Nintendo Power Magazine),SKIP_NAME_MISMATCH,0.33
pkm-nintendo-black-star-promos-2-40-4bd402fe46,Nintendo Black Star Promos,Groudon ex,2/40,85928,Groudon ex - 002 (Nintendo Power Magazine),SKIP_NAME_MISMATCH,0.33
pkm-nintendo-black-star-promos-3-40-ea266814bc,Nintendo Black Star Promos,Treecko,3/40,90031,Treecko - 003 (e-League),SKIP_NAME_MISMATCH,0.33
pkm-nintendo-black-star-promos-4-40-d408d501a9,Nintendo Black Star Promos,Grovyle,4/40,85934,Grovyle - 004 (e-League) [Winner],SKIP_NAME_MISMATCH,0.25
pkm-nintendo-black-star-promos-5-40-37fe7440a4,Nintendo Black Star Promos,Mudkip,5/40,87608,Mudkip - 005 (POP Tournament),SKIP_NAME_MISMATCH,0.25
pkm-nintendo-black-star-promos-6-40-fda58a087d,Nintendo Black Star Promos,Torchic,6/40,89952,Torchic - 006 (POP Tournament),SKIP_NAME_MISMATCH,0.25
pkm-nintendo-black-star-promos-7-40-7d9ff30cb9,Nintendo Black Star Promos,Treecko,7/40,90036,Treecko - 007 (POP Tournament),SKIP_NAME_MISMATCH,0.25
pkm-nintendo-black-star-promos-8-40-73f3767212,Nintendo Black Star Promos,Torchic,8/40,89948,Torchic - 008 (e-League),SKIP_NAME_MISMATCH,0.33
pkm-nintendo-black-star-promos-9-40-4694722d1a,Nintendo Black Star Promos,Combusken,9/40,84399,Combusken - 009 (e-League) [Winner],SKIP_NAME_MISMATCH,0.25
pkm-nintendo-black-star-promos-10-40-29a3ef1519,Nintendo Black Star Promos,Mudkip,10/40,87604,Mudkip - 010 (e-League),SKIP_NAME_MISMATCH,0.33
pkm-nintendo-black-star-promos-11-40-3f0141dbdb,Nintendo Black Star Promos,Marshtomp,11/40,87231,Marshtomp - 011 (e-League) [Winner],SKIP_NAME_MISMATCH,0.25
pkm-nintendo-black-star-promos-12-40-47d4d03798,Nintendo Black Star Promos,Pikachu,12/40,,,NO_CANDIDATE,
pkm-nintendo-black-star-promos-13-40-4a1c8e63fe,Nintendo Black Star Promos,Meowth,13/40,,,NO_CANDIDATE,
pkm-nintendo-black-star-promos-14-40-2cd9e34f5e,Nintendo Black Star Promos,Latias,14/40,86649,Latias - 014 (Pokemon Heroes: Latios & Latias DVD Release),SKIP_NAME_MISMATCH,0.14
pkm-nintendo-black-star-promos-15-40-32ae950a17,Nintendo Black Star Promos,Latios,15/40,86663,Latios - 015 (Pokemon Heroes: Latios & Latias DVD Release),SKIP_NAME_MISMATCH,0.14
pkm-nintendo-black-star-promos-16-40-80086a10e3,Nintendo Black Star Promos,Treecko,16/40,153316,Treecko - 016 (Target Promo),SKIP_NAME_MISMATCH,0.33
pkm-nintendo-black-star-promos-17-40-d8e29452ba,Nintendo Black Star Promos,Torchic,17/40,153317,Torchic - 017 (Target Promo),SKIP_NAME_MISMATCH,0.33
pkm-nintendo-black-star-promos-17-40-d8e29452ba,Nintendo Black Star Promos,Torchic,17/40,228481,Leafeon - 17/90 (Prerelease) [Staff],SKIP_NAME_MISMATCH,0.00
pkm-nintendo-black-star-promos-18-40-136211e97d,Nintendo Black Star Promos,Mudkip,18/40,153319,Mudkip - 018 (Target Promo),SKIP_NAME_MISMATCH,0.33
pkm-nintendo-black-star-promos-19-40-590fcfcbd4,Nintendo Black Star Promos,Whismur,19/40,145343,Whismur - 019 (Target Promo),SKIP_NAME_MISMATCH,0.33
pkm-nintendo-black-star-promos-19-40-590fcfcbd4,Nintendo Black Star Promos,Whismur,19/40,213023,Salamence - 19/97 (e-League),SKIP_NAME_MISMATCH,0.00
pkm-nintendo-black-star-promos-19-40-590fcfcbd4,Nintendo Black Star Promos,Whismur,19/40,213024,Salamence - 19/97 (e-League) [Winner],SKIP_NAME_MISMATCH,0.00
pkm-nintendo-black-star-promos-20-40-668fbdae5a,Nintendo Black Star Promos,Ludicolo,20/40,,,NO_CANDIDATE,
pkm-nintendo-black-star-promos-21-40-f7e7e1f84c,Nintendo Black Star Promos,Jirachi,21/40,86326,Jirachi - 021 (Jirachi: Wish Maker DVD Release),SKIP_NAME_MISMATCH,0.17
pkm-nintendo-black-star-promos-22-40-e6e6d91ec8,Nintendo Black Star Promos,Beldum,22/40,83784,Beldum - 022 (e-League),SKIP_NAME_MISMATCH,0.33
pkm-nintendo-black-star-promos-23-40-de574ea0d1,Nintendo Black Star Promos,Metang,23/40,87374,Metang - 023 (Stadium Challenge 2004),SKIP_NAME_MISMATCH,0.20
pkm-nintendo-black-star-promos-24-40-1ef795052f,Nintendo Black Star Promos,Chimecho,24/40,84293,Chimecho - 024 (e-League),SKIP_NAME_MISMATCH,0.33
pkm-nintendo-black-star-promos-24-40-1ef795052f,Nintendo Black Star Promos,Chimecho,24/40,228153,Chimecho - 024 (e-League) [Winner],SKIP_NAME_MISMATCH,0.25
pkm-nintendo-black-star-promos-25-40-6f959bb511,Nintendo Black Star Promos,Flygon,25/40,85523,Flygon - 025 (e-League),SKIP_NAME_MISMATCH,0.33
pkm-nintendo-black-star-promos-25-40-6f959bb511,Nintendo Black Star Promos,Flygon,25/40,228158,Flygon - 025 (e-League) [Winner],SKIP_NAME_MISMATCH,0.25
pkm-nintendo-black-star-promos-26-40-3b896fa19b,Nintendo Black Star Promos,Tropical Wind,26/40,90053,Tropical Wind - 026 (2004 World Championships) [Participation],SKIP_NAME_MISMATCH,0.29
pkm-nintendo-black-star-promos-27-40-94a511f084,Nintendo Black Star Promos,Tropical Tidal Wave,27/40,224548,Tropical Tidal Wave - 027 (2005 World Championships) [Finalist],SKIP_NAME_MISMATCH,0.38
pkm-nintendo-black-star-promos-27-40-94a511f084,Nintendo Black Star Promos,Tropical Tidal Wave,27/40,90050,Tropical Tidal Wave - 027 (2005 World Championships) [Participation],SKIP_NAME_MISMATCH,0.38
pkm-nintendo-black-star-promos-27-40-94a511f084,Nintendo Black Star Promos,Tropical Tidal Wave,27/40,224549,Tropical Tidal Wave - 027 (2005 World Championships) [Quarter-Finalist],SKIP_NAME_MISMATCH,0.33
pkm-nintendo-black-star-promos-27-40-94a511f084,Nintendo Black Star Promos,Tropical Tidal Wave,27/40,224550,Tropical Tidal Wave - 027 (2005 World Championships) [Semi-Finalist],SKIP_NAME_MISMATCH,0.33
pkm-nintendo-black-star-promos-27-40-94a511f084,Nintendo Black Star Promos,Tropical Tidal Wave,27/40,224551,Tropical Tidal Wave - 027 (2005 World Championships) [Staff],SKIP_NAME_MISMATCH,0.43
pkm-nintendo-black-star-promos-27-40-94a511f084,Nintendo Black Star Promos,Tropical Tidal Wave,27/40,224552,Tropical Tidal Wave - 027 (2005 World Championships) [Top 16],SKIP_NAME_MISMATCH,0.33
pkm-nintendo-black-star-promos-27-40-94a511f084,Nintendo Black Star Promos,Tropical Tidal Wave,27/40,224547,Tropical Tidal Wave - 027 (2005 World Championships) [Top 32],SKIP_NAME_MISMATCH,0.33
pkm-nintendo-black-star-promos-27-40-94a511f084,Nintendo Black Star Promos,Tropical Tidal Wave,27/40,221178,Raichu - 27/99 (Prerelease),SKIP_NAME_MISMATCH,0.00
pkm-nintendo-black-star-promos-27-40-94a511f084,Nintendo Black Star Promos,Tropical Tidal Wave,27/40,221179,Raichu - 27/99 (Prerelease) [Staff],SKIP_NAME_MISMATCH,0.00
pkm-nintendo-black-star-promos-28-40-c1b6e4a9c7,Nintendo Black Star Promos,Championship Arena,28/40,84163,Championship Arena - 028 (2005 World Championships),SKIP_NAME_MISMATCH,0.33
pkm-nintendo-black-star-promos-28-40-c1b6e4a9c7,Nintendo Black Star Promos,Championship Arena,28/40,277680,Dragonair (Delta Species) - 28/101 (Prerelease),SKIP_NAME_MISMATCH,0.00
pkm-nintendo-black-star-promos-28-40-c1b6e4a9c7,Nintendo Black Star Promos,Championship Arena,28/40,213013,Pichu - 28/123 (Prerelease),SKIP_NAME_MISMATCH,0.00
pkm-nintendo-black-star-promos-28-40-c1b6e4a9c7,Nintendo Black Star Promos,Championship Arena,28/40,213014,Pichu - 28/123 (Prerelease) [Staff],SKIP_NAME_MISMATCH,0.00
pkm-nintendo-black-star-promos-29-40-911a9d45b6,Nintendo Black Star Promos,Celebi,29/40,220759,Grumpig - 29/106 (Prerelease),SKIP_NAME_MISMATCH,0.00
pkm-nintendo-black-star-promos-30-40-1b0f73287e,Nintendo Black Star Promos,Suicune,30/40,,,NO_CANDIDATE,
pkm-nintendo-black-star-promos-31-40-b12e6cd6f6,Nintendo Black Star Promos,Moltres ex,31/40,,,NO_CANDIDATE,
pkm-nintendo-black-star-promos-32-40-bff7f5808f,Nintendo Black Star Promos,Articuno ex,32/40,239090,Gyarados - 32/97 (Prerelease),SKIP_NAME_MISMATCH,0.00
pkm-nintendo-black-star-promos-33-40-fa7a9749fd,Nintendo Black Star Promos,Zapdos ex,33/40,213021,Snorlax - 33/95 (Prerelease),SKIP_NAME_MISMATCH,0.00
pkm-nintendo-black-star-promos-33-40-fa7a9749fd,Nintendo Black Star Promos,Zapdos ex,33/40,228494,Snorlax - 33/95 (Prerelease) [Staff],SKIP_NAME_MISMATCH,0.00
pkm-nintendo-black-star-promos-34-40-a4aaecfc31,Nintendo Black Star Promos,Typhlosion,34/40,,,NO_CANDIDATE,
pkm-nintendo-black-star-promos-35-40-1033d31ba7,Nintendo Black Star Promos,Pikachu δ,35/40,118882,Ivysaur - 35/100 (Prerelease),SKIP_NAME_MISMATCH,0.00
pkm-nintendo-black-star-promos-35-40-1033d31ba7,Nintendo Black Star Promos,Pikachu δ,35/40,232876,Bayleef - 35/115 (Prerelease),SKIP_NAME_MISMATCH,0.00
pkm-nintendo-black-star-promos-36-40-c29ea14af8,Nintendo Black Star Promos,Tropical Tidal Wave,36/40,224553,Tropical Tidal Wave - 036 (2006 World Championships) [Finalist],SKIP_NAME_MISMATCH,0.38
pkm-nintendo-black-star-promos-36-40-c29ea14af8,Nintendo Black Star Promos,Tropical Tidal Wave,36/40,90051,Tropical Tidal Wave - 036 (2006 World Championships) [Participation],SKIP_NAME_MISMATCH,0.38
pkm-nintendo-black-star-promos-36-40-c29ea14af8,Nintendo Black Star Promos,Tropical Tidal Wave,36/40,224554,Tropical Tidal Wave - 036 (2006 World Championships) [Quarter-Finalist],SKIP_NAME_MISMATCH,0.33
pkm-nintendo-black-star-promos-36-40-c29ea14af8,Nintendo Black Star Promos,Tropical Tidal Wave,36/40,224555,Tropical Tidal Wave - 036 (2006 World Championships) [Semi-Finalist],SKIP_NAME_MISMATCH,0.33
pkm-nintendo-black-star-promos-36-40-c29ea14af8,Nintendo Black Star Promos,Tropical Tidal Wave,36/40,224556,Tropical Tidal Wave - 036 (2006 World Championships) [Staff],SKIP_NAME_MISMATCH,0.43
pkm-nintendo-black-star-promos-36-40-c29ea14af8,Nintendo Black Star Promos,Tropical Tidal Wave,36/40,224557,Tropical Tidal Wave - 036 (2006 World Championships) [Top 16],SKIP_NAME_MISMATCH,0.33
pkm-nintendo-black-star-promos-36-40-c29ea14af8,Nintendo Black Star Promos,Tropical Tidal Wave,36/40,224558,Tropical Tidal Wave - 036 (2006 World Championships) [Top 32],SKIP_NAME_MISMATCH,0.33
pkm-nintendo-black-star-promos-37-40-5c82807a56,Nintendo Black Star Promos,Kyogre ex,37/40,245913,Dark Houndoom - 37/109 (Prerelease),SKIP_NAME_MISMATCH,0.00
pkm-nintendo-black-star-promos-38-40-531ada9523,Nintendo Black Star Promos,Groudon ex,38/40,153078,Manectric - 38/107 (Prerelease),SKIP_NAME_MISMATCH,0.00
pkm-nintendo-black-star-promos-39-40-e662cb6e9a,Nintendo Black Star Promos,Rayquaza ex,39/40,,,NO_CANDIDATE,
pkm-nintendo-black-star-promos-40-40-0d8e3e94cf,Nintendo Black Star Promos,Mew,40/40,87402,Mew - 040 (Trainer's Challenge Set),SKIP_NAME_MISMATCH,0.17
pkm-mcdonalds-collection-2011-1-12-8fe37545fc,McDonalds Collection 2011,Snivy,1/12,89378,Snivy - 1/12,SKIP_NAME_MISMATCH,0.33
pkm-mcdonalds-collection-2011-2-12-a25d38be6d,McDonalds Collection 2011,Maractus,2/12,87189,Maractus - 2/12,SKIP_NAME_MISMATCH,0.33
pkm-mcdonalds-collection-2011-3-12-c80d6dfca5,McDonalds Collection 2011,Tepig,3/12,89882,Tepig - 3/12,SKIP_NAME_MISMATCH,0.33
pkm-mcdonalds-collection-2011-4-12-02ceec4a0a,McDonalds Collection 2011,Oshawott,4/12,87893,Oshawott - 4/12,SKIP_NAME_MISMATCH,0.33
pkm-mcdonalds-collection-2011-5-12-fafd752a63,McDonalds Collection 2011,Alomomola,5/12,83507,Alomomola - 5/12,SKIP_NAME_MISMATCH,0.33
pkm-mcdonalds-collection-2011-6-12-8c051ae41a,McDonalds Collection 2011,Blitzle,6/12,83929,Blitzle - 6/12,SKIP_NAME_MISMATCH,0.33
pkm-mcdonalds-collection-2011-7-12-d1626fc6d8,McDonalds Collection 2011,Munna,7/12,87642,Munna - 7/12,SKIP_NAME_MISMATCH,0.33
pkm-mcdonalds-collection-2011-8-12-1d869d8fac,McDonalds Collection 2011,Sandile,8/12,88913,Sandile - 8/12,SKIP_NAME_MISMATCH,0.33
pkm-mcdonalds-collection-2011-9-12-e162e51cab,McDonalds Collection 2011,Zorua,9/12,90758,Zorua - 9/12,SKIP_NAME_MISMATCH,0.33
pkm-mcdonalds-collection-2011-10-12-71045592f8,McDonalds Collection 2011,Klink,10/12,86480,Klink - 10/12,SKIP_NAME_MISMATCH,0.33
pkm-mcdonalds-collection-2011-11-12-beecd13242,McDonalds Collection 2011,Pidove,11/12,88055,Pidove - 11/12,SKIP_NAME_MISMATCH,0.33
pkm-mcdonalds-collection-2011-12-12-881f53d34d,McDonalds Collection 2011,Audino,12/12,83660,Audino - 12/12,SKIP_NAME_MISMATCH,0.50
pkm-mcdonalds-collection-2012-1-12-ee7b448899,McDonalds Collection 2012,Servine,1/12,89081,Servine - 1/12,SKIP_NAME_MISMATCH,0.33
pkm-mcdonalds-collection-2012-2-12-6fd230d6b2,McDonalds Collection 2012,Pansage,2/12,87937,Pansage - 2/12,SKIP_NAME_MISMATCH,0.33
pkm-mcdonalds-collection-2012-3-12-d604749f03,McDonalds Collection 2012,Dwebble,3/12,85065,Dwebble - 3/12,SKIP_NAME_MISMATCH,0.33
pkm-mcdonalds-collection-2012-4-12-11e0e64a11,McDonalds Collection 2012,Pignite,4/12,88064,Pignite - 4/12,SKIP_NAME_MISMATCH,0.33
pkm-mcdonalds-collection-2012-5-12-2ba0330349,McDonalds Collection 2012,Dewott,5/12,84797,Dewott - 5/12,SKIP_NAME_MISMATCH,0.33
pkm-mcdonalds-collection-2012-6-12-032475e6e3,McDonalds Collection 2012,Emolga,6/12,85193,Emolga - 6/12,SKIP_NAME_MISMATCH,0.33
pkm-mcdonalds-collection-2012-7-12-3952133f67,McDonalds Collection 2012,Woobat,7/12,90629,Woobat - 7/12,SKIP_NAME_MISMATCH,0.33
pkm-mcdonalds-collection-2012-8-12-cd03e60e01,McDonalds Collection 2012,Drilbur,8/12,84967,Drilbur - 8/12,SKIP_NAME_MISMATCH,0.33
pkm-mcdonalds-collection-2012-9-12-45e0905622,McDonalds Collection 2012,Purrloin,9/12,88463,Purrloin - 9/12,SKIP_NAME_MISMATCH,0.33
pkm-mcdonalds-collection-2012-10-12-da2f545296,McDonalds Collection 2012,Scraggy,10/12,88986,Scraggy - 10/12,SKIP_NAME_MISMATCH,0.33
pkm-mcdonalds-collection-2012-11-12-ee5605b50e,McDonalds Collection 2012,Klang,11/12,86478,Klang - 11/12,SKIP_NAME_MISMATCH,0.33
pkm-mcdonalds-collection-2012-12-12-fa14cf69d8,McDonalds Collection 2012,Axew,12/12,83673,Axew - 12/12,SKIP_NAME_MISMATCH,0.50
pkm-mcdonalds-collection-2014-1-12-0fbeb7bc23,McDonalds Collection 2014,Weedle,1/12,110406,Weedle - 1/12,SKIP_NAME_MISMATCH,0.33
pkm-mcdonalds-collection-2014-2-12-db7b21175d,McDonalds Collection 2014,Chespin,2/12,110407,Chespin - 2/12,SKIP_NAME_MISMATCH,0.33
pkm-mcdonalds-collection-2014-3-12-cd823c76f7,McDonalds Collection 2014,Fennekin,3/12,110408,Fennekin - 3/12,SKIP_NAME_MISMATCH,0.33
pkm-mcdonalds-collection-2014-4-12-79a0b1756a,McDonalds Collection 2014,Froakie,4/12,110409,Froakie - 4/12,SKIP_NAME_MISMATCH,0.33
pkm-mcdonalds-collection-2014-5-12-d50a16f0c0,McDonalds Collection 2014,Pikachu,5/12,110410,Pikachu - 5/12,SKIP_NAME_MISMATCH,0.33
pkm-mcdonalds-collection-2014-6-12-42f853926c,McDonalds Collection 2014,Inkay,6/12,110411,Inkay - 6/12,SKIP_NAME_MISMATCH,0.33
pkm-mcdonalds-collection-2014-7-12-ce9e8bda8c,McDonalds Collection 2014,Honedge,7/12,110412,Honedge - 7/12,SKIP_NAME_MISMATCH,0.33
pkm-mcdonalds-collection-2014-8-12-2ce39fea2a,McDonalds Collection 2014,Snubbull,8/12,110413,Snubbull - 8/12,SKIP_NAME_MISMATCH,0.33
pkm-mcdonalds-collection-2014-9-12-2236154dc7,McDonalds Collection 2014,Swirlix,9/12,110414,Swirlix - 9/12,SKIP_NAME_MISMATCH,0.33
pkm-mcdonalds-collection-2014-10-12-2bda90c8cf,McDonalds Collection 2014,Bunnelby,10/12,110415,Bunnelby - 10/12,SKIP_NAME_MISMATCH,0.33
pkm-mcdonalds-collection-2014-11-12-e3873c3f75,McDonalds Collection 2014,Fletchling,11/12,110416,Fletchling - 11/12,SKIP_NAME_MISMATCH,0.33
pkm-mcdonalds-collection-2014-12-12-4788b8d61d,McDonalds Collection 2014,Furfrou,12/12,110417,Furfrou - 12/12,SKIP_NAME_MISMATCH,0.50
pkm-mcdonalds-collection-2015-1-12-77eca6026c,McDonalds Collection 2015,Treecko,1/12,110429,Treecko - 1/12,SKIP_NAME_MISMATCH,0.33
pkm-mcdonalds-collection-2015-2-12-5d281c3182,McDonalds Collection 2015,Lotad,2/12,110422,Lotad - 2/12,SKIP_NAME_MISMATCH,0.33
pkm-mcdonalds-collection-2015-3-12-7b17028c0e,McDonalds Collection 2015,Torchic,3/12,110433,Torchic - 3/12,SKIP_NAME_MISMATCH,0.33
pkm-mcdonalds-collection-2015-4-12-f2c67fe2e3,McDonalds Collection 2015,Staryu,4/12,110431,Staryu - 4/12,SKIP_NAME_MISMATCH,0.33
pkm-mcdonalds-collection-2015-5-12-71a2d921e9,McDonalds Collection 2015,Mudkip,5/12,110427,Mudkip - 5/12,SKIP_NAME_MISMATCH,0.33
pkm-mcdonalds-collection-2015-6-12-70b42d321a,McDonalds Collection 2015,Pikachu,6/12,110424,Pikachu - 6/12,SKIP_NAME_MISMATCH,0.33
pkm-mcdonalds-collection-2015-7-12-1c39d5157d,McDonalds Collection 2015,Electrike,7/12,110428,Electrike - 7/12,SKIP_NAME_MISMATCH,0.33
pkm-mcdonalds-collection-2015-8-12-9d524a1677,McDonalds Collection 2015,Rhyhorn,8/12,110426,Rhyhorn - 8/12,SKIP_NAME_MISMATCH,0.33
pkm-mcdonalds-collection-2015-9-12-8836fdb4fa,McDonalds Collection 2015,Meditite,9/12,110425,Meditite - 9/12,SKIP_NAME_MISMATCH,0.33
pkm-mcdonalds-collection-2015-10-12-8c73c12c59,McDonalds Collection 2015,Marill,10/12,110430,Marill - 10/12,SKIP_NAME_MISMATCH,0.33
pkm-mcdonalds-collection-2015-11-12-1a1e94313d,McDonalds Collection 2015,Zigzagoon,11/12,110423,Zigzagoon - 11/12,SKIP_NAME_MISMATCH,0.33
pkm-mcdonalds-collection-2015-12-12-ba10522d5c,McDonalds Collection 2015,Skitty,12/12,110432,Skitty - 12/12,SKIP_NAME_MISMATCH,0.50
pkm-mcdonalds-collection-2016-1-12-6f29b15f11,McDonalds Collection 2016,Vulpix,1/12,275057,Vulpix - 1/12,SKIP_NAME_MISMATCH,0.33
pkm-mcdonalds-collection-2016-2-12-3c43ba2f76,McDonalds Collection 2016,Torchic,2/12,275058,Torchic - 2/12,SKIP_NAME_MISMATCH,0.33
pkm-mcdonalds-collection-2016-3-12-ea03b1f749,McDonalds Collection 2016,Fennekin,3/12,275059,Fennekin - 3/12,SKIP_NAME_MISMATCH,0.33
pkm-mcdonalds-collection-2016-4-12-4e55ed4d14,McDonalds Collection 2016,Magikarp,4/12,275060,Magikarp - 4/12,SKIP_NAME_MISMATCH,0.33
pkm-mcdonalds-collection-2016-5-12-9e694fbf5a,McDonalds Collection 2016,Totodile,5/12,275061,Totodile - 5/12,SKIP_NAME_MISMATCH,0.33
pkm-mcdonalds-collection-2016-6-12-c2f35d4aeb,McDonalds Collection 2016,Pikachu,6/12,275062,Pikachu - 6/12,SKIP_NAME_MISMATCH,0.33
pkm-mcdonalds-collection-2016-7-12-673dfa9ca3,McDonalds Collection 2016,Scraggy,7/12,275063,Scraggy - 7/12,SKIP_NAME_MISMATCH,0.33
pkm-mcdonalds-collection-2016-8-12-0a9e3dc11b,McDonalds Collection 2016,Jigglypuff,8/12,275064,Jigglypuff - 8/12,SKIP_NAME_MISMATCH,0.33
pkm-mcdonalds-collection-2016-9-12-32c6d18029,McDonalds Collection 2016,Togepi,9/12,275065,Togepi - 9/12,SKIP_NAME_MISMATCH,0.33
pkm-mcdonalds-collection-2016-10-12-33638af27f,McDonalds Collection 2016,Dedenne,10/12,275066,Dedenne - 10/12,SKIP_NAME_MISMATCH,0.33
pkm-mcdonalds-collection-2016-11-12-7d5c7d6057,McDonalds Collection 2016,Meowth,11/12,275067,Meowth - 11/12,SKIP_NAME_MISMATCH,0.33
pkm-mcdonalds-collection-2016-12-12-11ac8829cf,McDonalds Collection 2016,Eevee,12/12,275069,Eevee - 12/12,SKIP_NAME_MISMATCH,0.50
pkm-mcdonalds-collection-2017-1-12-3770dcfc88,McDonalds Collection 2017,Rowlet,1/12,152681,Rowlet - 1/12,SKIP_NAME_MISMATCH,0.33
pkm-mcdonalds-collection-2017-2-12-c72e3f77dc,McDonalds Collection 2017,Grubbin,2/12,152682,Grubbin - 2/12,SKIP_NAME_MISMATCH,0.33
pkm-mcdonalds-collection-2017-3-12-10f205a670,McDonalds Collection 2017,Litten,3/12,152683,Litten - 3/12,SKIP_NAME_MISMATCH,0.33
pkm-mcdonalds-collection-2017-4-12-13ca8e5ea1,McDonalds Collection 2017,Popplio,4/12,152684,Popplio - 4/12,SKIP_NAME_MISMATCH,0.33
pkm-mcdonalds-collection-2017-5-12-6617bac272,McDonalds Collection 2017,Pikachu,5/12,152685,Pikachu - 5/12,SKIP_NAME_MISMATCH,0.33
pkm-mcdonalds-collection-2017-6-12-1c1f3f5619,McDonalds Collection 2017,Cosmog,6/12,152686,Cosmog - 6/12,SKIP_NAME_MISMATCH,0.33
pkm-mcdonalds-collection-2017-7-12-a2c8f836e0,McDonalds Collection 2017,Crabrawler,7/12,152687,Crabrawler - 7/12,SKIP_NAME_MISMATCH,0.33
pkm-mcdonalds-collection-2017-8-12-3b3e32e31c,McDonalds Collection 2017,Alolan Meowth,8/12,152688,Alolan Meowth - 8/12,SKIP_NAME_MISMATCH,0.50
pkm-mcdonalds-collection-2017-9-12-f3687678b5,McDonalds Collection 2017,Alolan Diglett,9/12,152689,Alolan Diglett - 9/12,SKIP_NAME_MISMATCH,0.50
pkm-mcdonalds-collection-2017-10-12-d96fe7c573,McDonalds Collection 2017,Cutiefly,10/12,152690,Cutiefly - 10/12,SKIP_NAME_MISMATCH,0.33
pkm-mcdonalds-collection-2017-11-12-ced781b54d,McDonalds Collection 2017,Pikipek,11/12,152692,Pikipek - 11/12,SKIP_NAME_MISMATCH,0.33
pkm-mcdonalds-collection-2017-12-12-5eb99f4033,McDonalds Collection 2017,Yungoos,12/12,152693,Yungoos - 12/12,SKIP_NAME_MISMATCH,0.50
pkm-mcdonalds-collection-2018-1-12-530ab4e6e7,McDonalds Collection 2018,Growlithe,1/12,180450,Growlithe - 1/12,SKIP_NAME_MISMATCH,0.33
pkm-mcdonalds-collection-2018-2-12-742eaaa4ef,McDonalds Collection 2018,Psyduck,2/12,180451,Psyduck - 2/12,SKIP_NAME_MISMATCH,0.33
pkm-mcdonalds-collection-2018-3-12-cf24226a14,McDonalds Collection 2018,Horsea,3/12,180449,Horsea - 3/12,SKIP_NAME_MISMATCH,0.33
pkm-mcdonalds-collection-2018-4-12-6a1715f8a4,McDonalds Collection 2018,Pikachu,4/12,180452,Pikachu - 4/12,SKIP_NAME_MISMATCH,0.33
pkm-mcdonalds-collection-2018-5-12-e76067a966,McDonalds Collection 2018,Slowpoke,5/12,180453,Slowpoke - 5/12,SKIP_NAME_MISMATCH,0.33
pkm-mcdonalds-collection-2018-6-12-867546d59f,McDonalds Collection 2018,Machop,6/12,180454,Machop - 6/12,SKIP_NAME_MISMATCH,0.33
pkm-mcdonalds-collection-2018-7-12-a08a90e4ab,McDonalds Collection 2018,Cubone,7/12,180455,Cubone - 7/12,SKIP_NAME_MISMATCH,0.33
pkm-mcdonalds-collection-2018-8-12-50ec3b832e,McDonalds Collection 2018,Magnemite,8/12,180456,Magnemite - 8/12,SKIP_NAME_MISMATCH,0.33
pkm-mcdonalds-collection-2018-9-12-c4b48050bb,McDonalds Collection 2018,Dratini,9/12,,,NO_CANDIDATE,
pkm-mcdonalds-collection-2018-10-12-4de711e21d,McDonalds Collection 2018,Chansey,10/12,180458,Chansey - 10/12,SKIP_NAME_MISMATCH,0.33
pkm-mcdonalds-collection-2018-11-12-cae0c260d0,McDonalds Collection 2018,Eevee,11/12,180459,Eevee - 11/12,SKIP_NAME_MISMATCH,0.33
pkm-mcdonalds-collection-2018-12-12-c6212ae2a9,McDonalds Collection 2018,Porygon,12/12,180460,Porygon - 12/12,SKIP_NAME_MISMATCH,0.50
pkm-mcdonalds-collection-2019-1-12-c2924c997b,McDonalds Collection 2019,Caterpie,1/12,200960,Caterpie - 1/12,SKIP_NAME_MISMATCH,0.33
pkm-mcdonalds-collection-2019-2-12-92c474cb2a,McDonalds Collection 2019,Alolan Exeggutor,2/12,200961,Alolan Exeggutor - 2/12,SKIP_NAME_MISMATCH,0.50
pkm-mcdonalds-collection-2019-3-12-abe8c3591b,McDonalds Collection 2019,Magmar,3/12,200963,Magmar - 3/12,SKIP_NAME_MISMATCH,0.33
pkm-mcdonalds-collection-2019-4-12-80ecd1857b,McDonalds Collection 2019,Alolan Sandshrew,4/12,200964,Alolan Sandshrew - 4/12,SKIP_NAME_MISMATCH,0.50
pkm-mcdonalds-collection-2019-5-12-17a575219e,McDonalds Collection 2019,Lapras,5/12,200966,Lapras - 5/12,SKIP_NAME_MISMATCH,0.33
pkm-mcdonalds-collection-2019-6-12-1c587e6a46,McDonalds Collection 2019,Pikachu,6/12,200967,Pikachu - 6/12,SKIP_NAME_MISMATCH,0.33
pkm-mcdonalds-collection-2019-7-12-b5c6291807,McDonalds Collection 2019,Gastly,7/12,200969,Gastly - 7/12,SKIP_NAME_MISMATCH,0.33
pkm-mcdonalds-collection-2019-8-12-b3f1d5f938,McDonalds Collection 2019,Mankey,8/12,200971,Mankey - 8/12,SKIP_NAME_MISMATCH,0.33
pkm-mcdonalds-collection-2019-9-12-3ec7cecf6a,McDonalds Collection 2019,Onix,9/12,200973,Onix - 9/12,SKIP_NAME_MISMATCH,0.33
pkm-mcdonalds-collection-2019-10-12-297c32b053,McDonalds Collection 2019,Alolan Meowth,10/12,200975,Alolan Meowth - 10/12,SKIP_NAME_MISMATCH,0.50
pkm-mcdonalds-collection-2019-11-12-604013f2da,McDonalds Collection 2019,Alolan Dugtrio,11/12,200976,Alolan Dugtrio - 11/12,SKIP_NAME_MISMATCH,0.50
pkm-mcdonalds-collection-2019-12-12-9489f268d9,McDonalds Collection 2019,Eevee,12/12,200977,Eevee - 12/12,SKIP_NAME_MISMATCH,0.50
pkm-mcdonalds-collection-2021-1-25-39c4f13526,McDonalds Collection 2021,Bulbasaur,1/25,232316,Bulbasaur - 1/25,SKIP_NAME_MISMATCH,0.33
pkm-mcdonalds-collection-2021-2-25-8dc37652c2,McDonalds Collection 2021,Chikorita,2/25,232317,Chikorita - 2/25,SKIP_NAME_MISMATCH,0.33
pkm-mcdonalds-collection-2021-3-25-e08096ee99,McDonalds Collection 2021,Treecko,3/25,232318,Treecko - 3/25,SKIP_NAME_MISMATCH,0.33
pkm-mcdonalds-collection-2021-4-25-e09bbeccb9,McDonalds Collection 2021,Turtwig,4/25,232319,Turtwig - 4/25,SKIP_NAME_MISMATCH,0.33
pkm-mcdonalds-collection-2021-5-25-9b533eb291,McDonalds Collection 2021,Snivy,5/25,232320,Snivy - 5/25,SKIP_NAME_MISMATCH,0.33
pkm-mcdonalds-collection-2021-6-25-c3223052b4,McDonalds Collection 2021,Chespin,6/25,232321,Chespin - 6/25,SKIP_NAME_MISMATCH,0.33
pkm-mcdonalds-collection-2021-7-25-d1240468bd,McDonalds Collection 2021,Rowlet,7/25,232322,Rowlet - 7/25,SKIP_NAME_MISMATCH,0.33
pkm-mcdonalds-collection-2021-8-25-a6b3f8ab57,McDonalds Collection 2021,Grookey,8/25,232323,Grookey - 8/25,SKIP_NAME_MISMATCH,0.33
pkm-mcdonalds-collection-2021-9-25-66ad81ef15,McDonalds Collection 2021,Charmander,9/25,232324,Charmander - 9/25,SKIP_NAME_MISMATCH,0.33
pkm-mcdonalds-collection-2021-10-25-017b2775b9,McDonalds Collection 2021,Cyndaquil,10/25,232325,Cyndaquil - 10/25,SKIP_NAME_MISMATCH,0.33
pkm-mcdonalds-collection-2021-11-25-7c9f88d780,McDonalds Collection 2021,Torchic,11/25,232326,Torchic - 11/25,SKIP_NAME_MISMATCH,0.33
pkm-mcdonalds-collection-2021-12-25-b36bd6c1ee,McDonalds Collection 2021,Chimchar,12/25,232327,Chimchar - 12/25,SKIP_NAME_MISMATCH,0.33
pkm-mcdonalds-collection-2021-13-25-84438aeba0,McDonalds Collection 2021,Tepig,13/25,232328,Tepig - 13/25,SKIP_NAME_MISMATCH,0.33
pkm-mcdonalds-collection-2021-14-25-a5d26f5a53,McDonalds Collection 2021,Fennekin,14/25,232329,Fennekin - 14/25,SKIP_NAME_MISMATCH,0.33
pkm-mcdonalds-collection-2021-15-25-67521eb260,McDonalds Collection 2021,Litten,15/25,232341,Litten - 15/25,SKIP_NAME_MISMATCH,0.33
pkm-mcdonalds-collection-2021-16-25-1220dcc4cf,McDonalds Collection 2021,Scorbunny,16/25,232330,Scorbunny - 16/25,SKIP_NAME_MISMATCH,0.33
pkm-mcdonalds-collection-2021-17-25-e1c019b9dd,McDonalds Collection 2021,Squirtle,17/25,232331,Squirtle - 17/25,SKIP_NAME_MISMATCH,0.33
pkm-mcdonalds-collection-2021-18-25-bbca71f9e6,McDonalds Collection 2021,Totodile,18/25,232332,Totodile - 18/25,SKIP_NAME_MISMATCH,0.33
pkm-mcdonalds-collection-2021-19-25-d231f39383,McDonalds Collection 2021,Mudkip,19/25,232333,Mudkip - 19/25,SKIP_NAME_MISMATCH,0.33
pkm-mcdonalds-collection-2021-20-25-afe6eb14f8,McDonalds Collection 2021,Piplup,20/25,232334,Piplup - 20/25,SKIP_NAME_MISMATCH,0.33
pkm-mcdonalds-collection-2021-21-25-686f7d0275,McDonalds Collection 2021,Oshawott,21/25,232335,Oshawott - 21/25,SKIP_NAME_MISMATCH,0.33
pkm-mcdonalds-collection-2021-22-25-fc10109481,McDonalds Collection 2021,Froakie,22/25,232336,Froakie - 22/25,SKIP_NAME_MISMATCH,0.33
pkm-mcdonalds-collection-2021-23-25-4d3c5752b3,McDonalds Collection 2021,Popplio,23/25,232337,Popplio - 23/25,SKIP_NAME_MISMATCH,0.33
pkm-mcdonalds-collection-2021-24-25-5912717ad0,McDonalds Collection 2021,Sobble,24/25,232338,Sobble - 24/25,SKIP_NAME_MISMATCH,0.33
pkm-mcdonalds-collection-2021-25-25-69b19516a8,McDonalds Collection 2021,Pikachu,25/25,232339,Pikachu - 25/25,SKIP_NAME_MISMATCH,0.50
pkm-mcdonalds-collection-2022-1-15-bd683c499c,McDonalds Collection 2022,Ledyba,1/15,281476,Ledyba - 1/15,SKIP_NAME_MISMATCH,0.33
pkm-mcdonalds-collection-2022-2-15-fd21936421,McDonalds Collection 2022,Rowlet,2/15,281473,Rowlet - 2/15,SKIP_NAME_MISMATCH,0.33
pkm-mcdonalds-collection-2022-3-15-d487ac1007,McDonalds Collection 2022,Gossifleur,3/15,281482,Gossifleur - 3/15,SKIP_NAME_MISMATCH,0.33
pkm-mcdonalds-collection-2022-4-15-04e060c8a4,McDonalds Collection 2022,Growlithe,4/15,281503,Growlithe - 4/15,SKIP_NAME_MISMATCH,0.33
pkm-mcdonalds-collection-2022-5-15-0af633a652,McDonalds Collection 2022,Victini,5/15,,,NO_CANDIDATE,
pkm-mcdonalds-collection-2022-6-15-b002db85be,McDonalds Collection 2022,Lapras,6/15,281485,Lapras - 6/15,SKIP_NAME_MISMATCH,0.33
pkm-mcdonalds-collection-2022-7-15-b67c3caf1a,McDonalds Collection 2022,Pikachu,7/15,282523,Pikachu - 7/15,SKIP_NAME_MISMATCH,0.33
pkm-mcdonalds-collection-2022-8-15-5787de1e83,McDonalds Collection 2022,Chinchou,8/15,281491,Chinchou - 8/15,SKIP_NAME_MISMATCH,0.33
pkm-mcdonalds-collection-2022-9-15-f29e13384d,McDonalds Collection 2022,Flaaffy,9/15,281478,Flaaffy - 9/15,SKIP_NAME_MISMATCH,0.33
pkm-mcdonalds-collection-2022-10-15-68923e5ed7,McDonalds Collection 2022,Tynamo,10/15,281472,Tynamo - 10/15,SKIP_NAME_MISMATCH,0.33
pkm-mcdonalds-collection-2022-11-15-120a0557f3,McDonalds Collection 2022,Cutiefly,11/15,281494,Cutiefly - 11/15,SKIP_NAME_MISMATCH,0.33
pkm-mcdonalds-collection-2022-12-15-fc3fdf27e6,McDonalds Collection 2022,Bewear,12/15,281504,Bewear - 12/15,SKIP_NAME_MISMATCH,0.33
pkm-mcdonalds-collection-2022-13-15-2af126b99f,McDonalds Collection 2022,Pangoro,13/15,281505,Pangoro - 13/15,SKIP_NAME_MISMATCH,0.33
pkm-mcdonalds-collection-2022-14-15-d03a222ea8,McDonalds Collection 2022,Drampa,14/15,281497,Drampa - 14/15,SKIP_NAME_MISMATCH,0.33
pkm-mcdonalds-collection-2022-15-15-bd4d9afb50,McDonalds Collection 2022,Smeargle,15/15,281500,Smeargle - 15/15,SKIP_NAME_MISMATCH,0.50
pkm-sm-black-star-promos-sm01-248-ed1f05c96b,SM Black Star Promos,Rowlet,SM01/248,126031,Rowlet - SM01,SKIP_NAME_MISMATCH,0.50
pkm-sm-black-star-promos-sm02-248-61a8326b42,SM Black Star Promos,Litten,SM02/248,126030,Litten - SM02,SKIP_NAME_MISMATCH,0.50
pkm-sm-black-star-promos-sm03-248-c541dccd79,SM Black Star Promos,Popplio,SM03/248,126029,Popplio - SM03,SKIP_NAME_MISMATCH,0.50
pkm-sm-black-star-promos-sm04-248-33d43f7fdb,SM Black Star Promos,Pikachu,SM04/248,126032,Pikachu - SM04,SKIP_NAME_MISMATCH,0.50
pkm-sm-black-star-promos-sm04-248-33d43f7fdb,SM Black Star Promos,Pikachu,SM04/248,147224,Pikachu - SM04 (Target Non-Holo),SKIP_NAME_MISMATCH,0.20
pkm-sm-black-star-promos-sm05-248-5a62980274,SM Black Star Promos,Snorlax-GX,SM05/248,126027,Snorlax GX - SM05,SKIP_NAME_MISMATCH,0.67
pkm-sm-black-star-promos-sm06-248-cb7f5b5ce7,SM Black Star Promos,Rockruff,SM06/248,127511,Rockruff - SM06,SKIP_NAME_MISMATCH,0.50
pkm-sm-black-star-promos-sm07-248-4ec81c9e5d,SM Black Star Promos,Pikipek,SM07/248,127512,Pikipek - SM07,SKIP_NAME_MISMATCH,0.50
pkm-sm-black-star-promos-sm08-248-c527cdbc4c,SM Black Star Promos,Litten,SM08/248,127513,Litten - SM08,SKIP_NAME_MISMATCH,0.50
pkm-sm-black-star-promos-sm09-248-6728248a4c,SM Black Star Promos,Togedemaru,SM09/248,127514,Togedemaru - SM09,SKIP_NAME_MISMATCH,0.50
pkm-sm-black-star-promos-sm10-248-b62b005d0a,SM Black Star Promos,Shiinotic,SM10/248,127181,Shiinotic - SM10 (Prerelease),SKIP_NAME_MISMATCH,0.50
pkm-sm-black-star-promos-sm10-248-b62b005d0a,SM Black Star Promos,Shiinotic,SM10/248,127182,Shiinotic - SM10 (Prerelease) [Staff],SKIP_NAME_MISMATCH,0.50
pkm-sm-black-star-promos-sm11-248-8496799af8,SM Black Star Promos,Bruxish,SM11/248,127184,Bruxish - SM11 (Prerelease),SKIP_NAME_MISMATCH,0.50
pkm-sm-black-star-promos-sm11-248-8496799af8,SM Black Star Promos,Bruxish,SM11/248,127183,Bruxish - SM11 (Prerelease) [Staff],SKIP_NAME_MISMATCH,0.50
pkm-sm-black-star-promos-sm12-248-4632f79a43,SM Black Star Promos,Passimian,SM12/248,127185,Passimian - SM12 (Prerelease),SKIP_NAME_MISMATCH,0.50
pkm-sm-black-star-promos-sm12-248-4632f79a43,SM Black Star Promos,Passimian,SM12/248,127186,Passimian - SM12 (Prerelease) [Staff],SKIP_NAME_MISMATCH,0.50
pkm-sm-black-star-promos-sm13-248-9c7ec9bfba,SM Black Star Promos,Oranguru,SM13/248,127188,Oranguru - SM13 (Prerelease),SKIP_NAME_MISMATCH,0.50
pkm-sm-black-star-promos-sm13-248-9c7ec9bfba,SM Black Star Promos,Oranguru,SM13/248,127187,Oranguru - SM13 (Prerelease) [Staff],SKIP_NAME_MISMATCH,0.50
pkm-sm-black-star-promos-sm14-248-7dafc14d26,SM Black Star Promos,Lycanroc-GX,SM14/248,127520,Lycanroc GX - SM14,SKIP_NAME_MISMATCH,0.67
pkm-sm-black-star-promos-sm15-248-c87c643cec,SM Black Star Promos,Zygarde,SM15/248,129313,Zygarde - SM15,SKIP_NAME_MISMATCH,0.50
pkm-sm-black-star-promos-sm16-248-ab4c4f6d3c,SM Black Star Promos,Solgaleo-GX,SM16/248,129311,Solgaleo GX - SM16,SKIP_NAME_MISMATCH,0.67
pkm-sm-black-star-promos-sm17-248-098223b5e9,SM Black Star Promos,Lunala-GX,SM17/248,129312,Lunala GX - SM17,SKIP_NAME_MISMATCH,0.67
pkm-sm-black-star-promos-sm18-248-a1c8601be4,SM Black Star Promos,Alolan Sandslash,SM18/248,131091,Alolan Sandslash - SM18 (Prerelease),SKIP_NAME_MISMATCH,0.67
pkm-sm-black-star-promos-sm18-248-a1c8601be4,SM Black Star Promos,Alolan Sandslash,SM18/248,131092,Alolan Sandslash - SM18 (Prerelease) [Staff],SKIP_NAME_MISMATCH,0.67
pkm-sm-black-star-promos-sm19-248-50915fc870,SM Black Star Promos,Oricorio,SM19/248,131089,Oricorio - SM19 (Prerelease),SKIP_NAME_MISMATCH,0.50
pkm-sm-black-star-promos-sm19-248-50915fc870,SM Black Star Promos,Oricorio,SM19/248,131090,Oricorio - SM19 (Prerelease) [Staff],SKIP_NAME_MISMATCH,0.50
pkm-sm-black-star-promos-sm20-248-2afc4c9b8f,SM Black Star Promos,Mudsdale,SM20/248,131085,Mudsdale - SM20 (Prerelease),SKIP_NAME_MISMATCH,0.50
pkm-sm-black-star-promos-sm20-248-2afc4c9b8f,SM Black Star Promos,Mudsdale,SM20/248,131086,Mudsdale - SM20 (Prerelease) [Staff],SKIP_NAME_MISMATCH,0.50
pkm-sm-black-star-promos-sm21-248-bf50921cd6,SM Black Star Promos,Drampa,SM21/248,131087,Drampa - SM21 (Prerelease),SKIP_NAME_MISMATCH,0.50
pkm-sm-black-star-promos-sm21-248-bf50921cd6,SM Black Star Promos,Drampa,SM21/248,131088,Drampa - SM21 (Prerelease) [Staff],SKIP_NAME_MISMATCH,0.50
pkm-sm-black-star-promos-sm22-248-649dfe397b,SM Black Star Promos,Rowlet,SM22/248,130683,Rowlet - SM22,SKIP_NAME_MISMATCH,0.50
pkm-sm-black-star-promos-sm23-248-d2f2c5f83a,SM Black Star Promos,Litten,SM23/248,130684,Litten - SM23,SKIP_NAME_MISMATCH,0.50
pkm-sm-black-star-promos-sm24-248-977c932e18,SM Black Star Promos,Popplio,SM24/248,130685,Popplio - SM24,SKIP_NAME_MISMATCH,0.50
pkm-sm-black-star-promos-sm25-248-e09caa08b4,SM Black Star Promos,Lurantis,SM25/248,133829,Lurantis - SM25,SKIP_NAME_MISMATCH,0.50
pkm-sm-black-star-promos-sm26-248-9c9d214b30,SM Black Star Promos,Tsareena,SM26/248,139096,Tsareena - SM26,SKIP_NAME_MISMATCH,0.50
pkm-sm-black-star-promos-sm27-248-38ab1ee4f3,SM Black Star Promos,Turtonator,SM27/248,131294,Turtonator - SM27,SKIP_NAME_MISMATCH,0.50
pkm-sm-black-star-promos-sm28-248-3b0e22e257,SM Black Star Promos,Vikavolt,SM28/248,131293,Vikavolt - SM28,SKIP_NAME_MISMATCH,0.50
pkm-sm-black-star-promos-sm29-248-eccc87128e,SM Black Star Promos,Mimikyu,SM29/248,129894,Mimikyu - SM29,SKIP_NAME_MISMATCH,0.50
pkm-sm-black-star-promos-sm30-248-458a3635b7,SM Black Star Promos,Tapu Koko,SM30/248,131733,Tapu Koko - SM30,SKIP_NAME_MISMATCH,0.67
pkm-sm-black-star-promos-sm30a-248-9e9b6e0668,SM Black Star Promos,Tapu Koko,SM30a/248,,,NO_CANDIDATE,
pkm-sm-black-star-promos-sm31-248-5c02ed12cb,SM Black Star Promos,Tapu Koko,SM31/248,132239,Tapu Koko - SM31,SKIP_NAME_MISMATCH,0.67
pkm-sm-black-star-promos-sm32-248-d451021c55,SM Black Star Promos,Tapu Bulu-GX,SM32/248,131727,Tapu Bulu GX - SM32,SKIP_NAME_MISMATCH,0.75
pkm-sm-black-star-promos-sm33-248-11d177bc1d,SM Black Star Promos,Tapu Koko-GX,SM33/248,131728,Tapu Koko GX - SM33,SKIP_NAME_MISMATCH,0.75
pkm-sm-black-star-promos-sm34-248-18ff62745f,SM Black Star Promos,Bewear-GX,SM34/248,132240,Bewear GX - SM34,SKIP_NAME_MISMATCH,0.67
pkm-sm-black-star-promos-sm35-248-536e8cf1b2,SM Black Star Promos,Espeon-GX,SM35/248,137525,Espeon GX - SM35,SKIP_NAME_MISMATCH,0.67
pkm-sm-black-star-promos-sm36-248-92fe2436ca,SM Black Star Promos,Umbreon-GX,SM36/248,137526,Umbreon GX - SM36,SKIP_NAME_MISMATCH,0.67
pkm-sm-black-star-promos-sm37-248-bce3687c47,SM Black Star Promos,Decidueye-GX,SM37/248,133821,Decidueye GX - SM37,SKIP_NAME_MISMATCH,0.67
pkm-sm-black-star-promos-sm38-248-d05da856b9,SM Black Star Promos,Incineroar-GX,SM38/248,133822,Incineroar GX - SM38,SKIP_NAME_MISMATCH,0.67
pkm-sm-black-star-promos-sm39-248-fe85606201,SM Black Star Promos,Primarina-GX,SM39/248,133820,Primarina GX - SM39,SKIP_NAME_MISMATCH,0.67
pkm-sm-black-star-promos-sm40-248-e2de8f77eb,SM Black Star Promos,Jangmo-o,SM40/248,139097,Jangmo-o - SM40,SKIP_NAME_MISMATCH,0.67
pkm-sm-black-star-promos-sm41-248-82175c3e06,SM Black Star Promos,Komala,SM41/248,139101,Komala - SM41,SKIP_NAME_MISMATCH,0.50
pkm-sm-black-star-promos-sm42-248-35b9f862ae,SM Black Star Promos,Cosmog,SM42/248,139100,Cosmog - SM42,SKIP_NAME_MISMATCH,0.50
pkm-sm-black-star-promos-sm43-248-7a1d0463d1,SM Black Star Promos,Alolan Meowth,SM43/248,139099,Alolan Meowth - SM43,SKIP_NAME_MISMATCH,0.67
pkm-sm-black-star-promos-sm44-248-5dc7df8ea7,SM Black Star Promos,Togedemaru,SM44/248,139098,Togedemaru - SM44,SKIP_NAME_MISMATCH,0.50
pkm-sm-black-star-promos-sm45-248-01603640c7,SM Black Star Promos,Tapu Lele,SM45/248,173399,Tapu Lele - SM45,SKIP_NAME_MISMATCH,0.67
pkm-sm-black-star-promos-sm46-248-29d24ea6fd,SM Black Star Promos,Seviper,SM46/248,139088,Seviper - SM46 (Prerelease),SKIP_NAME_MISMATCH,0.50
pkm-sm-black-star-promos-sm46-248-29d24ea6fd,SM Black Star Promos,Seviper,SM46/248,139089,Seviper - SM46 (Prerelease) [Staff],SKIP_NAME_MISMATCH,0.50
pkm-sm-black-star-promos-sm47-248-289de9c28a,SM Black Star Promos,Crabominable,SM47/248,139095,Crabominable - SM47 (Prerelease),SKIP_NAME_MISMATCH,0.50
pkm-sm-black-star-promos-sm47-248-289de9c28a,SM Black Star Promos,Crabominable,SM47/248,139094,Crabominable - SM47 (Prerelease) [Staff],SKIP_NAME_MISMATCH,0.50
pkm-sm-black-star-promos-sm48-248-c8a93334e0,SM Black Star Promos,Zygarde,SM48/248,139093,Zygarde - SM48 (Prerelease),SKIP_NAME_MISMATCH,0.50
pkm-sm-black-star-promos-sm48-248-c8a93334e0,SM Black Star Promos,Zygarde,SM48/248,139092,Zygarde - SM48 (Prerelease) [Staff],SKIP_NAME_MISMATCH,0.50
pkm-sm-black-star-promos-sm49-248-adbf27f211,SM Black Star Promos,Bewear,SM49/248,139090,Bewear - SM49 (Prerelease),SKIP_NAME_MISMATCH,0.50
pkm-sm-black-star-promos-sm49-248-adbf27f211,SM Black Star Promos,Bewear,SM49/248,139091,Bewear - SM49 (Prerelease) [Staff],SKIP_NAME_MISMATCH,0.50
pkm-sm-black-star-promos-sm50-248-0775252c8b,SM Black Star Promos,Tapu Koko-GX,SM50/248,137876,Tapu Koko GX - SM50,SKIP_NAME_MISMATCH,0.75
pkm-sm-black-star-promos-sm51-248-9353600b78,SM Black Star Promos,Alolan Meowth,SM51/248,139102,Alolan Meowth - SM51,SKIP_NAME_MISMATCH,0.67
pkm-sm-black-star-promos-sm52-248-11c1cb9318,SM Black Star Promos,Golisopod,SM52/248,162606,Golisopod - SM52,SKIP_NAME_MISMATCH,0.50
pkm-sm-black-star-promos-sm53-248-65afe5aacb,SM Black Star Promos,Dhelmise,SM53/248,162607,Dhelmise - SM53,SKIP_NAME_MISMATCH,0.50
pkm-sm-black-star-promos-sm54-248-d431a9ddfa,SM Black Star Promos,Lucario,SM54/248,153452,Lucario - SM54,SKIP_NAME_MISMATCH,0.50
pkm-sm-black-star-promos-sm55-248-b73b084d56,SM Black Star Promos,Decidueye,SM55/248,164460,Decidueye - SM55,SKIP_NAME_MISMATCH,0.50
pkm-sm-black-star-promos-sm56-248-b35d24b6ef,SM Black Star Promos,Tsareena-GX,SM56/248,141244,Tsareena GX - SM56,SKIP_NAME_MISMATCH,0.67
pkm-sm-black-star-promos-sm57-248-2870c270e7,SM Black Star Promos,Ho-Oh-GX,SM57/248,148424,Ho-Oh GX - SM57,SKIP_NAME_MISMATCH,0.75
pkm-sm-black-star-promos-sm58-248-a88741d7d7,SM Black Star Promos,Necrozma-GX,SM58/248,148423,Necrozma GX - SM58,SKIP_NAME_MISMATCH,0.67
pkm-sm-black-star-promos-sm59-248-5867380a7c,SM Black Star Promos,Marshadow-GX,SM59/248,148422,Marshadow GX - SM59,SKIP_NAME_MISMATCH,0.67
pkm-sm-black-star-promos-sm60-248-bb042864d5,SM Black Star Promos,Charizard-GX,SM60/248,148151,Charizard GX - SM60,SKIP_NAME_MISMATCH,0.67
pkm-sm-black-star-promos-sm61-248-f1344a9cdf,SM Black Star Promos,Tapu Bulu,SM61/248,173382,Tapu Bulu - SM61,SKIP_NAME_MISMATCH,0.67
pkm-sm-black-star-promos-sm62-248-d45054e15b,SM Black Star Promos,Golisopod-GX,SM62/248,148430,Golisopod GX - SM62,SKIP_NAME_MISMATCH,0.67
pkm-sm-black-star-promos-sm63-248-031ca389ed,SM Black Star Promos,Salazzle-GX,SM63/248,148429,Salazzle GX - SM63,SKIP_NAME_MISMATCH,0.67
pkm-sm-black-star-promos-sm64-248-fedfaf27e0,SM Black Star Promos,Silvally,SM64/248,152606,Silvally - SM64,SKIP_NAME_MISMATCH,0.50
pkm-sm-black-star-promos-sm65-248-59439b3cb6,SM Black Star Promos,Alolan Raichu,SM65/248,156111,Alolan Raichu - SM65,SKIP_NAME_MISMATCH,0.67
pkm-sm-black-star-promos-sm66-248-4b9c5e9f6e,SM Black Star Promos,Pheromosa-GX,SM66/248,149381,Pheromosa GX - SM66,SKIP_NAME_MISMATCH,0.67
pkm-sm-black-star-promos-sm67-248-a655533331,SM Black Star Promos,Celesteela-GX,SM67/248,149382,Celesteela GX - SM67,SKIP_NAME_MISMATCH,0.67
pkm-sm-black-star-promos-sm68-248-a7ae7d7037,SM Black Star Promos,Xurkitree-GX,SM68/248,149383,Xurkitree GX - SM68,SKIP_NAME_MISMATCH,0.67
pkm-sm-black-star-promos-sm69-248-2961e5825c,SM Black Star Promos,Buzzwole-GX,SM69/248,149384,Buzzwole GX - SM69,SKIP_NAME_MISMATCH,0.67
pkm-sm-black-star-promos-sm70-248-6205a02280,SM Black Star Promos,Shining Ho-Oh,SM70/248,146979,Shining Ho-Oh - SM70,SKIP_NAME_MISMATCH,0.75
pkm-sm-black-star-promos-sm71-248-5cb55e3c32,SM Black Star Promos,Kommo-o-GX,SM71/248,153451,Kommo-o GX - SM71,SKIP_NAME_MISMATCH,0.75
pkm-sm-black-star-promos-sm72-248-0ff9d58d33,SM Black Star Promos,Alolan Raichu,SM72/248,151701,Alolan Raichu - SM72 (Prerelease),SKIP_NAME_MISMATCH,0.67
pkm-sm-black-star-promos-sm72-248-0ff9d58d33,SM Black Star Promos,Alolan Raichu,SM72/248,151708,Alolan Raichu - SM72 (Prerelease) [Staff],SKIP_NAME_MISMATCH,0.67
pkm-sm-black-star-promos-sm73-248-9f1b287e8a,SM Black Star Promos,Salazzle,SM73/248,151702,Salazzle - SM73 (Prerelease),SKIP_NAME_MISMATCH,0.50
pkm-sm-black-star-promos-sm73-248-9f1b287e8a,SM Black Star Promos,Salazzle,SM73/248,151706,Salazzle - SM73 (Prerelease) [Staff],SKIP_NAME_MISMATCH,0.50
pkm-sm-black-star-promos-sm74-248-cb380f310a,SM Black Star Promos,Regirock,SM74/248,151703,Regirock - SM74 (Prerelease),SKIP_NAME_MISMATCH,0.50
pkm-sm-black-star-promos-sm74-248-cb380f310a,SM Black Star Promos,Regirock,SM74/248,151707,Regirock - SM74 (Prerelease) [Staff],SKIP_NAME_MISMATCH,0.50
pkm-sm-black-star-promos-sm75-248-6e99a6a494,SM Black Star Promos,Registeel,SM75/248,151704,Registeel - SM75 (Prerelease),SKIP_NAME_MISMATCH,0.50
pkm-sm-black-star-promos-sm75-248-6e99a6a494,SM Black Star Promos,Registeel,SM75/248,151705,Registeel - SM75 (Prerelease) [Staff],SKIP_NAME_MISMATCH,0.50
pkm-sm-black-star-promos-sm76-248-d7dc7525c1,SM Black Star Promos,Pikachu,SM76/248,146980,Pikachu - SM76,SKIP_NAME_MISMATCH,0.50
pkm-sm-black-star-promos-sm77-248-4e76a87023,SM Black Star Promos,Mewtwo,SM77/248,146982,Mewtwo - SM77,SKIP_NAME_MISMATCH,0.50
pkm-sm-black-star-promos-sm78-248-53429b9880,SM Black Star Promos,Champions Festival,SM78/248,179429,Champions Festival - SM78 (World Championships 2017),SKIP_NAME_MISMATCH,0.33
pkm-sm-black-star-promos-sm78-248-53429b9880,SM Black Star Promos,Champions Festival,SM78/248,179435,Champions Festival - SM78 (World Championships 2017) [Champion],SKIP_NAME_MISMATCH,0.29
pkm-sm-black-star-promos-sm78-248-53429b9880,SM Black Star Promos,Champions Festival,SM78/248,179434,Champions Festival - SM78 (World Championships 2017) [Finalist],SKIP_NAME_MISMATCH,0.29
pkm-sm-black-star-promos-sm78-248-53429b9880,SM Black Star Promos,Champions Festival,SM78/248,179432,Champions Festival - SM78 (World Championships 2017) [Quarter-Finalist],SKIP_NAME_MISMATCH,0.25
pkm-sm-black-star-promos-sm78-248-53429b9880,SM Black Star Promos,Champions Festival,SM78/248,179433,Champions Festival - SM78 (World Championships 2017) [Semi-Finalist],SKIP_NAME_MISMATCH,0.25
pkm-sm-black-star-promos-sm78-248-53429b9880,SM Black Star Promos,Champions Festival,SM78/248,179428,Champions Festival - SM78 (World Championships 2017) [Staff],SKIP_NAME_MISMATCH,0.33
pkm-sm-black-star-promos-sm78-248-53429b9880,SM Black Star Promos,Champions Festival,SM78/248,179431,Champions Festival - SM78 (World Championships 2017) [Top Sixteen],SKIP_NAME_MISMATCH,0.25
pkm-sm-black-star-promos-sm78-248-53429b9880,SM Black Star Promos,Champions Festival,SM78/248,179430,Champions Festival - SM78 (World Championships 2017) [Top Thirty-Two],SKIP_NAME_MISMATCH,0.22
pkm-sm-black-star-promos-sm79-248-985a968273,SM Black Star Promos,Shining Celebi,SM79/248,148427,Shining Celebi - SM79,SKIP_NAME_MISMATCH,0.67
pkm-sm-black-star-promos-sm80-248-ff2205b48d,SM Black Star Promos,Ho-Oh-GX,SM80/248,148425,Ho-Oh GX - SM80,SKIP_NAME_MISMATCH,0.75
pkm-sm-black-star-promos-sm81-248-72e284fe23,SM Black Star Promos,Pikachu,SM81/248,148426,Pikachu - SM81,SKIP_NAME_MISMATCH,0.50
pkm-sm-black-star-promos-sm82-248-a1d7511fff,SM Black Star Promos,Shining Lugia,SM82/248,148428,Shining Lugia - SM82,SKIP_NAME_MISMATCH,0.67
pkm-sm-black-star-promos-sm83-248-76037f5979,SM Black Star Promos,Zorua,SM83/248,149385,Zorua - SM83,SKIP_NAME_MISMATCH,0.50
pkm-sm-black-star-promos-sm84-248-29a064a6fa,SM Black Star Promos,Zoroark-GX,SM84/248,149386,Zoroark GX - SM84,SKIP_NAME_MISMATCH,0.67
pkm-sm-black-star-promos-sm85-248-f7bd0b2603,SM Black Star Promos,Marshadow,SM85/248,152610,Marshadow - SM85,SKIP_NAME_MISMATCH,0.50
pkm-sm-black-star-promos-sm86-248-46693fa58a,SM Black Star Promos,Pikachu,SM86/248,152608,Pikachu - SM86,SKIP_NAME_MISMATCH,0.50
pkm-sm-black-star-promos-sm87-248-40c68605b6,SM Black Star Promos,Latias,SM87/248,152609,Latias - SM87,SKIP_NAME_MISMATCH,0.50
pkm-sm-black-star-promos-sm88-248-b3541ab50a,SM Black Star Promos,Latios,SM88/248,152607,Latios - SM88,SKIP_NAME_MISMATCH,0.50
pkm-sm-black-star-promos-sm89-248-cb6e589ad9,SM Black Star Promos,Zoroark,SM89/248,154718,Zoroark - SM89,SKIP_NAME_MISMATCH,0.50
pkm-sm-black-star-promos-sm90-248-26cdc2d1a7,SM Black Star Promos,Raichu-GX,SM90/248,155587,Raichu GX - SM90,SKIP_NAME_MISMATCH,0.67
pkm-sm-black-star-promos-sm91-248-c4eddaacbd,SM Black Star Promos,Silvally-GX,SM91/248,152604,Silvally GX - SM91,SKIP_NAME_MISMATCH,0.67
pkm-sm-black-star-promos-sm92-248-ec853343cf,SM Black Star Promos,Tapu Fini,SM92/248,173383,Tapu Fini - SM92,SKIP_NAME_MISMATCH,0.67
pkm-sm-black-star-promos-sm93-248-e92fa299a9,SM Black Star Promos,Marshadow,SM93/248,155597,Marshadow - SM93,SKIP_NAME_MISMATCH,0.50
pkm-sm-black-star-promos-sm94-248-7317738061,SM Black Star Promos,Wash Rotom,SM94/248,158167,Wash Rotom - SM94 (Prerelease),SKIP_NAME_MISMATCH,0.67
pkm-sm-black-star-promos-sm94-248-7317738061,SM Black Star Promos,Wash Rotom,SM94/248,158168,Wash Rotom - SM94 (Prerelease) [Staff],SKIP_NAME_MISMATCH,0.67
pkm-sm-black-star-promos-sm95-248-b1e9e1a264,SM Black Star Promos,Lucario,SM95/248,158165,Lucario - SM95 (Prerelease),SKIP_NAME_MISMATCH,0.50
pkm-sm-black-star-promos-sm95-248-b1e9e1a264,SM Black Star Promos,Lucario,SM95/248,158166,Lucario - SM95 (Prerelease) [Staff],SKIP_NAME_MISMATCH,0.50
pkm-sm-black-star-promos-sm96-248-13234288b4,SM Black Star Promos,Heatran,SM96/248,158171,Heatran - SM96 (Prerelease),SKIP_NAME_MISMATCH,0.50
pkm-sm-black-star-promos-sm96-248-13234288b4,SM Black Star Promos,Heatran,SM96/248,158172,Heatran - SM96 (Prerelease) [Staff],SKIP_NAME_MISMATCH,0.50
pkm-sm-black-star-promos-sm97-248-53ea55be18,SM Black Star Promos,Gumshoos,SM97/248,158169,Gumshoos - SM97 (Prerelease),SKIP_NAME_MISMATCH,0.50
pkm-sm-black-star-promos-sm97-248-53ea55be18,SM Black Star Promos,Gumshoos,SM97/248,158170,Gumshoos - SM97 (Prerelease) [Staff],SKIP_NAME_MISMATCH,0.50
pkm-sm-black-star-promos-sm98-248-6700c04dff,SM Black Star Promos,Pikachu,SM98/248,166411,Pikachu - SM98,SKIP_NAME_MISMATCH,0.50
pkm-sm-black-star-promos-sm99-248-468272ff33,SM Black Star Promos,Mimikyu,SM99/248,166412,Mimikyu - SM99,SKIP_NAME_MISMATCH,0.50
pkm-sm-black-star-promos-sm100-248-8517e4003c,SM Black Star Promos,Lucario-GX,SM100/248,162042,Lucario GX - SM100,SKIP_NAME_MISMATCH,0.67
pkm-sm-black-star-promos-sm101-248-da8accabd2,SM Black Star Promos,Dawn Wings Necrozma-GX,SM101/248,162460,Dawn Wings Necrozma GX - SM101,SKIP_NAME_MISMATCH,0.80
pkm-sm-black-star-promos-sm102-248-0d22f321e9,SM Black Star Promos,Dusk Mane Necrozma-GX,SM102/248,162461,Dusk Mane Necrozma GX - SM102,SKIP_NAME_MISMATCH,0.80
pkm-sm-black-star-promos-sm103-248-d86e8d3d24,SM Black Star Promos,Lunala-GX,SM103/248,177710,Lunala GX - SM103,SKIP_NAME_MISMATCH,0.67
pkm-sm-black-star-promos-sm103a-248-7122f97135,SM Black Star Promos,Lunala-GX,SM103a/248,202636,Lunala GX - SM103a,SKIP_NAME_MISMATCH,0.67
pkm-sm-black-star-promos-sm104-248-b92c4c1f4c,SM Black Star Promos,Solgaleo-GX,SM104/248,177900,Solgaleo GX - SM104,SKIP_NAME_MISMATCH,0.67
pkm-sm-black-star-promos-sm104a-248-ab594cb8bc,SM Black Star Promos,Solgaleo-GX,SM104a/248,202637,Solgaleo GX - SM104a,SKIP_NAME_MISMATCH,0.67
pkm-sm-black-star-promos-sm105-248-27ee6b5c46,SM Black Star Promos,Lycanroc,SM105/248,162604,Lycanroc - SM105,SKIP_NAME_MISMATCH,0.50
pkm-sm-black-star-promos-sm106-248-99a75d5e94,SM Black Star Promos,Dawn Wings Necrozma,SM106/248,162605,Dawn Wings Necrozma - SM106,SKIP_NAME_MISMATCH,0.75
pkm-sm-black-star-promos-sm107-248-afb2aa39c3,SM Black Star Promos,Dusk Mane Necrozma,SM107/248,162603,Dusk Mane Necrozma - SM107,SKIP_NAME_MISMATCH,0.75
pkm-sm-black-star-promos-sm108-248-4909d3f2fc,SM Black Star Promos,Ash's Pikachu,SM108/248,151973,Ash's Pikachu - SM108,SKIP_NAME_MISMATCH,0.75
pkm-sm-black-star-promos-sm109-248-02cff5823e,SM Black Star Promos,Ash's Pikachu,SM109/248,151974,Ash's Pikachu - SM109,SKIP_NAME_MISMATCH,0.75
pkm-sm-black-star-promos-sm110-248-cdfb9838f0,SM Black Star Promos,Ash's Pikachu,SM110/248,152673,Ash's Pikachu - SM110,SKIP_NAME_MISMATCH,0.75
pkm-sm-black-star-promos-sm111-248-40ffc58f41,SM Black Star Promos,Ash's Pikachu,SM111/248,153995,Ash's Pikachu - SM111,SKIP_NAME_MISMATCH,0.75
pkm-sm-black-star-promos-sm112-248-946dfac144,SM Black Star Promos,Ash's Pikachu,SM112/248,153996,Ash's Pikachu - SM112,SKIP_NAME_MISMATCH,0.75
pkm-sm-black-star-promos-sm113-248-ea05f5a9fb,SM Black Star Promos,Ash's Pikachu,SM113/248,153997,Ash's Pikachu - SM113,SKIP_NAME_MISMATCH,0.75
pkm-sm-black-star-promos-sm114-248-c7853cd278,SM Black Star Promos,Ash's Pikachu,SM114/248,153998,Ash's Pikachu - SM114,SKIP_NAME_MISMATCH,0.75
pkm-sm-black-star-promos-sm115-248-2308b4ba3f,SM Black Star Promos,Pheromosa,SM115/248,166288,Pheromosa - SM115 (Prerelease),SKIP_NAME_MISMATCH,0.50
pkm-sm-black-star-promos-sm115-248-2308b4ba3f,SM Black Star Promos,Pheromosa,SM115/248,166289,Pheromosa - SM115 (Prerelease) [Staff],SKIP_NAME_MISMATCH,0.50
pkm-sm-black-star-promos-sm116-248-f08de62300,SM Black Star Promos,Xurkitree,SM116/248,166290,Xurkitree - SM116 (Prerelease),SKIP_NAME_MISMATCH,0.50
pkm-sm-black-star-promos-sm116-248-f08de62300,SM Black Star Promos,Xurkitree,SM116/248,166291,Xurkitree - SM116 (Prerelease) [Staff],SKIP_NAME_MISMATCH,0.50
pkm-sm-black-star-promos-sm117-248-f8f6736412,SM Black Star Promos,Malamar,SM117/248,166292,Malamar - SM117 (Prerelease),SKIP_NAME_MISMATCH,0.50
pkm-sm-black-star-promos-sm117-248-f8f6736412,SM Black Star Promos,Malamar,SM117/248,166293,Malamar - SM117 (Prerelease) [Staff],SKIP_NAME_MISMATCH,0.50
pkm-sm-black-star-promos-sm118-248-778113e9e1,SM Black Star Promos,Lycanroc,SM118/248,166294,Lycanroc - SM118 (Prerelease),SKIP_NAME_MISMATCH,0.50
pkm-sm-black-star-promos-sm118-248-778113e9e1,SM Black Star Promos,Lycanroc,SM118/248,166295,Lycanroc - SM118 (Prerelease) [Staff],SKIP_NAME_MISMATCH,0.50
pkm-sm-black-star-promos-sm119-248-f6e856a594,SM Black Star Promos,Exeggcute,SM119/248,168026,Exeggcute - SM119,SKIP_NAME_MISMATCH,0.50
pkm-sm-black-star-promos-sm120-248-7b21c44e12,SM Black Star Promos,Rockruff,SM120/248,168030,Rockruff - SM120,SKIP_NAME_MISMATCH,0.50
pkm-sm-black-star-promos-sm121-248-cb9e17f70d,SM Black Star Promos,Raikou-GX,SM121/248,164233,Raikou GX,LINKED,1.00
pkm-sm-black-star-promos-sm122-248-15abaf042e,SM Black Star Promos,Zygarde-GX,SM122/248,168088,Zygarde GX - SM122,SKIP_NAME_MISMATCH,0.67
pkm-sm-black-star-promos-sm123-248-d2c0b5a8f2,SM Black Star Promos,Dawn Wings Necrozma,SM123/248,168093,Dawn Wings Necrozma - SM123,SKIP_NAME_MISMATCH,0.75
pkm-sm-black-star-promos-sm124-248-f4387213cd,SM Black Star Promos,Dusk Mane Necrozma,SM124/248,168100,Dusk Mane Necrozma - SM124,SKIP_NAME_MISMATCH,0.75
pkm-sm-black-star-promos-sm125-248-43e0f43ee9,SM Black Star Promos,Naganadel-GX,SM125/248,176944,Naganadel GX - SM125,SKIP_NAME_MISMATCH,0.67
pkm-sm-black-star-promos-sm126-248-9372126a0d,SM Black Star Promos,Ultra Necrozma-GX,SM126/248,179039,Ultra Necrozma GX - SM126,SKIP_NAME_MISMATCH,0.75
pkm-sm-black-star-promos-sm127-248-c289c838d2,SM Black Star Promos,Alolan Sandslash,SM127/248,168211,Alolan Sandslash - SM127,SKIP_NAME_MISMATCH,0.67
pkm-sm-black-star-promos-sm128-248-3ec1741128,SM Black Star Promos,Alolan Ninetales,SM128/248,168245,Alolan Ninetales - SM128,SKIP_NAME_MISMATCH,0.67
pkm-sm-black-star-promos-sm129-248-61d17e1899,SM Black Star Promos,Kyogre,SM129/248,172930,Kyogre - SM129 (Prerelease),SKIP_NAME_MISMATCH,0.50
pkm-sm-black-star-promos-sm129-248-61d17e1899,SM Black Star Promos,Kyogre,SM129/248,172931,Kyogre - SM129 (Prerelease) [Staff],SKIP_NAME_MISMATCH,0.50
pkm-sm-black-star-promos-sm130-248-a072cf8ccb,SM Black Star Promos,Manectric,SM130/248,172933,Manectric - SM130 (Prerelease),SKIP_NAME_MISMATCH,0.50
pkm-sm-black-star-promos-sm130-248-a072cf8ccb,SM Black Star Promos,Manectric,SM130/248,172932,Manectric - SM130 (Prerelease) [Staff],SKIP_NAME_MISMATCH,0.50
pkm-sm-black-star-promos-sm131-248-85dc2c1c34,SM Black Star Promos,Celesteela,SM131/248,172935,Celesteela - SM131 (Prerelease),SKIP_NAME_MISMATCH,0.50
pkm-sm-black-star-promos-sm131-248-85dc2c1c34,SM Black Star Promos,Celesteela,SM131/248,172934,Celesteela - SM131 (Prerelease) [Staff],SKIP_NAME_MISMATCH,0.50
pkm-sm-black-star-promos-sm132-248-7f30cc498f,SM Black Star Promos,Delcatty,SM132/248,172937,Delcatty - SM132 (Prerelease),SKIP_NAME_MISMATCH,0.50
pkm-sm-black-star-promos-sm132-248-7f30cc498f,SM Black Star Promos,Delcatty,SM132/248,172936,Delcatty - SM132 (Prerelease) [Staff],SKIP_NAME_MISMATCH,0.50
pkm-sm-black-star-promos-sm133-248-cc3e910a6f,SM Black Star Promos,Thundurus-GX,SM133/248,170032,Thundurus GX - SM133,SKIP_NAME_MISMATCH,0.67
pkm-sm-black-star-promos-sm134-248-6b0fe8441e,SM Black Star Promos,Tornadus-GX,SM134/248,170033,Tornadus GX - SM134,SKIP_NAME_MISMATCH,0.67
pkm-sm-black-star-promos-sm135-248-02df5c5718,SM Black Star Promos,Latias,SM135/248,175564,Latias - SM135,SKIP_NAME_MISMATCH,0.50
pkm-sm-black-star-promos-sm136-248-2990192b62,SM Black Star Promos,Latios,SM136/248,175563,Latios - SM136,SKIP_NAME_MISMATCH,0.50
pkm-sm-black-star-promos-sm137-248-258f4b9db6,SM Black Star Promos,Reshiram-GX,SM137/248,179034,Reshiram GX - SM137,SKIP_NAME_MISMATCH,0.67
pkm-sm-black-star-promos-sm138-248-9aa5f5ae02,SM Black Star Promos,Zekrom-GX,SM138/248,179035,Zekrom GX - SM138,SKIP_NAME_MISMATCH,0.67
pkm-sm-black-star-promos-sm139-248-f00a4b9376,SM Black Star Promos,Salamence-GX,SM139/248,180529,Salamence GX - SM139,SKIP_NAME_MISMATCH,0.67
pkm-sm-black-star-promos-sm140-248-dd055f2996,SM Black Star Promos,Salamence,SM140/248,180530,Salamence - SM140,SKIP_NAME_MISMATCH,0.50
pkm-sm-black-star-promos-sm141-248-1d2cf781f3,SM Black Star Promos,White Kyurem-GX,SM141/248,180531,White Kyurem GX - SM141,SKIP_NAME_MISMATCH,0.75
pkm-sm-black-star-promos-sm142-248-e1f84f0a1e,SM Black Star Promos,Kyurem,SM142/248,180528,Kyurem - SM142,SKIP_NAME_MISMATCH,0.50
pkm-sm-black-star-promos-sm143-248-8de982456a,SM Black Star Promos,Moltres,SM143/248,180519,Moltres - SM143,SKIP_NAME_MISMATCH,0.50
pkm-sm-black-star-promos-sm144-248-32ab4022f0,SM Black Star Promos,Articuno,SM144/248,180520,Articuno - SM144,SKIP_NAME_MISMATCH,0.50
pkm-sm-black-star-promos-sm145-248-46bbe1c311,SM Black Star Promos,Zapdos,SM145/248,180521,Zapdos - SM145,SKIP_NAME_MISMATCH,0.50
pkm-sm-black-star-promos-sm146-248-2401b2e5ee,SM Black Star Promos,Leafeon-GX,SM146/248,177112,Leafeon GX - SM146,SKIP_NAME_MISMATCH,0.67
pkm-sm-black-star-promos-sm147-248-31419b373e,SM Black Star Promos,Glaceon-GX,SM147/248,177111,Glaceon GX - SM147,SKIP_NAME_MISMATCH,0.67
pkm-sm-black-star-promos-sm148-248-7895021403,SM Black Star Promos,Champions Festival,SM148/248,175064,Champions Festival - SM148 (World Championships 2018),SKIP_NAME_MISMATCH,0.33
pkm-sm-black-star-promos-sm148-248-7895021403,SM Black Star Promos,Champions Festival,SM148/248,199336,Champions Festival - SM148 (World Championships 2018) [Champion],SKIP_NAME_MISMATCH,0.29
pkm-sm-black-star-promos-sm148-248-7895021403,SM Black Star Promos,Champions Festival,SM148/248,199335,Champions Festival - SM148 (World Championships 2018) [Finalist],SKIP_NAME_MISMATCH,0.29
pkm-sm-black-star-promos-sm148-248-7895021403,SM Black Star Promos,Champions Festival,SM148/248,199333,Champions Festival - SM148 (World Championships 2018) [Quarter Finalist],SKIP_NAME_MISMATCH,0.25
pkm-sm-black-star-promos-sm148-248-7895021403,SM Black Star Promos,Champions Festival,SM148/248,199334,Champions Festival - SM148 (World Championships 2018) [Semi-Finalist],SKIP_NAME_MISMATCH,0.25
pkm-sm-black-star-promos-sm148-248-7895021403,SM Black Star Promos,Champions Festival,SM148/248,178755,Champions Festival - SM148 (World Championships 2018) [Staff],SKIP_NAME_MISMATCH,0.33
pkm-sm-black-star-promos-sm148-248-7895021403,SM Black Star Promos,Champions Festival,SM148/248,199332,Champions Festival - SM148 (World Championships 2018) [Top Sixteen],SKIP_NAME_MISMATCH,0.25
pkm-sm-black-star-promos-sm148-248-7895021403,SM Black Star Promos,Champions Festival,SM148/248,199331,Champions Festival - SM148 (World Championships 2018) [Top Thirty-Two],SKIP_NAME_MISMATCH,0.22
pkm-sm-black-star-promos-sm149-248-29ab75f005,SM Black Star Promos,Suicune,SM149/248,158255,Suicune - SM149 (Prerelease),SKIP_NAME_MISMATCH,0.50
pkm-sm-black-star-promos-sm149-248-29ab75f005,SM Black Star Promos,Suicune,SM149/248,178793,Suicune - SM149 (Prerelease) [Staff],SKIP_NAME_MISMATCH,0.50
pkm-sm-black-star-promos-sm150-248-f8bd17665a,SM Black Star Promos,Raikou,SM150/248,158256,Raikou - SM150 (Prerelease),SKIP_NAME_MISMATCH,0.50
pkm-sm-black-star-promos-sm150-248-f8bd17665a,SM Black Star Promos,Raikou,SM150/248,178794,Raikou - SM150 (Prerelease) (Staff),SKIP_NAME_MISMATCH,0.50
pkm-sm-black-star-promos-sm151-248-c9e70f5254,SM Black Star Promos,Giratina,SM151/248,,,NO_CANDIDATE,
pkm-sm-black-star-promos-sm152-248-0f47f0e243,SM Black Star Promos,Tapu Lele,SM152/248,178796,Tapu Lele - SM152 (Prerelease),SKIP_NAME_MISMATCH,0.67
pkm-sm-black-star-promos-sm152-248-0f47f0e243,SM Black Star Promos,Tapu Lele,SM152/248,178797,Tapu Lele - SM152 (Prerelease) [Staff],SKIP_NAME_MISMATCH,0.67
pkm-sm-black-star-promos-sm153-248-31b13c9fa0,SM Black Star Promos,Rowlet,SM153/248,181000,Rowlet - SM153,SKIP_NAME_MISMATCH,0.50
pkm-sm-black-star-promos-sm154-248-9ae264dc80,SM Black Star Promos,Salandit,SM154/248,181560,Salandit - SM154,SKIP_NAME_MISMATCH,0.50
pkm-sm-black-star-promos-sm155-248-f049ef74f6,SM Black Star Promos,Kingdra-GX,SM155/248,178693,Kingdra GX - SM155,SKIP_NAME_MISMATCH,0.67
pkm-sm-black-star-promos-sm156-248-d107d9f0fc,SM Black Star Promos,Dragonite-GX,SM156/248,178692,Dragonite GX - SM156,SKIP_NAME_MISMATCH,0.67
pkm-sm-black-star-promos-sm157-248-c600931097,SM Black Star Promos,Pikachu,SM157/248,179377,Pikachu - SM157,SKIP_NAME_MISMATCH,0.50
pkm-sm-black-star-promos-sm158-248-3b4b661143,SM Black Star Promos,Charizard,SM158/248,183966,Charizard - SM158,SKIP_NAME_MISMATCH,0.50
pkm-sm-black-star-promos-sm158-248-3b4b661143,SM Black Star Promos,Charizard,SM158/248,183967,Charizard - SM158 [Staff],SKIP_NAME_MISMATCH,0.50
pkm-sm-black-star-promos-sm159-248-4d0d7fc022,SM Black Star Promos,Zapdos,SM159/248,183972,Zapdos - SM159 (Prerelease),SKIP_NAME_MISMATCH,0.50
pkm-sm-black-star-promos-sm159-248-4d0d7fc022,SM Black Star Promos,Zapdos,SM159/248,183973,Zapdos - SM159 (Prerelease) [Staff],SKIP_NAME_MISMATCH,0.50
pkm-sm-black-star-promos-sm160-248-f81440157c,SM Black Star Promos,Nidoqueen,SM160/248,183970,Nidoqueen - SM160 (Prerelease),SKIP_NAME_MISMATCH,0.50
pkm-sm-black-star-promos-sm160-248-f81440157c,SM Black Star Promos,Nidoqueen,SM160/248,183971,Nidoqueen - SM160 (Prerelease) [Staff],SKIP_NAME_MISMATCH,0.50
pkm-sm-black-star-promos-sm161-248-335b2468d7,SM Black Star Promos,Jirachi,SM161/248,183968,Jirachi - SM161,SKIP_NAME_MISMATCH,0.50
pkm-sm-black-star-promos-sm161-248-335b2468d7,SM Black Star Promos,Jirachi,SM161/248,183969,Jirachi - SM161 [Staff],SKIP_NAME_MISMATCH,0.50
pkm-sm-black-star-promos-sm162-248-6f812f75dc,SM Black Star Promos,Pikachu,SM162/248,184483,Pikachu - SM162,SKIP_NAME_MISMATCH,0.50
pkm-sm-black-star-promos-sm163-248-43ecfaf5cd,SM Black Star Promos,Mimikyu,SM163/248,184487,Mimikyu - SM163,SKIP_NAME_MISMATCH,0.50
pkm-sm-black-star-promos-sm164-248-459002ab91,SM Black Star Promos,Deoxys,SM164/248,184493,Deoxys - SM164,SKIP_NAME_MISMATCH,0.50
pkm-sm-black-star-promos-sm165-248-b2fd68cd01,SM Black Star Promos,Ultra Necrozma,SM165/248,184495,Ultra Necrozma - SM165,SKIP_NAME_MISMATCH,0.67
pkm-sm-black-star-promos-sm166-248-f0f9444156,SM Black Star Promos,Magikarp & Wailord-GX,SM166/248,181694,Magikarp & Wailord GX,LINKED,1.00
pkm-sm-black-star-promos-sm167-248-3c22fe9414,SM Black Star Promos,Celebi & Venusaur-GX,SM167/248,185984,Celebi & Venusaur GX - SM167,SKIP_NAME_MISMATCH,0.75
pkm-sm-black-star-promos-sm168-248-83fead344a,SM Black Star Promos,Pikachu & Zekrom-GX,SM168/248,185985,Pikachu & Zekrom GX,LINKED,1.00
pkm-sm-black-star-promos-sm169-248-faa510b125,SM Black Star Promos,Eevee & Snorlax-GX,SM169/248,185986,Eevee & Snorlax GX - SM169,SKIP_NAME_MISMATCH,0.75
pkm-sm-black-star-promos-sm170-248-fc573066f3,SM Black Star Promos,Detective Pikachu,SM170/248,190940,Detective Pikachu - SM170,SKIP_NAME_MISMATCH,0.67
pkm-sm-black-star-promos-sm170-248-fc573066f3,SM Black Star Promos,Detective Pikachu,SM170/248,206823,Detective Pikachu - SM170 (Stamped),SKIP_NAME_MISMATCH,0.67
pkm-sm-black-star-promos-sm171-248-16d4db8507,SM Black Star Promos,Flareon-GX,SM171/248,183563,Flareon GX - SM171,SKIP_NAME_MISMATCH,0.67
pkm-sm-black-star-promos-sm172-248-0dc48d2ca6,SM Black Star Promos,Vaporeon-GX,SM172/248,183567,Vaporeon GX - SM172,SKIP_NAME_MISMATCH,0.67
pkm-sm-black-star-promos-sm173-248-ef601cca9f,SM Black Star Promos,Jolteon-GX,SM173/248,183566,Jolteon GX - SM173,SKIP_NAME_MISMATCH,0.67
pkm-sm-black-star-promos-sm174-248-662ebaaf52,SM Black Star Promos,Eevee-GX,SM174/248,183560,Eevee GX - SM174,SKIP_NAME_MISMATCH,0.67
pkm-sm-black-star-promos-sm175-248-34f8464e81,SM Black Star Promos,Eevee-GX,SM175/248,183561,Eevee GX - SM175,SKIP_NAME_MISMATCH,0.67
pkm-sm-black-star-promos-sm176-248-92b27656e0,SM Black Star Promos,Eevee-GX,SM176/248,183562,Eevee GX - SM176,SKIP_NAME_MISMATCH,0.67
pkm-sm-black-star-promos-sm177-248-2ac44612d1,SM Black Star Promos,Meltan,SM177/248,185247,Meltan - SM177,SKIP_NAME_MISMATCH,0.50
pkm-sm-black-star-promos-sm178-248-a145275a53,SM Black Star Promos,Melmetal-GX,SM178/248,185248,Melmetal GX - SM178,SKIP_NAME_MISMATCH,0.67
pkm-sm-black-star-promos-sm179-248-8228b9e89e,SM Black Star Promos,Volcanion,SM179/248,189010,Volcanion - SM179 (Prerelease),SKIP_NAME_MISMATCH,0.50
pkm-sm-black-star-promos-sm179-248-8228b9e89e,SM Black Star Promos,Volcanion,SM179/248,189455,Volcanion - SM179 (Prerelease) [Staff],SKIP_NAME_MISMATCH,0.50
pkm-sm-black-star-promos-sm180-248-6c1c2e3d3b,SM Black Star Promos,Stakataka,SM180/248,189012,Stakataka - SM180 (Prerelease),SKIP_NAME_MISMATCH,0.50
pkm-sm-black-star-promos-sm180-248-6c1c2e3d3b,SM Black Star Promos,Stakataka,SM180/248,189456,Stakataka - SM180 (Prerelease) [Staff],SKIP_NAME_MISMATCH,0.50
pkm-sm-black-star-promos-sm181-248-1c9dd9463a,SM Black Star Promos,Melmetal,SM181/248,189021,Melmetal - SM181 (Prerelease),SKIP_NAME_MISMATCH,0.50
pkm-sm-black-star-promos-sm181-248-1c9dd9463a,SM Black Star Promos,Melmetal,SM181/248,189457,Melmetal - SM181 (Prerelease) [Staff],SKIP_NAME_MISMATCH,0.50
pkm-sm-black-star-promos-sm182-248-0c3a35a368,SM Black Star Promos,Persian,SM182/248,189022,Persian - SM182 (Prerelease),SKIP_NAME_MISMATCH,0.50
pkm-sm-black-star-promos-sm182-248-0c3a35a368,SM Black Star Promos,Persian,SM182/248,189458,Persian - SM182 (Prerelease) [Staff],SKIP_NAME_MISMATCH,0.50
pkm-sm-black-star-promos-sm183-248-35cb22e33b,SM Black Star Promos,Pikachu,SM183/248,189756,Pikachu - SM183,SKIP_NAME_MISMATCH,0.50
pkm-sm-black-star-promos-sm184-248-a83dab6519,SM Black Star Promos,Eevee,SM184/248,609698,Eevee - SM184 (Cosmos Holo),SKIP_NAME_MISMATCH,0.50
pkm-sm-black-star-promos-sm185-248-b9c7db7587,SM Black Star Promos,Typhlosion,SM185/248,189758,Typhlosion - SM185,SKIP_NAME_MISMATCH,0.50
pkm-sm-black-star-promos-sm186-248-ab08c182cc,SM Black Star Promos,Flareon,SM186/248,189759,"Flareon - SM186 (Let's Play, Eevee!)",SKIP_NAME_MISMATCH,0.17
pkm-sm-black-star-promos-sm187-248-4806cc86d3,SM Black Star Promos,Alolan Marowak-GX,SM187/248,185987,Alolan Marowak GX - SM187,SKIP_NAME_MISMATCH,0.75
pkm-sm-black-star-promos-sm188-248-963ad650f9,SM Black Star Promos,Kangaskhan-GX,SM188/248,192084,Kangaskhan GX - SM188,SKIP_NAME_MISMATCH,0.67
pkm-sm-black-star-promos-sm189-248-69e26bc5e9,SM Black Star Promos,Blastoise-GX,SM189/248,193277,Blastoise GX - SM189,SKIP_NAME_MISMATCH,0.67
pkm-sm-black-star-promos-sm190-248-fe563b3a98,SM Black Star Promos,Detective Pikachu,SM190/248,189805,Detective Pikachu - SM190,SKIP_NAME_MISMATCH,0.67
pkm-sm-black-star-promos-sm190-248-fe563b3a98,SM Black Star Promos,Detective Pikachu,SM190/248,196992,Detective Pikachu - SM190 (Stamped),SKIP_NAME_MISMATCH,0.67
pkm-sm-black-star-promos-sm191-248-30a3a68189,SM Black Star Promos,Mewtwo & Mew-GX,SM191/248,197856,Mewtwo & Mew GX - SM191,SKIP_NAME_MISMATCH,0.75
pkm-sm-black-star-promos-sm192-248-882e6812e7,SM Black Star Promos,Lucario & Melmetal-GX,SM192/248,197872,Lucario & Melmetal GX - SM192,SKIP_NAME_MISMATCH,0.75
pkm-sm-black-star-promos-sm193-248-65385a2a04,SM Black Star Promos,Garchomp & Giratina-GX,SM193/248,,,NO_CANDIDATE,
pkm-sm-black-star-promos-sm194-248-1a125a1322,SM Black Star Promos,Detective Pikachu,SM194/248,185254,Detective Pikachu - SM194,SKIP_NAME_MISMATCH,0.67
pkm-sm-black-star-promos-sm195-248-7ff141472d,SM Black Star Promos,Charizard-GX,SM195/248,185253,Charizard GX - SM195,SKIP_NAME_MISMATCH,0.67
pkm-sm-black-star-promos-sm196-248-62dbd5e454,SM Black Star Promos,Mewtwo-GX,SM196/248,188165,Mewtwo GX - SM196,SKIP_NAME_MISMATCH,0.67
pkm-sm-black-star-promos-sm197-248-27db12cdad,SM Black Star Promos,Greninja-GX,SM197/248,185250,Greninja GX - SM197,SKIP_NAME_MISMATCH,0.67
pkm-sm-black-star-promos-sm198-248-6d78bbe0b5,SM Black Star Promos,Bulbasaur,SM198/248,206824,Bulbasaur - SM198 (Detective Pikachu Stamped),SKIP_NAME_MISMATCH,0.25
pkm-sm-black-star-promos-sm198-248-6d78bbe0b5,SM Black Star Promos,Bulbasaur,SM198/248,188320,Bulbasaur - SM198 (In-Store Event Promo),SKIP_NAME_MISMATCH,0.20
pkm-sm-black-star-promos-sm199-248-3f64004e06,SM Black Star Promos,Psyduck,SM199/248,206825,Psyduck - SM199 (Detective Pikachu Stamped),SKIP_NAME_MISMATCH,0.25
pkm-sm-black-star-promos-sm199-248-3f64004e06,SM Black Star Promos,Psyduck,SM199/248,188321,Psyduck - SM199 (In-Store Event Promo),SKIP_NAME_MISMATCH,0.20
pkm-sm-black-star-promos-sm200-248-668af9224c,SM Black Star Promos,Snubbull,SM200/248,206826,Snubbull - SM200 (Detective Pikachu Stamped),SKIP_NAME_MISMATCH,0.25
pkm-sm-black-star-promos-sm200-248-668af9224c,SM Black Star Promos,Snubbull,SM200/248,188322,Snubbull - SM200 (In-Store Event Promo),SKIP_NAME_MISMATCH,0.20
pkm-sm-black-star-promos-sm201-248-bc5225fdab,SM Black Star Promos,Reshiram & Charizard-GX,SM201/248,196347,Reshiram & Charizard GX - SM201,SKIP_NAME_MISMATCH,0.75
pkm-sm-black-star-promos-sm202-248-4c6185b63e,SM Black Star Promos,Amoonguss,SM202/248,196715,Amoonguss - SM202 (Prerelease),SKIP_NAME_MISMATCH,0.50
pkm-sm-black-star-promos-sm202-248-4c6185b63e,SM Black Star Promos,Amoonguss,SM202/248,199609,Amoonguss - SM202 (Prerelease) [Staff],SKIP_NAME_MISMATCH,0.50
pkm-sm-black-star-promos-sm203-248-a6de283cda,SM Black Star Promos,Tapu Fini,SM203/248,196718,Tapu Fini - SM203 (Prerelease),SKIP_NAME_MISMATCH,0.67
pkm-sm-black-star-promos-sm203-248-a6de283cda,SM Black Star Promos,Tapu Fini,SM203/248,199611,Tapu Fini - SM203 (Prerelease) [Staff],SKIP_NAME_MISMATCH,0.67
pkm-sm-black-star-promos-sm204-248-8326d8e2bd,SM Black Star Promos,Necrozma,SM204/248,196716,Necrozma - SM204 (Prerelease),SKIP_NAME_MISMATCH,0.50
pkm-sm-black-star-promos-sm204-248-8326d8e2bd,SM Black Star Promos,Necrozma,SM204/248,199622,Necrozma - SM204 (Prerelease) [Staff],SKIP_NAME_MISMATCH,0.50
pkm-sm-black-star-promos-sm205-248-44823c931c,SM Black Star Promos,Terrakion,SM205/248,196717,Terrakion - SM205 (Prerelease),SKIP_NAME_MISMATCH,0.50
pkm-sm-black-star-promos-sm205-248-44823c931c,SM Black Star Promos,Terrakion,SM205/248,199617,Terrakion - SM205 (Prerelease) [Staff],SKIP_NAME_MISMATCH,0.50
pkm-sm-black-star-promos-sm206-248-6d4ec41468,SM Black Star Promos,Pikachu,SM206/248,198771,Pikachu - SM206,SKIP_NAME_MISMATCH,0.50
pkm-sm-black-star-promos-sm207-248-07648751a6,SM Black Star Promos,Sudowoodo,SM207/248,199488,Sudowoodo - SM207,SKIP_NAME_MISMATCH,0.50
pkm-sm-black-star-promos-sm208-248-1bbe592e1d,SM Black Star Promos,Vikavolt,SM208/248,197889,Vikavolt - SM208,SKIP_NAME_MISMATCH,0.50
pkm-sm-black-star-promos-sm209-248-bbbd2e6454,SM Black Star Promos,Stakataka,SM209/248,197888,Stakataka - SM209,SKIP_NAME_MISMATCH,0.50
pkm-sm-black-star-promos-sm210-248-3422d0f575,SM Black Star Promos,Moltres & Zapdos & Articuno-GX,SM210/248,189659,Moltres & Zapdos & Articuno GX,LINKED,1.00
pkm-sm-black-star-promos-sm211-248-4d3b51d54a,SM Black Star Promos,Charizard-GX,SM211/248,197874,Charizard GX - SM211,SKIP_NAME_MISMATCH,0.67
pkm-sm-black-star-promos-sm212-248-931f316675,SM Black Star Promos,Gyarados-GX,SM212/248,197875,Gyarados GX - SM212,SKIP_NAME_MISMATCH,0.67
pkm-sm-black-star-promos-sm213-248-9e5d72d4c0,SM Black Star Promos,Raichu-GX,SM213/248,197876,Raichu GX - SM213,SKIP_NAME_MISMATCH,0.67
pkm-sm-black-star-promos-sm214-248-c70b11ccb7,SM Black Star Promos,Mewtwo,SM214/248,197855,Mewtwo - SM214,SKIP_NAME_MISMATCH,0.50
pkm-sm-black-star-promos-sm215-248-895031b17b,SM Black Star Promos,Mew,SM215/248,197854,Mew - SM215,SKIP_NAME_MISMATCH,0.50
pkm-sm-black-star-promos-sm216-248-df3f82e8fb,SM Black Star Promos,Porygon-Z-GX,SM216/248,198531,Porygon-Z GX - SM216,SKIP_NAME_MISMATCH,0.75
pkm-sm-black-star-promos-sm217-248-a934ce11aa,SM Black Star Promos,Trevenant & Dusknoir-GX,SM217/248,198534,Trevenant & Dusknoir GX - SM217,SKIP_NAME_MISMATCH,0.75
pkm-sm-black-star-promos-sm218-248-8c3add5e42,SM Black Star Promos,Buzzwole,SM218/248,201940,Buzzwole - SM218 (Prerelease),SKIP_NAME_MISMATCH,0.50
pkm-sm-black-star-promos-sm218-248-8c3add5e42,SM Black Star Promos,Buzzwole,SM218/248,201941,Buzzwole - SM218 (Prerelease) [Staff],SKIP_NAME_MISMATCH,0.50
pkm-sm-black-star-promos-sm219-248-dbd47ec343,SM Black Star Promos,Entei,SM219/248,201943,Entei - SM219 (Prerelease),SKIP_NAME_MISMATCH,0.50
pkm-sm-black-star-promos-sm219-248-dbd47ec343,SM Black Star Promos,Entei,SM219/248,201942,Entei - SM219 (Prerelease) [Staff],SKIP_NAME_MISMATCH,0.50
pkm-sm-black-star-promos-sm220-248-1543207a75,SM Black Star Promos,Phione,SM220/248,201938,Phione - SM220 (Prerelease),SKIP_NAME_MISMATCH,0.50
pkm-sm-black-star-promos-sm220-248-1543207a75,SM Black Star Promos,Phione,SM220/248,201939,Phione - SM220 (Prerelease) [Staff],SKIP_NAME_MISMATCH,0.50
pkm-sm-black-star-promos-sm221-248-201f10e8a2,SM Black Star Promos,Blacephalon,SM221/248,201944,Blacephalon - SM221 (Prerelease),SKIP_NAME_MISMATCH,0.50
pkm-sm-black-star-promos-sm221-248-201f10e8a2,SM Black Star Promos,Blacephalon,SM221/248,201945,Blacephalon - SM221 (Prerelease) [Staff],SKIP_NAME_MISMATCH,0.50
pkm-sm-black-star-promos-sm222-248-9819422595,SM Black Star Promos,Mismagius,SM222/248,204985,Mismagius - SM222,SKIP_NAME_MISMATCH,0.50
pkm-sm-black-star-promos-sm223-248-1dc0b3e962,SM Black Star Promos,Terrakion,SM223/248,204984,Terrakion - SM223,SKIP_NAME_MISMATCH,0.50
pkm-sm-black-star-promos-sm224-248-f5d601837e,SM Black Star Promos,Celebi,SM224/248,204973,Celebi - SM224,SKIP_NAME_MISMATCH,0.50
pkm-sm-black-star-promos-sm225-248-0ff459d3a1,SM Black Star Promos,Victini,SM225/248,,,NO_CANDIDATE,
pkm-sm-black-star-promos-sm226-248-259c0bdd50,SM Black Star Promos,Charizard,SM226/248,205171,Charizard - SM226,SKIP_NAME_MISMATCH,0.50
pkm-sm-black-star-promos-sm227-248-acb4f066cd,SM Black Star Promos,Pikachu,SM227/248,205170,Pikachu - SM227,SKIP_NAME_MISMATCH,0.50
pkm-sm-black-star-promos-sm228-248-1bd93bef01,SM Black Star Promos,Armored Mewtwo,SM228/248,205169,Armored Mewtwo - SM228,SKIP_NAME_MISMATCH,0.67
pkm-sm-black-star-promos-sm229-248-54e1786c4f,SM Black Star Promos,Venusaur & Snivy-GX,SM229/248,205162,Venusaur & Snivy GX - SM229,SKIP_NAME_MISMATCH,0.75
pkm-sm-black-star-promos-sm230-248-75b67549d3,SM Black Star Promos,Charizard & Braixen-GX,SM230/248,205163,Charizard & Braixen GX - SM230,SKIP_NAME_MISMATCH,0.75
pkm-sm-black-star-promos-sm231-248-85a86946bd,SM Black Star Promos,Champions Festival,SM231/248,198360,Champions Festival - SM231 (World Championships 2019),SKIP_NAME_MISMATCH,0.33
pkm-sm-black-star-promos-sm231-248-85a86946bd,SM Black Star Promos,Champions Festival,SM231/248,198367,Champions Festival - SM231 (World Championships 2019) [Champion],SKIP_NAME_MISMATCH,0.29
pkm-sm-black-star-promos-sm231-248-85a86946bd,SM Black Star Promos,Champions Festival,SM231/248,198366,Champions Festival - SM231 (World Championships 2019) [Finalist],SKIP_NAME_MISMATCH,0.29
pkm-sm-black-star-promos-sm231-248-85a86946bd,SM Black Star Promos,Champions Festival,SM231/248,198364,Champions Festival - SM231 (World Championships 2019) [Quarter Finalist],SKIP_NAME_MISMATCH,0.25
pkm-sm-black-star-promos-sm231-248-85a86946bd,SM Black Star Promos,Champions Festival,SM231/248,198365,Champions Festival - SM231 (World Championships 2019) [Semi-Finalist],SKIP_NAME_MISMATCH,0.25
pkm-sm-black-star-promos-sm231-248-85a86946bd,SM Black Star Promos,Champions Festival,SM231/248,198361,Champions Festival - SM231 (World Championships 2019) [Staff],SKIP_NAME_MISMATCH,0.33
pkm-sm-black-star-promos-sm231-248-85a86946bd,SM Black Star Promos,Champions Festival,SM231/248,198363,Champions Festival - SM231 (World Championships 2019) [Top Sixteen],SKIP_NAME_MISMATCH,0.25
pkm-sm-black-star-promos-sm231-248-85a86946bd,SM Black Star Promos,Champions Festival,SM231/248,198362,Champions Festival - SM231 (World Championships 2019) [Top Thirty-Two],SKIP_NAME_MISMATCH,0.22
pkm-sm-black-star-promos-sm232-248-0f2c30afea,SM Black Star Promos,Pikachu-GX,SM232/248,200273,Pikachu GX - SM232,SKIP_NAME_MISMATCH,0.67
pkm-sm-black-star-promos-sm233-248-65a921f921,SM Black Star Promos,Eevee-GX,SM233/248,200272,Eevee GX - SM233,SKIP_NAME_MISMATCH,0.67
pkm-sm-black-star-promos-sm234-248-28c2339987,SM Black Star Promos,Pikachu,SM234/248,200275,Pikachu - SM234,SKIP_NAME_MISMATCH,0.50
pkm-sm-black-star-promos-sm235-248-61e1f2283a,SM Black Star Promos,Eevee,SM235/248,200276,Eevee - SM235,SKIP_NAME_MISMATCH,0.50
pkm-sm-black-star-promos-sm236-248-c63a45d140,SM Black Star Promos,Alolan Sandslash-GX,SM236/248,207496,Alolan Sandslash GX - SM236,SKIP_NAME_MISMATCH,0.75
pkm-sm-black-star-promos-sm237-248-565d7dcdea,SM Black Star Promos,Leafeon,SM237/248,211627,Leafeon - SM237,SKIP_NAME_MISMATCH,0.50
pkm-sm-black-star-promos-sm238-248-8bfe7b995b,SM Black Star Promos,Glaceon,SM238/248,211628,Glaceon - SM238,SKIP_NAME_MISMATCH,0.50
pkm-sm-black-star-promos-sm239-248-400dac8312,SM Black Star Promos,Carracosta-GX,SM239/248,211451,Carracosta GX - SM239,SKIP_NAME_MISMATCH,0.67
pkm-sm-black-star-promos-sm240-248-33c6ededd4,SM Black Star Promos,Espeon & Deoxys-GX,SM240/248,211455,Espeon & Deoxys GX - SM240,SKIP_NAME_MISMATCH,0.75
pkm-sm-black-star-promos-sm241-248-cf4c44ceba,SM Black Star Promos,Umbreon & Darkrai-GX,SM241/248,211452,Umbreon & Darkrai GX - SM241,SKIP_NAME_MISMATCH,0.75
pkm-sm-black-star-promos-sm242-248-e3a06cad82,SM Black Star Promos,Eevee-GX,SM242/248,211456,Eevee GX - SM242,SKIP_NAME_MISMATCH,0.67
pkm-sm-black-star-promos-sm243-248-2a6bd4e574,SM Black Star Promos,Regigigas,SM243/248,211626,Regigigas - SM243,SKIP_NAME_MISMATCH,0.50
pkm-sm-black-star-promos-sm244-248-4e90273a5d,SM Black Star Promos,Aipom,SM244/248,214272,Aipom - SM244,SKIP_NAME_MISMATCH,0.50
pkm-sm-black-star-promos-sm245-248-f84bd36b4e,SM Black Star Promos,Mismagius,SM245/248,245874,Mismagius - SM245,SKIP_NAME_MISMATCH,0.50
pkm-sm-black-star-promos-sm246-248-fc7f332616,SM Black Star Promos,Sabrina & Brycen,SM246/248,245873,Sabrina & Brycen - SM246,SKIP_NAME_MISMATCH,0.67
pkm-sm-black-star-promos-sm247-248-9111f47a40,SM Black Star Promos,Reshiram & Charizard-GX,SM247/248,253394,Reshiram & Charizard GX - SM247,SKIP_NAME_MISMATCH,0.75
pkm-sm-black-star-promos-sm248-248-ac88d9d151,SM Black Star Promos,Pikachu & Zekrom-GX,SM248/248,253397,Pikachu & Zekrom GX - SM248,SKIP_NAME_MISMATCH,0.75
pkm-xy-black-star-promos-xy01-211-058febcbae,XY Black Star Promos,Chespin,XY01/211,84270,Chespin - XY01,SKIP_NAME_MISMATCH,0.50
pkm-xy-black-star-promos-xy02-211-ec21fc9c9d,XY Black Star Promos,Fennekin,XY02/211,85410,Fennekin,LINKED,1.00
pkm-xy-black-star-promos-xy03-211-d833c9ff75,XY Black Star Promos,Froakie,XY03/211,85568,Froakie - XY03,SKIP_NAME_MISMATCH,0.50
pkm-xy-black-star-promos-xy04-211-aa388a03c5,XY Black Star Promos,Sylveon,XY04/211,89729,Sylveon - XY04,SKIP_NAME_MISMATCH,0.50
pkm-xy-black-star-promos-xy05-211-6231e68055,XY Black Star Promos,Xerneas,XY05/211,90670,Xerneas - XY05,SKIP_NAME_MISMATCH,0.50
pkm-xy-black-star-promos-xy06-211-30668052d1,XY Black Star Promos,Yveltal,XY06/211,90698,Yveltal - XY06,SKIP_NAME_MISMATCH,0.50
pkm-xy-black-star-promos-xy07-211-0a338979c4,XY Black Star Promos,Xerneas-EX,XY07/211,90673,Xerneas EX - XY07,SKIP_NAME_MISMATCH,0.67
pkm-xy-black-star-promos-xy08-211-96a1828433,XY Black Star Promos,Yveltal-EX,XY08/211,90701,Yveltal EX - XY08,SKIP_NAME_MISMATCH,0.67
pkm-xy-black-star-promos-xy09-211-d519701d66,XY Black Star Promos,Garchomp-EX,XY09/211,96369,Garchomp EX,LINKED,1.00
pkm-xy-black-star-promos-xy10-211-3752724ed3,XY Black Star Promos,Dragalge,XY10/211,96371,Dragalge - XY10 (Prerelease),SKIP_NAME_MISMATCH,0.50
pkm-xy-black-star-promos-xy10-211-3752724ed3,XY Black Star Promos,Dragalge,XY10/211,96370,Dragalge - XY10 (Prerelease) [Staff],SKIP_NAME_MISMATCH,0.50
pkm-xy-black-star-promos-xy11-211-deab5d9d83,XY Black Star Promos,Skiddo,XY11/211,96372,Skiddo - XY11,SKIP_NAME_MISMATCH,0.50
pkm-xy-black-star-promos-xy12-211-967bf6f539,XY Black Star Promos,Honedge,XY12/211,96373,Honedge - XY12,SKIP_NAME_MISMATCH,0.50
pkm-xy-black-star-promos-xy13-211-6cc1989497,XY Black Star Promos,Machamp,XY13/211,96374,Machamp - XY13 (Prerelease),SKIP_NAME_MISMATCH,0.50
pkm-xy-black-star-promos-xy13-211-6cc1989497,XY Black Star Promos,Machamp,XY13/211,96375,Machamp - XY13 (Prerelease) [Staff],SKIP_NAME_MISMATCH,0.50
pkm-xy-black-star-promos-xy14-211-6777013de8,XY Black Star Promos,Trevenant,XY14/211,96376,Trevenant - XY14,SKIP_NAME_MISMATCH,0.50
pkm-xy-black-star-promos-xy15-211-bee786dea7,XY Black Star Promos,Slurpuff,XY15/211,96377,Slurpuff - XY15,SKIP_NAME_MISMATCH,0.50
pkm-xy-black-star-promos-xy16-211-6bfd4f67f8,XY Black Star Promos,Gogoat,XY16/211,96378,Gogoat - XY16,SKIP_NAME_MISMATCH,0.50
pkm-xy-black-star-promos-xy17-211-5bab50c2c2,XY Black Star Promos,Charizard-EX,XY17/211,96379,Charizard EX - XY17,SKIP_NAME_MISMATCH,0.67
pkm-xy-black-star-promos-xy18-211-fc5d7a8e46,XY Black Star Promos,Chesnaught-EX,XY18/211,96380,Chesnaught EX - XY18,SKIP_NAME_MISMATCH,0.67
pkm-xy-black-star-promos-xy19-211-c7ea249297,XY Black Star Promos,Delphox-EX,XY19/211,96381,Delphox EX - XY19,SKIP_NAME_MISMATCH,0.67
pkm-xy-black-star-promos-xy20-211-47be8069f5,XY Black Star Promos,Greninja-EX,XY20/211,96382,Greninja EX - XY20,SKIP_NAME_MISMATCH,0.67
pkm-xy-black-star-promos-xy21-211-9119b960e3,XY Black Star Promos,Bronzong,XY21/211,96383,Bronzong - XY21 (Prerelease),SKIP_NAME_MISMATCH,0.50
pkm-xy-black-star-promos-xy21-211-9119b960e3,XY Black Star Promos,Bronzong,XY21/211,96384,Bronzong - XY21 (Prerelease) [Staff],SKIP_NAME_MISMATCH,0.50
pkm-xy-black-star-promos-xy22-211-d1cbde5e0c,XY Black Star Promos,Darkrai,XY22/211,96385,Darkrai - XY22,SKIP_NAME_MISMATCH,0.50
pkm-xy-black-star-promos-xy23-211-50f622daa3,XY Black Star Promos,Shiftry,XY23/211,96386,Shiftry - XY23,SKIP_NAME_MISMATCH,0.50
pkm-xy-black-star-promos-xy24-211-6c22a0cff8,XY Black Star Promos,Greninja,XY24/211,96387,Greninja - XY24,SKIP_NAME_MISMATCH,0.50
pkm-xy-black-star-promos-xy25-211-e0d50a313f,XY Black Star Promos,Krookodile-EX,XY25/211,96388,Krookodile EX - XY25,SKIP_NAME_MISMATCH,0.67
pkm-xy-black-star-promos-xy26-211-498662c9b0,XY Black Star Promos,Pyroar,XY26/211,96389,Pyroar - XY26,SKIP_NAME_MISMATCH,0.50
pkm-xy-black-star-promos-xy27-211-099f15d251,XY Black Star Promos,Champions Festival,XY27/211,96484,Champions Festival - XY27 (2014 Champion),SKIP_NAME_MISMATCH,0.40
pkm-xy-black-star-promos-xy27-211-099f15d251,XY Black Star Promos,Champions Festival,XY27/211,96483,Champions Festival - XY27 (2014 Finalist),SKIP_NAME_MISMATCH,0.40
pkm-xy-black-star-promos-xy27-211-099f15d251,XY Black Star Promos,Champions Festival,XY27/211,96481,Champions Festival - XY27 (2014 Quarter Finalist),SKIP_NAME_MISMATCH,0.33
pkm-xy-black-star-promos-xy27-211-099f15d251,XY Black Star Promos,Champions Festival,XY27/211,96482,Champions Festival - XY27 (2014 Semi-Finalist),SKIP_NAME_MISMATCH,0.33
pkm-xy-black-star-promos-xy27-211-099f15d251,XY Black Star Promos,Champions Festival,XY27/211,96485,Champions Festival - XY27 (2014 Staff),SKIP_NAME_MISMATCH,0.50
pkm-xy-black-star-promos-xy27-211-099f15d251,XY Black Star Promos,Champions Festival,XY27/211,96480,Champions Festival - XY27 (2014 Top Sixteen),SKIP_NAME_MISMATCH,0.33
pkm-xy-black-star-promos-xy27-211-099f15d251,XY Black Star Promos,Champions Festival,XY27/211,96479,Champions Festival - XY27 (2014 Top Thirty-Two),SKIP_NAME_MISMATCH,0.29
pkm-xy-black-star-promos-xy27-211-099f15d251,XY Black Star Promos,Champions Festival,XY27/211,96390,Champions Festival - XY27 (2014),SKIP_NAME_MISMATCH,0.50
pkm-xy-black-star-promos-xy28-211-76c8566e4e,XY Black Star Promos,Venusaur-EX,XY28/211,96391,Venusaur EX - XY28,SKIP_NAME_MISMATCH,0.67
pkm-xy-black-star-promos-xy29-211-61340f668c,XY Black Star Promos,Charizard-EX,XY29/211,96392,Charizard EX - XY29,SKIP_NAME_MISMATCH,0.67
pkm-xy-black-star-promos-xy30-211-2bd45c91c6,XY Black Star Promos,Blastoise-EX,XY30/211,96393,Blastoise EX - XY30,SKIP_NAME_MISMATCH,0.67
pkm-xy-black-star-promos-xy31-211-4c33822a40,XY Black Star Promos,Xerneas,XY31/211,96394,Xerneas - XY31,SKIP_NAME_MISMATCH,0.50
pkm-xy-black-star-promos-xy32-211-d43f07d6db,XY Black Star Promos,Yveltal,XY32/211,96395,Yveltal - XY32,SKIP_NAME_MISMATCH,0.50
pkm-xy-black-star-promos-xy33-211-ce4039d51e,XY Black Star Promos,Trevor,XY33/211,96396,Trevor - XY33,SKIP_NAME_MISMATCH,0.50
pkm-xy-black-star-promos-xy34-211-b72dd8fbaf,XY Black Star Promos,Metagross-EX,XY34/211,96397,Metagross EX (Shiny),SKIP_NAME_MISMATCH,0.67
pkm-xy-black-star-promos-xy35-211-5393696da1,XY Black Star Promos,M Metagross-EX,XY35/211,96398,M Metagross EX (Shiny),SKIP_NAME_MISMATCH,0.75
pkm-xy-black-star-promos-xy36-211-e45b621c4e,XY Black Star Promos,Treecko,XY36/211,96419,Treecko - XY36,SKIP_NAME_MISMATCH,0.50
pkm-xy-black-star-promos-xy37-211-18348f3211,XY Black Star Promos,Torchic,XY37/211,96420,Torchic - XY37,SKIP_NAME_MISMATCH,0.50
pkm-xy-black-star-promos-xy38-211-49a7f85818,XY Black Star Promos,Mudkip,XY38/211,96421,Mudkip - XY38,SKIP_NAME_MISMATCH,0.50
pkm-xy-black-star-promos-xy39-211-d348d7190b,XY Black Star Promos,Kingdra,XY39/211,96413,Kingdra - XY39 (Prerelease),SKIP_NAME_MISMATCH,0.50
pkm-xy-black-star-promos-xy39-211-d348d7190b,XY Black Star Promos,Kingdra,XY39/211,96414,Kingdra - XY39 (Prerelease) [Staff],SKIP_NAME_MISMATCH,0.50
pkm-xy-black-star-promos-xy40-211-c243279c67,XY Black Star Promos,Ditto,XY40/211,96415,Ditto,LINKED,1.00
pkm-xy-black-star-promos-xy41-211-26edbf609e,XY Black Star Promos,Kyogre-EX,XY41/211,108591,Kyogre EX,LINKED,1.00
pkm-xy-black-star-promos-xy42-211-7b17a8520e,XY Black Star Promos,Groudon-EX,XY42/211,108592,Groudon EX,LINKED,1.00
pkm-xy-black-star-promos-xy43-211-d6f07a03e0,XY Black Star Promos,Diancie-EX,XY43/211,96416,Diancie EX - XY43,SKIP_NAME_MISMATCH,0.67
pkm-xy-black-star-promos-xy44-211-3a23fad9c5,XY Black Star Promos,M Diancie-EX,XY44/211,96417,M Diancie EX - XY44,SKIP_NAME_MISMATCH,0.75
pkm-xy-black-star-promos-xy45-211-6056817da6,XY Black Star Promos,Gallade-EX,XY45/211,96418,Gallade EX - XY45,SKIP_NAME_MISMATCH,0.67
pkm-xy-black-star-promos-xy46-211-07d7d86fbf,XY Black Star Promos,Altaria,XY46/211,100503,Altaria - XY46 (Prerelease),SKIP_NAME_MISMATCH,0.50
pkm-xy-black-star-promos-xy46-211-07d7d86fbf,XY Black Star Promos,Altaria,XY46/211,100504,Altaria - XY46 (Prerelease) [Staff],SKIP_NAME_MISMATCH,0.50
pkm-xy-black-star-promos-xy47-211-b3700fdc84,XY Black Star Promos,Heliolisk,XY47/211,100505,Heliolisk - XY47,SKIP_NAME_MISMATCH,0.50
pkm-xy-black-star-promos-xy48-211-6ae61c0a93,XY Black Star Promos,Meowstic,XY48/211,100506,Meowstic - XY48,SKIP_NAME_MISMATCH,0.50
pkm-xy-black-star-promos-xy49-211-210c15da15,XY Black Star Promos,Regirock,XY49/211,100507,Regirock - XY49,SKIP_NAME_MISMATCH,0.50
pkm-xy-black-star-promos-xy50-211-b5ee33f167,XY Black Star Promos,Pangoro,XY50/211,100508,Pangoro - XY50,SKIP_NAME_MISMATCH,0.50
pkm-xy-black-star-promos-xy51-211-2bad16c2c5,XY Black Star Promos,Kyogre,XY51/211,98732,Kyogre - XY51,SKIP_NAME_MISMATCH,0.50
pkm-xy-black-star-promos-xy52-211-9e06ff4dbc,XY Black Star Promos,Groudon,XY52/211,98733,Groudon - XY52,SKIP_NAME_MISMATCH,0.50
pkm-xy-black-star-promos-xy53-211-bf306c5277,XY Black Star Promos,Sceptile-EX,XY53/211,100509,Sceptile EX - XY53,SKIP_NAME_MISMATCH,0.67
pkm-xy-black-star-promos-xy54-211-4e5d6e86f4,XY Black Star Promos,Blaziken-EX,XY54/211,100510,Blaziken EX - XY54,SKIP_NAME_MISMATCH,0.67
pkm-xy-black-star-promos-xy55-211-cdb77b3f1f,XY Black Star Promos,Swampert-EX,XY55/211,100511,Swampert EX - XY55,SKIP_NAME_MISMATCH,0.67
pkm-xy-black-star-promos-xy56-211-235fa98f81,XY Black Star Promos,Blissey,XY56/211,108593,Blissey - XY56,SKIP_NAME_MISMATCH,0.50
pkm-xy-black-star-promos-xy57-211-ba5abaa339,XY Black Star Promos,Fearow,XY57/211,108594,Fearow,LINKED,1.00
pkm-xy-black-star-promos-xy58-211-45be75fd97,XY Black Star Promos,Malamar,XY58/211,104053,Malamar - XY58,SKIP_NAME_MISMATCH,0.50
pkm-xy-black-star-promos-xy59-211-3fd5fdb6ce,XY Black Star Promos,Salamence,XY59/211,108595,Salamence - XY59,SKIP_NAME_MISMATCH,0.50
pkm-xy-black-star-promos-xy60-211-9d5a4c5c5a,XY Black Star Promos,Gyarados,XY60/211,102802,Gyarados - XY60 (Prerelease),SKIP_NAME_MISMATCH,0.50
pkm-xy-black-star-promos-xy60-211-9d5a4c5c5a,XY Black Star Promos,Gyarados,XY60/211,102803,Gyarados - XY60 (Prerelease) [Staff],SKIP_NAME_MISMATCH,0.50
pkm-xy-black-star-promos-xy61-211-a2a7e029cd,XY Black Star Promos,Flygon-EX,XY61/211,98734,Flygon EX,LINKED,1.00
pkm-xy-black-star-promos-xy62-211-4c88f09179,XY Black Star Promos,Absol-EX,XY62/211,100512,Absol EX - XY62,SKIP_NAME_MISMATCH,0.67
pkm-xy-black-star-promos-xy63-211-f6ec388e31,XY Black Star Promos,M Absol-EX,XY63/211,100513,M Absol EX - XY63,SKIP_NAME_MISMATCH,0.75
pkm-xy-black-star-promos-xy64-211-4eb6d2a272,XY Black Star Promos,Rayquaza,XY64/211,100514,Rayquaza - XY64,SKIP_NAME_MISMATCH,0.50
pkm-xy-black-star-promos-xy65-211-a2d77ecfae,XY Black Star Promos,Latios,XY65/211,102804,Latios - XY65,SKIP_NAME_MISMATCH,0.50
pkm-xy-black-star-promos-xy66-211-3a024157c1,XY Black Star Promos,Rayquaza-EX,XY66/211,100515,Rayquaza EX - XY66,SKIP_NAME_MISMATCH,0.67
pkm-xy-black-star-promos-xy67-211-c75bb7a72d,XY Black Star Promos,Jirachi,XY67/211,108596,Jirachi - XY67,SKIP_NAME_MISMATCH,0.50
pkm-xy-black-star-promos-xy67a-211-33b4022f3f,XY Black Star Promos,Jirachi,XY67a/211,,,NO_CANDIDATE,
pkm-xy-black-star-promos-xy68-211-38721ec299,XY Black Star Promos,Chesnaught,XY68/211,108598,Chesnaught - XY68 (Prerelease [Staff],SKIP_NAME_MISMATCH,0.50
pkm-xy-black-star-promos-xy68-211-38721ec299,XY Black Star Promos,Chesnaught,XY68/211,108597,Chesnaught (Prerelease),LINKED,1.00
pkm-xy-black-star-promos-xy69-211-b837293a70,XY Black Star Promos,Rayquaza-EX,XY69/211,108599,Rayquaza EX (Shiny),SKIP_NAME_MISMATCH,0.67
pkm-xy-black-star-promos-xy70-211-60a026d5d9,XY Black Star Promos,Tyrantrum-EX,XY70/211,108600,Tyrantrum EX,LINKED,1.00
pkm-xy-black-star-promos-xy71-211-de8137f503,XY Black Star Promos,Hoopa-EX,XY71/211,108601,Hoopa EX,LINKED,1.00
pkm-xy-black-star-promos-xy72-211-c92b975a92,XY Black Star Promos,Latios-EX,XY72/211,108602,Latios EX,LINKED,1.00
pkm-xy-black-star-promos-xy73-211-7245e19e06,XY Black Star Promos,Rayquaza-EX,XY73/211,108603,Rayquaza EX (XY73),SKIP_NAME_MISMATCH,0.67
pkm-xy-black-star-promos-xy74-211-a463823513,XY Black Star Promos,Reshiram,XY74/211,108604,Reshiram (Full Art Promo),LINKED,1.00
pkm-xy-black-star-promos-xy75-211-4002a95b62,XY Black Star Promos,Palkia,XY75/211,108605,Palkia (Full Art Promo),LINKED,1.00
pkm-xy-black-star-promos-xy76-211-b48bf41754,XY Black Star Promos,Zekrom,XY76/211,108606,Zekrom (Full Art Promo),LINKED,1.00
pkm-xy-black-star-promos-xy77-211-2541e9234a,XY Black Star Promos,Dialga,XY77/211,108607,Dialga (Full Art Promo),LINKED,1.00
pkm-xy-black-star-promos-xy78-211-4f67e689c3,XY Black Star Promos,Latias,XY78/211,108608,Latias (Full Art Promo),LINKED,1.00
pkm-xy-black-star-promos-xy79-211-699037f06f,XY Black Star Promos,Latios,XY79/211,108609,Latios (Full Art Promo),LINKED,1.00
pkm-xy-black-star-promos-xy80-211-d5f57c6805,XY Black Star Promos,Black Kyurem,XY80/211,108610,Black Kyurem - XY80,SKIP_NAME_MISMATCH,0.67
pkm-xy-black-star-promos-xy81-211-91a9a80f4f,XY Black Star Promos,White Kyurem,XY81/211,108611,White Kyurem (Full Art Promo),LINKED,1.00
pkm-xy-black-star-promos-xy82-211-40dd10ee1f,XY Black Star Promos,Regigigas,XY82/211,108612,Regigigas (Full Art Promo),LINKED,1.00
pkm-xy-black-star-promos-xy83-211-8815b832d4,XY Black Star Promos,Arceus,XY83/211,108613,Arceus - XY83,SKIP_NAME_MISMATCH,0.50
pkm-xy-black-star-promos-xy84-211-7fad306b6d,XY Black Star Promos,Pikachu-EX,XY84/211,108614,Pikachu EX - XY84,SKIP_NAME_MISMATCH,0.67
pkm-xy-black-star-promos-xy85-211-a52d517509,XY Black Star Promos,Hoopa-EX,XY85/211,,,NO_CANDIDATE,
pkm-xy-black-star-promos-xy86-211-2637c332a2,XY Black Star Promos,M Blaziken-EX,XY86/211,108616,M Blaziken EX,LINKED,1.00
pkm-xy-black-star-promos-xy87-211-1fdef410b5,XY Black Star Promos,M Swampert-EX,XY87/211,108617,M Swampert EX,LINKED,1.00
pkm-xy-black-star-promos-xy88-211-dff3bfd2a1,XY Black Star Promos,Chespin,XY88/211,108618,Chespin (Collector Chest),SKIP_NAME_MISMATCH,0.33
pkm-xy-black-star-promos-xy89-211-23caa890d6,XY Black Star Promos,Pikachu,XY89/211,108619,Pikachu (Collector Chest),SKIP_NAME_MISMATCH,0.33
pkm-xy-black-star-promos-xy90-211-b4b78a22e9,XY Black Star Promos,Hoopa,XY90/211,108620,Hoopa (Collector Chest),SKIP_NAME_MISMATCH,0.33
pkm-xy-black-star-promos-xy91-211-63cebf1490,XY Black Star Promos,Champions Festival,XY91/211,199320,Champions Festival (2015 Champion),SKIP_NAME_MISMATCH,0.50
pkm-xy-black-star-promos-xy91-211-63cebf1490,XY Black Star Promos,Champions Festival,XY91/211,199319,Champions Festival (2015 Finalist),SKIP_NAME_MISMATCH,0.50
pkm-xy-black-star-promos-xy91-211-63cebf1490,XY Black Star Promos,Champions Festival,XY91/211,199317,Champions Festival (2015 Quarter Finalist),SKIP_NAME_MISMATCH,0.40
pkm-xy-black-star-promos-xy91-211-63cebf1490,XY Black Star Promos,Champions Festival,XY91/211,199318,Champions Festival (2015 Semi-Finalist),SKIP_NAME_MISMATCH,0.40
pkm-xy-black-star-promos-xy91-211-63cebf1490,XY Black Star Promos,Champions Festival,XY91/211,199315,Champions Festival (2015 Top Sixteen),SKIP_NAME_MISMATCH,0.40
pkm-xy-black-star-promos-xy91-211-63cebf1490,XY Black Star Promos,Champions Festival,XY91/211,199314,Champions Festival (2015 Top Thirty-Two),SKIP_NAME_MISMATCH,0.33
pkm-xy-black-star-promos-xy91-211-63cebf1490,XY Black Star Promos,Champions Festival,XY91/211,199311,Champions Festival (2015),SKIP_NAME_MISMATCH,0.67
pkm-xy-black-star-promos-xy91-211-63cebf1490,XY Black Star Promos,Champions Festival,XY91/211,199312,Champions Festival (2015) [Staff],SKIP_NAME_MISMATCH,0.67
pkm-xy-black-star-promos-xy92-211-e39de35070,XY Black Star Promos,Sableye,XY92/211,108621,Sableye - XY92,SKIP_NAME_MISMATCH,0.50
pkm-xy-black-star-promos-xy93-211-8511be66d3,XY Black Star Promos,Celebi,XY93/211,108622,Celebi - XY93,SKIP_NAME_MISMATCH,0.50
pkm-xy-black-star-promos-xy94-211-57c0f4c56e,XY Black Star Promos,Trevenant,XY94/211,114015,Trevenant - XY94 (Prerelease) [Staff],SKIP_NAME_MISMATCH,0.50
pkm-xy-black-star-promos-xy94-211-57c0f4c56e,XY Black Star Promos,Trevenant,XY94/211,114014,Trevenant (Prerelease),LINKED,1.00
pkm-xy-black-star-promos-xy95-211-c873dd0fe5,XY Black Star Promos,Pikachu,XY95/211,114004,Pikachu,LINKED,1.00
pkm-xy-black-star-promos-xy96-211-1a8d612ce0,XY Black Star Promos,Umbreon,XY96/211,114005,Umbreon,LINKED,1.00
pkm-xy-black-star-promos-xy97-211-55fc031f7d,XY Black Star Promos,Aerodactyl-EX,XY97/211,114007,Aerodactyl EX - XY97,SKIP_NAME_MISMATCH,0.67
pkm-xy-black-star-promos-xy98-211-89a33dd39b,XY Black Star Promos,M Aerodactyl-EX,XY98/211,114008,M Aerodactyl EX,LINKED,1.00
pkm-xy-black-star-promos-xy99-211-f07934feb6,XY Black Star Promos,Aerodactyl Spirit Link,XY99/211,114009,Aerodactyl Spirit Link - XY99,SKIP_NAME_MISMATCH,0.75
pkm-xy-black-star-promos-xy100-211-38a9e6ec93,XY Black Star Promos,Mewtwo,XY100/211,108623,Mewtwo - XY100,SKIP_NAME_MISMATCH,0.50
pkm-xy-black-star-promos-xy101-211-34d6808486,XY Black Star Promos,Mewtwo,XY101/211,108624,Mewtwo - XY101,SKIP_NAME_MISMATCH,0.50
pkm-xy-black-star-promos-xy102-211-c818ff0220,XY Black Star Promos,Aurorus-EX,XY102/211,114010,Aurorus EX - XY102,SKIP_NAME_MISMATCH,0.67
pkm-xy-black-star-promos-xy103-211-7b1c07954e,XY Black Star Promos,Mawile-EX,XY103/211,118859,Mawile EX,LINKED,1.00
pkm-xy-black-star-promos-xy104-211-7fdf30604c,XY Black Star Promos,M Mawile-EX,XY104/211,118860,M Mawile EX,LINKED,1.00
pkm-xy-black-star-promos-xy105-211-ebbf81d6be,XY Black Star Promos,Mawile Spirit Link,XY105/211,118858,Mawile Spirit Link,LINKED,1.00
pkm-xy-black-star-promos-xy106-211-269af5d99c,XY Black Star Promos,Gyarados-EX,XY106/211,117701,Gyarados EX,LINKED,1.00
pkm-xy-black-star-promos-xy107-211-bae338972f,XY Black Star Promos,Mewtwo-EX,XY107/211,117702,Mewtwo EX - XY107,SKIP_NAME_MISMATCH,0.67
pkm-xy-black-star-promos-xy108-211-9269259259,XY Black Star Promos,Machamp-EX,XY108/211,117703,Machamp EX,LINKED,1.00
pkm-xy-black-star-promos-xy109-211-32f6505625,XY Black Star Promos,Gyarados,XY109/211,177110,Gyarados - XY109,SKIP_NAME_MISMATCH,0.50
pkm-xy-black-star-promos-xy110-211-be258bff70,XY Black Star Promos,Mew,XY110/211,114006,Mew - XY110,SKIP_NAME_MISMATCH,0.50
pkm-xy-black-star-promos-xy111-211-e70190839b,XY Black Star Promos,Celebi,XY111/211,114526,Celebi - XY111,SKIP_NAME_MISMATCH,0.50
pkm-xy-black-star-promos-xy112-211-0bb527dd33,XY Black Star Promos,Jirachi,XY112/211,117266,Jirachi - XY112,SKIP_NAME_MISMATCH,0.50
pkm-xy-black-star-promos-xy113-211-de4e70551c,XY Black Star Promos,Manaphy,XY113/211,118861,Manaphy,LINKED,1.00
pkm-xy-black-star-promos-xy114-211-fd1c537ba2,XY Black Star Promos,Darkrai,XY114/211,121946,Darkrai - XY114,SKIP_NAME_MISMATCH,0.50
pkm-xy-black-star-promos-xy115-211-813aaa508c,XY Black Star Promos,Shaymin,XY115/211,120115,Shaymin - XY115,SKIP_NAME_MISMATCH,0.50
pkm-xy-black-star-promos-xy116-211-1b1b58e3d5,XY Black Star Promos,Arceus,XY116/211,121364,Arceus - XY116,SKIP_NAME_MISMATCH,0.50
pkm-xy-black-star-promos-xy117-211-9d5da36ccb,XY Black Star Promos,Victini,XY117/211,,,NO_CANDIDATE,
pkm-xy-black-star-promos-xy118-211-ed7af4ffb1,XY Black Star Promos,Keldeo,XY118/211,126034,Keldeo - XY118,SKIP_NAME_MISMATCH,0.50
pkm-xy-black-star-promos-xy119-211-1f50d1db42,XY Black Star Promos,Genesect,XY119/211,125322,Genesect,LINKED,1.00
pkm-xy-black-star-promos-xy120-211-7fccac5994,XY Black Star Promos,Meloetta,XY120/211,125898,Meloetta - XY120,SKIP_NAME_MISMATCH,0.50
pkm-xy-black-star-promos-xy121-211-8668d21259,XY Black Star Promos,Charizard-EX,XY121/211,117267,Charizard EX - XY121,SKIP_NAME_MISMATCH,0.67
pkm-xy-black-star-promos-xy122-211-06f625c762,XY Black Star Promos,Blastoise-EX,XY122/211,118862,Blastoise EX - XY122,SKIP_NAME_MISMATCH,0.67
pkm-xy-black-star-promos-xy123-211-a9983d6ed0,XY Black Star Promos,Venusaur-EX,XY123/211,120701,Venusaur EX - XY123,SKIP_NAME_MISMATCH,0.67
pkm-xy-black-star-promos-xy124-211-45969c33bb,XY Black Star Promos,Pikachu-EX,XY124/211,123436,Pikachu EX - XY124,SKIP_NAME_MISMATCH,0.67
pkm-xy-black-star-promos-xy125-211-6cbc33cf60,XY Black Star Promos,Mewtwo-EX,XY125/211,123435,Mewtwo EX - XY125,SKIP_NAME_MISMATCH,0.67
pkm-xy-black-star-promos-xy126-211-c60ffcb3ee,XY Black Star Promos,Mew-EX,XY126/211,123434,Mew EX - XY126,SKIP_NAME_MISMATCH,0.67
pkm-xy-black-star-promos-xy127-211-46575ab493,XY Black Star Promos,Moltres,XY127/211,118864,Moltres - XY127 (Prerelease) [Staff],SKIP_NAME_MISMATCH,0.50
pkm-xy-black-star-promos-xy127-211-46575ab493,XY Black Star Promos,Moltres,XY127/211,118863,Moltres (Prerelease),LINKED,1.00
pkm-xy-black-star-promos-xy128-211-c34570ad6f,XY Black Star Promos,White Kyurem,XY128/211,118866,White Kyurem - XY128 (Prerelease) [Staff],SKIP_NAME_MISMATCH,0.67
pkm-xy-black-star-promos-xy128-211-c34570ad6f,XY Black Star Promos,White Kyurem,XY128/211,118865,White Kyurem (Prerelease),LINKED,1.00
pkm-xy-black-star-promos-xy129-211-567572d990,XY Black Star Promos,Zygarde,XY129/211,118867,Zygarde - XY129 (Prerelease) [Staff],SKIP_NAME_MISMATCH,0.50
pkm-xy-black-star-promos-xy129-211-567572d990,XY Black Star Promos,Zygarde,XY129/211,118868,Zygarde (Prerelease),LINKED,1.00
pkm-xy-black-star-promos-xy130-211-316467dbce,XY Black Star Promos,Tyranitar,XY130/211,118870,Tyranitar - XY130 (Prerelease) [Staff],SKIP_NAME_MISMATCH,0.50
pkm-xy-black-star-promos-xy130-211-316467dbce,XY Black Star Promos,Tyranitar,XY130/211,118869,Tyranitar (Prerelease),LINKED,1.00
pkm-xy-black-star-promos-xy131-211-96b07699ec,XY Black Star Promos,Pansear,XY131/211,118872,Pansear,LINKED,1.00
pkm-xy-black-star-promos-xy132-211-ec7d09c2a6,XY Black Star Promos,Gastly,XY132/211,118873,Gastly,LINKED,1.00
pkm-xy-black-star-promos-xy133-211-511beb6a67,XY Black Star Promos,Ash-Greninja-EX,XY133/211,118871,Ash-Greninja EX - XY133,SKIP_NAME_MISMATCH,0.75
pkm-xy-black-star-promos-xy134-211-c9cf7c12df,XY Black Star Promos,Empoleon BREAK,XY134/211,114011,Empoleon BREAK,LINKED,1.00
pkm-xy-black-star-promos-xy135-211-9ebd152dcd,XY Black Star Promos,Beheeyem BREAK,XY135/211,114012,Beheeyem BREAK - XY135,SKIP_NAME_MISMATCH,0.67
pkm-xy-black-star-promos-xy136-211-5dbc34555a,XY Black Star Promos,Noctowl BREAK,XY136/211,114013,Noctowl BREAK,LINKED,1.00
pkm-xy-black-star-promos-xy137-211-db0a668cd7,XY Black Star Promos,Vivillon,XY137/211,118874,Vivillon,LINKED,1.00
pkm-xy-black-star-promos-xy138-211-1bd38ddf91,XY Black Star Promos,Froakie,XY138/211,118875,Froakie - XY138,SKIP_NAME_MISMATCH,0.50
pkm-xy-black-star-promos-xy139-211-b02a222959,XY Black Star Promos,Floette,XY139/211,123479,Floette,LINKED,1.00
pkm-xy-black-star-promos-xy140-211-d2df70b0a3,XY Black Star Promos,Lucario,XY140/211,134921,Lucario - XY140,SKIP_NAME_MISMATCH,0.50
pkm-xy-black-star-promos-xy141-211-50750d56ac,XY Black Star Promos,Rayquaza,XY141/211,134922,Rayquaza - XY141,SKIP_NAME_MISMATCH,0.50
pkm-xy-black-star-promos-xy142-211-bf7153f3e8,XY Black Star Promos,Azelf,XY142/211,123636,Azelf - XY142,SKIP_NAME_MISMATCH,0.50
pkm-xy-black-star-promos-xy143-211-793ca9bcbd,XY Black Star Promos,Magikarp,XY143/211,116779,Magikarp,LINKED,1.00
pkm-xy-black-star-promos-xy144-211-b1d455fd89,XY Black Star Promos,Yanmega,XY144/211,129375,Yanmega - XY144 (Prerelease) [Staff],SKIP_NAME_MISMATCH,0.50
pkm-xy-black-star-promos-xy144-211-b1d455fd89,XY Black Star Promos,Yanmega,XY144/211,129374,Yanmega (XY Steam Siege Prerelease),SKIP_NAME_MISMATCH,0.25
pkm-xy-black-star-promos-xy145-211-bc7e69c6f0,XY Black Star Promos,Volcanion,XY145/211,129377,Volcanion - XY145 (Prerelease) [Staff],SKIP_NAME_MISMATCH,0.50
pkm-xy-black-star-promos-xy145-211-bc7e69c6f0,XY Black Star Promos,Volcanion,XY145/211,129376,Volcanion (XY Steam Siege Prerelease),SKIP_NAME_MISMATCH,0.25
pkm-xy-black-star-promos-xy146-211-3a2dafdcec,XY Black Star Promos,Clawitzer,XY146/211,129379,Clawitzer - XY146 (Prerelease) [Staff],SKIP_NAME_MISMATCH,0.50
pkm-xy-black-star-promos-xy146-211-3a2dafdcec,XY Black Star Promos,Clawitzer,XY146/211,129378,Clawitzer (XY Steam Siege Prerelease),SKIP_NAME_MISMATCH,0.25
pkm-xy-black-star-promos-xy147-211-5864bc28b7,XY Black Star Promos,Hoopa,XY147/211,129381,Hoopa - XY147 (Prerelease) [Staff],SKIP_NAME_MISMATCH,0.50
pkm-xy-black-star-promos-xy147-211-5864bc28b7,XY Black Star Promos,Hoopa,XY147/211,129380,Hoopa (XY Steam Siege Prerelease),SKIP_NAME_MISMATCH,0.25
pkm-xy-black-star-promos-xy148-211-543553a377,XY Black Star Promos,Shaymin-EX,XY148/211,121947,Shaymin EX,LINKED,1.00
pkm-xy-black-star-promos-xy149-211-1462157be4,XY Black Star Promos,Xerneas-EX,XY149/211,121952,Xerneas EX - XY149 (Shiny),SKIP_NAME_MISMATCH,0.50
pkm-xy-black-star-promos-xy150-211-50693c967e,XY Black Star Promos,Yveltal-EX,XY150/211,121953,Yveltal EX - XY150 (Shiny),SKIP_NAME_MISMATCH,0.50
pkm-xy-black-star-promos-xy150a-211-f186cc4978,XY Black Star Promos,Yveltal-EX,XY150a/211,,,NO_CANDIDATE,
pkm-xy-black-star-promos-xy151-211-cccfea35b8,XY Black Star Promos,Zygarde-EX,XY151/211,121954,Zygarde EX (Shiny),SKIP_NAME_MISMATCH,0.67
pkm-xy-black-star-promos-xy152-211-53bdaad5be,XY Black Star Promos,Zygarde,XY152/211,121955,Zygarde,LINKED,1.00
pkm-xy-black-star-promos-xy153-211-c849380a37,XY Black Star Promos,Ho-Oh,XY153/211,121948,Ho-Oh,LINKED,1.00
pkm-xy-black-star-promos-xy154-211-a6a5bba972,XY Black Star Promos,Ho-Oh BREAK,XY154/211,121949,Ho-Oh BREAK,LINKED,1.00
pkm-xy-black-star-promos-xy155-211-5a95171ad0,XY Black Star Promos,Wobbuffet BREAK,XY155/211,121963,Wobbuffet BREAK,LINKED,1.00
pkm-xy-black-star-promos-xy156-211-da9df40797,XY Black Star Promos,Lugia,XY156/211,121950,Lugia,LINKED,1.00
pkm-xy-black-star-promos-xy157-211-3f12b06335,XY Black Star Promos,Beedrill-EX,XY157/211,125565,Beedrill EX - XY157,SKIP_NAME_MISMATCH,0.67
pkm-xy-black-star-promos-xy158-211-645bff759c,XY Black Star Promos,M Beedrill-EX,XY158/211,125566,M Beedrill EX,LINKED,1.00
pkm-xy-black-star-promos-xy159-211-12d9b6026a,XY Black Star Promos,Beedrill Spirit Link,XY159/211,125564,Beedrill Spirit Link - XY159,SKIP_NAME_MISMATCH,0.75
pkm-xy-black-star-promos-xy160-211-42baa871d2,XY Black Star Promos,Black Kyurem,XY160/211,125159,Black Kyurem - XY160,SKIP_NAME_MISMATCH,0.67
pkm-xy-black-star-promos-xy161-211-69b4f80c31,XY Black Star Promos,Braixen,XY161/211,125160,Braixen - XY161,SKIP_NAME_MISMATCH,0.50
pkm-xy-black-star-promos-xy162-211-2350ab00ec,XY Black Star Promos,Greninja,XY162/211,126210,Greninja - XY162,SKIP_NAME_MISMATCH,0.50
pkm-xy-black-star-promos-xy163-211-26e8322206,XY Black Star Promos,Weezing,XY163/211,147098,Weezing - XY163,SKIP_NAME_MISMATCH,0.50
pkm-xy-black-star-promos-xy164-211-33972f49c7,XY Black Star Promos,Volcanion,XY164/211,125251,Volcanion - XY164,SKIP_NAME_MISMATCH,0.50
pkm-xy-black-star-promos-xy165-211-a2f990655a,XY Black Star Promos,Magearna,XY165/211,125252,Magearna - XY165,SKIP_NAME_MISMATCH,0.50
pkm-xy-black-star-promos-xy166-211-468851dfb4,XY Black Star Promos,M Gengar-EX,XY166/211,125253,M Gengar EX,LINKED,1.00
pkm-xy-black-star-promos-xy167-211-64e9ac11aa,XY Black Star Promos,Garchomp-EX,XY167/211,126562,Garchomp EX - XY167,SKIP_NAME_MISMATCH,0.67
pkm-xy-black-star-promos-xy168-211-2ef98d76bc,XY Black Star Promos,M Garchomp-EX,XY168/211,126563,M Garchomp EX - XY168,SKIP_NAME_MISMATCH,0.75
pkm-xy-black-star-promos-xy169-211-705c729805,XY Black Star Promos,Garchomp Spirit Link,XY169/211,126564,Garchomp Spirit Link,LINKED,1.00
pkm-xy-black-star-promos-xy170-211-c964d5c7ad,XY Black Star Promos,Salamence-EX,XY170/211,126565,Salamence EX - XY170,SKIP_NAME_MISMATCH,0.67
pkm-xy-black-star-promos-xy171-211-6948c9ac5c,XY Black Star Promos,M Salamence-EX,XY171/211,126566,M Salamence EX - XY171,SKIP_NAME_MISMATCH,0.75
pkm-xy-black-star-promos-xy172-211-cefdd3a1c0,XY Black Star Promos,Salamence Spirit Link,XY172/211,126567,Salamence Spirit Link,LINKED,1.00
pkm-xy-black-star-promos-xy173-211-e587f69ab7,XY Black Star Promos,Volcanion-EX,XY173/211,123455,Volcanion EX,LINKED,1.00
pkm-xy-black-star-promos-xy174-211-279fe5a8be,XY Black Star Promos,Pikachu-EX,XY174/211,123454,Pikachu EX - XY174,SKIP_NAME_MISMATCH,0.67
pkm-xy-black-star-promos-xy175-211-44dbc2737e,XY Black Star Promos,Magearna-EX,XY175/211,123453,Magearna EX,LINKED,1.00
pkm-xy-black-star-promos-xy176-211-4f910708e9,XY Black Star Promos,Champions Festival,XY176/211,199321,Champions Festival (2016 Champion),SKIP_NAME_MISMATCH,0.50
pkm-xy-black-star-promos-xy176-211-4f910708e9,XY Black Star Promos,Champions Festival,XY176/211,199322,Champions Festival (2016 Finalist),SKIP_NAME_MISMATCH,0.50
pkm-xy-black-star-promos-xy176-211-4f910708e9,XY Black Star Promos,Champions Festival,XY176/211,199325,Champions Festival (2016 Quarter Finalist),SKIP_NAME_MISMATCH,0.40
pkm-xy-black-star-promos-xy176-211-4f910708e9,XY Black Star Promos,Champions Festival,XY176/211,199324,Champions Festival (2016 Semi-Finalist),SKIP_NAME_MISMATCH,0.40
pkm-xy-black-star-promos-xy176-211-4f910708e9,XY Black Star Promos,Champions Festival,XY176/211,199327,Champions Festival (2016 Top Sixteen),SKIP_NAME_MISMATCH,0.40
pkm-xy-black-star-promos-xy176-211-4f910708e9,XY Black Star Promos,Champions Festival,XY176/211,199328,Champions Festival (2016 Top Thirty-Two),SKIP_NAME_MISMATCH,0.33
pkm-xy-black-star-promos-xy176-211-4f910708e9,XY Black Star Promos,Champions Festival,XY176/211,199330,Champions Festival (2016),SKIP_NAME_MISMATCH,0.67
pkm-xy-black-star-promos-xy176-211-4f910708e9,XY Black Star Promos,Champions Festival,XY176/211,199329,Champions Festival (2016) [Staff],SKIP_NAME_MISMATCH,0.67
pkm-xy-black-star-promos-xy177-211-9be07a4441,XY Black Star Promos,Karen,XY177/211,123438,Karen,LINKED,1.00
pkm-xy-black-star-promos-xy177a-211-2a8ede5018,XY Black Star Promos,Karen,XY177a/211,,,NO_CANDIDATE,
pkm-xy-black-star-promos-xy178-211-c073a79195,XY Black Star Promos,Absol,XY178/211,158183,Absol - XY178,SKIP_NAME_MISMATCH,0.50
pkm-xy-black-star-promos-xy179-211-4e72d4e2da,XY Black Star Promos,Snorlax,XY179/211,126028,Snorlax - XY179,SKIP_NAME_MISMATCH,0.50
pkm-xy-black-star-promos-xy180-211-66870c0f25,XY Black Star Promos,Arcanine BREAK,XY180/211,126559,Arcanine BREAK - XY180,SKIP_NAME_MISMATCH,0.67
pkm-xy-black-star-promos-xy181-211-a8755024ab,XY Black Star Promos,Crobat BREAK,XY181/211,126560,Crobat BREAK,LINKED,1.00
pkm-xy-black-star-promos-xy182-211-84c51a0d64,XY Black Star Promos,Mandibuzz BREAK,XY182/211,126561,Mandibuzz BREAK,LINKED,1.00
pkm-xy-black-star-promos-xy183-211-ad969460dd,XY Black Star Promos,Mewtwo-EX,XY183/211,125254,Mewtwo EX - XY183,SKIP_NAME_MISMATCH,0.67
pkm-xy-black-star-promos-xy184-211-ff3c46fba4,XY Black Star Promos,Giratina,XY184/211,,,NO_CANDIDATE,
pkm-xy-black-star-promos-xy185-211-6e5988f501,XY Black Star Promos,Volcanion,XY185/211,127139,Volcanion - XY185,SKIP_NAME_MISMATCH,0.50
pkm-xy-black-star-promos-xy186-211-0c4aa6fb4d,XY Black Star Promos,Magearna,XY186/211,127138,Magearna - XY186,SKIP_NAME_MISMATCH,0.50
pkm-xy-black-star-promos-xy187-211-bb9e40a510,XY Black Star Promos,Celebi,XY187/211,127129,Celebi - XY187,SKIP_NAME_MISMATCH,0.50
pkm-xy-black-star-promos-xy188-211-73f8c72854,XY Black Star Promos,Shaymin,XY188/211,127136,Shaymin - XY188,SKIP_NAME_MISMATCH,0.50
pkm-xy-black-star-promos-xy189-211-b8b3a1705b,XY Black Star Promos,Victini,XY189/211,,,NO_CANDIDATE,
pkm-xy-black-star-promos-xy190-211-7ad9223d02,XY Black Star Promos,Manaphy,XY190/211,127134,Manaphy - XY190,SKIP_NAME_MISMATCH,0.50
pkm-xy-black-star-promos-xy191-211-4d1acca88a,XY Black Star Promos,Keldeo,XY191/211,127133,Keldeo - XY191,SKIP_NAME_MISMATCH,0.50
pkm-xy-black-star-promos-xy192-211-c9f1c4eea5,XY Black Star Promos,Mew,XY192/211,127135,Mew - XY192,SKIP_NAME_MISMATCH,0.50
pkm-xy-black-star-promos-xy193-211-24e50b74fa,XY Black Star Promos,Meloetta,XY193/211,152950,Meloetta - XY193,SKIP_NAME_MISMATCH,0.50
pkm-xy-black-star-promos-xy194-211-2e8a37646b,XY Black Star Promos,Darkrai,XY194/211,127130,Darkrai - XY194,SKIP_NAME_MISMATCH,0.50
pkm-xy-black-star-promos-xy195-211-a44a4a6f02,XY Black Star Promos,Jirachi,XY195/211,127132,Jirachi - XY195,SKIP_NAME_MISMATCH,0.50
pkm-xy-black-star-promos-xy196-211-ccf84b1f52,XY Black Star Promos,Genesect,XY196/211,127131,Genesect - XY196,SKIP_NAME_MISMATCH,0.50
pkm-xy-black-star-promos-xy197-211-dc63a17d60,XY Black Star Promos,Arceus,XY197/211,127128,Arceus - XY197,SKIP_NAME_MISMATCH,0.50
pkm-xy-black-star-promos-xy198-211-95e7c7fdcc,XY Black Star Promos,M Camerupt-EX,XY198/211,129898,M Camerupt EX - XY198,SKIP_NAME_MISMATCH,0.75
pkm-xy-black-star-promos-xy198a-211-6c38cc8d7b,XY Black Star Promos,M Camerupt-EX,XY198a/211,,,NO_CANDIDATE,
pkm-xy-black-star-promos-xy199-211-9123a8f17f,XY Black Star Promos,Camerupt Spirit Link,XY199/211,129899,Camerupt Spirit Link - XY199,SKIP_NAME_MISMATCH,0.75
pkm-xy-black-star-promos-xy200-211-dd356ac044,XY Black Star Promos,M Sharpedo-EX,XY200/211,129901,M Sharpedo EX - XY200,SKIP_NAME_MISMATCH,0.75
pkm-xy-black-star-promos-xy200a-211-727b0e6781,XY Black Star Promos,M Sharpedo-EX,XY200a/211,,,NO_CANDIDATE,
pkm-xy-black-star-promos-xy201-211-70114659c7,XY Black Star Promos,Sharpedo Spirit Link,XY201/211,129900,Sharpedo Spirit Link,LINKED,1.00
pkm-xy-black-star-promos-xy202-211-474d3e9eb4,XY Black Star Promos,Pikachu,XY202/211,,,NO_CANDIDATE,
pkm-xy-black-star-promos-xy203-211-f1c8e66609,XY Black Star Promos,Gym Badge,XY203/211,127141,Gym Badge (Brock),SKIP_NAME_MISMATCH,0.67
pkm-xy-black-star-promos-xy204-211-e8d36b3bbd,XY Black Star Promos,Gym Badge,XY204/211,127142,Gym Badge (Misty),SKIP_NAME_MISMATCH,0.67
pkm-xy-black-star-promos-xy205-211-afe573355d,XY Black Star Promos,Gym Badge,XY205/211,127143,Gym Badge (Lt. Surge),SKIP_NAME_MISMATCH,0.50
pkm-xy-black-star-promos-xy206-211-55c9d10ad6,XY Black Star Promos,Gym Badge,XY206/211,127144,Gym Badge (Erika),SKIP_NAME_MISMATCH,0.67
pkm-xy-black-star-promos-xy207-211-2b620e5886,XY Black Star Promos,Gym Badge,XY207/211,127145,Gym Badge (Koga),SKIP_NAME_MISMATCH,0.67
pkm-xy-black-star-promos-xy208-211-381d6bb203,XY Black Star Promos,Gym Badge,XY208/211,129720,Gym Badge (Sabrina),SKIP_NAME_MISMATCH,0.67
pkm-xy-black-star-promos-xy209-211-085d56a49e,XY Black Star Promos,Gym Badge,XY209/211,129718,Gym Badge (Blaine),SKIP_NAME_MISMATCH,0.67
pkm-xy-black-star-promos-xy210-211-1da1d33cab,XY Black Star Promos,Gym Badge,XY210/211,129719,Gym Badge (Giovanni),SKIP_NAME_MISMATCH,0.67
pkm-xy-black-star-promos-xy211-211-dcc25f1616,XY Black Star Promos,Lucario Spirit Link,XY211/211,131694,Lucario Spirit Link,LINKED,1.00
