putnam_card_id,set_name,card_name,printed_number,product_id,product_name,status
pkm-ascended-heroes-1-217-20be83b6d7,Ascended Heroes,Erika's Oddish,1/217,675813,Erika's Oddish,LINKED
pkm-ascended-heroes-1-217-20be83b6d7,Ascended Heroes,Erika's Oddish,1/217,676992,Erika's Oddish (Energy Symbol Pattern),LINKED
pkm-ascended-heroes-1-217-20be83b6d7,Ascended Heroes,Erika's Oddish,1/217,676852,Erika's Oddish (Poke Ball),LINKED
pkm-ascended-heroes-2-217-64992d69a3,Ascended Heroes,Erika's Gloom,2/217,675814,Erika's Gloom,LINKED
pkm-ascended-heroes-2-217-64992d69a3,Ascended Heroes,Erika's Gloom,2/217,676993,Erika's Gloom (Energy Symbol Pattern),LINKED
pkm-ascended-heroes-2-217-64992d69a3,Ascended Heroes,Erika's Gloom,2/217,676853,Erika's Gloom (Poke Ball),LINKED
pkm-ascended-heroes-3-217-95611996cf,Ascended Heroes,Erika's Vileplume ex,3/217,675815,Erika's Vileplume ex,LINKED
pkm-ascended-heroes-4-217-abafbc96d3,Ascended Heroes,Erika's Bellsprout,4/217,675816,Erika's Bellsprout,LINKED
pkm-ascended-heroes-4-217-abafbc96d3,Ascended Heroes,Erika's Bellsprout,4/217,676994,Erika's Bellsprout (Energy Symbol Pattern),LINKED
pkm-ascended-heroes-4-217-abafbc96d3,Ascended Heroes,Erika's Bellsprout,4/217,676854,Erika's Bellsprout (Poke Ball),LINKED
pkm-ascended-heroes-5-217-94a8ead357,Ascended Heroes,Erika's Weepinbell,5/217,675817,Erika's Weepinbell,LINKED
pkm-ascended-heroes-5-217-94a8ead357,Ascended Heroes,Erika's Weepinbell,5/217,676995,Erika's Weepinbell (Energy Symbol Pattern),LINKED
pkm-ascended-heroes-5-217-94a8ead357,Ascended Heroes,Erika's Weepinbell,5/217,676855,Erika's Weepinbell (Poke Ball),LINKED
pkm-ascended-heroes-6-217-13869805ca,Ascended Heroes,Erika's Victreebel,6/217,675818,Erika's Victreebel,LINKED
pkm-ascended-heroes-6-217-13869805ca,Ascended Heroes,Erika's Victreebel,6/217,676996,Erika's Victreebel (Energy Symbol Pattern),LINKED
pkm-ascended-heroes-6-217-13869805ca,Ascended Heroes,Erika's Victreebel,6/217,676856,Erika's Victreebel (Poke Ball),LINKED
pkm-ascended-heroes-7-217-74082742a5,Ascended Heroes,Erika's Tangela,7/217,675819,Erika's Tangela - 007/217,SKIP_NAME_MISMATCH
pkm-ascended-heroes-7-217-74082742a5,Ascended Heroes,Erika's Tangela,7/217,676997,Erika's Tangela - 007/217 (Energy Symbol Pattern),SKIP_NAME_MISMATCH
pkm-ascended-heroes-7-217-74082742a5,Ascended Heroes,Erika's Tangela,7/217,676857,Erika's Tangela - 007/217 (Poke Ball),SKIP_NAME_MISMATCH
pkm-ascended-heroes-8-217-6b7ed18403,Ascended Heroes,Chikorita,8/217,675820,Chikorita,LINKED
pkm-ascended-heroes-8-217-6b7ed18403,Ascended Heroes,Chikorita,8/217,676998,Chikorita (Energy Symbol Pattern),LINKED
pkm-ascended-heroes-8-217-6b7ed18403,Ascended Heroes,Chikorita,8/217,676858,Chikorita (Friend Ball),LINKED
pkm-ascended-heroes-9-217-6c65becbdc,Ascended Heroes,Bayleef,9/217,675821,Bayleef,LINKED
pkm-ascended-heroes-9-217-6c65becbdc,Ascended Heroes,Bayleef,9/217,676999,Bayleef (Energy Symbol Pattern),LINKED
pkm-ascended-heroes-9-217-6c65becbdc,Ascended Heroes,Bayleef,9/217,676859,Bayleef (Friend Ball),LINKED
pkm-ascended-heroes-10-217-ba3312c9f7,Ascended Heroes,Mega Meganium ex,10/217,675822,Mega Meganium ex - 010/217,SKIP_NAME_MISMATCH
pkm-ascended-heroes-11-217-80ad06d110,Ascended Heroes,Wurmple,11/217,675823,Wurmple,LINKED
pkm-ascended-heroes-11-217-80ad06d110,Ascended Heroes,Wurmple,11/217,677000,Wurmple (Energy Symbol Pattern),LINKED
pkm-ascended-heroes-11-217-80ad06d110,Ascended Heroes,Wurmple,11/217,676860,Wurmple (Love Ball),LINKED
pkm-ascended-heroes-12-217-ad8ba04a39,Ascended Heroes,Silcoon,12/217,675824,Silcoon,LINKED
pkm-ascended-heroes-12-217-ad8ba04a39,Ascended Heroes,Silcoon,12/217,677001,Silcoon (Energy Symbol Pattern),LINKED
pkm-ascended-heroes-12-217-ad8ba04a39,Ascended Heroes,Silcoon,12/217,676861,Silcoon (Love Ball),LINKED
pkm-ascended-heroes-13-217-139ff09989,Ascended Heroes,Beautifly,13/217,675825,Beautifly - 013/217,SKIP_NAME_MISMATCH
pkm-ascended-heroes-13-217-139ff09989,Ascended Heroes,Beautifly,13/217,677002,Beautifly - 013/217 (Energy Symbol Pattern),SKIP_NAME_MISMATCH
pkm-ascended-heroes-13-217-139ff09989,Ascended Heroes,Beautifly,13/217,676862,Beautifly - 013/217 (Love Ball),SKIP_NAME_MISMATCH
pkm-ascended-heroes-14-217-be589f48df,Ascended Heroes,Cascoon,14/217,675826,Cascoon,LINKED
pkm-ascended-heroes-14-217-be589f48df,Ascended Heroes,Cascoon,14/217,677003,Cascoon (Energy Symbol Pattern),LINKED
pkm-ascended-heroes-14-217-be589f48df,Ascended Heroes,Cascoon,14/217,676863,Cascoon (Love Ball),LINKED
pkm-ascended-heroes-15-217-5ea9dbbb05,Ascended Heroes,Dustox,15/217,675827,Dustox - 015/217,SKIP_NAME_MISMATCH
pkm-ascended-heroes-15-217-5ea9dbbb05,Ascended Heroes,Dustox,15/217,677004,Dustox - 015/217 (Energy Symbol Pattern),SKIP_NAME_MISMATCH
pkm-ascended-heroes-15-217-5ea9dbbb05,Ascended Heroes,Dustox,15/217,676864,Dustox - 015/217 (Love Ball),SKIP_NAME_MISMATCH
pkm-ascended-heroes-16-217-cfeddaf41d,Ascended Heroes,Budew,16/217,675828,Budew - 016/217,SKIP_NAME_MISMATCH
pkm-ascended-heroes-16-217-cfeddaf41d,Ascended Heroes,Budew,16/217,677005,Budew - 016/217 (Energy Symbol Pattern),SKIP_NAME_MISMATCH
pkm-ascended-heroes-16-217-cfeddaf41d,Ascended Heroes,Budew,16/217,676865,Budew - 016/217 (Friend Ball),SKIP_NAME_MISMATCH
pkm-ascended-heroes-17-217-8a7d78a5ed,Ascended Heroes,Grubbin,17/217,675829,Grubbin,LINKED
pkm-ascended-heroes-17-217-8a7d78a5ed,Ascended Heroes,Grubbin,17/217,677006,Grubbin (Energy Symbol Pattern),LINKED
pkm-ascended-heroes-17-217-8a7d78a5ed,Ascended Heroes,Grubbin,17/217,676866,Grubbin (Quick Ball),LINKED
pkm-ascended-heroes-18-217-75bd139886,Ascended Heroes,Team Rocket's Tarountula,18/217,675830,Team Rocket's Tarountula,LINKED
pkm-ascended-heroes-18-217-75bd139886,Ascended Heroes,Team Rocket's Tarountula,18/217,677007,Team Rocket's Tarountula (Energy Symbol Pattern),LINKED
pkm-ascended-heroes-18-217-75bd139886,Ascended Heroes,Team Rocket's Tarountula,18/217,676867,Team Rocket's Tarountula (Team Rocket),LINKED
pkm-ascended-heroes-19-217-22bc2aca7a,Ascended Heroes,Team Rocket's Spidops,19/217,675831,Team Rocket's Spidops,LINKED
pkm-ascended-heroes-19-217-22bc2aca7a,Ascended Heroes,Team Rocket's Spidops,19/217,677008,Team Rocket's Spidops (Energy Symbol Pattern),LINKED
pkm-ascended-heroes-19-217-22bc2aca7a,Ascended Heroes,Team Rocket's Spidops,19/217,676868,Team Rocket's Spidops (Team Rocket),LINKED
pkm-ascended-heroes-20-217-2c7d5e01b5,Ascended Heroes,Charmander,20/217,675832,Charmander,LINKED
pkm-ascended-heroes-20-217-2c7d5e01b5,Ascended Heroes,Charmander,20/217,677009,Charmander (Energy Symbol Pattern),LINKED
pkm-ascended-heroes-20-217-2c7d5e01b5,Ascended Heroes,Charmander,20/217,676869,Charmander (Friend Ball),LINKED
pkm-ascended-heroes-21-217-6b8b987552,Ascended Heroes,Charmeleon,21/217,675833,Charmeleon,LINKED
pkm-ascended-heroes-21-217-6b8b987552,Ascended Heroes,Charmeleon,21/217,677010,Charmeleon (Energy Symbol Pattern),LINKED
pkm-ascended-heroes-21-217-6b8b987552,Ascended Heroes,Charmeleon,21/217,676870,Charmeleon (Friend Ball),LINKED
pkm-ascended-heroes-22-217-892e5025fd,Ascended Heroes,Mega Charizard Y ex,22/217,675834,Mega Charizard Y ex - 022/217,SKIP_NAME_MISMATCH
pkm-ascended-heroes-23-217-93111f92b3,Ascended Heroes,Ethan's Slugma,23/217,675835,Ethan's Slugma,LINKED
pkm-ascended-heroes-23-217-93111f92b3,Ascended Heroes,Ethan's Slugma,23/217,677011,Ethan's Slugma (Energy Symbol Pattern),LINKED
pkm-ascended-heroes-23-217-93111f92b3,Ascended Heroes,Ethan's Slugma,23/217,676871,Ethan's Slugma (Poke Ball),LINKED
pkm-ascended-heroes-24-217-506b030326,Ascended Heroes,Ethan's Magcargo,24/217,675836,Ethan's Magcargo - 024/217,SKIP_NAME_MISMATCH
pkm-ascended-heroes-24-217-506b030326,Ascended Heroes,Ethan's Magcargo,24/217,677012,Ethan's Magcargo - 024/217 (Energy Symbol Pattern),SKIP_NAME_MISMATCH
pkm-ascended-heroes-24-217-506b030326,Ascended Heroes,Ethan's Magcargo,24/217,676872,Ethan's Magcargo - 024/217 (Poke Ball),SKIP_NAME_MISMATCH
pkm-ascended-heroes-25-217-3bf2e0ebfc,Ascended Heroes,Entei,25/217,675837,Entei,LINKED
pkm-ascended-heroes-25-217-3bf2e0ebfc,Ascended Heroes,Entei,25/217,677013,Entei (Energy Symbol Pattern),LINKED
pkm-ascended-heroes-25-217-3bf2e0ebfc,Ascended Heroes,Entei,25/217,676873,Entei (Quick Ball),LINKED
pkm-ascended-heroes-26-217-5c7034de06,Ascended Heroes,Ethan's Ho-Oh ex,26/217,675838,Ethan's Ho-Oh ex,LINKED
pkm-ascended-heroes-27-217-11230a7462,Ascended Heroes,Numel,27/217,675839,Numel - 027/217,SKIP_NAME_MISMATCH
pkm-ascended-heroes-27-217-11230a7462,Ascended Heroes,Numel,27/217,677014,Numel - 027/217 (Energy Symbol Pattern),SKIP_NAME_MISMATCH
pkm-ascended-heroes-27-217-11230a7462,Ascended Heroes,Numel,27/217,676874,Numel - 027/217 (Quick Ball),SKIP_NAME_MISMATCH
pkm-ascended-heroes-28-217-278eb8cebf,Ascended Heroes,Camerupt,28/217,675840,Camerupt,LINKED
pkm-ascended-heroes-28-217-278eb8cebf,Ascended Heroes,Camerupt,28/217,677015,Camerupt (Energy Symbol Pattern),LINKED
pkm-ascended-heroes-28-217-278eb8cebf,Ascended Heroes,Camerupt,28/217,676875,Camerupt (Quick Ball),LINKED
pkm-ascended-heroes-29-217-803e7b43ed,Ascended Heroes,Tepig,29/217,675841,Tepig,LINKED
pkm-ascended-heroes-29-217-803e7b43ed,Ascended Heroes,Tepig,29/217,677016,Tepig (Energy Symbol Pattern),LINKED
pkm-ascended-heroes-29-217-803e7b43ed,Ascended Heroes,Tepig,29/217,676876,Tepig (Friend Ball),LINKED
pkm-ascended-heroes-30-217-1135c9b7db,Ascended Heroes,Pignite,30/217,675842,Pignite,LINKED
pkm-ascended-heroes-30-217-1135c9b7db,Ascended Heroes,Pignite,30/217,677017,Pignite (Energy Symbol Pattern),LINKED
pkm-ascended-heroes-30-217-1135c9b7db,Ascended Heroes,Pignite,30/217,676877,Pignite (Friend Ball),LINKED
pkm-ascended-heroes-31-217-85ad64da81,Ascended Heroes,Mega Emboar ex,31/217,675843,Mega Emboar ex - 031/217,SKIP_NAME_MISMATCH
pkm-ascended-heroes-32-217-35bd1cb25f,Ascended Heroes,N's Darumaka,32/217,675844,N's Darumaka,LINKED
pkm-ascended-heroes-32-217-35bd1cb25f,Ascended Heroes,N's Darumaka,32/217,677018,N's Darumaka (Energy Symbol Pattern),LINKED
pkm-ascended-heroes-32-217-35bd1cb25f,Ascended Heroes,N's Darumaka,32/217,676878,N's Darumaka (Poke Ball),LINKED
pkm-ascended-heroes-33-217-6985b05638,Ascended Heroes,N's Darmanitan,33/217,675845,N's Darmanitan,LINKED
pkm-ascended-heroes-33-217-6985b05638,Ascended Heroes,N's Darmanitan,33/217,677019,N's Darmanitan (Energy Symbol Pattern),LINKED
pkm-ascended-heroes-33-217-6985b05638,Ascended Heroes,N's Darmanitan,33/217,676879,N's Darmanitan (Poke Ball),LINKED
pkm-ascended-heroes-34-217-584ef242ef,Ascended Heroes,Salandit,34/217,675846,Salandit,LINKED
pkm-ascended-heroes-34-217-584ef242ef,Ascended Heroes,Salandit,34/217,677020,Salandit (Energy Symbol Pattern),LINKED
pkm-ascended-heroes-34-217-584ef242ef,Ascended Heroes,Salandit,34/217,676880,Salandit (Quick Ball),LINKED
pkm-ascended-heroes-35-217-93c8a240d9,Ascended Heroes,Salazzle,35/217,675847,Salazzle - 035/217,SKIP_NAME_MISMATCH
pkm-ascended-heroes-35-217-93c8a240d9,Ascended Heroes,Salazzle,35/217,677021,Salazzle - 035/217 (Energy Symbol Pattern),SKIP_NAME_MISMATCH
pkm-ascended-heroes-35-217-93c8a240d9,Ascended Heroes,Salazzle,35/217,676881,Salazzle - 035/217 (Quick Ball),SKIP_NAME_MISMATCH
pkm-ascended-heroes-36-217-3c9a3810d5,Ascended Heroes,Scorbunny,36/217,675848,Scorbunny - 036/217,SKIP_NAME_MISMATCH
pkm-ascended-heroes-36-217-3c9a3810d5,Ascended Heroes,Scorbunny,36/217,677022,Scorbunny - 036/217 (Energy Symbol Pattern),SKIP_NAME_MISMATCH
pkm-ascended-heroes-36-217-3c9a3810d5,Ascended Heroes,Scorbunny,36/217,676882,Scorbunny - 036/217 (Friend Ball),SKIP_NAME_MISMATCH
pkm-ascended-heroes-37-217-eefdf0b53f,Ascended Heroes,Raboot,37/217,675849,Raboot,LINKED
pkm-ascended-heroes-37-217-eefdf0b53f,Ascended Heroes,Raboot,37/217,677023,Raboot (Energy Symbol Pattern),LINKED
pkm-ascended-heroes-37-217-eefdf0b53f,Ascended Heroes,Raboot,37/217,676883,Raboot (Friend Ball),LINKED
pkm-ascended-heroes-38-217-6f88735232,Ascended Heroes,Cinderace ex,38/217,675850,Cinderace ex,LINKED
pkm-ascended-heroes-39-217-2fc02882b6,Ascended Heroes,Psyduck,39/217,675851,Psyduck - 039/217,SKIP_NAME_MISMATCH
pkm-ascended-heroes-39-217-2fc02882b6,Ascended Heroes,Psyduck,39/217,677024,Psyduck - 039/217 (Energy Symbol Pattern),SKIP_NAME_MISMATCH
pkm-ascended-heroes-39-217-2fc02882b6,Ascended Heroes,Psyduck,39/217,676884,Psyduck - 039/217 (Love Ball),SKIP_NAME_MISMATCH
pkm-ascended-heroes-40-217-1187539a2e,Ascended Heroes,Golduck,40/217,675852,Golduck,LINKED
pkm-ascended-heroes-40-217-1187539a2e,Ascended Heroes,Golduck,40/217,677025,Golduck (Energy Symbol Pattern),LINKED
pkm-ascended-heroes-40-217-1187539a2e,Ascended Heroes,Golduck,40/217,676885,Golduck (Love Ball),LINKED
pkm-ascended-heroes-41-217-a4b0d4f540,Ascended Heroes,Totodile,41/217,675853,Totodile,LINKED
pkm-ascended-heroes-41-217-a4b0d4f540,Ascended Heroes,Totodile,41/217,677026,Totodile (Energy Symbol Pattern),LINKED
pkm-ascended-heroes-41-217-a4b0d4f540,Ascended Heroes,Totodile,41/217,676886,Totodile (Friend Ball),LINKED
pkm-ascended-heroes-42-217-ed942dc11a,Ascended Heroes,Croconaw,42/217,675854,Croconaw,LINKED
pkm-ascended-heroes-42-217-ed942dc11a,Ascended Heroes,Croconaw,42/217,677027,Croconaw (Energy Symbol Pattern),LINKED
pkm-ascended-heroes-42-217-ed942dc11a,Ascended Heroes,Croconaw,42/217,676887,Croconaw (Friend Ball),LINKED
pkm-ascended-heroes-43-217-fcbcf8ec75,Ascended Heroes,Mega Feraligatr ex,43/217,675855,Mega Feraligatr ex - 043/217,SKIP_NAME_MISMATCH
pkm-ascended-heroes-44-217-7f6a7283af,Ascended Heroes,Sneasel,44/217,675856,Sneasel,LINKED
pkm-ascended-heroes-44-217-7f6a7283af,Ascended Heroes,Sneasel,44/217,676888,Sneasel (Dusk Ball),LINKED
pkm-ascended-heroes-44-217-7f6a7283af,Ascended Heroes,Sneasel,44/217,677028,Sneasel (Energy Symbol Pattern),LINKED
pkm-ascended-heroes-45-217-4fe2d509a5,Ascended Heroes,Weavile,45/217,675857,Weavile - 045/217,SKIP_NAME_MISMATCH
pkm-ascended-heroes-45-217-4fe2d509a5,Ascended Heroes,Weavile,45/217,676889,Weavile - 045/217 (Dusk Ball),SKIP_NAME_MISMATCH
pkm-ascended-heroes-45-217-4fe2d509a5,Ascended Heroes,Weavile,45/217,677029,Weavile - 045/217 (Energy Symbol Pattern),SKIP_NAME_MISMATCH
pkm-ascended-heroes-46-217-e0ca515bf5,Ascended Heroes,Snorunt,46/217,675858,Snorunt - 046/217,SKIP_NAME_MISMATCH
pkm-ascended-heroes-46-217-e0ca515bf5,Ascended Heroes,Snorunt,46/217,677030,Snorunt - 046/217 (Energy Symbol Pattern),SKIP_NAME_MISMATCH
pkm-ascended-heroes-46-217-e0ca515bf5,Ascended Heroes,Snorunt,46/217,676890,Snorunt - 046/217 (Love Ball),SKIP_NAME_MISMATCH
pkm-ascended-heroes-47-217-9ae1187280,Ascended Heroes,Mega Froslass ex,47/217,675859,Mega Froslass ex - 047/217,SKIP_NAME_MISMATCH
pkm-ascended-heroes-48-217-2e8fda5482,Ascended Heroes,Regice ex,48/217,675860,Regice ex,LINKED
pkm-ascended-heroes-49-217-d7a8d0bedf,Ascended Heroes,N's Vanillite,49/217,675861,N's Vanillite,LINKED
pkm-ascended-heroes-49-217-d7a8d0bedf,Ascended Heroes,N's Vanillite,49/217,677031,N's Vanillite (Energy Symbol Pattern),LINKED
pkm-ascended-heroes-49-217-d7a8d0bedf,Ascended Heroes,N's Vanillite,49/217,676891,N's Vanillite (Poke Ball),LINKED
pkm-ascended-heroes-50-217-a08f15ca3c,Ascended Heroes,N's Vanillish,50/217,675862,N's Vanillish,LINKED
pkm-ascended-heroes-50-217-a08f15ca3c,Ascended Heroes,N's Vanillish,50/217,677032,N's Vanillish (Energy Symbol Pattern),LINKED
pkm-ascended-heroes-50-217-a08f15ca3c,Ascended Heroes,N's Vanillish,50/217,676892,N's Vanillish (Poke Ball),LINKED
pkm-ascended-heroes-51-217-3e7996997f,Ascended Heroes,N's Vanilluxe,51/217,675863,N's Vanilluxe,LINKED
pkm-ascended-heroes-51-217-3e7996997f,Ascended Heroes,N's Vanilluxe,51/217,677033,N's Vanilluxe (Energy Symbol Pattern),LINKED
pkm-ascended-heroes-51-217-3e7996997f,Ascended Heroes,N's Vanilluxe,51/217,676893,N's Vanilluxe (Poke Ball),LINKED
pkm-ascended-heroes-52-217-5fb8dc7739,Ascended Heroes,Snom,52/217,675864,Snom,LINKED
pkm-ascended-heroes-52-217-5fb8dc7739,Ascended Heroes,Snom,52/217,677034,Snom (Energy Symbol Pattern),LINKED
pkm-ascended-heroes-52-217-5fb8dc7739,Ascended Heroes,Snom,52/217,676894,Snom (Friend Ball),LINKED
pkm-ascended-heroes-53-217-b6384d4ca3,Ascended Heroes,Frosmoth,53/217,675865,Frosmoth,LINKED
pkm-ascended-heroes-53-217-b6384d4ca3,Ascended Heroes,Frosmoth,53/217,677035,Frosmoth (Energy Symbol Pattern),LINKED
pkm-ascended-heroes-53-217-b6384d4ca3,Ascended Heroes,Frosmoth,53/217,676895,Frosmoth (Friend Ball),LINKED
pkm-ascended-heroes-54-217-e1019658d2,Ascended Heroes,Glastrier,54/217,675866,Glastrier,LINKED
pkm-ascended-heroes-54-217-e1019658d2,Ascended Heroes,Glastrier,54/217,677036,Glastrier (Energy Symbol Pattern),LINKED
pkm-ascended-heroes-54-217-e1019658d2,Ascended Heroes,Glastrier,54/217,676896,Glastrier (Friend Ball),LINKED
pkm-ascended-heroes-55-217-d5d41bd728,Ascended Heroes,Pikachu,55/217,675867,Pikachu,LINKED
pkm-ascended-heroes-55-217-d5d41bd728,Ascended Heroes,Pikachu,55/217,677037,Pikachu (Energy Symbol Pattern),LINKED
pkm-ascended-heroes-55-217-d5d41bd728,Ascended Heroes,Pikachu,55/217,676897,Pikachu (Friend Ball),LINKED
pkm-ascended-heroes-56-217-a9896fc15d,Ascended Heroes,Raichu,56/217,675868,Raichu,LINKED
pkm-ascended-heroes-56-217-a9896fc15d,Ascended Heroes,Raichu,56/217,677038,Raichu (Energy Symbol Pattern),LINKED
pkm-ascended-heroes-56-217-a9896fc15d,Ascended Heroes,Raichu,56/217,676898,Raichu (Friend Ball),LINKED
pkm-ascended-heroes-57-217-53305205b4,Ascended Heroes,Pikachu ex,57/217,675869,Pikachu ex - 057/217,SKIP_NAME_MISMATCH
pkm-ascended-heroes-58-217-56e6123f2a,Ascended Heroes,Voltorb ex,58/217,675870,Voltorb ex,LINKED
pkm-ascended-heroes-59-217-35b2065d2d,Ascended Heroes,Tynamo,59/217,675871,Tynamo,LINKED
pkm-ascended-heroes-59-217-35b2065d2d,Ascended Heroes,Tynamo,59/217,677039,Tynamo (Energy Symbol Pattern),LINKED
pkm-ascended-heroes-59-217-35b2065d2d,Ascended Heroes,Tynamo,59/217,676899,Tynamo (Quick Ball),LINKED
pkm-ascended-heroes-60-217-c7bc84c2cf,Ascended Heroes,Eelektrik,60/217,675872,Eelektrik,LINKED
pkm-ascended-heroes-60-217-c7bc84c2cf,Ascended Heroes,Eelektrik,60/217,677040,Eelektrik (Energy Symbol Pattern),LINKED
pkm-ascended-heroes-60-217-c7bc84c2cf,Ascended Heroes,Eelektrik,60/217,676900,Eelektrik (Quick Ball),LINKED
pkm-ascended-heroes-61-217-883d7cf4f2,Ascended Heroes,Mega Eelektross ex,61/217,675873,Mega Eelektross ex - 061/217,SKIP_NAME_MISMATCH
pkm-ascended-heroes-62-217-e114baa52d,Ascended Heroes,Stunfisk,62/217,675874,Stunfisk,LINKED
pkm-ascended-heroes-62-217-e114baa52d,Ascended Heroes,Stunfisk,62/217,677041,Stunfisk (Energy Symbol Pattern),LINKED
pkm-ascended-heroes-62-217-e114baa52d,Ascended Heroes,Stunfisk,62/217,676901,Stunfisk (Quick Ball),LINKED
pkm-ascended-heroes-63-217-77f038c62a,Ascended Heroes,Helioptile,63/217,675875,Helioptile,LINKED
pkm-ascended-heroes-63-217-77f038c62a,Ascended Heroes,Helioptile,63/217,677042,Helioptile (Energy Symbol Pattern),LINKED
pkm-ascended-heroes-63-217-77f038c62a,Ascended Heroes,Helioptile,63/217,676902,Helioptile (Quick Ball),LINKED
pkm-ascended-heroes-64-217-c844b8381c,Ascended Heroes,Heliolisk,64/217,675876,Heliolisk - 064/217,SKIP_NAME_MISMATCH
pkm-ascended-heroes-64-217-c844b8381c,Ascended Heroes,Heliolisk,64/217,677043,Heliolisk - 064/217 (Energy Symbol Pattern),SKIP_NAME_MISMATCH
pkm-ascended-heroes-64-217-c844b8381c,Ascended Heroes,Heliolisk,64/217,676903,Heliolisk - 064/217 (Quick Ball),SKIP_NAME_MISMATCH
pkm-ascended-heroes-65-217-1aefbcb6d9,Ascended Heroes,Charjabug,65/217,675877,Charjabug,LINKED
pkm-ascended-heroes-65-217-1aefbcb6d9,Ascended Heroes,Charjabug,65/217,677044,Charjabug (Energy Symbol Pattern),LINKED
pkm-ascended-heroes-65-217-1aefbcb6d9,Ascended Heroes,Charjabug,65/217,676904,Charjabug (Quick Ball),LINKED
pkm-ascended-heroes-66-217-cff8987b77,Ascended Heroes,Vikavolt,66/217,675878,Vikavolt - 066/217,SKIP_NAME_MISMATCH
pkm-ascended-heroes-66-217-cff8987b77,Ascended Heroes,Vikavolt,66/217,677045,Vikavolt - 066/217 (Energy Symbol Pattern),SKIP_NAME_MISMATCH
pkm-ascended-heroes-66-217-cff8987b77,Ascended Heroes,Vikavolt,66/217,676905,Vikavolt - 066/217 (Quick Ball),SKIP_NAME_MISMATCH
pkm-ascended-heroes-67-217-f977dae4aa,Ascended Heroes,Tapu Koko,67/217,675879,Tapu Koko,LINKED
pkm-ascended-heroes-67-217-f977dae4aa,Ascended Heroes,Tapu Koko,67/217,677046,Tapu Koko (Energy Symbol Pattern),LINKED
pkm-ascended-heroes-67-217-f977dae4aa,Ascended Heroes,Tapu Koko,67/217,676906,Tapu Koko (Quick Ball),LINKED
pkm-ascended-heroes-68-217-f385893aea,Ascended Heroes,Hop's Pincurchin ex,68/217,675880,Hop's Pincurchin ex,LINKED
pkm-ascended-heroes-69-217-e48f6d115c,Ascended Heroes,Iono's Tadbulb,69/217,675881,Iono's Tadbulb,LINKED
pkm-ascended-heroes-69-217-e48f6d115c,Ascended Heroes,Iono's Tadbulb,69/217,677047,Iono's Tadbulb (Energy Symbol Pattern),LINKED
pkm-ascended-heroes-69-217-e48f6d115c,Ascended Heroes,Iono's Tadbulb,69/217,676907,Iono's Tadbulb (Poke Ball),LINKED
pkm-ascended-heroes-70-217-7af9a77345,Ascended Heroes,Iono's Bellibolt ex,70/217,675882,Iono's Bellibolt ex - 070/217,SKIP_NAME_MISMATCH
pkm-ascended-heroes-71-217-284ac99443,Ascended Heroes,Iono's Wattrel,71/217,675883,Iono's Wattrel - 071/217,SKIP_NAME_MISMATCH
pkm-ascended-heroes-71-217-284ac99443,Ascended Heroes,Iono's Wattrel,71/217,677048,Iono's Wattrel - 071/217 (Energy Symbol Pattern),SKIP_NAME_MISMATCH
pkm-ascended-heroes-71-217-284ac99443,Ascended Heroes,Iono's Wattrel,71/217,676908,Iono's Wattrel - 071/217 (Poke Ball),SKIP_NAME_MISMATCH
pkm-ascended-heroes-72-217-bda475b793,Ascended Heroes,Iono's Kilowattrel,72/217,675884,Iono's Kilowattrel,LINKED
pkm-ascended-heroes-72-217-bda475b793,Ascended Heroes,Iono's Kilowattrel,72/217,677049,Iono's Kilowattrel (Energy Symbol Pattern),LINKED
pkm-ascended-heroes-72-217-bda475b793,Ascended Heroes,Iono's Kilowattrel,72/217,676909,Iono's Kilowattrel (Poke Ball),LINKED
pkm-ascended-heroes-73-217-0577fa5ce1,Ascended Heroes,Miraidon ex,73/217,675885,Miraidon ex,LINKED
pkm-ascended-heroes-74-217-215bd72c6f,Ascended Heroes,Clefairy,74/217,675886,Clefairy,LINKED
pkm-ascended-heroes-74-217-215bd72c6f,Ascended Heroes,Clefairy,74/217,677050,Clefairy (Energy Symbol Pattern),LINKED
pkm-ascended-heroes-74-217-215bd72c6f,Ascended Heroes,Clefairy,74/217,676910,Clefairy (Love Ball),LINKED
pkm-ascended-heroes-75-217-5eb6649590,Ascended Heroes,Clefable,75/217,675887,Clefable,LINKED
pkm-ascended-heroes-75-217-5eb6649590,Ascended Heroes,Clefable,75/217,677051,Clefable (Energy Symbol Pattern),LINKED
pkm-ascended-heroes-75-217-5eb6649590,Ascended Heroes,Clefable,75/217,676911,Clefable (Love Ball),LINKED
pkm-ascended-heroes-76-217-99d0559bd0,Ascended Heroes,Lillie's Clefairy ex,76/217,675888,Lillie's Clefairy ex - 076/217,SKIP_NAME_MISMATCH
pkm-ascended-heroes-77-217-eccdf23af8,Ascended Heroes,Team Rocket's Exeggcute,77/217,675889,Team Rocket's Exeggcute,LINKED
pkm-ascended-heroes-77-217-eccdf23af8,Ascended Heroes,Team Rocket's Exeggcute,77/217,677052,Team Rocket's Exeggcute (Energy Symbol Pattern),LINKED
pkm-ascended-heroes-77-217-eccdf23af8,Ascended Heroes,Team Rocket's Exeggcute,77/217,676912,Team Rocket's Exeggcute (Team Rocket),LINKED
pkm-ascended-heroes-78-217-fecb09bffe,Ascended Heroes,Team Rocket's Exeggutor,78/217,675890,Team Rocket's Exeggutor,LINKED
pkm-ascended-heroes-78-217-fecb09bffe,Ascended Heroes,Team Rocket's Exeggutor,78/217,677053,Team Rocket's Exeggutor (Energy Symbol Pattern),LINKED
pkm-ascended-heroes-78-217-fecb09bffe,Ascended Heroes,Team Rocket's Exeggutor,78/217,676913,Team Rocket's Exeggutor (Team Rocket),LINKED
pkm-ascended-heroes-79-217-cf4520a149,Ascended Heroes,Team Rocket's Mewtwo ex,79/217,675891,Team Rocket's Mewtwo ex - 079/217,SKIP_NAME_MISMATCH
pkm-ascended-heroes-80-217-5fc5174285,Ascended Heroes,Togepi,80/217,675892,Togepi,LINKED
pkm-ascended-heroes-80-217-5fc5174285,Ascended Heroes,Togepi,80/217,677054,Togepi (Energy Symbol Pattern),LINKED
pkm-ascended-heroes-80-217-5fc5174285,Ascended Heroes,Togepi,80/217,676914,Togepi (Love Ball),LINKED
pkm-ascended-heroes-81-217-5e6241ee53,Ascended Heroes,Togetic,81/217,675893,Togetic,LINKED
pkm-ascended-heroes-81-217-5e6241ee53,Ascended Heroes,Togetic,81/217,677055,Togetic (Energy Symbol Pattern),LINKED
pkm-ascended-heroes-81-217-5e6241ee53,Ascended Heroes,Togetic,81/217,676915,Togetic (Love Ball),LINKED
pkm-ascended-heroes-82-217-81de465a08,Ascended Heroes,Togekiss,82/217,675894,Togekiss - 082/217,SKIP_NAME_MISMATCH
pkm-ascended-heroes-82-217-81de465a08,Ascended Heroes,Togekiss,82/217,677056,Togekiss - 082/217 (Energy Symbol Pattern),SKIP_NAME_MISMATCH
pkm-ascended-heroes-82-217-81de465a08,Ascended Heroes,Togekiss,82/217,676916,Togekiss - 082/217 (Love Ball),SKIP_NAME_MISMATCH
pkm-ascended-heroes-83-217-939b0e26b2,Ascended Heroes,Marill,83/217,675895,Marill - 083/217,SKIP_NAME_MISMATCH
pkm-ascended-heroes-83-217-939b0e26b2,Ascended Heroes,Marill,83/217,677057,Marill - 083/217 (Energy Symbol Pattern),SKIP_NAME_MISMATCH
pkm-ascended-heroes-83-217-939b0e26b2,Ascended Heroes,Marill,83/217,676917,Marill - 083/217 (Friend Ball),SKIP_NAME_MISMATCH
pkm-ascended-heroes-84-217-74714b4914,Ascended Heroes,Azumarill ex,84/217,675896,Azumarill ex,LINKED
pkm-ascended-heroes-85-217-40d0121074,Ascended Heroes,Misdreavus,85/217,675897,Misdreavus - 085/217,SKIP_NAME_MISMATCH
pkm-ascended-heroes-85-217-40d0121074,Ascended Heroes,Misdreavus,85/217,676918,Misdreavus - 085/217 (Dusk Ball),SKIP_NAME_MISMATCH
pkm-ascended-heroes-85-217-40d0121074,Ascended Heroes,Misdreavus,85/217,677058,Misdreavus - 085/217 (Energy Symbol Pattern),SKIP_NAME_MISMATCH
pkm-ascended-heroes-86-217-c78488570b,Ascended Heroes,Mismagius,86/217,675898,Mismagius,LINKED
pkm-ascended-heroes-86-217-c78488570b,Ascended Heroes,Mismagius,86/217,676919,Mismagius (Dusk Ball),LINKED
pkm-ascended-heroes-86-217-c78488570b,Ascended Heroes,Mismagius,86/217,677059,Mismagius (Energy Symbol Pattern),LINKED
pkm-ascended-heroes-87-217-2eecf016d8,Ascended Heroes,Ralts,87/217,675899,Ralts,LINKED
pkm-ascended-heroes-87-217-2eecf016d8,Ascended Heroes,Ralts,87/217,677060,Ralts (Energy Symbol Pattern),LINKED
pkm-ascended-heroes-87-217-2eecf016d8,Ascended Heroes,Ralts,87/217,676920,Ralts (Love Ball),LINKED
pkm-ascended-heroes-88-217-bd3d0e2e24,Ascended Heroes,Kirlia,88/217,675900,Kirlia,LINKED
pkm-ascended-heroes-88-217-bd3d0e2e24,Ascended Heroes,Kirlia,88/217,677061,Kirlia (Energy Symbol Pattern),LINKED
pkm-ascended-heroes-88-217-bd3d0e2e24,Ascended Heroes,Kirlia,88/217,676921,Kirlia (Love Ball),LINKED
pkm-ascended-heroes-89-217-54b87d9c7a,Ascended Heroes,Mega Gardevoir ex,89/217,675901,Mega Gardevoir ex,LINKED
pkm-ascended-heroes-90-217-b58c78fab7,Ascended Heroes,Shuppet,90/217,675902,Shuppet,LINKED
pkm-ascended-heroes-90-217-b58c78fab7,Ascended Heroes,Shuppet,90/217,676922,Shuppet (Dusk Ball),LINKED
pkm-ascended-heroes-90-217-b58c78fab7,Ascended Heroes,Shuppet,90/217,677062,Shuppet (Energy Symbol Pattern),LINKED
pkm-ascended-heroes-91-217-be663c346c,Ascended Heroes,Banette,91/217,675903,Banette - 091/217,SKIP_NAME_MISMATCH
pkm-ascended-heroes-91-217-be663c346c,Ascended Heroes,Banette,91/217,676923,Banette - 091/217 (Dusk Ball),SKIP_NAME_MISMATCH
pkm-ascended-heroes-91-217-be663c346c,Ascended Heroes,Banette,91/217,677063,Banette - 091/217 (Energy Symbol Pattern),SKIP_NAME_MISMATCH
pkm-ascended-heroes-92-217-965261117e,Ascended Heroes,Rotom,92/217,675904,Rotom,LINKED
pkm-ascended-heroes-92-217-965261117e,Ascended Heroes,Rotom,92/217,676924,Rotom (Dusk Ball),LINKED
pkm-ascended-heroes-92-217-965261117e,Ascended Heroes,Rotom,92/217,677064,Rotom (Energy Symbol Pattern),LINKED
pkm-ascended-heroes-93-217-efa7e2fbaf,Ascended Heroes,Swirlix,93/217,675905,Swirlix,LINKED
pkm-ascended-heroes-93-217-efa7e2fbaf,Ascended Heroes,Swirlix,93/217,677065,Swirlix (Energy Symbol Pattern),LINKED
pkm-ascended-heroes-93-217-efa7e2fbaf,Ascended Heroes,Swirlix,93/217,676925,Swirlix (Love Ball),LINKED
pkm-ascended-heroes-94-217-1da9683917,Ascended Heroes,Slurpuff,94/217,675906,Slurpuff - 094/217,SKIP_NAME_MISMATCH
pkm-ascended-heroes-94-217-1da9683917,Ascended Heroes,Slurpuff,94/217,677066,Slurpuff - 094/217 (Energy Symbol Pattern),SKIP_NAME_MISMATCH
pkm-ascended-heroes-94-217-1da9683917,Ascended Heroes,Slurpuff,94/217,676926,Slurpuff - 094/217 (Love Ball),SKIP_NAME_MISMATCH
pkm-ascended-heroes-95-217-900e1bae8f,Ascended Heroes,Hop's Phantump,95/217,675907,Hop's Phantump,LINKED
pkm-ascended-heroes-95-217-900e1bae8f,Ascended Heroes,Hop's Phantump,95/217,677067,Hop's Phantump (Energy Symbol Pattern),LINKED
pkm-ascended-heroes-95-217-900e1bae8f,Ascended Heroes,Hop's Phantump,95/217,676927,Hop's Phantump (Poke Ball),LINKED
pkm-ascended-heroes-96-217-2761bca83d,Ascended Heroes,Hop's Trevenant,96/217,675908,Hop's Trevenant - 096/217,SKIP_NAME_MISMATCH
pkm-ascended-heroes-96-217-2761bca83d,Ascended Heroes,Hop's Trevenant,96/217,677068,Hop's Trevenant - 096/217 (Energy Symbol Pattern),SKIP_NAME_MISMATCH
pkm-ascended-heroes-96-217-2761bca83d,Ascended Heroes,Hop's Trevenant,96/217,676928,Hop's Trevenant - 096/217 (Poke Ball),SKIP_NAME_MISMATCH
pkm-ascended-heroes-97-217-760197aec7,Ascended Heroes,Team Rocket's Mimikyu,97/217,675909,Team Rocket's Mimikyu - 097/217,SKIP_NAME_MISMATCH
pkm-ascended-heroes-97-217-760197aec7,Ascended Heroes,Team Rocket's Mimikyu,97/217,677069,Team Rocket's Mimikyu - 097/217 (Energy Symbol Pattern),SKIP_NAME_MISMATCH
pkm-ascended-heroes-97-217-760197aec7,Ascended Heroes,Team Rocket's Mimikyu,97/217,676929,Team Rocket's Mimikyu - 097/217 (Team Rocket),SKIP_NAME_MISMATCH
pkm-ascended-heroes-98-217-cccd1115e0,Ascended Heroes,Spectrier,98/217,675910,Spectrier,LINKED
pkm-ascended-heroes-98-217-cccd1115e0,Ascended Heroes,Spectrier,98/217,676930,Spectrier (Dusk Ball),LINKED
pkm-ascended-heroes-98-217-cccd1115e0,Ascended Heroes,Spectrier,98/217,677070,Spectrier (Energy Symbol Pattern),LINKED
pkm-ascended-heroes-99-217-33137089ef,Ascended Heroes,Munkidori,99/217,675911,Munkidori,LINKED
pkm-ascended-heroes-99-217-33137089ef,Ascended Heroes,Munkidori,99/217,676931,Munkidori (Dusk Ball),LINKED
pkm-ascended-heroes-99-217-33137089ef,Ascended Heroes,Munkidori,99/217,677071,Munkidori (Energy Symbol Pattern),LINKED
pkm-ascended-heroes-100-217-34706d9651,Ascended Heroes,Team Rocket's Diglett,100/217,675912,Team Rocket's Diglett,LINKED
pkm-ascended-heroes-100-217-34706d9651,Ascended Heroes,Team Rocket's Diglett,100/217,677072,Team Rocket's Diglett (Energy Symbol Pattern),LINKED
pkm-ascended-heroes-100-217-34706d9651,Ascended Heroes,Team Rocket's Diglett,100/217,676932,Team Rocket's Diglett (Team Rocket),LINKED
pkm-ascended-heroes-101-217-b79f1969e5,Ascended Heroes,Team Rocket's Dugtrio,101/217,675913,Team Rocket's Dugtrio - 101/217,SKIP_NAME_MISMATCH
pkm-ascended-heroes-101-217-b79f1969e5,Ascended Heroes,Team Rocket's Dugtrio,101/217,677073,Team Rocket's Dugtrio - 101/217 (Energy Symbol Pattern),SKIP_NAME_MISMATCH
pkm-ascended-heroes-101-217-b79f1969e5,Ascended Heroes,Team Rocket's Dugtrio,101/217,676933,Team Rocket's Dugtrio - 101/217 (Team Rocket),SKIP_NAME_MISMATCH
pkm-ascended-heroes-102-217-1dfee39618,Ascended Heroes,Hitmontop,102/217,675914,Hitmontop - 102/217,SKIP_NAME_MISMATCH
pkm-ascended-heroes-102-217-1dfee39618,Ascended Heroes,Hitmontop,102/217,676934,Hitmontop - 102/217 (Dusk Ball),SKIP_NAME_MISMATCH
pkm-ascended-heroes-102-217-1dfee39618,Ascended Heroes,Hitmontop,102/217,677074,Hitmontop - 102/217 (Energy Symbol Pattern),SKIP_NAME_MISMATCH
pkm-ascended-heroes-103-217-9d91b0295f,Ascended Heroes,Meditite,103/217,675915,Meditite,LINKED
pkm-ascended-heroes-103-217-9d91b0295f,Ascended Heroes,Meditite,103/217,677075,Meditite (Energy Symbol Pattern),LINKED
pkm-ascended-heroes-103-217-9d91b0295f,Ascended Heroes,Meditite,103/217,676935,Meditite (Quick Ball),LINKED
pkm-ascended-heroes-104-217-d26b3a24b1,Ascended Heroes,Medicham,104/217,675916,Medicham - 104/217,SKIP_NAME_MISMATCH
pkm-ascended-heroes-104-217-d26b3a24b1,Ascended Heroes,Medicham,104/217,677076,Medicham - 104/217 (Energy Symbol Pattern),SKIP_NAME_MISMATCH
pkm-ascended-heroes-104-217-d26b3a24b1,Ascended Heroes,Medicham,104/217,676936,Medicham - 104/217 (Quick Ball),SKIP_NAME_MISMATCH
pkm-ascended-heroes-105-217-9e73a36c72,Ascended Heroes,Lunatone,105/217,675917,Lunatone,LINKED
pkm-ascended-heroes-105-217-9e73a36c72,Ascended Heroes,Lunatone,105/217,676937,Lunatone (Dusk Ball),LINKED
pkm-ascended-heroes-105-217-9e73a36c72,Ascended Heroes,Lunatone,105/217,677077,Lunatone (Energy Symbol Pattern),LINKED
pkm-ascended-heroes-106-217-bfaa13a212,Ascended Heroes,Solrock,106/217,675918,Solrock,LINKED
pkm-ascended-heroes-106-217-bfaa13a212,Ascended Heroes,Solrock,106/217,676938,Solrock (Dusk Ball),LINKED
pkm-ascended-heroes-106-217-bfaa13a212,Ascended Heroes,Solrock,106/217,677078,Solrock (Energy Symbol Pattern),LINKED
pkm-ascended-heroes-107-217-d73e99780b,Ascended Heroes,Regirock ex,107/217,675919,Regirock ex,LINKED
pkm-ascended-heroes-108-217-14527e25db,Ascended Heroes,Groudon,108/217,675920,Groudon,LINKED
pkm-ascended-heroes-108-217-14527e25db,Ascended Heroes,Groudon,108/217,676939,Groudon (Dusk Ball),LINKED
pkm-ascended-heroes-108-217-14527e25db,Ascended Heroes,Groudon,108/217,677079,Groudon (Energy Symbol Pattern),LINKED
pkm-ascended-heroes-109-217-1f034ff8c8,Ascended Heroes,Cynthia's Gible,109/217,675921,Cynthia's Gible,LINKED
pkm-ascended-heroes-109-217-1f034ff8c8,Ascended Heroes,Cynthia's Gible,109/217,677080,Cynthia's Gible (Energy Symbol Pattern),LINKED
pkm-ascended-heroes-109-217-1f034ff8c8,Ascended Heroes,Cynthia's Gible,109/217,676940,Cynthia's Gible (Poke Ball),LINKED
pkm-ascended-heroes-110-217-52e92d21c5,Ascended Heroes,Cynthia's Gabite,110/217,675922,Cynthia's Gabite,LINKED
pkm-ascended-heroes-110-217-52e92d21c5,Ascended Heroes,Cynthia's Gabite,110/217,677081,Cynthia's Gabite (Energy Symbol Pattern),LINKED
pkm-ascended-heroes-110-217-52e92d21c5,Ascended Heroes,Cynthia's Gabite,110/217,676941,Cynthia's Gabite (Poke Ball),LINKED
pkm-ascended-heroes-111-217-28d3f41195,Ascended Heroes,Cynthia's Garchomp ex,111/217,675923,Cynthia's Garchomp ex,LINKED
pkm-ascended-heroes-112-217-8c482c98dd,Ascended Heroes,Riolu,112/217,675924,Riolu,LINKED
pkm-ascended-heroes-112-217-8c482c98dd,Ascended Heroes,Riolu,112/217,677082,Riolu (Energy Symbol Pattern),LINKED
pkm-ascended-heroes-112-217-8c482c98dd,Ascended Heroes,Riolu,112/217,676942,Riolu (Friend Ball),LINKED
pkm-ascended-heroes-113-217-1b441077ee,Ascended Heroes,Mega Lucario ex,113/217,675925,Mega Lucario ex,LINKED
pkm-ascended-heroes-114-217-33c8acc808,Ascended Heroes,Stunfisk ex,114/217,675926,Stunfisk ex - 114/217,SKIP_NAME_MISMATCH
pkm-ascended-heroes-115-217-dce2c1aa1e,Ascended Heroes,Pancham,115/217,675927,Pancham,LINKED
pkm-ascended-heroes-115-217-dce2c1aa1e,Ascended Heroes,Pancham,115/217,677083,Pancham (Energy Symbol Pattern),LINKED
pkm-ascended-heroes-115-217-dce2c1aa1e,Ascended Heroes,Pancham,115/217,676943,Pancham (Love Ball),LINKED
pkm-ascended-heroes-116-217-328098f8df,Ascended Heroes,Mega Hawlucha ex,116/217,675928,Mega Hawlucha ex - 116/217,SKIP_NAME_MISMATCH
pkm-ascended-heroes-117-217-4d5515a1cb,Ascended Heroes,Carbink,117/217,675929,Carbink - 117/217,SKIP_NAME_MISMATCH
pkm-ascended-heroes-117-217-4d5515a1cb,Ascended Heroes,Carbink,117/217,677084,Carbink - 117/217 (Energy Symbol Pattern),SKIP_NAME_MISMATCH
pkm-ascended-heroes-117-217-4d5515a1cb,Ascended Heroes,Carbink,117/217,676944,Carbink - 117/217 (Love Ball),SKIP_NAME_MISMATCH
pkm-ascended-heroes-118-217-bb54c115dd,Ascended Heroes,Rolycoly,118/217,675930,Rolycoly,LINKED
pkm-ascended-heroes-118-217-bb54c115dd,Ascended Heroes,Rolycoly,118/217,676945,Rolycoly (Dusk Ball),LINKED
pkm-ascended-heroes-118-217-bb54c115dd,Ascended Heroes,Rolycoly,118/217,677085,Rolycoly (Energy Symbol Pattern),LINKED
pkm-ascended-heroes-119-217-a4003fd2b7,Ascended Heroes,Carkol,119/217,675931,Carkol,LINKED
pkm-ascended-heroes-119-217-a4003fd2b7,Ascended Heroes,Carkol,119/217,676946,Carkol (Dusk Ball),LINKED
pkm-ascended-heroes-119-217-a4003fd2b7,Ascended Heroes,Carkol,119/217,677086,Carkol (Energy Symbol Pattern),LINKED
pkm-ascended-heroes-120-217-51e9e2e8c3,Ascended Heroes,Coalossal,120/217,675932,Coalossal,LINKED
pkm-ascended-heroes-120-217-51e9e2e8c3,Ascended Heroes,Coalossal,120/217,676947,Coalossal (Dusk Ball),LINKED
pkm-ascended-heroes-120-217-51e9e2e8c3,Ascended Heroes,Coalossal,120/217,677087,Coalossal (Energy Symbol Pattern),LINKED
pkm-ascended-heroes-121-217-9681d8be42,Ascended Heroes,Koraidon ex,121/217,675933,Koraidon ex,LINKED
pkm-ascended-heroes-122-217-29ce8fd97a,Ascended Heroes,Okidogi,122/217,675934,Okidogi,LINKED
pkm-ascended-heroes-122-217-29ce8fd97a,Ascended Heroes,Okidogi,122/217,677088,Okidogi (Energy Symbol Pattern),LINKED
pkm-ascended-heroes-122-217-29ce8fd97a,Ascended Heroes,Okidogi,122/217,676948,Okidogi (Friend Ball),LINKED
pkm-ascended-heroes-123-217-e9c373ab6a,Ascended Heroes,Gastly,123/217,675935,Gastly,LINKED
pkm-ascended-heroes-123-217-e9c373ab6a,Ascended Heroes,Gastly,123/217,676949,Gastly (Dusk Ball),LINKED
pkm-ascended-heroes-123-217-e9c373ab6a,Ascended Heroes,Gastly,123/217,677089,Gastly (Energy Symbol Pattern),LINKED
pkm-ascended-heroes-124-217-b0fdff4eae,Ascended Heroes,Haunter,124/217,675936,Haunter,LINKED
pkm-ascended-heroes-124-217-b0fdff4eae,Ascended Heroes,Haunter,124/217,676950,Haunter (Dusk Ball),LINKED
pkm-ascended-heroes-124-217-b0fdff4eae,Ascended Heroes,Haunter,124/217,677090,Haunter (Energy Symbol Pattern),LINKED
pkm-ascended-heroes-125-217-74ef34ae5c,Ascended Heroes,Mega Gengar ex,125/217,675937,Mega Gengar ex - 125/217,SKIP_NAME_MISMATCH
pkm-ascended-heroes-126-217-8c028c1d13,Ascended Heroes,Team Rocket's Murkrow,126/217,675938,Team Rocket's Murkrow,LINKED
pkm-ascended-heroes-126-217-8c028c1d13,Ascended Heroes,Team Rocket's Murkrow,126/217,677091,Team Rocket's Murkrow (Energy Symbol Pattern),LINKED
pkm-ascended-heroes-126-217-8c028c1d13,Ascended Heroes,Team Rocket's Murkrow,126/217,676951,Team Rocket's Murkrow (Team Rocket),LINKED
pkm-ascended-heroes-127-217-a848e0cec4,Ascended Heroes,Team Rocket's Honchkrow,127/217,675939,Team Rocket's Honchkrow,LINKED
pkm-ascended-heroes-127-217-a848e0cec4,Ascended Heroes,Team Rocket's Honchkrow,127/217,677092,Team Rocket's Honchkrow (Energy Symbol Pattern),LINKED
pkm-ascended-heroes-127-217-a848e0cec4,Ascended Heroes,Team Rocket's Honchkrow,127/217,676952,Team Rocket's Honchkrow (Team Rocket),LINKED
pkm-ascended-heroes-128-217-991e6cb93a,Ascended Heroes,Poochyena,128/217,675940,Poochyena,LINKED
pkm-ascended-heroes-128-217-991e6cb93a,Ascended Heroes,Poochyena,128/217,676953,Poochyena (Dusk Ball),LINKED
pkm-ascended-heroes-128-217-991e6cb93a,Ascended Heroes,Poochyena,128/217,677093,Poochyena (Energy Symbol Pattern),LINKED
pkm-ascended-heroes-129-217-7a7836f617,Ascended Heroes,Mightyena,129/217,675941,Mightyena - 129/217,SKIP_NAME_MISMATCH
pkm-ascended-heroes-129-217-7a7836f617,Ascended Heroes,Mightyena,129/217,676954,Mightyena - 129/217 (Dusk Ball),SKIP_NAME_MISMATCH
pkm-ascended-heroes-129-217-7a7836f617,Ascended Heroes,Mightyena,129/217,677094,Mightyena - 129/217 (Energy Symbol Pattern),SKIP_NAME_MISMATCH
pkm-ascended-heroes-130-217-ef98b75c06,Ascended Heroes,Galarian Zigzagoon,130/217,675942,Galarian Zigzagoon,LINKED
pkm-ascended-heroes-130-217-ef98b75c06,Ascended Heroes,Galarian Zigzagoon,130/217,676955,Galarian Zigzagoon (Dusk Ball),LINKED
pkm-ascended-heroes-130-217-ef98b75c06,Ascended Heroes,Galarian Zigzagoon,130/217,677095,Galarian Zigzagoon (Energy Symbol Pattern),LINKED
pkm-ascended-heroes-131-217-2905a6daa8,Ascended Heroes,Galarian Linoone,131/217,675943,Galarian Linoone,LINKED
pkm-ascended-heroes-131-217-2905a6daa8,Ascended Heroes,Galarian Linoone,131/217,676956,Galarian Linoone (Dusk Ball),LINKED
pkm-ascended-heroes-131-217-2905a6daa8,Ascended Heroes,Galarian Linoone,131/217,677096,Galarian Linoone (Energy Symbol Pattern),LINKED
pkm-ascended-heroes-132-217-15276279a2,Ascended Heroes,Galarian Obstagoon,132/217,675944,Galarian Obstagoon - 132/217,SKIP_NAME_MISMATCH
pkm-ascended-heroes-132-217-15276279a2,Ascended Heroes,Galarian Obstagoon,132/217,676957,Galarian Obstagoon - 132/217 (Dusk Ball),SKIP_NAME_MISMATCH
pkm-ascended-heroes-132-217-15276279a2,Ascended Heroes,Galarian Obstagoon,132/217,677097,Galarian Obstagoon - 132/217 (Energy Symbol Pattern),SKIP_NAME_MISMATCH
pkm-ascended-heroes-133-217-3dfc56914d,Ascended Heroes,Cynthia's Spiritomb,133/217,675945,Cynthia's Spiritomb - 133/217,SKIP_NAME_MISMATCH
pkm-ascended-heroes-133-217-3dfc56914d,Ascended Heroes,Cynthia's Spiritomb,133/217,677098,Cynthia's Spiritomb - 133/217 (Energy Symbol Pattern),SKIP_NAME_MISMATCH
pkm-ascended-heroes-133-217-3dfc56914d,Ascended Heroes,Cynthia's Spiritomb,133/217,676958,Cynthia's Spiritomb - 133/217 (Poke Ball),SKIP_NAME_MISMATCH
pkm-ascended-heroes-134-217-262d798260,Ascended Heroes,Scraggy,134/217,675946,Scraggy,LINKED
pkm-ascended-heroes-134-217-262d798260,Ascended Heroes,Scraggy,134/217,677099,Scraggy (Energy Symbol Pattern),LINKED
pkm-ascended-heroes-134-217-262d798260,Ascended Heroes,Scraggy,134/217,676959,Scraggy (Quick Ball),LINKED
pkm-ascended-heroes-135-217-74229d0569,Ascended Heroes,Mega Scrafty ex,135/217,675947,Mega Scrafty ex - 135/217,SKIP_NAME_MISMATCH
pkm-ascended-heroes-136-217-c724b83b1e,Ascended Heroes,N's Zorua,136/217,675948,N's Zorua,LINKED
pkm-ascended-heroes-136-217-c724b83b1e,Ascended Heroes,N's Zorua,136/217,677100,N's Zorua (Energy Symbol Pattern),LINKED
pkm-ascended-heroes-136-217-c724b83b1e,Ascended Heroes,N's Zorua,136/217,676960,N's Zorua (Poke Ball),LINKED
pkm-ascended-heroes-137-217-be4270a5d9,Ascended Heroes,N's Zoroark ex,137/217,675949,N's Zoroark ex - 137/217,SKIP_NAME_MISMATCH
pkm-ascended-heroes-138-217-0c5d2b4e7c,Ascended Heroes,Vullaby,138/217,675950,Vullaby,LINKED
pkm-ascended-heroes-138-217-0c5d2b4e7c,Ascended Heroes,Vullaby,138/217,676961,Vullaby (Dusk Ball),LINKED
pkm-ascended-heroes-138-217-0c5d2b4e7c,Ascended Heroes,Vullaby,138/217,677101,Vullaby (Energy Symbol Pattern),LINKED
pkm-ascended-heroes-139-217-cec176dbe5,Ascended Heroes,Mandibuzz ex,139/217,675951,Mandibuzz ex,LINKED
pkm-ascended-heroes-140-217-c3dc4616b7,Ascended Heroes,Pangoro,140/217,675952,Pangoro,LINKED
pkm-ascended-heroes-140-217-c3dc4616b7,Ascended Heroes,Pangoro,140/217,677102,Pangoro (Energy Symbol Pattern),LINKED
pkm-ascended-heroes-140-217-c3dc4616b7,Ascended Heroes,Pangoro,140/217,676962,Pangoro (Love Ball),LINKED
pkm-ascended-heroes-141-217-7881e97447,Ascended Heroes,Hoopa,141/217,675953,Hoopa,LINKED
pkm-ascended-heroes-141-217-7881e97447,Ascended Heroes,Hoopa,141/217,677103,Hoopa (Energy Symbol Pattern),LINKED
pkm-ascended-heroes-141-217-7881e97447,Ascended Heroes,Hoopa,141/217,676963,Hoopa (Poke Ball),LINKED
pkm-ascended-heroes-142-217-290b186f92,Ascended Heroes,Fezandipiti ex,142/217,675954,Fezandipiti ex - 142/217,SKIP_NAME_MISMATCH
pkm-ascended-heroes-143-217-05abd29718,Ascended Heroes,Pecharunt,143/217,675955,Pecharunt,LINKED
pkm-ascended-heroes-143-217-05abd29718,Ascended Heroes,Pecharunt,143/217,677104,Pecharunt (Energy Symbol Pattern),LINKED
pkm-ascended-heroes-143-217-05abd29718,Ascended Heroes,Pecharunt,143/217,676964,Pecharunt (Poke Ball),LINKED
pkm-ascended-heroes-144-217-a6f37cdede,Ascended Heroes,Mawile,144/217,675956,Mawile - 144/217,SKIP_NAME_MISMATCH
pkm-ascended-heroes-144-217-a6f37cdede,Ascended Heroes,Mawile,144/217,676965,Mawile - 144/217 (Dusk Ball),SKIP_NAME_MISMATCH
pkm-ascended-heroes-144-217-a6f37cdede,Ascended Heroes,Mawile,144/217,677105,Mawile - 144/217 (Energy Symbol Pattern),SKIP_NAME_MISMATCH
pkm-ascended-heroes-145-217-3bf6ca522b,Ascended Heroes,Registeel ex,145/217,675957,Registeel ex,LINKED
pkm-ascended-heroes-146-217-90ef8e0d74,Ascended Heroes,Pawniard,146/217,675958,Pawniard,LINKED
pkm-ascended-heroes-146-217-90ef8e0d74,Ascended Heroes,Pawniard,146/217,677106,Pawniard (Energy Symbol Pattern),LINKED
pkm-ascended-heroes-146-217-90ef8e0d74,Ascended Heroes,Pawniard,146/217,676966,Pawniard (Quick Ball),LINKED
pkm-ascended-heroes-147-217-98635b2730,Ascended Heroes,Bisharp,147/217,675959,Bisharp,LINKED
pkm-ascended-heroes-147-217-98635b2730,Ascended Heroes,Bisharp,147/217,677107,Bisharp (Energy Symbol Pattern),LINKED
pkm-ascended-heroes-147-217-98635b2730,Ascended Heroes,Bisharp,147/217,676967,Bisharp (Quick Ball),LINKED
pkm-ascended-heroes-148-217-7e7a5182e8,Ascended Heroes,Kingambit,148/217,675960,Kingambit,LINKED
pkm-ascended-heroes-148-217-7e7a5182e8,Ascended Heroes,Kingambit,148/217,677108,Kingambit (Energy Symbol Pattern),LINKED
pkm-ascended-heroes-148-217-7e7a5182e8,Ascended Heroes,Kingambit,148/217,676968,Kingambit (Quick Ball),LINKED
pkm-ascended-heroes-149-217-e8017f5195,Ascended Heroes,Togedemaru ex,149/217,675961,Togedemaru ex,LINKED
pkm-ascended-heroes-151-217-ac02841f6f,Ascended Heroes,Dragonair,151/217,675963,Dragonair,LINKED
pkm-ascended-heroes-151-217-ac02841f6f,Ascended Heroes,Dragonair,151/217,677110,Dragonair (Energy Symbol Pattern),LINKED
pkm-ascended-heroes-151-217-ac02841f6f,Ascended Heroes,Dragonair,151/217,676970,Dragonair (Love Ball),LINKED
pkm-ascended-heroes-152-217-7889ea801b,Ascended Heroes,Mega Dragonite ex,152/217,675964,Mega Dragonite ex - 152/217,SKIP_NAME_MISMATCH
pkm-ascended-heroes-153-217-1069c8650f,Ascended Heroes,Rayquaza,153/217,675965,Rayquaza,LINKED
pkm-ascended-heroes-153-217-1069c8650f,Ascended Heroes,Rayquaza,153/217,677111,Rayquaza (Energy Symbol Pattern),LINKED
pkm-ascended-heroes-153-217-1069c8650f,Ascended Heroes,Rayquaza,153/217,676971,Rayquaza (Friend Ball),LINKED
pkm-ascended-heroes-154-217-6e270abbdf,Ascended Heroes,N's Reshiram,154/217,675966,N's Reshiram,LINKED
pkm-ascended-heroes-154-217-6e270abbdf,Ascended Heroes,N's Reshiram,154/217,677112,N's Reshiram (Energy Symbol Pattern),LINKED
pkm-ascended-heroes-154-217-6e270abbdf,Ascended Heroes,N's Reshiram,154/217,676972,N's Reshiram (Poke Ball),LINKED
pkm-ascended-heroes-155-217-e331dc12bf,Ascended Heroes,N's Zekrom,155/217,675967,N's Zekrom,LINKED
pkm-ascended-heroes-155-217-e331dc12bf,Ascended Heroes,N's Zekrom,155/217,677113,N's Zekrom (Energy Symbol Pattern),LINKED
pkm-ascended-heroes-155-217-e331dc12bf,Ascended Heroes,N's Zekrom,155/217,676973,N's Zekrom (Poke Ball),LINKED
pkm-ascended-heroes-156-217-9b501e9832,Ascended Heroes,Noibat,156/217,675968,Noibat,LINKED
pkm-ascended-heroes-156-217-9b501e9832,Ascended Heroes,Noibat,156/217,677114,Noibat (Energy Symbol Pattern),LINKED
pkm-ascended-heroes-156-217-9b501e9832,Ascended Heroes,Noibat,156/217,676974,Noibat (Friend Ball),LINKED
pkm-ascended-heroes-157-217-078dda2472,Ascended Heroes,Noivern,157/217,675969,Noivern,LINKED
pkm-ascended-heroes-157-217-078dda2472,Ascended Heroes,Noivern,157/217,677115,Noivern (Energy Symbol Pattern),LINKED
pkm-ascended-heroes-157-217-078dda2472,Ascended Heroes,Noivern,157/217,676975,Noivern (Friend Ball),LINKED
pkm-ascended-heroes-158-217-ee3fcad8ee,Ascended Heroes,Dreepy,158/217,675970,Dreepy - 158/217,SKIP_NAME_MISMATCH
pkm-ascended-heroes-158-217-ee3fcad8ee,Ascended Heroes,Dreepy,158/217,677116,Dreepy - 158/217 (Energy Symbol Pattern),SKIP_NAME_MISMATCH
pkm-ascended-heroes-158-217-ee3fcad8ee,Ascended Heroes,Dreepy,158/217,676976,Dreepy - 158/217 (Quick Ball),SKIP_NAME_MISMATCH
pkm-ascended-heroes-159-217-7df7b5a21e,Ascended Heroes,Drakloak,159/217,675971,Drakloak - 159/217,SKIP_NAME_MISMATCH
pkm-ascended-heroes-159-217-7df7b5a21e,Ascended Heroes,Drakloak,159/217,677117,Drakloak - 159/217 (Energy Symbol Pattern),SKIP_NAME_MISMATCH
pkm-ascended-heroes-159-217-7df7b5a21e,Ascended Heroes,Drakloak,159/217,676977,Drakloak - 159/217 (Quick Ball),SKIP_NAME_MISMATCH
pkm-ascended-heroes-160-217-bcc5e6097b,Ascended Heroes,Dragapult ex,160/217,675972,Dragapult ex,LINKED
pkm-ascended-heroes-161-217-6f751ccb2b,Ascended Heroes,Team Rocket's Meowth,161/217,675973,Team Rocket's Meowth,LINKED
pkm-ascended-heroes-161-217-6f751ccb2b,Ascended Heroes,Team Rocket's Meowth,161/217,677118,Team Rocket's Meowth (Energy Symbol Pattern),LINKED
pkm-ascended-heroes-161-217-6f751ccb2b,Ascended Heroes,Team Rocket's Meowth,161/217,676978,Team Rocket's Meowth (Team Rocket),LINKED
pkm-ascended-heroes-162-217-4b542d20da,Ascended Heroes,Team Rocket's Kangaskhan ex,162/217,675974,Team Rocket's Kangaskhan ex,LINKED
pkm-ascended-heroes-163-217-700351845f,Ascended Heroes,Larry's Dunsparce,163/217,675975,Larry's Dunsparce,LINKED
pkm-ascended-heroes-163-217-700351845f,Ascended Heroes,Larry's Dunsparce,163/217,677119,Larry's Dunsparce (Energy Symbol Pattern),LINKED
pkm-ascended-heroes-163-217-700351845f,Ascended Heroes,Larry's Dunsparce,163/217,676979,Larry's Dunsparce (Poke Ball),LINKED
pkm-ascended-heroes-164-217-3118527629,Ascended Heroes,Larry's Dudunsparce ex,164/217,675976,Larry's Dudunsparce ex,LINKED
pkm-ascended-heroes-165-217-cf81d3a75a,Ascended Heroes,Skitty,165/217,675977,Skitty,LINKED
pkm-ascended-heroes-165-217-cf81d3a75a,Ascended Heroes,Skitty,165/217,677120,Skitty (Energy Symbol Pattern),LINKED
pkm-ascended-heroes-165-217-cf81d3a75a,Ascended Heroes,Skitty,165/217,676980,Skitty (Love Ball),LINKED
pkm-ascended-heroes-166-217-4d292c1906,Ascended Heroes,Delcatty,166/217,675978,Delcatty,LINKED
pkm-ascended-heroes-166-217-4d292c1906,Ascended Heroes,Delcatty,166/217,677121,Delcatty (Energy Symbol Pattern),LINKED
pkm-ascended-heroes-166-217-4d292c1906,Ascended Heroes,Delcatty,166/217,676981,Delcatty (Love Ball),LINKED
pkm-ascended-heroes-167-217-2e999a919f,Ascended Heroes,Zangoose ex,167/217,675979,Zangoose ex,LINKED
pkm-ascended-heroes-168-217-2985e48c10,Ascended Heroes,Larry's Starly,168/217,675980,Larry's Starly,LINKED
pkm-ascended-heroes-168-217-2985e48c10,Ascended Heroes,Larry's Starly,168/217,677122,Larry's Starly (Energy Symbol Pattern),LINKED
pkm-ascended-heroes-168-217-2985e48c10,Ascended Heroes,Larry's Starly,168/217,676982,Larry's Starly (Poke Ball),LINKED
pkm-ascended-heroes-169-217-37014bb8a8,Ascended Heroes,Larry's Staravia,169/217,675981,Larry's Staravia,LINKED
pkm-ascended-heroes-169-217-37014bb8a8,Ascended Heroes,Larry's Staravia,169/217,677123,Larry's Staravia (Energy Symbol Pattern),LINKED
pkm-ascended-heroes-169-217-37014bb8a8,Ascended Heroes,Larry's Staravia,169/217,676983,Larry's Staravia (Poke Ball),LINKED
pkm-ascended-heroes-170-217-9dc3c8073d,Ascended Heroes,Larry's Staraptor,170/217,675982,Larry's Staraptor - 170/217,SKIP_NAME_MISMATCH
pkm-ascended-heroes-170-217-9dc3c8073d,Ascended Heroes,Larry's Staraptor,170/217,677124,Larry's Staraptor - 170/217 (Energy Symbol Pattern),SKIP_NAME_MISMATCH
pkm-ascended-heroes-170-217-9dc3c8073d,Ascended Heroes,Larry's Staraptor,170/217,676984,Larry's Staraptor - 170/217 (Poke Ball),SKIP_NAME_MISMATCH
pkm-ascended-heroes-171-217-8af9c38aa6,Ascended Heroes,Fan Rotom,171/217,675983,Fan Rotom - 171/217,SKIP_NAME_MISMATCH
pkm-ascended-heroes-171-217-8af9c38aa6,Ascended Heroes,Fan Rotom,171/217,676985,Fan Rotom - 171/217 (Dusk Ball),SKIP_NAME_MISMATCH
pkm-ascended-heroes-171-217-8af9c38aa6,Ascended Heroes,Fan Rotom,171/217,677125,Fan Rotom - 171/217 (Energy Symbol Pattern),SKIP_NAME_MISMATCH
pkm-ascended-heroes-172-217-4d3f7f52aa,Ascended Heroes,Mega Audino ex,172/217,675984,Mega Audino ex - 172/217,SKIP_NAME_MISMATCH
pkm-ascended-heroes-173-217-2a75f966da,Ascended Heroes,Larry's Rufflet,173/217,675985,Larry's Rufflet,LINKED
pkm-ascended-heroes-173-217-2a75f966da,Ascended Heroes,Larry's Rufflet,173/217,677126,Larry's Rufflet (Energy Symbol Pattern),LINKED
pkm-ascended-heroes-173-217-2a75f966da,Ascended Heroes,Larry's Rufflet,173/217,676986,Larry's Rufflet (Poke Ball),LINKED
pkm-ascended-heroes-174-217-91242183e3,Ascended Heroes,Larry's Braviary,174/217,675986,Larry's Braviary,LINKED
pkm-ascended-heroes-174-217-91242183e3,Ascended Heroes,Larry's Braviary,174/217,677127,Larry's Braviary (Energy Symbol Pattern),LINKED
pkm-ascended-heroes-174-217-91242183e3,Ascended Heroes,Larry's Braviary,174/217,676987,Larry's Braviary (Poke Ball),LINKED
pkm-ascended-heroes-175-217-67838fae8e,Ascended Heroes,Larry's Komala,175/217,675987,Larry's Komala,LINKED
pkm-ascended-heroes-175-217-67838fae8e,Ascended Heroes,Larry's Komala,175/217,677128,Larry's Komala (Energy Symbol Pattern),LINKED
pkm-ascended-heroes-175-217-67838fae8e,Ascended Heroes,Larry's Komala,175/217,676988,Larry's Komala (Poke Ball),LINKED
pkm-ascended-heroes-176-217-67876bcfa7,Ascended Heroes,Drampa,176/217,675988,Drampa,LINKED
pkm-ascended-heroes-176-217-67876bcfa7,Ascended Heroes,Drampa,176/217,677129,Drampa (Energy Symbol Pattern),LINKED
pkm-ascended-heroes-176-217-67876bcfa7,Ascended Heroes,Drampa,176/217,676989,Drampa (Friend Ball),LINKED
pkm-ascended-heroes-177-217-73a2cc612f,Ascended Heroes,Hop's Cramorant,177/217,675989,Hop's Cramorant,LINKED
pkm-ascended-heroes-177-217-73a2cc612f,Ascended Heroes,Hop's Cramorant,177/217,677130,Hop's Cramorant (Energy Symbol Pattern),LINKED
pkm-ascended-heroes-177-217-73a2cc612f,Ascended Heroes,Hop's Cramorant,177/217,676990,Hop's Cramorant (Poke Ball),LINKED
pkm-ascended-heroes-178-217-d5ce1b2f98,Ascended Heroes,Terapagos,178/217,675990,Terapagos,LINKED
pkm-ascended-heroes-178-217-d5ce1b2f98,Ascended Heroes,Terapagos,178/217,677131,Terapagos (Energy Symbol Pattern),LINKED
pkm-ascended-heroes-178-217-d5ce1b2f98,Ascended Heroes,Terapagos,178/217,676991,Terapagos (Love Ball),LINKED
pkm-ascended-heroes-179-217-ea9d5f4ed3,Ascended Heroes,Terapagos ex,179/217,675991,Terapagos ex,LINKED
pkm-ascended-heroes-180-217-fe44091347,Ascended Heroes,Acerola's Mischief,180/217,675992,Acerola's Mischief,LINKED
pkm-ascended-heroes-181-217-5c1027fe3e,Ascended Heroes,Air Balloon,181/217,675993,Air Balloon,LINKED
pkm-ascended-heroes-182-217-4f9e3f2758,Ascended Heroes,Anthea & Concordia,182/217,675994,Anthea & Concordia - 182/217,SKIP_NAME_MISMATCH
pkm-ascended-heroes-183-217-83586c55d3,Ascended Heroes,Boss's Orders,183/217,675995,Boss's Orders [Corbeau] - 183/217,SKIP_NAME_MISMATCH
pkm-ascended-heroes-184-217-df9ea03d81,Ascended Heroes,Buddy-Buddy Poffin,184/217,675996,Buddy-Buddy Poffin,LINKED
pkm-ascended-heroes-185-217-3909627a0d,Ascended Heroes,Canari,185/217,675997,Canari - 185/217,SKIP_NAME_MISMATCH
pkm-ascended-heroes-186-217-0413b3a895,Ascended Heroes,Counter Gain,186/217,675998,Counter Gain - 186/217,SKIP_NAME_MISMATCH
pkm-ascended-heroes-188-217-e7c6e50905,Ascended Heroes,Forest of Vitality,188/217,676000,Forest of Vitality,LINKED
pkm-ascended-heroes-189-217-598e9c81b7,Ascended Heroes,Glass Trumpet,189/217,676001,Glass Trumpet - 189/217,SKIP_NAME_MISMATCH
pkm-ascended-heroes-191-217-c0eed34366,Ascended Heroes,Light Ball,191/217,676003,Light Ball,LINKED
pkm-ascended-heroes-192-217-26f8a600c1,Ascended Heroes,Lillie's Determination,192/217,676004,Lillie's Determination,LINKED
pkm-ascended-heroes-193-217-77338c7a6c,Ascended Heroes,Mega Signal,193/217,676005,Mega Signal,LINKED
pkm-ascended-heroes-194-217-515c677024,Ascended Heroes,Mystery Garden,194/217,676006,Mystery Garden,LINKED
pkm-ascended-heroes-195-217-95b881fd27,Ascended Heroes,N's PP Up,195/217,676007,N's PP Up - 195/217,SKIP_NAME_MISMATCH
pkm-ascended-heroes-196-217-a495335553,Ascended Heroes,Night Stretcher,196/217,676008,Night Stretcher,LINKED
pkm-ascended-heroes-197-217-c5c90a01f7,Ascended Heroes,Nighttime Mine,197/217,676009,Nighttime Mine,LINKED
pkm-ascended-heroes-198-217-934bd9ee7e,Ascended Heroes,Poké Pad,198/217,676010,Poke Pad,SKIP_NAME_MISMATCH
pkm-ascended-heroes-199-217-febb54c92f,Ascended Heroes,Premium Power Pro,199/217,676011,Premium Power Pro,LINKED
pkm-ascended-heroes-200-217-7e5431d984,Ascended Heroes,Surfer,200/217,676012,Surfer - 200/217,SKIP_NAME_MISMATCH
pkm-ascended-heroes-201-217-825bd62fd3,Ascended Heroes,Team Rocket's Archer,201/217,676013,Team Rocket's Archer,LINKED
pkm-ascended-heroes-202-217-0577f47ed5,Ascended Heroes,Team Rocket's Ariana,202/217,676014,Team Rocket's Ariana,LINKED
pkm-ascended-heroes-203-217-74b1d96df7,Ascended Heroes,Team Rocket's Factory,203/217,676015,Team Rocket's Factory,LINKED
pkm-ascended-heroes-204-217-2516dc3aed,Ascended Heroes,Team Rocket's Giovanni,204/217,676016,Team Rocket's Giovanni,LINKED
pkm-ascended-heroes-205-217-914e63c4fb,Ascended Heroes,Team Rocket's Great Ball,205/217,676017,Team Rocket's Great Ball,LINKED
pkm-ascended-heroes-206-217-be2da34ac5,Ascended Heroes,Team Rocket's Hypnotizer,206/217,676018,Team Rocket's Hypnotizer,LINKED
pkm-ascended-heroes-207-217-02e231d73e,Ascended Heroes,Team Rocket's Petrel,207/217,676019,Team Rocket's Petrel,LINKED
pkm-ascended-heroes-208-217-90a73365cb,Ascended Heroes,Team Rocket's Proton,208/217,676020,Team Rocket's Proton,LINKED
pkm-ascended-heroes-209-217-f976d5747a,Ascended Heroes,Team Rocket's Transceiver,209/217,676021,Team Rocket's Transceiver - 209/217,SKIP_NAME_MISMATCH
pkm-ascended-heroes-210-217-f2ee823a9c,Ascended Heroes,Team Rocket's Watchtower,210/217,676022,Team Rocket's Watchtower,LINKED
pkm-ascended-heroes-211-217-65a4bc808a,Ascended Heroes,Thick Scale,211/217,676023,Thick Scale,LINKED
pkm-ascended-heroes-212-217-0f9d7ba388,Ascended Heroes,Tool Scrapper,212/217,676024,Tool Scrapper,LINKED
pkm-ascended-heroes-213-217-09b304b36c,Ascended Heroes,Ultra Ball,213/217,676025,Ultra Ball - 213/217,SKIP_NAME_MISMATCH
pkm-ascended-heroes-214-217-610e248152,Ascended Heroes,Urbain,214/217,676026,Urbain,LINKED
pkm-ascended-heroes-215-217-059baacb0f,Ascended Heroes,Waitress,215/217,676027,Waitress,LINKED
pkm-ascended-heroes-216-217-6236f70cba,Ascended Heroes,Prism Energy,216/217,676028,Prism Energy,LINKED
pkm-ascended-heroes-217-217-109f4c6e22,Ascended Heroes,Team Rocket's Energy,217/217,676029,Team Rocket's Energy,LINKED
pkm-ascended-heroes-218-217-30c7824bb2,Ascended Heroes,Erika's Tangela,218/217,676030,Erika's Tangela - 218/217,SKIP_NAME_MISMATCH
pkm-ascended-heroes-219-217-3b51c38a29,Ascended Heroes,Beautifly,219/217,676031,Beautifly - 219/217,SKIP_NAME_MISMATCH
pkm-ascended-heroes-220-217-965c389667,Ascended Heroes,Dustox,220/217,676032,Dustox - 220/217,SKIP_NAME_MISMATCH
pkm-ascended-heroes-221-217-da8f8fe973,Ascended Heroes,Budew,221/217,676033,Budew - 221/217,SKIP_NAME_MISMATCH
pkm-ascended-heroes-222-217-03f88a8f5e,Ascended Heroes,Ethan's Magcargo,222/217,676034,Ethan's Magcargo - 222/217,SKIP_NAME_MISMATCH
pkm-ascended-heroes-223-217-b3597d7d9d,Ascended Heroes,Numel,223/217,676035,Numel - 223/217,SKIP_NAME_MISMATCH
pkm-ascended-heroes-224-217-515bbbfd5c,Ascended Heroes,Salazzle,224/217,676036,Salazzle - 224/217,SKIP_NAME_MISMATCH
pkm-ascended-heroes-225-217-b62848d497,Ascended Heroes,Scorbunny,225/217,676037,Scorbunny - 225/217,SKIP_NAME_MISMATCH
pkm-ascended-heroes-226-217-4940dd18a2,Ascended Heroes,Psyduck,226/217,676038,Psyduck - 226/217,SKIP_NAME_MISMATCH
pkm-ascended-heroes-227-217-c3929457e1,Ascended Heroes,Snorunt,227/217,676039,Snorunt - 227/217,SKIP_NAME_MISMATCH
pkm-ascended-heroes-228-217-c9fd8da58f,Ascended Heroes,Weavile,228/217,676040,Weavile - 228/217,SKIP_NAME_MISMATCH
pkm-ascended-heroes-229-217-fcc3add093,Ascended Heroes,Heliolisk,229/217,676041,Heliolisk - 229/217,SKIP_NAME_MISMATCH
pkm-ascended-heroes-230-217-39191b384e,Ascended Heroes,Vikavolt,230/217,676042,Vikavolt - 230/217,SKIP_NAME_MISMATCH
pkm-ascended-heroes-231-217-ed4d6eb529,Ascended Heroes,Iono's Wattrel,231/217,676043,Iono's Wattrel - 231/217,SKIP_NAME_MISMATCH
pkm-ascended-heroes-232-217-766a9cc00e,Ascended Heroes,Marill,232/217,676044,Marill - 232/217,SKIP_NAME_MISMATCH
pkm-ascended-heroes-233-217-ab7ef45f47,Ascended Heroes,Misdreavus,233/217,676045,Misdreavus - 233/217,SKIP_NAME_MISMATCH
pkm-ascended-heroes-234-217-829d765c50,Ascended Heroes,Banette,234/217,676046,Banette - 234/217,SKIP_NAME_MISMATCH
pkm-ascended-heroes-235-217-5172b24683,Ascended Heroes,Togekiss,235/217,676047,Togekiss - 235/217,SKIP_NAME_MISMATCH
pkm-ascended-heroes-236-217-5c386d2d92,Ascended Heroes,Slurpuff,236/217,676048,Slurpuff - 236/217,SKIP_NAME_MISMATCH
pkm-ascended-heroes-237-217-81c657256f,Ascended Heroes,Hop's Trevenant,237/217,676049,Hop's Trevenant - 237/217,SKIP_NAME_MISMATCH
pkm-ascended-heroes-238-217-5dc0b3dc22,Ascended Heroes,Team Rocket's Mimikyu,238/217,676050,Team Rocket's Mimikyu - 238/217,SKIP_NAME_MISMATCH
pkm-ascended-heroes-239-217-acc350161f,Ascended Heroes,Team Rocket's Dugtrio,239/217,676051,Team Rocket's Dugtrio - 239/217,SKIP_NAME_MISMATCH
pkm-ascended-heroes-240-217-9fccaa29c9,Ascended Heroes,Hitmontop,240/217,676052,Hitmontop - 240/217,SKIP_NAME_MISMATCH
pkm-ascended-heroes-241-217-bfeab7eca0,Ascended Heroes,Medicham,241/217,676053,Medicham - 241/217,SKIP_NAME_MISMATCH
pkm-ascended-heroes-242-217-5b99c370d5,Ascended Heroes,Carbink,242/217,676054,Carbink - 242/217,SKIP_NAME_MISMATCH
pkm-ascended-heroes-243-217-9a029700de,Ascended Heroes,Mightyena,243/217,676055,Mightyena - 243/217,SKIP_NAME_MISMATCH
pkm-ascended-heroes-244-217-3d13468cee,Ascended Heroes,Cynthia's Spiritomb,244/217,676056,Cynthia's Spiritomb - 244/217,SKIP_NAME_MISMATCH
pkm-ascended-heroes-245-217-abbfe3b180,Ascended Heroes,Galarian Obstagoon,245/217,676057,Galarian Obstagoon - 245/217,SKIP_NAME_MISMATCH
pkm-ascended-heroes-246-217-fdf8bfea73,Ascended Heroes,Mawile,246/217,676058,Mawile - 246/217,SKIP_NAME_MISMATCH
pkm-ascended-heroes-247-217-1401e8a0b1,Ascended Heroes,Dreepy,247/217,676059,Dreepy - 247/217,SKIP_NAME_MISMATCH
pkm-ascended-heroes-248-217-1e6f811e29,Ascended Heroes,Drakloak,248/217,676060,Drakloak - 248/217,SKIP_NAME_MISMATCH
pkm-ascended-heroes-249-217-489ed60c7d,Ascended Heroes,Larry's Staraptor,249/217,676061,Larry's Staraptor - 249/217,SKIP_NAME_MISMATCH
pkm-ascended-heroes-250-217-3908ee1060,Ascended Heroes,Fan Rotom,250/217,676062,Fan Rotom - 250/217,SKIP_NAME_MISMATCH
pkm-ascended-heroes-251-217-0cda7f2984,Ascended Heroes,Sprigatito ex,251/217,676063,Sprigatito ex,LINKED
pkm-ascended-heroes-252-217-d3e28cbc0d,Ascended Heroes,Stunfisk ex,252/217,676064,Stunfisk ex - 252/217,SKIP_NAME_MISMATCH
pkm-ascended-heroes-253-217-61dfa154b0,Ascended Heroes,Mega Audino ex,253/217,676065,Mega Audino ex - 253/217,SKIP_NAME_MISMATCH
pkm-ascended-heroes-254-217-67779aaee0,Ascended Heroes,Anthea & Concordia,254/217,676066,Anthea & Concordia - 254/217,SKIP_NAME_MISMATCH
pkm-ascended-heroes-255-217-3384fc1979,Ascended Heroes,Black Belt's Training,255/217,676067,Black Belt's Training,LINKED
pkm-ascended-heroes-256-217-af64876b52,Ascended Heroes,Boss's Orders,256/217,676068,Boss's Orders [Corbeau] - 256/217,SKIP_NAME_MISMATCH
pkm-ascended-heroes-257-217-447390c73a,Ascended Heroes,Canari,257/217,676069,Canari - 257/217,SKIP_NAME_MISMATCH
pkm-ascended-heroes-258-217-f807773892,Ascended Heroes,Cheren,258/217,676070,Cheren,LINKED
pkm-ascended-heroes-259-217-67c25ff930,Ascended Heroes,Counter Gain,259/217,676071,Counter Gain - 259/217,SKIP_NAME_MISMATCH
pkm-ascended-heroes-260-217-ff6545953e,Ascended Heroes,Glass Trumpet,260/217,676072,Glass Trumpet - 260/217,SKIP_NAME_MISMATCH
pkm-ascended-heroes-261-217-49641f510f,Ascended Heroes,Jamming Tower,261/217,676073,Jamming Tower,LINKED
pkm-ascended-heroes-262-217-e3d81d858a,Ascended Heroes,N's PP Up,262/217,676074,N's PP Up - 262/217,SKIP_NAME_MISMATCH
pkm-ascended-heroes-263-217-50e8861917,Ascended Heroes,Team Rocket's Transceiver,263/217,676075,Team Rocket's Transceiver - 263/217,SKIP_NAME_MISMATCH
pkm-ascended-heroes-264-217-c6634f03a6,Ascended Heroes,Ultra Ball,264/217,676076,Ultra Ball - 264/217,SKIP_NAME_MISMATCH
pkm-ascended-heroes-265-217-ec728813b3,Ascended Heroes,Mega Froslass ex,265/217,676077,Mega Froslass ex - 265/217,SKIP_NAME_MISMATCH
pkm-ascended-heroes-266-217-e4239de80d,Ascended Heroes,Mega Eelektross ex,266/217,676078,Mega Eelektross ex - 266/217,SKIP_NAME_MISMATCH
pkm-ascended-heroes-267-217-569b717938,Ascended Heroes,Mega Diancie ex,267/217,676079,Mega Diancie ex - 267/217,SKIP_NAME_MISMATCH
pkm-ascended-heroes-268-217-99bdc43e8e,Ascended Heroes,Mega Hawlucha ex,268/217,676080,Mega Hawlucha ex - 268/217,SKIP_NAME_MISMATCH
pkm-ascended-heroes-269-217-3ebadc4fbb,Ascended Heroes,Mega Gengar ex,269/217,676081,Mega Gengar ex - 269/217,SKIP_NAME_MISMATCH
pkm-ascended-heroes-270-217-af14cdb735,Ascended Heroes,Mega Scrafty ex,270/217,676082,Mega Scrafty ex - 270/217,SKIP_NAME_MISMATCH
pkm-ascended-heroes-271-217-8410f9f08d,Ascended Heroes,Mega Dragonite ex,271/217,676083,Mega Dragonite ex - 271/217,SKIP_NAME_MISMATCH
pkm-ascended-heroes-272-217-c95c930a28,Ascended Heroes,Mega Meganium ex,272/217,676084,Mega Meganium ex - 272/217,SKIP_NAME_MISMATCH
pkm-ascended-heroes-273-217-46b2fbce3b,Ascended Heroes,Mega Emboar ex,273/217,676085,Mega Emboar ex - 273/217,SKIP_NAME_MISMATCH
pkm-ascended-heroes-274-217-ed1b586897,Ascended Heroes,Mega Feraligatr ex,274/217,676086,Mega Feraligatr ex - 274/217,SKIP_NAME_MISMATCH
pkm-ascended-heroes-275-217-75b7562c6c,Ascended Heroes,Mega Froslass ex,275/217,676087,Mega Froslass ex - 275/217,SKIP_NAME_MISMATCH
pkm-ascended-heroes-276-217-4a2a85816e,Ascended Heroes,Pikachu ex,276/217,676088,Pikachu ex - 276/217,SKIP_NAME_MISMATCH
pkm-ascended-heroes-277-217-43e7ff0e45,Ascended Heroes,Pikachu ex,277/217,676089,Pikachu ex - 277/217,SKIP_NAME_MISMATCH
pkm-ascended-heroes-278-217-5d7b297ab9,Ascended Heroes,Mega Eelektross ex,278/217,676090,Mega Eelektross ex - 278/217,SKIP_NAME_MISMATCH
pkm-ascended-heroes-279-217-9fd89a1ee9,Ascended Heroes,Iono's Bellibolt ex,279/217,676091,Iono's Bellibolt ex - 279/217,SKIP_NAME_MISMATCH
pkm-ascended-heroes-280-217-fce62cbcc3,Ascended Heroes,Lillie's Clefairy ex,280/217,676092,Lillie's Clefairy ex - 280/217,SKIP_NAME_MISMATCH
pkm-ascended-heroes-281-217-ecc7d69543,Ascended Heroes,Team Rocket's Mewtwo ex,281/217,676093,Team Rocket's Mewtwo ex - 281/217,SKIP_NAME_MISMATCH
pkm-ascended-heroes-282-217-6460e763f0,Ascended Heroes,Mega Diancie ex,282/217,676094,Mega Diancie ex - 282/217,SKIP_NAME_MISMATCH
pkm-ascended-heroes-283-217-53ca9617c3,Ascended Heroes,Mega Hawlucha ex,283/217,676095,Mega Hawlucha ex - 283/217,SKIP_NAME_MISMATCH
pkm-ascended-heroes-284-217-041eb577f6,Ascended Heroes,Mega Gengar ex,284/217,676096,Mega Gengar ex - 284/217,SKIP_NAME_MISMATCH
pkm-ascended-heroes-285-217-a220290b2b,Ascended Heroes,Mega Scrafty ex,285/217,676097,Mega Scrafty ex - 285/217,SKIP_NAME_MISMATCH
pkm-ascended-heroes-286-217-2905f7c68a,Ascended Heroes,N's Zoroark ex,286/217,676098,N's Zoroark ex - 286/217,SKIP_NAME_MISMATCH
pkm-ascended-heroes-287-217-5ded552b2d,Ascended Heroes,Marnie's Grimmsnarl ex,287/217,676099,Marnie's Grimmsnarl ex,LINKED
pkm-ascended-heroes-288-217-4cb4a3f1d3,Ascended Heroes,Fezandipiti ex,288/217,676100,Fezandipiti ex - 288/217,SKIP_NAME_MISMATCH
pkm-ascended-heroes-289-217-21e1a701f8,Ascended Heroes,Steven's Metagross ex,289/217,676101,Steven's Metagross ex,LINKED
pkm-ascended-heroes-290-217-1c1c1f5ce1,Ascended Heroes,Mega Dragonite ex,290/217,676102,Mega Dragonite ex - 290/217,SKIP_NAME_MISMATCH
pkm-ascended-heroes-291-217-0a09d0dd41,Ascended Heroes,Canari,291/217,676103,Canari - 291/217,SKIP_NAME_MISMATCH
pkm-ascended-heroes-293-217-eb7a419924,Ascended Heroes,Surfer,293/217,676105,Surfer - 293/217,SKIP_NAME_MISMATCH
pkm-ascended-heroes-294-217-3f49b2d1bf,Ascended Heroes,Mega Charizard Y ex,294/217,676106,Mega Charizard Y ex - 294/217,SKIP_NAME_MISMATCH
pkm-ascended-heroes-295-217-3d9f24420a,Ascended Heroes,Mega Dragonite ex,295/217,676107,Mega Dragonite ex - 295/217,SKIP_NAME_MISMATCH
pkm-celebrations-classic-collection-2-25-a4c772545f,Celebrations Classic Collection,Blastoise,2/25,250319,Blastoise,LINKED
pkm-celebrations-classic-collection-4-25-5852bbdb9f,Celebrations Classic Collection,Charizard,4/25,250320,Charizard,LINKED
pkm-celebrations-classic-collection-15-25-efd03afe42,Celebrations Classic Collection,Venusaur,15/25,250321,Venusaur,LINKED
pkm-celebrations-classic-collection-15-25-efd03afe42,Celebrations Classic Collection,Venusaur,15/25,250333,Claydol,SKIP_NAME_MISMATCH
pkm-celebrations-classic-collection-15-25-efd03afe42,Celebrations Classic Collection,Venusaur,15/25,250324,Rocket's Zapdos,SKIP_NAME_MISMATCH
pkm-celebrations-classic-collection-15-25-efd03afe42,Celebrations Classic Collection,Venusaur,15/25,250323,Here Comes Team Rocket!,SKIP_NAME_MISMATCH
pkm-celebrations-classic-collection-15-25-7303bc2f78,Celebrations Classic Collection,Here Comes Team Rocket!,15/25,250321,Venusaur,SKIP_NAME_MISMATCH
pkm-celebrations-classic-collection-15-25-7303bc2f78,Celebrations Classic Collection,Here Comes Team Rocket!,15/25,250333,Claydol,SKIP_NAME_MISMATCH
pkm-celebrations-classic-collection-15-25-7303bc2f78,Celebrations Classic Collection,Here Comes Team Rocket!,15/25,250324,Rocket's Zapdos,SKIP_NAME_MISMATCH
pkm-celebrations-classic-collection-15-25-7303bc2f78,Celebrations Classic Collection,Here Comes Team Rocket!,15/25,250323,Here Comes Team Rocket!,LINKED
pkm-celebrations-classic-collection-15-25-8d7dc345ea,Celebrations Classic Collection,Rocket's Zapdos,15/25,250321,Venusaur,SKIP_NAME_MISMATCH
pkm-celebrations-classic-collection-15-25-8d7dc345ea,Celebrations Classic Collection,Rocket's Zapdos,15/25,250333,Claydol,SKIP_NAME_MISMATCH
pkm-celebrations-classic-collection-15-25-8d7dc345ea,Celebrations Classic Collection,Rocket's Zapdos,15/25,250324,Rocket's Zapdos,LINKED
pkm-celebrations-classic-collection-15-25-8d7dc345ea,Celebrations Classic Collection,Rocket's Zapdos,15/25,250323,Here Comes Team Rocket!,SKIP_NAME_MISMATCH
pkm-celebrations-classic-collection-15-25-66894e7e46,Celebrations Classic Collection,Claydol,15/25,250321,Venusaur,SKIP_NAME_MISMATCH
pkm-celebrations-classic-collection-15-25-66894e7e46,Celebrations Classic Collection,Claydol,15/25,250333,Claydol,LINKED
pkm-celebrations-classic-collection-15-25-66894e7e46,Celebrations Classic Collection,Claydol,15/25,250324,Rocket's Zapdos,SKIP_NAME_MISMATCH
pkm-celebrations-classic-collection-15-25-66894e7e46,Celebrations Classic Collection,Claydol,15/25,250323,Here Comes Team Rocket!,SKIP_NAME_MISMATCH
pkm-celebrations-classic-collection-8-25-4323f07d30,Celebrations Classic Collection,Dark Gyarados,8/25,250294,Dark Gyarados,LINKED
pkm-celebrations-classic-collection-24-25-67d46ce882,Celebrations Classic Collection,_____'s Pikachu,24/25,250325,______'s Pikachu,LINKED
pkm-celebrations-classic-collection-20-25-0e78d81c81,Celebrations Classic Collection,Cleffa,20/25,250326,Cleffa,LINKED
pkm-celebrations-classic-collection-66-25-70dccf6e40,Celebrations Classic Collection,Shining Magikarp,66/25,250327,Shining Magikarp,LINKED
pkm-celebrations-classic-collection-9-25-a7c96816b4,Celebrations Classic Collection,Team Magma's Groudon,9/25,250328,Team Magma's Groudon,LINKED
pkm-celebrations-classic-collection-86-25-740c32b945,Celebrations Classic Collection,Rocket's Admin.,86/25,250329,Rocket's Admin.,LINKED
pkm-celebrations-classic-collection-88-25-da9333978d,Celebrations Classic Collection,Mew ex,88/25,250330,Mew ex,LINKED
pkm-celebrations-classic-collection-93-25-aeee606c54,Celebrations Classic Collection,Gardevoir ex δ,93/25,250331,Gardevoir ex (Delta Species),LINKED
pkm-celebrations-classic-collection-17-25-857058720b,Celebrations Classic Collection,Umbreon ★,17/25,250332,Umbreon Star,SKIP_NAME_MISMATCH
pkm-celebrations-classic-collection-109-25-306134bc17,Celebrations Classic Collection,Luxray GL LV.X,109/25,250334,Luxray GL LV.X,LINKED
pkm-celebrations-classic-collection-145-25-1057944ab3,Celebrations Classic Collection,Garchomp C LV.X,145/25,250335,Garchomp C LV.X,LINKED
pkm-celebrations-classic-collection-107-25-3c51e1f7f7,Celebrations Classic Collection,Donphan,107/25,250336,Donphan (Prime),LINKED
pkm-celebrations-classic-collection-113-25-e2c4322895,Celebrations Classic Collection,Reshiram,113/25,250337,Reshiram,LINKED
pkm-celebrations-classic-collection-114-25-a3d2d38b79,Celebrations Classic Collection,Zekrom,114/25,250338,Zekrom,LINKED
pkm-celebrations-classic-collection-54-25-3e9f07bf7d,Celebrations Classic Collection,Mewtwo-EX,54/25,250339,Mewtwo EX,LINKED
pkm-celebrations-classic-collection-97-25-db16ecf6f1,Celebrations Classic Collection,Xerneas-EX,97/25,250340,Xerneas EX,LINKED
pkm-celebrations-classic-collection-76-25-11505d7445,Celebrations Classic Collection,M Rayquaza-EX,76/25,250341,M Rayquaza EX,LINKED
pkm-celebrations-classic-collection-60-25-527e299d51,Celebrations Classic Collection,Tapu Lele-GX,60/25,250342,Tapu Lele GX,LINKED
pkm-celebrations-1-25-aa4e5d5b01,Celebrations,Ho-Oh,1/25,250300,Ho-Oh,LINKED
pkm-celebrations-2-25-a5a1e092f3,Celebrations,Reshiram,2/25,250301,Reshiram,LINKED
pkm-celebrations-3-25-952a5f8e44,Celebrations,Kyogre,3/25,250298,Kyogre,LINKED
pkm-celebrations-4-25-35e2ac27d7,Celebrations,Palkia,4/25,250302,Palkia,LINKED
pkm-celebrations-5-25-8ec5a94bfb,Celebrations,Pikachu,5/25,250303,Pikachu,LINKED
pkm-celebrations-6-25-d8c4b4d899,Celebrations,Flying Pikachu V,6/25,250304,Flying Pikachu V,LINKED
pkm-celebrations-7-25-c6f724b1e9,Celebrations,Flying Pikachu VMAX,7/25,250305,Flying Pikachu VMAX,LINKED
pkm-celebrations-8-25-1ca112de62,Celebrations,Surfing Pikachu V,8/25,250306,Surfing Pikachu V,LINKED
pkm-celebrations-9-25-66ae49144f,Celebrations,Surfing Pikachu VMAX,9/25,250307,Surfing Pikachu VMAX,LINKED
pkm-celebrations-10-25-47aa44aaec,Celebrations,Zekrom,10/25,250308,Zekrom,LINKED
pkm-celebrations-11-25-1d77461fe5,Celebrations,Mew,11/25,250309,Mew,LINKED
pkm-celebrations-12-25-b50ea3301e,Celebrations,Xerneas,12/25,250310,Xerneas,LINKED
pkm-celebrations-13-25-1f8b86a464,Celebrations,Cosmog,13/25,250311,Cosmog,LINKED
pkm-celebrations-14-25-0c0cab4836,Celebrations,Cosmoem,14/25,250297,Cosmoem,LINKED
pkm-celebrations-14-25-0c0cab4836,Celebrations,Cosmoem,14/25,600428,Ponyta,SKIP_NAME_MISMATCH
pkm-celebrations-15-25-8001c1dc81,Celebrations,Lunala,15/25,250312,Lunala,LINKED
pkm-celebrations-16-25-8f43c5d756,Celebrations,Zacian V,16/25,250313,Zacian V,LINKED
pkm-celebrations-17-25-219758f747,Celebrations,Groudon,17/25,250314,Groudon,LINKED
pkm-celebrations-18-25-face5dc3b4,Celebrations,Zamazenta V,18/25,250299,Zamazenta V,LINKED
pkm-celebrations-19-25-fc95612c59,Celebrations,Yveltal,19/25,250315,Yveltal,LINKED
pkm-celebrations-20-25-6e8a21cd38,Celebrations,Dialga,20/25,250296,Dialga,LINKED
pkm-celebrations-21-25-612718df58,Celebrations,Solgaleo,21/25,250316,Solgaleo,LINKED
pkm-celebrations-22-25-da93861873,Celebrations,Lugia,22/25,250317,Lugia,LINKED
pkm-celebrations-23-25-272c5e0b78,Celebrations,Professor's Research (Professor Oak),23/25,250318,Professor's Research,SKIP_NAME_MISMATCH
pkm-celebrations-24-25-1910342999,Celebrations,Professor's Research (Professor Oak),24/25,250293,Professor's Research (Full Art),SKIP_NAME_MISMATCH
pkm-celebrations-25-25-d1db8b4b17,Celebrations,Mew,25/25,250295,Mew (Secret),LINKED
pkm-go-1-78-4b633e109e,GO,Bulbasaur,1/78,274433,Bulbasaur,LINKED
pkm-go-2-78-2186dff9ef,GO,Ivysaur,2/78,274434,Ivysaur,LINKED
pkm-go-3-78-dc82265471,GO,Venusaur,3/78,274435,Venusaur,LINKED
pkm-go-4-78-daf9b74178,GO,Radiant Venusaur,4/78,274465,Radiant Venusaur,LINKED
pkm-go-5-78-6f129cefd2,GO,Alolan Exeggutor V,5/78,276943,Alolan Exeggutor V,LINKED
pkm-go-6-78-f75d9e8b5c,GO,Spinarak,6/78,276944,Spinarak,LINKED
pkm-go-6-78-f75d9e8b5c,GO,Spinarak,6/78,277793,Spinarak (Peelable Ditto),LINKED
pkm-go-7-78-282d1580fe,GO,Ariados,7/78,276945,Ariados,LINKED
pkm-go-8-78-93ceb658c3,GO,Charmander,8/78,274436,Charmander,LINKED
pkm-go-9-78-39e5ac32ac,GO,Charmeleon,9/78,274438,Charmeleon,LINKED
pkm-go-10-78-1cbc6aeb79,GO,Charizard,10/78,274439,Charizard,LINKED
pkm-go-11-78-9e862dc4bd,GO,Radiant Charizard,11/78,274467,Radiant Charizard,LINKED
pkm-go-12-78-e887e53b30,GO,Moltres,12/78,276953,Moltres,LINKED
pkm-go-13-78-4184688ff5,GO,Numel,13/78,276947,Numel,LINKED
pkm-go-13-78-4184688ff5,GO,Numel,13/78,277791,Numel (Peelable Ditto),LINKED
pkm-go-14-78-6751b07ccf,GO,Camerupt,14/78,276948,Camerupt,LINKED
pkm-go-15-78-46a3858d82,GO,Squirtle,15/78,274445,Squirtle,LINKED
pkm-go-16-78-59bea74793,GO,Wartortle,16/78,274451,Wartortle,LINKED
pkm-go-17-78-b5df9fd3d0,GO,Blastoise,17/78,274453,Blastoise,LINKED
pkm-go-18-78-bebe5fc792,GO,Radiant Blastoise,18/78,274468,Radiant Blastoise,LINKED
pkm-go-19-78-77a6fadb86,GO,Slowpoke,19/78,276949,Slowpoke,LINKED
pkm-go-20-78-9cc2da166c,GO,Slowbro,20/78,276950,Slowbro,LINKED
pkm-go-21-78-67a2d9463c,GO,Magikarp,21/78,276951,Magikarp,LINKED
pkm-go-22-78-6344ba617c,GO,Gyarados,22/78,276955,Gyarados,LINKED
pkm-go-23-78-648c3027fc,GO,Lapras,23/78,276957,Lapras,LINKED
pkm-go-24-78-9a5a450100,GO,Articuno,24/78,276959,Articuno,LINKED
pkm-go-25-78-5e7a6342be,GO,Wimpod,25/78,274457,Wimpod,LINKED
pkm-go-26-78-685a881c7f,GO,Golisopod,26/78,274459,Golisopod,LINKED
pkm-go-27-78-fb97ce524d,GO,Pikachu,27/78,276946,Pikachu (27),LINKED
pkm-go-28-78-4ebce5952d,GO,Pikachu,28/78,274461,Pikachu (28),LINKED
pkm-go-29-78-007896e46f,GO,Zapdos,29/78,276954,Zapdos,LINKED
pkm-go-30-78-d2f43f9c1f,GO,Mewtwo V,30/78,276960,Mewtwo V,LINKED
pkm-go-31-78-00d7d30218,GO,Mewtwo VSTAR,31/78,276963,Mewtwo VSTAR,LINKED
pkm-go-32-78-e322988a18,GO,Natu,32/78,276966,Natu,LINKED
pkm-go-33-78-88fc964992,GO,Xatu,33/78,276969,Xatu,LINKED
pkm-go-34-78-eead63f699,GO,Lunatone,34/78,276972,Lunatone,LINKED
pkm-go-35-78-a27625e2ed,GO,Sylveon,35/78,276976,Sylveon,LINKED
pkm-go-36-78-74192be31f,GO,Onix,36/78,276981,Onix,LINKED
pkm-go-37-78-90de944d0a,GO,Larvitar,37/78,276984,Larvitar,LINKED
pkm-go-38-78-790c1f3098,GO,Pupitar,38/78,276990,Pupitar,LINKED
pkm-go-39-78-16a8f3050c,GO,Solrock,39/78,276993,Solrock,LINKED
pkm-go-40-78-c909c3aa88,GO,Conkeldurr V,40/78,276999,Conkeldurr V,LINKED
pkm-go-41-78-e94f4fd006,GO,Alolan Rattata,41/78,277002,Alolan Rattata,LINKED
pkm-go-42-78-defc47f2c0,GO,Alolan Raticate,42/78,277003,Alolan Raticate,LINKED
pkm-go-43-78-f564ff5fd1,GO,Tyranitar,43/78,277007,Tyranitar,LINKED
pkm-go-44-78-e85917c954,GO,Steelix,44/78,277012,Steelix,LINKED
pkm-go-45-78-f17b9930b5,GO,Meltan,45/78,277027,Meltan,LINKED
pkm-go-46-78-b61b813f42,GO,Melmetal,46/78,277016,Melmetal,LINKED
pkm-go-47-78-df4933cbd2,GO,Melmetal V,47/78,277019,Melmetal V,LINKED
pkm-go-48-78-7e9223e8b4,GO,Melmetal VMAX,48/78,277023,Melmetal VMAX,LINKED
pkm-go-49-78-57b6151c04,GO,Dragonite V,49/78,276962,Dragonite V,LINKED
pkm-go-50-78-a7009685e9,GO,Dragonite VSTAR,50/78,276964,Dragonite VSTAR,LINKED
pkm-go-51-78-d946dac020,GO,Chansey,51/78,276965,Chansey,LINKED
pkm-go-52-78-91a8d18618,GO,Blissey,52/78,276967,Blissey,LINKED
pkm-go-53-78-450132d11c,GO,Ditto,53/78,276971,Ditto,LINKED
pkm-go-54-78-e694fd6ff1,GO,Eevee,54/78,276973,Eevee,LINKED
pkm-go-55-78-d21b5706ee,GO,Snorlax,55/78,276974,Snorlax,LINKED
pkm-go-56-78-f715172cef,GO,Aipom,56/78,276975,Aipom,LINKED
pkm-go-57-78-d542479d5a,GO,Ambipom,57/78,276978,Ambipom,LINKED
pkm-go-58-78-ce3321259f,GO,Slaking V,58/78,276980,Slaking V,LINKED
pkm-go-59-78-94bf859c21,GO,Bidoof,59/78,276982,Bidoof,LINKED
pkm-go-59-78-94bf859c21,GO,Bidoof,59/78,277788,Bidoof (Peelable Ditto),LINKED
pkm-go-60-78-dc56431871,GO,Bibarel,60/78,276983,Bibarel,LINKED
pkm-go-61-78-4eddbebc6e,GO,Pidove,61/78,276985,Pidove,LINKED
pkm-go-62-78-f028d06887,GO,Tranquill,62/78,276988,Tranquill,LINKED
pkm-go-63-78-4e69c1160f,GO,Unfezant,63/78,276989,Unfezant,LINKED
pkm-go-64-78-5abaf74208,GO,Blanche,64/78,276991,Blanche,LINKED
pkm-go-65-78-12a5c6915a,GO,Candela,65/78,276992,Candela,LINKED
pkm-go-66-78-56efa661b7,GO,Egg Incubator,66/78,276994,Egg Incubator,LINKED
pkm-go-67-78-0a5dc63a25,GO,Lure Module,67/78,276995,Lure Module,LINKED
pkm-go-68-78-7d9514398b,GO,PokéStop,68/78,276996,PokeStop,SKIP_NAME_MISMATCH
pkm-go-69-78-9495657d2c,GO,Rare Candy,69/78,276997,Rare Candy,LINKED
pkm-go-70-78-b2067f631b,GO,Spark,70/78,276998,Spark,LINKED
pkm-go-71-78-5bb71a4ad2,GO,Alolan Exeggutor V,71/78,277000,Alolan Exeggutor V (Full Art),LINKED
pkm-go-72-78-42dd424beb,GO,Mewtwo V,72/78,274470,Mewtwo V (Alternate Full Art),LINKED
pkm-go-73-78-952860e4c9,GO,Conkeldurr V,73/78,277001,Conkeldurr V (Full Art),LINKED
pkm-go-74-78-977285581c,GO,Conkeldurr V,74/78,277004,Conkeldurr V (Alternate Full Art),LINKED
pkm-go-75-78-75007ee7af,GO,Melmetal V,75/78,277005,Melmetal V (Full Art),LINKED
pkm-go-76-78-407a4fff2c,GO,Dragonite V,76/78,277006,Dragonite V (Full Art),LINKED
pkm-go-77-78-dd0003a64d,GO,Slaking V,77/78,277008,Slaking V (Full Art),LINKED
pkm-go-78-78-3f0513a57c,GO,Professor's Research,78/78,277009,Professor's Research (Full Art),LINKED
pkm-go-79-78-4bc2f7f9e3,GO,Mewtwo VSTAR,79/78,277011,Mewtwo VSTAR (79) (Secret),LINKED
pkm-go-80-78-8c8469a6fc,GO,Melmetal VMAX,80/78,277013,Melmetal VMAX (Secret),LINKED
pkm-go-81-78-7cb8578a6f,GO,Dragonite VSTAR,81/78,277014,Dragonite VSTAR (Secret),LINKED
pkm-go-82-78-3fc06041b2,GO,Blanche,82/78,277015,Blanche (Secret),LINKED
pkm-go-83-78-728ed03dc9,GO,Candela,83/78,277017,Candela (Secret),LINKED
pkm-go-84-78-ca49c38f01,GO,Professor's Research,84/78,277018,Professor's Research (Secret),LINKED
pkm-go-85-78-b0b23508ee,GO,Spark,85/78,277020,Spark (Secret),LINKED
pkm-go-86-78-b8fe726295,GO,Mewtwo VSTAR,86/78,277024,Mewtwo VSTAR (86) (Secret),LINKED
pkm-go-87-78-3bf4845a71,GO,Egg Incubator,87/78,277025,Egg Incubator (Secret),LINKED
pkm-go-88-78-f95fc94a53,GO,Lure Module,88/78,277026,Lure Module (Secret),LINKED
pkm-shining-fates-1-72-4f0dfbd50d,Shining Fates,Yanma,1/72,232348,Yanma,LINKED
pkm-shining-fates-2-72-08139417c4,Shining Fates,Yanmega,2/72,232349,Yanmega,LINKED
pkm-shining-fates-3-72-373b047d10,Shining Fates,Celebi,3/72,232352,Celebi,LINKED
pkm-shining-fates-4-72-b1dcbfc051,Shining Fates,Cacnea,4/72,232355,Cacnea,LINKED
pkm-shining-fates-5-72-917893ce9a,Shining Fates,Tropius,5/72,232358,Tropius,LINKED
pkm-shining-fates-6-72-187a5edb06,Shining Fates,Rowlet,6/72,232364,Rowlet,LINKED
pkm-shining-fates-7-72-f30501dc96,Shining Fates,Dartrix,7/72,232367,Dartrix,LINKED
pkm-shining-fates-8-72-cee4aa59e6,Shining Fates,Decidueye,8/72,232372,Decidueye,LINKED
pkm-shining-fates-9-72-a118f2503a,Shining Fates,Dhelmise V,9/72,232376,Dhelmise V,LINKED
pkm-shining-fates-10-72-61cbe06b09,Shining Fates,Dhelmise VMAX,10/72,232380,Dhelmise VMAX,LINKED
pkm-shining-fates-11-72-5f4c412d0e,Shining Fates,Grookey,11/72,232381,Grookey,LINKED
pkm-shining-fates-12-72-86f9a323a6,Shining Fates,Thwackey,12/72,232386,Thwackey,LINKED
pkm-shining-fates-13-72-bd0377b783,Shining Fates,Rillaboom,13/72,232389,Rillaboom,LINKED
pkm-shining-fates-14-72-199999ab46,Shining Fates,Gossifleur,14/72,232392,Gossifleur,LINKED
pkm-shining-fates-15-72-20ee54f1d2,Shining Fates,Eldegoss,15/72,232394,Eldegoss,LINKED
pkm-shining-fates-16-72-f26cac0914,Shining Fates,Zarude,16/72,232398,Zarude,LINKED
pkm-shining-fates-17-72-db9ecef224,Shining Fates,Reshiram,17/72,232402,Reshiram,LINKED
pkm-shining-fates-18-72-d62db1dfa6,Shining Fates,Cinderace V,18/72,232406,Cinderace V,LINKED
pkm-shining-fates-19-72-b207b23a8c,Shining Fates,Cinderace VMAX,19/72,232407,Cinderace VMAX,LINKED
pkm-shining-fates-20-72-acc2c4ac80,Shining Fates,Horsea,20/72,232409,Horsea,LINKED
pkm-shining-fates-21-72-e3dd4a1c4b,Shining Fates,Kyogre,21/72,232414,Kyogre,LINKED
pkm-shining-fates-22-72-ab10234791,Shining Fates,Buizel,22/72,232418,Buizel,LINKED
pkm-shining-fates-23-72-2dff857953,Shining Fates,Floatzel,23/72,232419,Floatzel,LINKED
pkm-shining-fates-24-72-c7cd2721c5,Shining Fates,Manaphy,24/72,232424,Manaphy,LINKED
pkm-shining-fates-25-72-aa1a44f9bd,Shining Fates,Volcanion,25/72,232427,Volcanion,LINKED
pkm-shining-fates-26-72-9760eb24e8,Shining Fates,Chewtle,26/72,232430,Chewtle,LINKED
pkm-shining-fates-27-72-687f85d00c,Shining Fates,Drednaw,27/72,232433,Drednaw,LINKED
pkm-shining-fates-28-72-3505685566,Shining Fates,Cramorant,28/72,232438,Cramorant,LINKED
pkm-shining-fates-29-72-6501396005,Shining Fates,Snom,29/72,232446,Snom,LINKED
pkm-shining-fates-30-72-1eb8c645bf,Shining Fates,Frosmoth,30/72,232448,Frosmoth,LINKED
pkm-shining-fates-31-72-ee057aed26,Shining Fates,Shinx,31/72,232455,Shinx,LINKED
pkm-shining-fates-32-72-a6e94c81cd,Shining Fates,Luxio,32/72,232459,Luxio,LINKED
pkm-shining-fates-33-72-3f8bd65d0a,Shining Fates,Luxray,33/72,232463,Luxray,LINKED
pkm-shining-fates-34-72-113d5f5beb,Shining Fates,Rotom,34/72,232467,Rotom,LINKED
pkm-shining-fates-35-72-5bdd30e86a,Shining Fates,Morpeko,35/72,232468,Morpeko (035),LINKED
pkm-shining-fates-36-72-fc23392236,Shining Fates,Morpeko,36/72,232470,Morpeko (036),LINKED
pkm-shining-fates-37-72-d145dd7045,Shining Fates,Morpeko V,37/72,232475,Morpeko V,LINKED
pkm-shining-fates-38-72-0ef637b967,Shining Fates,Morpeko VMAX,38/72,232478,Morpeko VMAX,LINKED
pkm-shining-fates-39-72-9cd139cf38,Shining Fates,Indeedee V,39/72,232484,Indeedee V,LINKED
pkm-shining-fates-40-72-4d34a1eb92,Shining Fates,Trapinch,40/72,232490,Trapinch,LINKED
pkm-shining-fates-41-72-4ee28c99a8,Shining Fates,Koffing,41/72,232497,Koffing,LINKED
pkm-shining-fates-42-72-73286e349b,Shining Fates,Galarian Weezing,42/72,232505,Galarian Weezing,LINKED
pkm-shining-fates-43-72-8f15034549,Shining Fates,Spinarak,43/72,232509,Spinarak,LINKED
pkm-shining-fates-44-72-9e44b639d2,Shining Fates,Crobat V,44/72,232512,Crobat V,LINKED
pkm-shining-fates-45-72-df26ffc5a5,Shining Fates,Crobat VMAX,45/72,232515,Crobat VMAX,LINKED
pkm-shining-fates-46-72-ea06e0c5b5,Shining Fates,Yveltal,46/72,232519,Yveltal,LINKED
pkm-shining-fates-47-72-ddbefff02b,Shining Fates,Nickit,47/72,232520,Nickit,LINKED
pkm-shining-fates-48-72-cd0d10bbf6,Shining Fates,Thievul,48/72,232522,Thievul,LINKED
pkm-shining-fates-49-72-8410e3f12f,Shining Fates,Cufant,49/72,232523,Cufant,LINKED
pkm-shining-fates-50-72-8933ff4d0a,Shining Fates,Ditto V,50/72,232524,Ditto V,LINKED
pkm-shining-fates-51-72-9a3effc724,Shining Fates,Ditto VMAX,51/72,232526,Ditto VMAX,LINKED
pkm-shining-fates-52-72-648605bd87,Shining Fates,Eevee,52/72,232528,Eevee,LINKED
pkm-shining-fates-53-72-271055a9b8,Shining Fates,Greedent V,53/72,232530,Greedent V,LINKED
pkm-shining-fates-54-72-97212daca1,Shining Fates,Cramorant V,54/72,232532,Cramorant V,LINKED
pkm-shining-fates-55-72-88f97f4d04,Shining Fates,Cramorant VMAX,55/72,232534,Cramorant VMAX,LINKED
pkm-shining-fates-56-72-45c0100225,Shining Fates,Indeedee,56/72,232547,Indeedee,LINKED
pkm-shining-fates-57-72-fbb055d7f6,Shining Fates,Ball Guy,57/72,232540,Ball Guy,LINKED
pkm-shining-fates-58-72-412aeed701,Shining Fates,Boss's Orders,58/72,232546,Boss's Orders,LINKED
pkm-shining-fates-59-72-cc5e5dc7c1,Shining Fates,Gym Trainer,59/72,232536,Gym Trainer,LINKED
pkm-shining-fates-60-72-15278f262a,Shining Fates,Professor's Research,60/72,232545,Professor's Research,LINKED
pkm-shining-fates-61-72-91bd2af55c,Shining Fates,Rusted Shield,61/72,232544,Rusted Shield,LINKED
pkm-shining-fates-62-72-feb9952586,Shining Fates,Rusted Sword,62/72,232543,Rusted Sword,LINKED
pkm-shining-fates-63-72-f772524414,Shining Fates,Team Yell Towel,63/72,232542,Team Yell Towel,LINKED
pkm-shining-fates-64-72-0421118bc2,Shining Fates,Alcremie V,64/72,232541,Alcremie V (Full Art),LINKED
pkm-shining-fates-65-72-6d1819d7c2,Shining Fates,Ball Guy,65/72,232539,Ball Guy (Full Art),LINKED
pkm-shining-fates-66-72-2632155461,Shining Fates,Bird Keeper,66/72,232538,Bird Keeper (Full Art),LINKED
pkm-shining-fates-67-72-27ff0032d8,Shining Fates,Cara Liss,67/72,232537,Cara Liss (Full Art),LINKED
pkm-shining-fates-68-72-dc61548048,Shining Fates,Gym Trainer,68/72,232535,Gym Trainer (Full Art),LINKED
pkm-shining-fates-69-72-465d2a70c0,Shining Fates,Piers,69/72,232533,Piers (Full Art),LINKED
pkm-shining-fates-70-72-b52ad82e6f,Shining Fates,Poké Kid,70/72,232531,Poke Kid (Full Art),SKIP_NAME_MISMATCH
pkm-shining-fates-71-72-6f6f96a5d3,Shining Fates,Rose,71/72,232529,Rose (Full Art),LINKED
pkm-shining-fates-72-72-d21c287bdb,Shining Fates,Skyla,72/72,232527,Skyla (Full Art),LINKED
pkm-shining-fates-73-72-fcf27a794d,Shining Fates,Alcremie VMAX,73/72,232525,Alcremie VMAX (Secret),LINKED
pkm-base-set-2-1-130-05adb1bd75,Base Set 2,Alakazam,1/130,42444,Alakazam,LINKED
pkm-base-set-2-2-130-27781937c7,Base Set 2,Blastoise,2/130,42464,Blastoise,LINKED
pkm-base-set-2-3-130-3751302479,Base Set 2,Chansey,3/130,42471,Chansey,LINKED
pkm-base-set-2-4-130-017564c13b,Base Set 2,Charizard,4/130,42479,Charizard,LINKED
pkm-base-set-2-5-130-c20df189bc,Base Set 2,Clefable,5/130,42482,Clefable,LINKED
pkm-base-set-2-6-130-ac50c8fc37,Base Set 2,Clefairy,6/130,42483,Clefairy,LINKED
pkm-base-set-2-7-130-470879e9d4,Base Set 2,Gyarados,7/130,42489,Gyarados,LINKED
pkm-base-set-2-8-130-5134fb7df6,Base Set 2,Hitmonchan,8/130,42496,Hitmonchan,LINKED
pkm-base-set-2-9-130-6325027d08,Base Set 2,Magneton,9/130,42497,Magneton,LINKED
pkm-base-set-2-10-130-691fb8f7ed,Base Set 2,Mewtwo,10/130,42445,Mewtwo,LINKED
pkm-base-set-2-11-130-062e052879,Base Set 2,Nidoking,11/130,42448,Nidoking,LINKED
pkm-base-set-2-12-130-c122f0c3c6,Base Set 2,Nidoqueen,12/130,42453,Nidoqueen,LINKED
pkm-base-set-2-13-130-50e5bb1542,Base Set 2,Ninetales,13/130,42457,Ninetales,LINKED
pkm-base-set-2-14-130-944b6048e0,Base Set 2,Pidgeot,14/130,42458,Pidgeot,LINKED
pkm-base-set-2-15-130-b9da7005f0,Base Set 2,Poliwrath,15/130,42459,Poliwrath,LINKED
pkm-base-set-2-16-130-0bfa77472e,Base Set 2,Raichu,16/130,42460,Raichu,LINKED
pkm-base-set-2-17-130-cfd2d05400,Base Set 2,Scyther,17/130,42461,Scyther,LINKED
pkm-base-set-2-18-130-c7968aeb18,Base Set 2,Venusaur,18/130,42462,Venusaur,LINKED
pkm-base-set-2-19-130-87354d02c9,Base Set 2,Wigglytuff,19/130,42463,Wigglytuff,LINKED
pkm-base-set-2-20-130-122a733299,Base Set 2,Zapdos,20/130,42465,Zapdos,LINKED
pkm-base-set-2-21-130-da4848e2a5,Base Set 2,Beedrill,21/130,42466,Beedrill,LINKED
pkm-base-set-2-22-130-67c342be13,Base Set 2,Dragonair,22/130,42467,Dragonair,LINKED
pkm-base-set-2-23-130-4190a6f4fa,Base Set 2,Dugtrio,23/130,42468,Dugtrio,LINKED
pkm-base-set-2-24-130-25eefdeb03,Base Set 2,Electabuzz,24/130,42469,Electabuzz,LINKED
pkm-base-set-2-25-130-3427180196,Base Set 2,Electrode,25/130,42470,Electrode,LINKED
pkm-base-set-2-26-130-835fc0732e,Base Set 2,Kangaskhan,26/130,42498,Kangaskhan,LINKED
pkm-base-set-2-27-130-85cb9f64b6,Base Set 2,Mr. Mime,27/130,42499,Mr. Mime,LINKED
pkm-base-set-2-28-130-ba41fd5935,Base Set 2,Pidgeotto,28/130,42500,Pidgeotto,LINKED
pkm-base-set-2-29-130-d6a56d9b56,Base Set 2,Pinsir,29/130,42501,Pinsir,LINKED
pkm-base-set-2-30-130-305ba61a64,Base Set 2,Snorlax,30/130,42502,Snorlax,LINKED
pkm-base-set-2-31-130-a14b8cd7f1,Base Set 2,Venomoth,31/130,42503,Venomoth,LINKED
pkm-base-set-2-32-130-4d2ffd5a6f,Base Set 2,Victreebel,32/130,42504,Victreebel,LINKED
pkm-base-set-2-33-130-5afbb6b373,Base Set 2,Arcanine,33/130,42472,Arcanine,LINKED
pkm-base-set-2-34-130-69852f107c,Base Set 2,Butterfree,34/130,42473,Butterfree,LINKED
pkm-base-set-2-35-130-fd300a8980,Base Set 2,Charmeleon,35/130,42474,Charmeleon,LINKED
pkm-base-set-2-36-130-facfd36ade,Base Set 2,Dewgong,36/130,42475,Dewgong,LINKED
pkm-base-set-2-37-130-0edc15acb1,Base Set 2,Dodrio,37/130,42476,Dodrio,LINKED
pkm-base-set-2-39-130-a86bba4c20,Base Set 2,Exeggutor,39/130,42478,Exeggutor,LINKED
pkm-base-set-2-40-130-89aa6565d3,Base Set 2,Farfetch'd,40/130,42480,Farfetch'd,LINKED
pkm-base-set-2-41-130-548e41973b,Base Set 2,Fearow,41/130,42481,Fearow,LINKED
pkm-base-set-2-42-130-cf1df6c93a,Base Set 2,Growlithe,42/130,42505,Growlithe,LINKED
pkm-base-set-2-43-130-576dbd1776,Base Set 2,Haunter,43/130,42506,Haunter,LINKED
pkm-base-set-2-44-130-f9069e380e,Base Set 2,Ivysaur,44/130,42507,Ivysaur,LINKED
pkm-base-set-2-45-130-e346529fbf,Base Set 2,Jynx,45/130,42508,Jynx,LINKED
pkm-base-set-2-46-130-03cd4ff640,Base Set 2,Kadabra,46/130,42509,Kadabra,LINKED
pkm-base-set-2-47-130-bd21e408da,Base Set 2,Kakuna,47/130,42510,Kakuna,LINKED
pkm-base-set-2-48-130-b792a7643a,Base Set 2,Lickitung,48/130,42511,Lickitung,LINKED
pkm-base-set-2-49-130-d20d262e27,Base Set 2,Machoke,49/130,42512,Machoke,LINKED
pkm-base-set-2-50-130-5b65466261,Base Set 2,Magikarp,50/130,42513,Magikarp,LINKED
pkm-base-set-2-51-130-e6d2dc8944,Base Set 2,Magmar,51/130,42514,Magmar,LINKED
pkm-base-set-2-52-130-128c9fd016,Base Set 2,Marowak,52/130,42515,Marowak,LINKED
pkm-base-set-2-53-130-57647951ec,Base Set 2,Nidorina,53/130,42516,Nidorina,LINKED
pkm-base-set-2-54-130-713e59b112,Base Set 2,Nidorino,54/130,42517,Nidorino,LINKED
pkm-base-set-2-55-130-51a9ce5bb5,Base Set 2,Parasect,55/130,42518,Parasect,LINKED
pkm-base-set-2-56-130-cd5e3d4af1,Base Set 2,Persian,56/130,42519,Persian,LINKED
pkm-base-set-2-57-130-1ab1ec0247,Base Set 2,Poliwhirl,57/130,42520,Poliwhirl,LINKED
pkm-base-set-2-58-130-1b52bfcd1a,Base Set 2,Raticate,58/130,42521,Raticate,LINKED
pkm-base-set-2-59-130-9b8087acb6,Base Set 2,Rhydon,59/130,42522,Rhydon,LINKED
pkm-base-set-2-60-130-ee81117e2d,Base Set 2,Seaking,60/130,42523,Seaking,LINKED
pkm-base-set-2-61-130-b01602b552,Base Set 2,Seel,61/130,42524,Seel,LINKED
pkm-base-set-2-62-130-40b48ed227,Base Set 2,Tauros,62/130,42525,Tauros,LINKED
pkm-base-set-2-63-130-fe574bb0b5,Base Set 2,Wartortle,63/130,42526,Wartortle,LINKED
pkm-base-set-2-64-130-f47db679e3,Base Set 2,Weepinbell,64/130,42527,Weepinbell,LINKED
pkm-base-set-2-65-130-eb578bc14c,Base Set 2,Abra,65/130,42484,Abra,LINKED
pkm-base-set-2-66-130-70ab958536,Base Set 2,Bellsprout,66/130,42485,Bellsprout,LINKED
pkm-base-set-2-67-130-632af64a4e,Base Set 2,Bulbasaur,67/130,42486,Bulbasaur,LINKED
pkm-base-set-2-68-130-c548e9fd8c,Base Set 2,Caterpie,68/130,42487,Caterpie,LINKED
pkm-base-set-2-69-130-da64cf9435,Base Set 2,Charmander,69/130,42488,Charmander,LINKED
pkm-base-set-2-70-130-edad003b45,Base Set 2,Cubone,70/130,42490,Cubone,LINKED
pkm-base-set-2-71-130-8421562fcc,Base Set 2,Diglett,71/130,42491,Diglett,LINKED
pkm-base-set-2-72-130-e69077be32,Base Set 2,Doduo,72/130,42492,Doduo,LINKED
pkm-base-set-2-73-130-b0cd96d53b,Base Set 2,Drowzee,73/130,42493,Drowzee,LINKED
pkm-base-set-2-74-130-04b55ae94a,Base Set 2,Exeggcute,74/130,42494,Exeggcute,LINKED
pkm-base-set-2-75-130-b71b817d6f,Base Set 2,Gastly,75/130,42495,Gastly,LINKED
pkm-base-set-2-76-130-78fca774f8,Base Set 2,Goldeen,76/130,42528,Goldeen,LINKED
pkm-base-set-2-77-130-9272535e1c,Base Set 2,Jigglypuff,77/130,42529,Jigglypuff,LINKED
pkm-base-set-2-78-130-6bb885037f,Base Set 2,Machop,78/130,42530,Machop,LINKED
pkm-base-set-2-79-130-048cfd93bc,Base Set 2,Magnemite,79/130,42531,Magnemite,LINKED
pkm-base-set-2-80-130-6cf7fea148,Base Set 2,Meowth,80/130,42532,Meowth,LINKED
pkm-base-set-2-81-130-ddd3f5c251,Base Set 2,Metapod,81/130,42533,Metapod,LINKED
pkm-base-set-2-82-130-3e5238317f,Base Set 2,Nidoran ♀,82/130,106357,Nidoran F,SKIP_NAME_MISMATCH
pkm-base-set-2-83-130-434ed1d89a,Base Set 2,Nidoran ♂,83/130,42534,Nidoran M,SKIP_NAME_MISMATCH
pkm-base-set-2-84-130-d1cf2c3218,Base Set 2,Onix,84/130,42535,Onix,LINKED
pkm-base-set-2-85-130-e77366174a,Base Set 2,Paras,85/130,42536,Paras,LINKED
pkm-base-set-2-86-130-7059df8cc3,Base Set 2,Pidgey,86/130,42537,Pidgey,LINKED
pkm-base-set-2-87-130-02bfa887b4,Base Set 2,Pikachu,87/130,42538,Pikachu,LINKED
pkm-base-set-2-88-130-0e29575d4e,Base Set 2,Poliwag,88/130,42539,Poliwag,LINKED
pkm-base-set-2-89-130-9cb261ed8c,Base Set 2,Rattata,89/130,42540,Rattata,LINKED
pkm-base-set-2-90-130-3ef2e3ce67,Base Set 2,Rhyhorn,90/130,42541,Rhyhorn,LINKED
pkm-base-set-2-91-130-b48ce23425,Base Set 2,Sandshrew,91/130,42542,Sandshrew,LINKED
pkm-base-set-2-92-130-485ad3afd2,Base Set 2,Spearow,92/130,42543,Spearow,LINKED
pkm-base-set-2-93-130-407beadf55,Base Set 2,Squirtle,93/130,42544,Squirtle,LINKED
pkm-base-set-2-94-130-e964aae9b4,Base Set 2,Starmie,94/130,42545,Starmie,LINKED
pkm-base-set-2-95-130-bec94d7620,Base Set 2,Staryu,95/130,42546,Staryu,LINKED
pkm-base-set-2-96-130-cc5a418f93,Base Set 2,Tangela,96/130,42547,Tangela,LINKED
pkm-base-set-2-97-130-cd66763feb,Base Set 2,Venonat,97/130,42548,Venonat,LINKED
pkm-base-set-2-98-130-ddd4017aa1,Base Set 2,Voltorb,98/130,42549,Voltorb,LINKED
pkm-base-set-2-99-130-07e1ff5876,Base Set 2,Vulpix,99/130,42550,Vulpix,LINKED
pkm-base-set-2-100-130-d87e9c59d0,Base Set 2,Weedle,100/130,42551,Weedle,LINKED
pkm-base-set-2-101-130-12edb8c8e8,Base Set 2,Computer Search,101/130,42446,Computer Search,LINKED
pkm-base-set-2-103-130-d72b0c0342,Base Set 2,Item Finder,103/130,42553,Item Finder,LINKED
pkm-base-set-2-104-130-8a410cd3ff,Base Set 2,Lass,104/130,42554,Lass,LINKED
pkm-base-set-2-105-130-cd69e3d877,Base Set 2,Pokémon Breeder,105/130,42555,Pokemon Breeder,SKIP_NAME_MISMATCH
pkm-base-set-2-106-130-a251dd5f96,Base Set 2,Pokémon Trader,106/130,106358,Pokemon Trader,SKIP_NAME_MISMATCH
pkm-base-set-2-107-130-a4317d3191,Base Set 2,Scoop Up,107/130,42556,Scoop Up,LINKED
pkm-base-set-2-108-130-04be4e392c,Base Set 2,Super Energy Removal,108/130,42557,Super Energy Removal,LINKED
pkm-base-set-2-109-130-26c17eb8ce,Base Set 2,Defender,109/130,42447,Defender,LINKED
pkm-base-set-2-110-130-2b773a8978,Base Set 2,Energy Retrieval,110/130,42449,Energy Retrieval,LINKED
pkm-base-set-2-111-130-45fcca21dc,Base Set 2,Full Heal,111/130,42450,Full Heal,LINKED
pkm-base-set-2-112-130-792a439275,Base Set 2,Maintenance,112/130,42558,Maintenance,LINKED
pkm-base-set-2-113-130-c4f5b416fe,Base Set 2,PlusPower,113/130,42559,PlusPower,LINKED
pkm-base-set-2-114-130-bb5aee5085,Base Set 2,Pokémon Center,114/130,106359,Pokemon Center,SKIP_NAME_MISMATCH
pkm-base-set-2-115-130-d481cbc924,Base Set 2,Pokédex,115/130,106360,Pokedex,SKIP_NAME_MISMATCH
pkm-base-set-2-116-130-d4032e1c58,Base Set 2,Professor Oak,116/130,42560,Professor Oak,LINKED
pkm-base-set-2-117-130-e04ff14142,Base Set 2,Super Potion,117/130,42561,Super Potion,LINKED
pkm-base-set-2-118-130-fc65d60a0e,Base Set 2,Bill,118/130,42451,Bill,LINKED
pkm-base-set-2-119-130-408302739a,Base Set 2,Energy Removal,119/130,42452,Energy Removal,LINKED
pkm-base-set-2-120-130-235dce1db1,Base Set 2,Gust of Wind,120/130,42562,Gust of Wind,LINKED
pkm-base-set-2-121-130-f1444e1bee,Base Set 2,Poké Ball,121/130,106361,Poke Ball,SKIP_NAME_MISMATCH
pkm-base-set-2-122-130-1904bade45,Base Set 2,Potion,122/130,42563,Potion,LINKED
pkm-base-set-2-123-130-0a97927aeb,Base Set 2,Switch,123/130,42564,Switch,LINKED
pkm-base-set-2-124-130-e29a048146,Base Set 2,Double Colorless Energy,124/130,42454,Double Colorless Energy,LINKED
pkm-base-set-2-126-130-96da54d578,Base Set 2,Fire Energy,126/130,42456,Fire Energy,LINKED
pkm-base-set-2-127-130-340b0103f6,Base Set 2,Grass Energy,127/130,42565,Grass Energy,LINKED
pkm-base-set-2-128-130-9cd7a2d3f3,Base Set 2,Lightning Energy,128/130,42566,Lightning Energy,LINKED
pkm-base-set-2-129-130-65a23daa07,Base Set 2,Psychic Energy,129/130,42567,Psychic Energy,LINKED
pkm-base-set-2-130-130-5713596108,Base Set 2,Water Energy,130/130,42568,Water Energy,LINKED
pkm-fossil-1-62-0b1b64c735,Fossil,Aerodactyl,1/62,44418,Aerodactyl (1),LINKED
pkm-fossil-2-62-d43bcc5ad1,Fossil,Articuno,2/62,106518,Articuno (2),LINKED
pkm-fossil-3-62-f02a00d1be,Fossil,Ditto,3/62,106519,Ditto (3),LINKED
pkm-fossil-4-62-1de70ce66b,Fossil,Dragonite,4/62,106520,Dragonite (4),LINKED
pkm-fossil-5-62-bd8a8854c4,Fossil,Gengar,5/62,106521,Gengar (5),LINKED
pkm-fossil-6-62-0739d0320a,Fossil,Haunter,6/62,106522,Haunter (6),LINKED
pkm-fossil-7-62-aba601dd7b,Fossil,Hitmonlee,7/62,106523,Hitmonlee (7),LINKED
pkm-fossil-8-62-dc63926224,Fossil,Hypno,8/62,106524,Hypno (8),LINKED
pkm-fossil-9-62-d0e0a5d974,Fossil,Kabutops,9/62,106525,Kabutops (9),LINKED
pkm-fossil-10-62-148214bd17,Fossil,Lapras,10/62,44419,Lapras (10),LINKED
pkm-fossil-11-62-9d3a9570aa,Fossil,Magneton,11/62,44420,Magneton (11),LINKED
pkm-fossil-12-62-04531b1f99,Fossil,Moltres,12/62,44421,Moltres (12),LINKED
pkm-fossil-13-62-0329bbecc7,Fossil,Muk,13/62,44422,Muk (13),LINKED
pkm-fossil-14-62-029249c54a,Fossil,Raichu,14/62,44423,Raichu (14),LINKED
pkm-fossil-15-62-9d5feaca48,Fossil,Zapdos,15/62,44424,Zapdos (15),LINKED
pkm-fossil-16-62-efd555f61d,Fossil,Aerodactyl,16/62,106526,Aerodactyl (16),LINKED
pkm-fossil-17-62-bce515d3a6,Fossil,Articuno,17/62,44425,Articuno (17),LINKED
pkm-fossil-18-62-d074509024,Fossil,Ditto,18/62,44426,Ditto (18),LINKED
pkm-fossil-19-62-6889e5cc46,Fossil,Dragonite,19/62,44427,Dragonite (19),LINKED
pkm-fossil-20-62-175a0f8616,Fossil,Gengar,20/62,44428,Gengar (20),LINKED
pkm-fossil-21-62-74ff65a168,Fossil,Haunter,21/62,44429,Haunter (21),LINKED
pkm-fossil-22-62-c950d3d243,Fossil,Hitmonlee,22/62,44430,Hitmonlee (22),LINKED
pkm-fossil-23-62-f83e31bb65,Fossil,Hypno,23/62,44431,Hypno (23),LINKED
pkm-fossil-24-62-8f957e7815,Fossil,Kabutops,24/62,44432,Kabutops (24),LINKED
pkm-fossil-25-62-e392ef4c2e,Fossil,Lapras,25/62,106527,Lapras (25),LINKED
pkm-fossil-26-62-921808aea2,Fossil,Magneton,26/62,106528,Magneton (26),LINKED
pkm-fossil-27-62-977182b1a5,Fossil,Moltres,27/62,106529,Moltres (27),LINKED
pkm-fossil-28-62-94ce7b89b5,Fossil,Muk,28/62,106530,Muk (28),LINKED
pkm-fossil-29-62-2366c1b14a,Fossil,Raichu,29/62,106531,Raichu (29),LINKED
pkm-fossil-30-62-d43b8e0d67,Fossil,Zapdos,30/62,106532,Zapdos (30),LINKED
pkm-fossil-31-62-c909c347ef,Fossil,Arbok,31/62,44433,Arbok,LINKED
pkm-fossil-32-62-c344e2c8ce,Fossil,Cloyster,32/62,44434,Cloyster,LINKED
pkm-fossil-33-62-83124e7b2e,Fossil,Gastly,33/62,44435,Gastly,LINKED
pkm-fossil-34-62-f1733bb8ed,Fossil,Golbat,34/62,44436,Golbat,LINKED
pkm-fossil-35-62-bf6095fa76,Fossil,Golduck,35/62,44437,Golduck,LINKED
pkm-fossil-36-62-e23884d1bc,Fossil,Golem,36/62,44438,Golem,LINKED
pkm-fossil-37-62-26c87e2d86,Fossil,Graveler,37/62,44439,Graveler,LINKED
pkm-fossil-38-62-709be28719,Fossil,Kingler,38/62,44440,Kingler,LINKED
pkm-fossil-39-62-22a8fbf2c3,Fossil,Magmar,39/62,44441,Magmar,LINKED
pkm-fossil-40-62-b41d805950,Fossil,Omastar,40/62,44442,Omastar,LINKED
pkm-fossil-41-62-12b1eb4586,Fossil,Sandslash,41/62,44443,Sandslash,LINKED
pkm-fossil-42-62-09ddf227c7,Fossil,Seadra,42/62,44444,Seadra,LINKED
pkm-fossil-43-62-3a094f3847,Fossil,Slowbro,43/62,44445,Slowbro,LINKED
pkm-fossil-44-62-ed2b2316e0,Fossil,Tentacruel,44/62,44446,Tentacruel,LINKED
pkm-fossil-45-62-212f9638ff,Fossil,Weezing,45/62,44447,Weezing,LINKED
pkm-fossil-46-62-0cebb9b2ce,Fossil,Ekans,46/62,44448,Ekans,LINKED
pkm-fossil-47-62-d8f83347f1,Fossil,Geodude,47/62,44449,Geodude,LINKED
pkm-fossil-48-62-759810bb09,Fossil,Grimer,48/62,44450,Grimer,LINKED
pkm-fossil-49-62-e33aa5c203,Fossil,Horsea,49/62,44451,Horsea,LINKED
pkm-fossil-50-62-5b3cb8fffe,Fossil,Kabuto,50/62,44452,Kabuto,LINKED
pkm-fossil-51-62-b43b8a2370,Fossil,Krabby,51/62,44453,Krabby,LINKED
pkm-fossil-52-62-e1c352ef9d,Fossil,Omanyte,52/62,44454,Omanyte,LINKED
pkm-fossil-53-62-96657cb5c1,Fossil,Psyduck,53/62,44455,Psyduck,LINKED
pkm-fossil-54-62-39ce419a4e,Fossil,Shellder,54/62,44456,Shellder,LINKED
pkm-fossil-55-62-ff3d2e2c4c,Fossil,Slowpoke,55/62,44457,Slowpoke,LINKED
pkm-fossil-56-62-b260d98ad8,Fossil,Tentacool,56/62,44458,Tentacool,LINKED
pkm-fossil-57-62-de47ec888a,Fossil,Zubat,57/62,44459,Zubat,LINKED
pkm-fossil-58-62-92270cc7d1,Fossil,Mr. Fuji,58/62,44460,Mr. Fuji,LINKED
pkm-fossil-59-62-ab8eff5fd3,Fossil,Energy Search,59/62,44461,Energy Search,LINKED
pkm-fossil-60-62-e6a4cced3d,Fossil,Gambler,60/62,44462,Gambler,LINKED
pkm-fossil-61-62-b2ca17a0dc,Fossil,Recycle,61/62,44463,Recycle,LINKED
pkm-fossil-62-62-e23c8f4298,Fossil,Mysterious Fossil,62/62,44464,Mysterious Fossil,LINKED
pkm-jungle-1-64-e69750c058,Jungle,Clefable,1/64,45120,Clefable (1),LINKED
pkm-jungle-2-64-0107a1745a,Jungle,Electrode,2/64,45128,Electrode (2),LINKED
pkm-jungle-3-64-e08848c524,Jungle,Flareon,3/64,45129,Flareon (3),LINKED
pkm-jungle-4-64-5d432f4961,Jungle,Jolteon,4/64,45130,Jolteon (4),LINKED
pkm-jungle-5-64-7b14610716,Jungle,Kangaskhan,5/64,45131,Kangaskhan (5),LINKED
pkm-jungle-6-64-49cd1f1b03,Jungle,Mr. Mime,6/64,45132,Mr. Mime (6),LINKED
pkm-jungle-7-64-fbac2e7849,Jungle,Nidoqueen,7/64,45133,Nidoqueen (7),LINKED
pkm-jungle-8-64-1e9abd7699,Jungle,Pidgeot,8/64,45134,Pidgeot (8),LINKED
pkm-jungle-9-64-26b3265619,Jungle,Pinsir,9/64,45135,Pinsir (9),LINKED
pkm-jungle-10-64-deb556ee8e,Jungle,Scyther,10/64,45121,Scyther (10),LINKED
pkm-jungle-11-64-04d1f6f5b9,Jungle,Snorlax,11/64,45122,Snorlax (11),LINKED
pkm-jungle-12-64-ae28abb7f9,Jungle,Vaporeon,12/64,45123,Vaporeon (12),LINKED
pkm-jungle-13-64-dd8b8600ee,Jungle,Venomoth,13/64,45124,Venomoth (13),LINKED
pkm-jungle-14-64-97964b6cf0,Jungle,Victreebel,14/64,45125,Victreebel (14),LINKED
pkm-jungle-15-64-c6e603f918,Jungle,Vileplume,15/64,45126,Vileplume (15),LINKED
pkm-jungle-16-64-3dc21b82e0,Jungle,Wigglytuff,16/64,45127,Wigglytuff (16),LINKED
pkm-jungle-17-64-281b1187f2,Jungle,Clefable,17/64,106979,Clefable (17),LINKED
pkm-jungle-18-64-49dd96d447,Jungle,Electrode,18/64,106980,Electrode (18),LINKED
pkm-jungle-19-64-8b93509303,Jungle,Flareon,19/64,106981,Flareon (19),LINKED
pkm-jungle-20-64-e6b7e1e8c2,Jungle,Jolteon,20/64,106982,Jolteon (20),LINKED
pkm-jungle-21-64-aaa9cee1ba,Jungle,Kangaskhan,21/64,106983,Kangaskhan (21),LINKED
pkm-jungle-22-64-58ede90d28,Jungle,Mr. Mime,22/64,106984,Mr. Mime (22),LINKED
pkm-jungle-23-64-e484adcc74,Jungle,Nidoqueen,23/64,106985,Nidoqueen (23),LINKED
pkm-jungle-24-64-bb8a56abe1,Jungle,Pidgeot,24/64,106986,Pidgeot (24),LINKED
pkm-jungle-25-64-193c139c14,Jungle,Pinsir,25/64,106987,Pinsir (25),LINKED
pkm-jungle-26-64-76c443b4b2,Jungle,Scyther,26/64,106988,Scyther (26),LINKED
pkm-jungle-27-64-e163afd9b9,Jungle,Snorlax,27/64,106989,Snorlax (27),LINKED
pkm-jungle-28-64-62c0069219,Jungle,Vaporeon,28/64,106990,Vaporeon (28),LINKED
pkm-jungle-29-64-457f789227,Jungle,Venomoth,29/64,106991,Venomoth (29),LINKED
pkm-jungle-30-64-d88a006e2b,Jungle,Victreebel,30/64,106992,Victreebel (30),LINKED
pkm-jungle-31-64-e34722bfed,Jungle,Vileplume,31/64,106993,Vileplume (31),LINKED
pkm-jungle-32-64-7c5c622d30,Jungle,Wigglytuff,32/64,106994,Wigglytuff (32),LINKED
pkm-jungle-33-64-717751bb71,Jungle,Butterfree,33/64,45136,Butterfree,LINKED
pkm-jungle-34-64-4d7f220904,Jungle,Dodrio,34/64,45137,Dodrio,LINKED
pkm-jungle-35-64-53876cf032,Jungle,Exeggutor,35/64,45138,Exeggutor,LINKED
pkm-jungle-36-64-0985282a50,Jungle,Fearow,36/64,45139,Fearow,LINKED
pkm-jungle-37-64-675f126481,Jungle,Gloom,37/64,45140,Gloom,LINKED
pkm-jungle-38-64-59c68cdf6a,Jungle,Lickitung,38/64,45141,Lickitung,LINKED
pkm-jungle-39-64-c3fa95e08a,Jungle,Marowak,39/64,45142,Marowak,LINKED
pkm-jungle-40-64-2c5a523959,Jungle,Nidorina,40/64,45143,Nidorina,LINKED
pkm-jungle-41-64-b8b61f0576,Jungle,Parasect,41/64,45144,Parasect,LINKED
pkm-jungle-42-64-88dc51d2d7,Jungle,Persian,42/64,45145,Persian,LINKED
pkm-jungle-43-64-fdd05c8b86,Jungle,Primeape,43/64,45146,Primeape,LINKED
pkm-jungle-44-64-12cf5061c0,Jungle,Rapidash,44/64,45147,Rapidash,LINKED
pkm-jungle-45-64-54cd83341f,Jungle,Rhydon,45/64,45148,Rhydon,LINKED
pkm-jungle-46-64-6fed706849,Jungle,Seaking,46/64,45149,Seaking,LINKED
pkm-jungle-47-64-d87cf466e1,Jungle,Tauros,47/64,45150,Tauros,LINKED
pkm-jungle-48-64-5cdf26bbc0,Jungle,Weepinbell,48/64,45151,Weepinbell,LINKED
pkm-jungle-49-64-26678f9c53,Jungle,Bellsprout,49/64,45152,Bellsprout,LINKED
pkm-jungle-50-64-e528ab8b9f,Jungle,Cubone,50/64,45153,Cubone,LINKED
pkm-jungle-51-64-e33bf65f5d,Jungle,Eevee,51/64,45154,Eevee,LINKED
pkm-jungle-52-64-303d581140,Jungle,Exeggcute,52/64,45155,Exeggcute,LINKED
pkm-jungle-53-64-2d3ba086eb,Jungle,Goldeen,53/64,45156,Goldeen,LINKED
pkm-jungle-54-64-97d031e356,Jungle,Jigglypuff,54/64,45157,Jigglypuff,LINKED
pkm-jungle-55-64-7abd2304ea,Jungle,Mankey,55/64,45158,Mankey,LINKED
pkm-jungle-56-64-07126a3720,Jungle,Meowth,56/64,45159,Meowth,LINKED
pkm-jungle-57-64-5dbd26566a,Jungle,Nidoran ♀,57/64,45160,Nidoran F,SKIP_NAME_MISMATCH
pkm-jungle-58-64-e879bbe449,Jungle,Oddish,58/64,45161,Oddish,LINKED
pkm-jungle-59-64-8d2d983b29,Jungle,Paras,59/64,45162,Paras,LINKED
pkm-jungle-60-64-1170cd25dc,Jungle,Pikachu,60/64,45163,Pikachu,LINKED
pkm-jungle-61-64-32eea2e39f,Jungle,Rhyhorn,61/64,45164,Rhyhorn,LINKED
pkm-jungle-62-64-31f951a4a3,Jungle,Spearow,62/64,45165,Spearow,LINKED
pkm-jungle-63-64-97e8a26f3b,Jungle,Venonat,63/64,45166,Venonat,LINKED
pkm-jungle-64-64-8a63093ea2,Jungle,Poké Ball,64/64,45167,Poke Ball,SKIP_NAME_MISMATCH
pkm-team-rocket-1-82-9d86715379,Team Rocket,Dark Alakazam,1/82,84559,Dark Alakazam (1),LINKED
pkm-team-rocket-2-82-e2cb0af33f,Team Rocket,Dark Arbok,2/82,84563,Dark Arbok (2),LINKED
pkm-team-rocket-3-82-b3d9e5cd5e,Team Rocket,Dark Blastoise,3/82,84568,Dark Blastoise (3),LINKED
pkm-team-rocket-4-82-964e18751c,Team Rocket,Dark Charizard,4/82,84572,Dark Charizard (4),LINKED
pkm-team-rocket-5-82-12cfa73c13,Team Rocket,Dark Dragonite,5/82,84584,Dark Dragonite (5),LINKED
pkm-team-rocket-6-82-d35ddb3cd4,Team Rocket,Dark Dugtrio,6/82,84588,Dark Dugtrio (6),LINKED
pkm-team-rocket-7-82-0ba38e0e03,Team Rocket,Dark Golbat,7/82,84601,Dark Golbat (7),LINKED
pkm-team-rocket-8-82-70926d9307,Team Rocket,Dark Gyarados,8/82,84606,Dark Gyarados (8),LINKED
pkm-team-rocket-9-82-86253bfe85,Team Rocket,Dark Hypno,9/82,84613,Dark Hypno (9),LINKED
pkm-team-rocket-10-82-4a1dafba9c,Team Rocket,Dark Machamp,10/82,84619,Dark Machamp (10),LINKED
pkm-team-rocket-11-82-03cb098f77,Team Rocket,Dark Magneton,11/82,84624,Dark Magneton (11),LINKED
pkm-team-rocket-12-82-fb0b4e565d,Team Rocket,Dark Slowbro,12/82,84654,Dark Slowbro (12),LINKED
pkm-team-rocket-13-82-ea25f72bc7,Team Rocket,Dark Vileplume,13/82,84667,Dark Vileplume (13),LINKED
pkm-team-rocket-14-82-890c87ee55,Team Rocket,Dark Weezing,14/82,84671,Dark Weezing (14),LINKED
pkm-team-rocket-15-82-a3909be565,Team Rocket,Here Comes Team Rocket!,15/82,86073,Here Comes Team Rocket! (15),LINKED
pkm-team-rocket-16-82-72a2614038,Team Rocket,Rocket's Sneak Attack,16/82,88791,Rocket's Sneak Attack (16),LINKED
pkm-team-rocket-17-82-3b58d3e4b3,Team Rocket,Rainbow Energy,17/82,88550,Rainbow Energy (17),LINKED
pkm-team-rocket-18-82-3a9e8c98d7,Team Rocket,Dark Alakazam,18/82,84560,Dark Alakazam (18),LINKED
pkm-team-rocket-19-82-082514a352,Team Rocket,Dark Arbok,19/82,84564,Dark Arbok (19),LINKED
pkm-team-rocket-20-82-930b5a4a07,Team Rocket,Dark Blastoise,20/82,84570,Dark Blastoise (20),LINKED
pkm-team-rocket-21-82-ace651be15,Team Rocket,Dark Charizard,21/82,84573,Dark Charizard (21),LINKED
pkm-team-rocket-22-82-486f5f14e0,Team Rocket,Dark Dragonite,22/82,84586,Dark Dragonite (22),LINKED
pkm-team-rocket-23-82-6bebbc6730,Team Rocket,Dark Dugtrio,23/82,84589,Dark Dugtrio (23),LINKED
pkm-team-rocket-24-82-5d30935811,Team Rocket,Dark Golbat,24/82,84602,Dark Golbat (24),LINKED
pkm-team-rocket-25-82-269111e156,Team Rocket,Dark Gyarados,25/82,84607,Dark Gyarados (25),LINKED
pkm-team-rocket-26-82-5215487851,Team Rocket,Dark Hypno,26/82,84614,Dark Hypno (26),LINKED
pkm-team-rocket-27-82-2214b7234d,Team Rocket,Dark Machamp,27/82,84620,Dark Machamp (27),LINKED
pkm-team-rocket-28-82-2778594dd3,Team Rocket,Dark Magneton,28/82,84625,Dark Magneton (28),LINKED
pkm-team-rocket-29-82-046f1cd170,Team Rocket,Dark Slowbro,29/82,84655,Dark Slowbro (29),LINKED
pkm-team-rocket-30-82-e6cd41506b,Team Rocket,Dark Vileplume,30/82,84668,Dark Vileplume (30),LINKED
pkm-team-rocket-31-82-a7dbcd7bae,Team Rocket,Dark Weezing,31/82,84672,Dark Weezing (31),LINKED
pkm-team-rocket-32-82-bff2bf2297,Team Rocket,Dark Charmeleon,32/82,84574,Dark Charmeleon,LINKED
pkm-team-rocket-33-82-77457b0bfc,Team Rocket,Dark Dragonair,33/82,84580,Dark Dragonair,LINKED
pkm-team-rocket-34-82-042c00a2c8,Team Rocket,Dark Electrode,34/82,84590,Dark Electrode,LINKED
pkm-team-rocket-35-82-cf889d0b37,Team Rocket,Dark Flareon,35/82,84597,Dark Flareon,LINKED
pkm-team-rocket-36-82-13c1254ffa,Team Rocket,Dark Gloom,36/82,84600,Dark Gloom,LINKED
pkm-team-rocket-37-82-2280a2bd0e,Team Rocket,Dark Golduck,37/82,84604,Dark Golduck,LINKED
pkm-team-rocket-38-82-733701533a,Team Rocket,Dark Jolteon,38/82,84617,Dark Jolteon,LINKED
pkm-team-rocket-39-82-668da1b0bb,Team Rocket,Dark Kadabra,39/82,84618,Dark Kadabra,LINKED
pkm-team-rocket-40-82-d4cee2ec5b,Team Rocket,Dark Machoke,40/82,84621,Dark Machoke,LINKED
pkm-team-rocket-41-82-d59b512d07,Team Rocket,Dark Muk,41/82,84630,Dark Muk,LINKED
pkm-team-rocket-42-82-4a53f046c2,Team Rocket,Dark Persian,42/82,84639,Dark Persian,LINKED
pkm-team-rocket-43-82-7846a75f99,Team Rocket,Dark Primeape,43/82,84641,Dark Primeape,LINKED
pkm-team-rocket-44-82-91d7d621b8,Team Rocket,Dark Rapidash,44/82,84648,Dark Rapidash,LINKED
pkm-team-rocket-45-82-03f08f110e,Team Rocket,Dark Vaporeon,45/82,84665,Dark Vaporeon,LINKED
pkm-team-rocket-46-82-8049d3872c,Team Rocket,Dark Wartortle,46/82,84670,Dark Wartortle,LINKED
pkm-team-rocket-47-82-ea8625fcb0,Team Rocket,Magikarp,47/82,87021,Magikarp,LINKED
pkm-team-rocket-48-82-514193c641,Team Rocket,Porygon,48/82,88304,Porygon,LINKED
pkm-team-rocket-49-82-fbd068ca96,Team Rocket,Abra,49/82,83445,Abra,LINKED
pkm-team-rocket-50-82-9469734706,Team Rocket,Charmander,50/82,84204,Charmander,LINKED
pkm-team-rocket-51-82-03943411cc,Team Rocket,Dark Raticate,51/82,84649,Dark Raticate,LINKED
pkm-team-rocket-52-82-2a35d27ba7,Team Rocket,Diglett,52/82,84819,Diglett,LINKED
pkm-team-rocket-54-82-674de99900,Team Rocket,Drowzee,54/82,84969,Drowzee,LINKED
pkm-team-rocket-55-82-22f11f07f9,Team Rocket,Eevee,55/82,85078,Eevee,LINKED
pkm-team-rocket-56-82-a79360df5e,Team Rocket,Ekans,56/82,85099,Ekans,LINKED
pkm-team-rocket-57-82-efcaec78e0,Team Rocket,Grimer,57/82,85905,Grimer,LINKED
pkm-team-rocket-58-82-701e2f5162,Team Rocket,Koffing,58/82,86491,Koffing,LINKED
pkm-team-rocket-59-82-2a3da0e62e,Team Rocket,Machop,59/82,86987,Machop,LINKED
pkm-team-rocket-60-82-aac82dba50,Team Rocket,Magnemite,60/82,87068,Magnemite,LINKED
pkm-team-rocket-61-82-ab8e272c42,Team Rocket,Mankey,61/82,87170,Mankey,LINKED
pkm-team-rocket-62-82-ac5ae226ae,Team Rocket,Meowth,62/82,87313,Meowth,LINKED
pkm-team-rocket-63-82-bbdcec864c,Team Rocket,Oddish,63/82,87837,Oddish,LINKED
pkm-team-rocket-64-82-042885e396,Team Rocket,Ponyta,64/82,88281,Ponyta,LINKED
pkm-team-rocket-65-82-22c0f6376d,Team Rocket,Psyduck,65/82,88431,Psyduck,LINKED
pkm-team-rocket-66-82-10f4381674,Team Rocket,Rattata,66/82,88611,Rattata,LINKED
pkm-team-rocket-67-82-b18c1317db,Team Rocket,Slowpoke,67/82,89322,Slowpoke,LINKED
pkm-team-rocket-68-82-d2e4ffb13d,Team Rocket,Squirtle,68/82,89484,Squirtle,LINKED
pkm-team-rocket-69-82-efcf3fbc38,Team Rocket,Voltorb,69/82,90409,Voltorb,LINKED
pkm-team-rocket-70-82-397e3f9571,Team Rocket,Zubat,70/82,90767,Zubat,LINKED
pkm-team-rocket-71-82-90ea79cc54,Team Rocket,Here Comes Team Rocket!,71/82,86074,Here Comes Team Rocket! (71),LINKED
pkm-team-rocket-72-82-fbdd85731e,Team Rocket,Rocket's Sneak Attack,72/82,88792,Rocket's Sneak Attack (72),LINKED
pkm-team-rocket-73-82-4dbb2837f8,Team Rocket,The Boss's Way,73/82,89894,The Boss's Way,LINKED
pkm-team-rocket-74-82-2e69b1e8d7,Team Rocket,Challenge!,74/82,84159,Challenge!,LINKED
pkm-team-rocket-75-82-344f9e58ea,Team Rocket,Digger,75/82,84815,Digger (Rocket's Secret Machine),LINKED
pkm-team-rocket-77-82-b3a399aeb3,Team Rocket,Nightly Garbage Run,77/82,87755,Nightly Garbage Run (Rocket's Secret Machine),LINKED
pkm-team-rocket-78-82-a1a2afaff0,Team Rocket,Goop Gas Attack,78/82,85841,Goop Gas Attack,LINKED
pkm-team-rocket-79-82-1992492dd0,Team Rocket,Sleep!,79/82,89301,Sleep! (Rocket's Secret Machine),LINKED
pkm-team-rocket-80-82-7914d0aba5,Team Rocket,Rainbow Energy,80/82,88551,Rainbow Energy (80),LINKED
pkm-team-rocket-81-82-6cc5eff866,Team Rocket,Full Heal Energy,81/82,85584,Full Heal Energy,LINKED
pkm-team-rocket-82-82-cd27b03966,Team Rocket,Potion Energy,82/82,88350,Potion Energy,LINKED
pkm-team-rocket-83-82-28f3d81ba2,Team Rocket,Dark Raichu,83/82,84647,Dark Raichu,LINKED
pkm-black-and-white-1-114-cd8ca0fa45,Black and White,Snivy,1/114,89375,Snivy (1),LINKED
pkm-black-and-white-2-114-1c181d88fa,Black and White,Snivy,2/114,89376,Snivy (2),LINKED
pkm-black-and-white-3-114-3be2216c2b,Black and White,Servine,3/114,89076,Servine (3),LINKED
pkm-black-and-white-4-114-9559f55e57,Black and White,Servine,4/114,89077,Servine (4),LINKED
pkm-black-and-white-5-114-94584e3023,Black and White,Serperior,5/114,89069,Serperior (5),LINKED
pkm-black-and-white-6-114-944fff19c3,Black and White,Serperior,6/114,89070,Serperior (6),LINKED
pkm-black-and-white-7-114-542871e1f6,Black and White,Pansage,7/114,87932,Pansage,LINKED
pkm-black-and-white-8-114-b8acb8c57f,Black and White,Simisage,8/114,89221,Simisage,LINKED
pkm-black-and-white-9-114-7077d75f99,Black and White,Petilil,9/114,87990,Petilil,LINKED
pkm-black-and-white-10-114-1849e56c54,Black and White,Lilligant,10/114,86792,Lilligant,LINKED
pkm-black-and-white-11-114-ce5a9b61e7,Black and White,Maractus,11/114,87187,Maractus (11),LINKED
pkm-black-and-white-12-114-b65d53ff1c,Black and White,Maractus,12/114,87188,Maractus (12),LINKED
pkm-black-and-white-13-114-7f4322ddf4,Black and White,Deerling,13/114,84724,Deerling,LINKED
pkm-black-and-white-14-114-820f3d0764,Black and White,Sawsbuck,14/114,88941,Sawsbuck,LINKED
pkm-black-and-white-15-114-e23f22a678,Black and White,Tepig,15/114,89879,Tepig (15),LINKED
pkm-black-and-white-16-114-c153e5ac1d,Black and White,Tepig,16/114,89880,Tepig (16),LINKED
pkm-black-and-white-17-114-c388f69391,Black and White,Pignite,17/114,88060,Pignite (17),LINKED
pkm-black-and-white-18-114-dcc49a7d07,Black and White,Pignite,18/114,88061,Pignite (18),LINKED
pkm-black-and-white-19-114-3f4914460d,Black and White,Emboar,19/114,85181,Emboar (19),LINKED
pkm-black-and-white-20-114-d0dc21e931,Black and White,Emboar,20/114,85182,Emboar (20),LINKED
pkm-black-and-white-21-114-9f29c1cc43,Black and White,Pansear,21/114,87940,Pansear,LINKED
pkm-black-and-white-22-114-30ebbc29f9,Black and White,Simisear,22/114,89225,Simisear,LINKED
pkm-black-and-white-23-114-fbbd11ff4d,Black and White,Darumaka,23/114,84717,Darumaka (23),LINKED
pkm-black-and-white-24-114-801e22fbdf,Black and White,Darumaka,24/114,84718,Darumaka (24),LINKED
pkm-black-and-white-25-114-5081538e51,Black and White,Darmanitan,25/114,84713,Darmanitan,LINKED
pkm-black-and-white-26-114-abceb8c193,Black and White,Reshiram,26/114,88704,Reshiram,LINKED
pkm-black-and-white-27-114-00f74e2842,Black and White,Oshawott,27/114,87890,Oshawott (27),LINKED
pkm-black-and-white-28-114-34f7ffbc93,Black and White,Oshawott,28/114,87891,Oshawott (28),LINKED
pkm-black-and-white-29-114-0214258f68,Black and White,Dewott,29/114,84793,Dewott (29),LINKED
pkm-black-and-white-30-114-e6612e9675,Black and White,Dewott,30/114,84794,Dewott (30),LINKED
pkm-black-and-white-31-114-bc016d066f,Black and White,Samurott,31/114,88907,Samurott (31),LINKED
pkm-black-and-white-32-114-c0b6ee0cf5,Black and White,Samurott,32/114,88908,Samurott (32),LINKED
pkm-black-and-white-33-114-242031c590,Black and White,Panpour,33/114,87927,Panpour,LINKED
pkm-black-and-white-34-114-7e0708b6ac,Black and White,Simipour,34/114,89217,Simipour,LINKED
pkm-black-and-white-35-114-08a7931c48,Black and White,Basculin,35/114,83730,Basculin,LINKED
pkm-black-and-white-36-114-32ece911c0,Black and White,Ducklett,36/114,84990,Ducklett,LINKED
pkm-black-and-white-37-114-462e613675,Black and White,Swanna,37/114,89684,Swanna,LINKED
pkm-black-and-white-38-114-b5d7f5675a,Black and White,Alomomola,38/114,83505,Alomomola (38),LINKED
pkm-black-and-white-39-114-8c4e98b17f,Black and White,Alomomola,39/114,83506,Alomomola (39),LINKED
pkm-black-and-white-40-114-e31f51058d,Black and White,Blitzle,40/114,83927,Blitzle (40),LINKED
pkm-black-and-white-41-114-b171b0a799,Black and White,Blitzle,41/114,83928,Blitzle (41),LINKED
pkm-black-and-white-42-114-8329452dae,Black and White,Zebstrika,42/114,90727,Zebstrika (42),LINKED
pkm-black-and-white-43-114-97c10331f1,Black and White,Zebstrika,43/114,90728,Zebstrika (43),LINKED
pkm-black-and-white-44-114-7ebf02bf31,Black and White,Joltik,44/114,86353,Joltik (44),LINKED
pkm-black-and-white-45-114-f078bf0af6,Black and White,Joltik,45/114,86354,Joltik (45),LINKED
pkm-black-and-white-46-114-69f4f2d0a4,Black and White,Galvantula,46/114,85610,Galvantula,LINKED
pkm-black-and-white-47-114-239987d75b,Black and White,Zekrom,47/114,90732,Zekrom,LINKED
pkm-black-and-white-48-114-6865dbb22e,Black and White,Munna,48/114,87641,Munna,LINKED
pkm-black-and-white-49-114-bad67dc1be,Black and White,Musharna,49/114,87659,Musharna,LINKED
pkm-black-and-white-50-114-caa8ba9fbb,Black and White,Woobat,50/114,90624,Woobat,LINKED
pkm-black-and-white-51-114-5018299a60,Black and White,Swoobat,51/114,89724,Swoobat,LINKED
pkm-black-and-white-52-114-10834690a7,Black and White,Venipede,52/114,90294,Venipede,LINKED
pkm-black-and-white-53-114-3a39ea4c56,Black and White,Whirlipede,53/114,90570,Whirlipede,LINKED
pkm-black-and-white-54-114-c5cf6a27a1,Black and White,Scolipede,54/114,88968,Scolipede,LINKED
pkm-black-and-white-55-114-bc511ce129,Black and White,Solosis,55/114,89420,Solosis,LINKED
pkm-black-and-white-56-114-02d53221f4,Black and White,Duosion,56/114,85016,Duosion,LINKED
pkm-black-and-white-57-114-60b427b4b9,Black and White,Reuniclus,57/114,88719,Reuniclus,LINKED
pkm-black-and-white-58-114-2a460544bc,Black and White,Timburr,58/114,89912,Timburr (58),LINKED
pkm-black-and-white-59-114-91e8348ca0,Black and White,Timburr,59/114,89913,Timburr (59),LINKED
pkm-black-and-white-60-114-3016767ebb,Black and White,Gurdurr,60/114,85980,Gurdurr,LINKED
pkm-black-and-white-61-114-6b71fbcb94,Black and White,Throh,61/114,89899,Throh,LINKED
pkm-black-and-white-62-114-8e83a80335,Black and White,Sawk,62/114,88937,Sawk,LINKED
pkm-black-and-white-63-114-d66e0792be,Black and White,Sandile,63/114,88912,Sandile,LINKED
pkm-black-and-white-64-114-a4b2d8ddb1,Black and White,Krokorok,64/114,86536,Krokorok,LINKED
pkm-black-and-white-65-114-088468b602,Black and White,Krookodile,65/114,86541,Krookodile,LINKED
pkm-black-and-white-66-114-93c2399553,Black and White,Purrloin,66/114,88457,Purrloin,LINKED
pkm-black-and-white-67-114-880387d243,Black and White,Liepard,67/114,86725,Liepard,LINKED
pkm-black-and-white-68-114-a6cad2109f,Black and White,Scraggy,68/114,88981,Scraggy,LINKED
pkm-black-and-white-69-114-87f755c00a,Black and White,Scrafty,69/114,88977,Scrafty,LINKED
pkm-black-and-white-70-114-10e9b938da,Black and White,Zorua,70/114,90757,Zorua,LINKED
pkm-black-and-white-71-114-970bcf9c87,Black and White,Zoroark,71/114,90749,Zoroark,LINKED
pkm-black-and-white-72-114-f7aa3e116a,Black and White,Vullaby,72/114,90428,Vullaby,LINKED
pkm-black-and-white-73-114-e40f8582c7,Black and White,Mandibuzz,73/114,87150,Mandibuzz,LINKED
pkm-black-and-white-74-114-2248325c0e,Black and White,Klink,74/114,86479,Klink,LINKED
pkm-black-and-white-75-114-0cee4b945a,Black and White,Klang,75/114,86474,Klang,LINKED
pkm-black-and-white-76-114-3d148d6cdb,Black and White,Klinklang,76/114,86485,Klinklang,LINKED
pkm-black-and-white-77-114-7d189d0cc7,Black and White,Patrat,77/114,87961,Patrat (77),LINKED
pkm-black-and-white-78-114-3e990214fd,Black and White,Patrat,78/114,87962,Patrat (78),LINKED
pkm-black-and-white-79-114-382801d986,Black and White,Watchog,79/114,90495,Watchog,LINKED
pkm-black-and-white-80-114-8805676496,Black and White,Lillipup,80/114,86797,Lillipup (80),LINKED
pkm-black-and-white-81-114-d45a4d8aa4,Black and White,Lillipup,81/114,86798,Lillipup (81),LINKED
pkm-black-and-white-82-114-f56dcd6ee8,Black and White,Herdier,82/114,86069,Herdier,LINKED
pkm-black-and-white-83-114-5a16ec15e1,Black and White,Stoutland,83/114,89570,Stoutland,LINKED
pkm-black-and-white-84-114-498673e4a3,Black and White,Pidove,84/114,88054,Pidove,LINKED
pkm-black-and-white-85-114-9d57010727,Black and White,Tranquill,85/114,90014,Tranquill,LINKED
pkm-black-and-white-86-114-9740489aa8,Black and White,Unfezant,86/114,90159,Unfezant,LINKED
pkm-black-and-white-87-114-e71e0627d4,Black and White,Audino,87/114,83659,Audino,LINKED
pkm-black-and-white-88-114-ecfdf714c1,Black and White,Minccino,88/114,87473,Minccino,LINKED
pkm-black-and-white-89-114-40fe18393f,Black and White,Cinccino,89/114,84317,Cinccino,LINKED
pkm-black-and-white-90-114-d24283897a,Black and White,Bouffalant,90/114,83942,Bouffalant (90),LINKED
pkm-black-and-white-91-114-d38e0bd5af,Black and White,Bouffalant,91/114,83943,Bouffalant (91),LINKED
pkm-black-and-white-92-114-fb5756b823,Black and White,Energy Retrieval,92/114,85230,Energy Retrieval,LINKED
pkm-black-and-white-93-114-4b326ed2d5,Black and White,Energy Search,93/114,85249,Energy Search,LINKED
pkm-black-and-white-94-114-969d04b58c,Black and White,Energy Switch,94/114,85262,Energy Switch,LINKED
pkm-black-and-white-95-114-9d348773dc,Black and White,Full Heal,95/114,85580,Full Heal,LINKED
pkm-black-and-white-96-114-7aa7ee38ff,Black and White,PlusPower,96/114,88180,PlusPower,LINKED
pkm-black-and-white-97-114-4ec1b29849,Black and White,Poké Ball,97/114,88192,Poke Ball,SKIP_NAME_MISMATCH
pkm-black-and-white-98-114-09b13bb2c5,Black and White,Pokédex,98/114,88200,Pokedex,SKIP_NAME_MISMATCH
pkm-black-and-white-99-114-76cefc0dbe,Black and White,Pokémon Communication,99/114,88223,Pokemon Communication,SKIP_NAME_MISMATCH
pkm-black-and-white-100-114-929c96a615,Black and White,Potion,100/114,88347,Potion,LINKED
pkm-black-and-white-101-114-45db4e60b8,Black and White,Professor Juniper,101/114,88395,Professor Juniper,LINKED
pkm-black-and-white-102-114-3ce41d1581,Black and White,Revive,102/114,88726,Revive,LINKED
pkm-black-and-white-103-114-b1e98b6255,Black and White,Super Scoop Up,103/114,89641,Super Scoop Up,LINKED
pkm-black-and-white-104-114-d465643f57,Black and White,Switch,104/114,89721,Switch,LINKED
pkm-black-and-white-105-114-ea16e14ce7,Black and White,Grass Energy,105/114,85881,Grass Energy,LINKED
pkm-black-and-white-106-114-311aa31b85,Black and White,Fire Energy,106/114,85466,Fire Energy,LINKED
pkm-black-and-white-107-114-0b18f02426,Black and White,Water Energy,107/114,90526,Water Energy,LINKED
pkm-black-and-white-108-114-6a47c73046,Black and White,Lightning Energy,108/114,86782,Lightning Energy,LINKED
pkm-black-and-white-109-114-6b16900bb2,Black and White,Psychic Energy,109/114,88426,Psychic Energy,LINKED
pkm-black-and-white-111-114-9ae1db3ff4,Black and White,Darkness Energy,111/114,84679,Darkness Energy (Basic),LINKED
pkm-black-and-white-112-114-116ffb4e29,Black and White,Metal Energy,112/114,87352,Metal Energy (Basic),LINKED
pkm-black-and-white-113-114-23c0d1d729,Black and White,Reshiram,113/114,88710,Reshiram (113 Full Art),LINKED
pkm-black-and-white-114-114-630783f4bc,Black and White,Zekrom,114/114,90738,Zekrom (114 Full Art),LINKED
pkm-black-and-white-115-114-c4a278e53c,Black and White,Pikachu,115/114,88101,Pikachu,LINKED
pkm-boundaries-crossed-1-149-9ed8a5315b,Boundaries Crossed,Oddish,1/149,87846,Oddish,LINKED
pkm-boundaries-crossed-2-149-509f0f7230,Boundaries Crossed,Gloom,2/149,85787,Gloom,LINKED
pkm-boundaries-crossed-3-149-a9c5665549,Boundaries Crossed,Vileplume,3/149,90382,Vileplume,LINKED
pkm-boundaries-crossed-4-149-9979b51851,Boundaries Crossed,Bellossom,4/149,83802,Bellossom,LINKED
pkm-boundaries-crossed-5-149-4b9db268f2,Boundaries Crossed,Tangela,5/149,89749,Tangela,LINKED
pkm-boundaries-crossed-6-149-3194a287c2,Boundaries Crossed,Tangrowth,6/149,89755,Tangrowth,LINKED
pkm-boundaries-crossed-7-149-682c4d9a9e,Boundaries Crossed,Scyther,7/149,89006,Scyther,LINKED
pkm-boundaries-crossed-8-149-800bc1c628,Boundaries Crossed,Heracross,8/149,86066,Heracross,LINKED
pkm-boundaries-crossed-9-149-ef0acd565c,Boundaries Crossed,Celebi-EX,9/149,84152,Celebi EX,LINKED
pkm-boundaries-crossed-10-149-d216c9a1d3,Boundaries Crossed,Shaymin,10/149,89110,Shaymin,LINKED
pkm-boundaries-crossed-11-149-61b3c3fb18,Boundaries Crossed,Snivy,11/149,89380,Snivy,LINKED
pkm-boundaries-crossed-12-149-e90ad4a87f,Boundaries Crossed,Servine,12/149,89078,Servine,LINKED
pkm-boundaries-crossed-13-149-717255db19,Boundaries Crossed,Serperior,13/149,89073,Serperior,LINKED
pkm-boundaries-crossed-14-149-e21235321b,Boundaries Crossed,Cottonee,14/149,84447,Cottonee,LINKED
pkm-boundaries-crossed-15-149-fa312f3a03,Boundaries Crossed,Whimsicott,15/149,90569,Whimsicott,LINKED
pkm-boundaries-crossed-16-149-3f688e3592,Boundaries Crossed,Petilil,16/149,87993,Petilil,LINKED
pkm-boundaries-crossed-17-149-e5421b13d8,Boundaries Crossed,Lilligant,17/149,86796,Lilligant,LINKED
pkm-boundaries-crossed-18-149-df5751a9e5,Boundaries Crossed,Charmander,18/149,84218,Charmander,LINKED
pkm-boundaries-crossed-19-149-53530d3992,Boundaries Crossed,Charmeleon,19/149,84234,Charmeleon,LINKED
pkm-boundaries-crossed-20-149-2ba7a7b042,Boundaries Crossed,Charizard,20/149,84192,Charizard,LINKED
pkm-boundaries-crossed-21-149-e5cc0c37af,Boundaries Crossed,Numel,21/149,87817,Numel,LINKED
pkm-boundaries-crossed-22-149-29f845dab8,Boundaries Crossed,Camerupt,22/149,84095,Camerupt,LINKED
pkm-boundaries-crossed-24-149-0d19e1d2aa,Boundaries Crossed,Tepig,24/149,89884,Tepig,LINKED
pkm-boundaries-crossed-25-149-11bc6d7b72,Boundaries Crossed,Pignite,25/149,88062,Pignite,LINKED
pkm-boundaries-crossed-26-149-d74c7135d4,Boundaries Crossed,Emboar,26/149,85185,Emboar,LINKED
pkm-boundaries-crossed-27-149-27dd6af443,Boundaries Crossed,Darumaka,27/149,84722,Darumaka,LINKED
pkm-boundaries-crossed-28-149-5d2d4d5402,Boundaries Crossed,Darmanitan,28/149,84716,Darmanitan,LINKED
pkm-boundaries-crossed-29-149-92811264f2,Boundaries Crossed,Squirtle,29/149,89497,Squirtle,LINKED
pkm-boundaries-crossed-30-149-0c970e2e98,Boundaries Crossed,Wartortle,30/149,90492,Wartortle,LINKED
pkm-boundaries-crossed-31-149-c9c03dfacf,Boundaries Crossed,Blastoise,31/149,83896,Blastoise,LINKED
pkm-boundaries-crossed-32-149-dc78946635,Boundaries Crossed,Psyduck,32/149,88441,Psyduck (32),LINKED
pkm-boundaries-crossed-33-149-67cd47397f,Boundaries Crossed,Psyduck,33/149,88442,Psyduck (33),LINKED
pkm-boundaries-crossed-34-149-280ad1a8bd,Boundaries Crossed,Golduck,34/149,85818,Golduck (34),LINKED
pkm-boundaries-crossed-35-149-a7dfdcd48a,Boundaries Crossed,Golduck,35/149,85819,Golduck (35),LINKED
pkm-boundaries-crossed-36-149-edf0fe004a,Boundaries Crossed,Marill,36/149,87222,Marill,LINKED
pkm-boundaries-crossed-37-149-4af5b49be8,Boundaries Crossed,Azumarill,37/149,83686,Azumarill,LINKED
pkm-boundaries-crossed-38-149-c76728566f,Boundaries Crossed,Delibird,38/149,84751,Delibird,LINKED
pkm-boundaries-crossed-39-149-4e70e12dde,Boundaries Crossed,Oshawott,39/149,87895,Oshawott,LINKED
pkm-boundaries-crossed-40-149-47ca7b316b,Boundaries Crossed,Dewott,40/149,84795,Dewott,LINKED
pkm-boundaries-crossed-41-149-1c7d74c9ae,Boundaries Crossed,Samurott,41/149,88910,Samurott,LINKED
pkm-boundaries-crossed-42-149-7b592be9f0,Boundaries Crossed,Ducklett,42/149,84994,Ducklett,LINKED
pkm-boundaries-crossed-43-149-4e7f89d795,Boundaries Crossed,Swanna,43/149,89687,Swanna,LINKED
pkm-boundaries-crossed-44-149-1b956b062e,Boundaries Crossed,Frillish,44/149,85565,Frillish,LINKED
pkm-boundaries-crossed-45-149-2cf228e051,Boundaries Crossed,Jellicent,45/149,86307,Jellicent,LINKED
pkm-boundaries-crossed-46-149-a28c9cd8fb,Boundaries Crossed,Cryogonal,46/149,84514,Cryogonal,LINKED
pkm-boundaries-crossed-47-149-3df905c077,Boundaries Crossed,Keldeo,47/149,86433,Keldeo (47),LINKED
pkm-boundaries-crossed-48-149-18068d2b05,Boundaries Crossed,Keldeo,48/149,86434,Keldeo (48),LINKED
pkm-boundaries-crossed-49-149-13fef62cc5,Boundaries Crossed,Keldeo-EX,49/149,86436,Keldeo EX,LINKED
pkm-boundaries-crossed-50-149-1936f67c00,Boundaries Crossed,Pikachu,50/149,88103,Pikachu,LINKED
pkm-boundaries-crossed-51-149-eb59d10637,Boundaries Crossed,Voltorb,51/149,90423,Voltorb,LINKED
pkm-boundaries-crossed-52-149-e5ee31aaf1,Boundaries Crossed,Electrode,52/149,85161,Electrode,LINKED
pkm-boundaries-crossed-53-149-9e59bb612a,Boundaries Crossed,Electabuzz,53/149,85118,Electabuzz,LINKED
pkm-boundaries-crossed-54-149-a3ae24723c,Boundaries Crossed,Electivire,54/149,85124,Electivire,LINKED
pkm-boundaries-crossed-55-149-ad4b51e44e,Boundaries Crossed,Chinchou,55/149,84311,Chinchou,LINKED
pkm-boundaries-crossed-56-149-0c7a65ecae,Boundaries Crossed,Blitzle,56/149,83932,Blitzle,LINKED
pkm-boundaries-crossed-57-149-d6b4649241,Boundaries Crossed,Zebstrika,57/149,90731,Zebstrika,LINKED
pkm-boundaries-crossed-58-149-cf622c25f4,Boundaries Crossed,Wobbuffet,58/149,90623,Wobbuffet,LINKED
pkm-boundaries-crossed-59-149-78325ec21c,Boundaries Crossed,Spoink,59/149,89479,Spoink,LINKED
pkm-boundaries-crossed-60-149-c3a74b6c5c,Boundaries Crossed,Grumpig,60/149,85972,Grumpig,LINKED
pkm-boundaries-crossed-61-149-6948b4e851,Boundaries Crossed,Duskull,61/149,85055,Duskull,LINKED
pkm-boundaries-crossed-62-149-59e15b74d3,Boundaries Crossed,Dusclops,62/149,85031,Dusclops,LINKED
pkm-boundaries-crossed-63-149-611f7c8b47,Boundaries Crossed,Dusknoir,63/149,85040,Dusknoir,LINKED
pkm-boundaries-crossed-64-149-3db8e4a613,Boundaries Crossed,Croagunk,64/149,84479,Croagunk (64),LINKED
pkm-boundaries-crossed-65-149-611907f538,Boundaries Crossed,Croagunk,65/149,84480,Croagunk (65),LINKED
pkm-boundaries-crossed-66-149-434da1ec9f,Boundaries Crossed,Toxicroak,66/149,90010,Toxicroak,LINKED
pkm-boundaries-crossed-67-149-04b8aa7873,Boundaries Crossed,Cresselia-EX,67/149,84470,Cresselia EX,LINKED
pkm-boundaries-crossed-68-149-b556546264,Boundaries Crossed,Munna,68/149,87644,Munna,LINKED
pkm-boundaries-crossed-69-149-84c031a0be,Boundaries Crossed,Musharna,69/149,87661,Musharna,LINKED
pkm-boundaries-crossed-70-149-9c3137768f,Boundaries Crossed,Woobat,70/149,90627,Woobat,LINKED
pkm-boundaries-crossed-71-149-9226131d15,Boundaries Crossed,Swoobat,71/149,89726,Swoobat,LINKED
pkm-boundaries-crossed-72-149-c8d40b5c2e,Boundaries Crossed,Venipede,72/149,90296,Venipede,LINKED
pkm-boundaries-crossed-73-149-2d3c0a179e,Boundaries Crossed,Whirlipede,73/149,90572,Whirlipede,LINKED
pkm-boundaries-crossed-74-149-29e19b0eaa,Boundaries Crossed,Scolipede,74/149,88970,Scolipede,LINKED
pkm-boundaries-crossed-75-149-14a8e5832c,Boundaries Crossed,Gothita,75/149,85848,Gothita,LINKED
pkm-boundaries-crossed-76-149-e172ac8bb9,Boundaries Crossed,Gothorita,76/149,85858,Gothorita,LINKED
pkm-boundaries-crossed-77-149-49631974c3,Boundaries Crossed,Meloetta,77/149,87299,Meloetta,LINKED
pkm-boundaries-crossed-78-149-50ee343abc,Boundaries Crossed,Sandshrew,78/149,88927,Sandshrew,LINKED
pkm-boundaries-crossed-79-149-b8c129aa3f,Boundaries Crossed,Sandslash,79/149,88935,Sandslash,LINKED
pkm-boundaries-crossed-80-149-1c51ca7990,Boundaries Crossed,Gligar,80/149,85769,Gligar,LINKED
pkm-boundaries-crossed-81-149-42a681a4cc,Boundaries Crossed,Gliscor,81/149,85775,Gliscor,LINKED
pkm-boundaries-crossed-82-149-05a8564169,Boundaries Crossed,Makuhita,82/149,87134,Makuhita,LINKED
pkm-boundaries-crossed-83-149-3bf8f2bb16,Boundaries Crossed,Trapinch,83/149,90025,Trapinch,LINKED
pkm-boundaries-crossed-84-149-e4b3288086,Boundaries Crossed,Dwebble,84/149,85063,Dwebble,LINKED
pkm-boundaries-crossed-85-149-b1d4e0ed7e,Boundaries Crossed,Crustle,85/149,84510,Crustle,LINKED
pkm-boundaries-crossed-86-149-573cd5793f,Boundaries Crossed,Mienfoo,86/149,87438,Mienfoo (86),LINKED
pkm-boundaries-crossed-87-149-ee65471d7c,Boundaries Crossed,Mienfoo,87/149,87439,Mienfoo (87),LINKED
pkm-boundaries-crossed-88-149-bb2b2440dd,Boundaries Crossed,Mienshao,88/149,87442,Mienshao,LINKED
pkm-boundaries-crossed-89-149-492807aa70,Boundaries Crossed,Landorus-EX,89/149,86595,Landorus EX,LINKED
pkm-boundaries-crossed-90-149-19cbb89cd2,Boundaries Crossed,Purrloin,90/149,88459,Purrloin,LINKED
pkm-boundaries-crossed-91-149-ed0f5ed692,Boundaries Crossed,Liepard,91/149,86727,Liepard,LINKED
pkm-boundaries-crossed-92-149-ae37028697,Boundaries Crossed,Vullaby,92/149,90431,Vullaby,LINKED
pkm-boundaries-crossed-93-149-084139c5c4,Boundaries Crossed,Mandibuzz,93/149,87152,Mandibuzz,LINKED
pkm-boundaries-crossed-94-149-3c129eacf0,Boundaries Crossed,Scizor,94/149,88965,Scizor,LINKED
pkm-boundaries-crossed-95-149-55570e7b13,Boundaries Crossed,Skarmory,95/149,89244,Skarmory (95),LINKED
pkm-boundaries-crossed-96-149-975f9e750f,Boundaries Crossed,Skarmory,96/149,89245,Skarmory (96),LINKED
pkm-boundaries-crossed-97-149-9d0cb738f8,Boundaries Crossed,Klink,97/149,86483,Klink,LINKED
pkm-boundaries-crossed-98-149-856e4cbcf4,Boundaries Crossed,Vibrava,98/149,90339,Vibrava,LINKED
pkm-boundaries-crossed-99-149-f1bd763108,Boundaries Crossed,Flygon,99/149,85527,Flygon,LINKED
pkm-boundaries-crossed-100-149-4a425cd636,Boundaries Crossed,Black Kyurem,100/149,83851,Black Kyurem,LINKED
pkm-boundaries-crossed-101-149-10a924997e,Boundaries Crossed,Black Kyurem-EX,101/149,83853,Black Kyurem EX,LINKED
pkm-boundaries-crossed-102-149-5ff928568c,Boundaries Crossed,White Kyurem,102/149,90586,White Kyurem,LINKED
pkm-boundaries-crossed-103-149-23f05bdb2c,Boundaries Crossed,White Kyurem-EX,103/149,90588,White Kyurem EX,LINKED
pkm-boundaries-crossed-104-149-68c6ee4212,Boundaries Crossed,Rattata,104/149,88622,Rattata,LINKED
pkm-boundaries-crossed-105-149-667c83fc27,Boundaries Crossed,Raticate,105/149,88607,Raticate,LINKED
pkm-boundaries-crossed-106-149-fedc915d80,Boundaries Crossed,Meowth,106/149,87328,Meowth,LINKED
pkm-boundaries-crossed-107-149-2b8ae16086,Boundaries Crossed,Farfetch'd,107/149,85389,Farfetch'd,LINKED
pkm-boundaries-crossed-108-149-91ea4f0617,Boundaries Crossed,Ditto,108/149,84845,Ditto,LINKED
pkm-boundaries-crossed-109-149-6f360c953b,Boundaries Crossed,Snorlax,109/149,89393,Snorlax,LINKED
pkm-boundaries-crossed-110-149-38375af500,Boundaries Crossed,Togepi,110/149,89936,Togepi,LINKED
pkm-boundaries-crossed-111-149-65832a52c6,Boundaries Crossed,Dunsparce,111/149,85014,Dunsparce,LINKED
pkm-boundaries-crossed-112-149-7a1a3521d9,Boundaries Crossed,Taillow,112/149,89736,Taillow,LINKED
pkm-boundaries-crossed-113-149-df9ee644b4,Boundaries Crossed,Skitty,113/149,89269,Skitty,LINKED
pkm-boundaries-crossed-114-149-3625578c75,Boundaries Crossed,Delcatty,114/149,84742,Delcatty,LINKED
pkm-boundaries-crossed-115-149-482ddbd202,Boundaries Crossed,Spinda,115/149,89464,Spinda,LINKED
pkm-boundaries-crossed-116-149-36f2921358,Boundaries Crossed,Buneary,116/149,84045,Buneary,LINKED
pkm-boundaries-crossed-117-149-cd130d16a7,Boundaries Crossed,Lopunny,117/149,86828,Lopunny,LINKED
pkm-boundaries-crossed-118-149-7148aed146,Boundaries Crossed,Patrat,118/149,87964,Patrat,LINKED
pkm-boundaries-crossed-119-149-dc93e82309,Boundaries Crossed,Watchog,119/149,90497,Watchog,LINKED
pkm-boundaries-crossed-120-149-e39444f832,Boundaries Crossed,Lillipup,120/149,86800,Lillipup,LINKED
pkm-boundaries-crossed-121-149-57cffa7698,Boundaries Crossed,Herdier,121/149,86071,Herdier,LINKED
pkm-boundaries-crossed-122-149-08da9e98bc,Boundaries Crossed,Stoutland,122/149,89572,Stoutland,LINKED
pkm-boundaries-crossed-123-149-9379d7d702,Boundaries Crossed,Pidove,123/149,88059,Pidove,LINKED
pkm-boundaries-crossed-124-149-c0db329820,Boundaries Crossed,Tranquill,124/149,90016,Tranquill,LINKED
pkm-boundaries-crossed-125-149-932dd94c5a,Boundaries Crossed,Unfezant,125/149,90161,Unfezant,LINKED
pkm-boundaries-crossed-126-149-cb24b1f193,Boundaries Crossed,Audino,126/149,83664,Audino,LINKED
pkm-boundaries-crossed-127-149-74c638a948,Boundaries Crossed,Aspertia City Gym,127/149,83658,Aspertia City Gym,LINKED
pkm-boundaries-crossed-128-149-c7e18eaa6c,Boundaries Crossed,Energy Search,128/149,85250,Energy Search,LINKED
pkm-boundaries-crossed-129-149-d21882a794,Boundaries Crossed,Great Ball,129/149,85900,Great Ball,LINKED
pkm-boundaries-crossed-130-149-c4a6a64c69,Boundaries Crossed,Hugh,130/149,86235,Hugh,LINKED
pkm-boundaries-crossed-131-149-11a703358b,Boundaries Crossed,Poké Ball,131/149,88193,Poke Ball,SKIP_NAME_MISMATCH
pkm-boundaries-crossed-132-149-3504e48c9d,Boundaries Crossed,Potion,132/149,88348,Potion,LINKED
pkm-boundaries-crossed-133-149-f7049ce31d,Boundaries Crossed,Rocky Helmet,133/149,88803,Rocky Helmet,LINKED
pkm-boundaries-crossed-134-149-b15e9f1cc6,Boundaries Crossed,Skyla,134/149,89286,Skyla,LINKED
pkm-boundaries-crossed-135-149-a912fea9bd,Boundaries Crossed,Switch,135/149,89722,Switch,LINKED
pkm-boundaries-crossed-136-149-3b22cca777,Boundaries Crossed,Town Map,136/149,90005,Town Map,LINKED
pkm-boundaries-crossed-137-149-1cc32fe68a,Boundaries Crossed,Computer Search,137/149,84416,Computer Search,LINKED
pkm-boundaries-crossed-138-149-68bbc9606a,Boundaries Crossed,Crystal Edge,138/149,84517,Crystal Edge,LINKED
pkm-boundaries-crossed-139-149-b75e32c690,Boundaries Crossed,Crystal Wall,139/149,84522,Crystal Wall,LINKED
pkm-boundaries-crossed-140-149-713e99cf12,Boundaries Crossed,Gold Potion,140/149,85800,Gold Potion,LINKED
pkm-boundaries-crossed-141-149-ec14a2965c,Boundaries Crossed,Celebi-EX,141/149,84153,Celebi EX (141 Full Art),LINKED
pkm-boundaries-crossed-142-149-4e976e6a22,Boundaries Crossed,Keldeo-EX,142/149,86439,Keldeo EX (142 Full Art),LINKED
pkm-boundaries-crossed-143-149-96b1fc0248,Boundaries Crossed,Cresselia-EX,143/149,84471,Cresselia EX (143 Full Art),LINKED
pkm-boundaries-crossed-144-149-b85aa7da21,Boundaries Crossed,Landorus-EX,144/149,86596,Landorus EX (144 Full Art),LINKED
pkm-boundaries-crossed-145-149-f0865fa424,Boundaries Crossed,Black Kyurem-EX,145/149,83857,Black Kyurem EX (145 Full Art),LINKED
pkm-boundaries-crossed-146-149-8d79c05434,Boundaries Crossed,White Kyurem-EX,146/149,90592,White Kyurem EX (146 Full Art),LINKED
pkm-boundaries-crossed-147-149-29a885933a,Boundaries Crossed,Bianca,147/149,83816,Bianca (147 Full Art),LINKED
pkm-boundaries-crossed-148-149-0723c28647,Boundaries Crossed,Cheren,148/149,84250,Cheren (148 Full Art),LINKED
pkm-boundaries-crossed-149-149-a60f211580,Boundaries Crossed,Skyla,149/149,89287,Skyla (149 Full Art),LINKED
pkm-boundaries-crossed-150-149-84dc3070ea,Boundaries Crossed,Golurk,150/149,85837,Golurk,LINKED
pkm-boundaries-crossed-151-149-d25b430034,Boundaries Crossed,Terrakion,151/149,89888,Terrakion,LINKED
pkm-boundaries-crossed-152-149-7a8bb1816b,Boundaries Crossed,Altaria,152/149,83521,Altaria,LINKED
pkm-boundaries-crossed-153-149-e068cbedd2,Boundaries Crossed,Rocky Helmet,153/149,88804,Rocky Helmet (Secret),LINKED
pkm-dark-explorers-1-108-c5129139ca,Dark Explorers,Bulbasaur,1/108,84036,Bulbasaur,LINKED
pkm-dark-explorers-2-108-624d8ddbee,Dark Explorers,Ivysaur,2/108,86304,Ivysaur,LINKED
pkm-dark-explorers-3-108-69b073ec0a,Dark Explorers,Venusaur,3/108,90322,Venusaur,LINKED
pkm-dark-explorers-4-108-58caa902a5,Dark Explorers,Scyther,4/108,89005,Scyther,LINKED
pkm-dark-explorers-5-108-9deb9bed3b,Dark Explorers,Carnivine,5/108,84106,Carnivine,LINKED
pkm-dark-explorers-6-108-76906c8f82,Dark Explorers,Leafeon,6/108,86682,Leafeon,LINKED
pkm-dark-explorers-7-108-3246e4914a,Dark Explorers,Dwebble,7/108,85062,Dwebble,LINKED
pkm-dark-explorers-8-108-a455147848,Dark Explorers,Crustle,8/108,84509,Crustle,LINKED
pkm-dark-explorers-9-108-1d558849ac,Dark Explorers,Karrablast,9/108,86426,Karrablast,LINKED
pkm-dark-explorers-10-108-1a8a356d2a,Dark Explorers,Shelmet,10/108,89147,Shelmet,LINKED
pkm-dark-explorers-11-108-94ffc1e9ce,Dark Explorers,Accelgor,11/108,83460,Accelgor,LINKED
pkm-dark-explorers-12-108-b6c0ee9514,Dark Explorers,Flareon,12/108,85500,Flareon,LINKED
pkm-dark-explorers-13-108-997009d12c,Dark Explorers,Entei-EX,13/108,85279,Entei EX,LINKED
pkm-dark-explorers-14-108-858611fb96,Dark Explorers,Torchic,14/108,89962,Torchic (14),LINKED
pkm-dark-explorers-15-108-32c0008847,Dark Explorers,Torchic,15/108,89963,Torchic (15),LINKED
pkm-dark-explorers-16-108-5dfee5e53d,Dark Explorers,Combusken,16/108,84413,Combusken,LINKED
pkm-dark-explorers-17-108-3ac831620d,Dark Explorers,Blaziken,17/108,83911,Blaziken,LINKED
pkm-dark-explorers-18-108-ae4e5eb404,Dark Explorers,Torkoal,18/108,89973,Torkoal,LINKED
pkm-dark-explorers-19-108-a6e421bf90,Dark Explorers,Heatmor,19/108,86045,Heatmor,LINKED
pkm-dark-explorers-20-108-da2c191aac,Dark Explorers,Larvesta,20/108,86629,Larvesta (20),LINKED
pkm-dark-explorers-21-108-e113ee2987,Dark Explorers,Larvesta,21/108,86630,Larvesta (21),LINKED
pkm-dark-explorers-22-108-a93d379cb6,Dark Explorers,Volcarona,22/108,90404,Volcarona,LINKED
pkm-dark-explorers-23-108-c6f4f7af4a,Dark Explorers,Slowpoke,23/108,89335,Slowpoke,LINKED
pkm-dark-explorers-24-108-7870944820,Dark Explorers,Slowbro,24/108,89309,Slowbro,LINKED
pkm-dark-explorers-25-108-94457210e7,Dark Explorers,Vaporeon,25/108,90288,Vaporeon,LINKED
pkm-dark-explorers-26-108-3d00eeb9ac,Dark Explorers,Kyogre-EX,26/108,86559,Kyogre EX,LINKED
pkm-dark-explorers-27-108-9329b7e364,Dark Explorers,Piplup,27/108,88152,Piplup,LINKED
pkm-dark-explorers-28-108-e4bc44f018,Dark Explorers,Prinplup,28/108,88372,Prinplup,LINKED
pkm-dark-explorers-29-108-35442a5ea0,Dark Explorers,Empoleon,29/108,85201,Empoleon,LINKED
pkm-dark-explorers-30-108-b0019f3751,Dark Explorers,Glaceon,30/108,85747,Glaceon,LINKED
pkm-dark-explorers-31-108-d4bd7f18ab,Dark Explorers,Tympole,31/108,90089,Tympole,LINKED
pkm-dark-explorers-32-108-1bdb96bdd2,Dark Explorers,Palpitoad,32/108,87923,Palpitoad,LINKED
pkm-dark-explorers-33-108-9a5aa08733,Dark Explorers,Vanillite,33/108,90270,Vanillite,LINKED
pkm-dark-explorers-34-108-76377da0d9,Dark Explorers,Vanillish,34/108,90265,Vanillish,LINKED
pkm-dark-explorers-35-108-d71031c4a6,Dark Explorers,Ducklett,35/108,84993,Ducklett,LINKED
pkm-dark-explorers-36-108-cc6a96f2e8,Dark Explorers,Swanna,36/108,89686,Swanna,LINKED
pkm-dark-explorers-37-108-a22e1c271d,Dark Explorers,Jolteon,37/108,86347,Jolteon,LINKED
pkm-dark-explorers-38-108-38f6599af8,Dark Explorers,Raikou-EX,38/108,88541,Raikou EX,LINKED
pkm-dark-explorers-39-108-1820006bd4,Dark Explorers,Plusle,39/108,88173,Plusle,LINKED
pkm-dark-explorers-40-108-555c539020,Dark Explorers,Minun,40/108,87493,Minun,LINKED
pkm-dark-explorers-41-108-1b6adc201d,Dark Explorers,Joltik,41/108,86356,Joltik (41),LINKED
pkm-dark-explorers-42-108-8e7d98ae15,Dark Explorers,Joltik,42/108,86357,Joltik (42),LINKED
pkm-dark-explorers-43-108-a7c93a5e80,Dark Explorers,Galvantula,43/108,85612,Galvantula,LINKED
pkm-dark-explorers-44-108-8ea2da02a2,Dark Explorers,Tynamo,44/108,90095,Tynamo (44),LINKED
pkm-dark-explorers-45-108-8fe9adc9a9,Dark Explorers,Tynamo,45/108,90096,Tynamo (45),LINKED
pkm-dark-explorers-46-108-a357acc73e,Dark Explorers,Eelektrik,46/108,85068,Eelektrik,LINKED
pkm-dark-explorers-47-108-818025a6ec,Dark Explorers,Eelektross,47/108,85071,Eelektross,LINKED
pkm-dark-explorers-48-108-3fe2526fa9,Dark Explorers,Espeon,48/108,85325,Espeon,LINKED
pkm-dark-explorers-49-108-9adf74d43e,Dark Explorers,Slowking,49/108,89320,Slowking,LINKED
pkm-dark-explorers-50-108-001ebcf1ee,Dark Explorers,Woobat,50/108,90626,Woobat,LINKED
pkm-dark-explorers-51-108-51ec363cf2,Dark Explorers,Yamask,51/108,90677,Yamask,LINKED
pkm-dark-explorers-52-108-2645c3d31c,Dark Explorers,Cofagrigus,52/108,84386,Cofagrigus,LINKED
pkm-dark-explorers-53-108-8df6a219e0,Dark Explorers,Aerodactyl,53/108,83471,Aerodactyl,LINKED
pkm-dark-explorers-54-108-f13f9d14bf,Dark Explorers,Groudon-EX,54/108,85932,Groudon EX,LINKED
pkm-dark-explorers-55-108-ae8f0f8208,Dark Explorers,Drilbur,55/108,84966,Drilbur,LINKED
pkm-dark-explorers-56-108-18c73c74b2,Dark Explorers,Excadrill,56/108,85338,Excadrill (56),LINKED
pkm-dark-explorers-57-108-3bfec911a8,Dark Explorers,Excadrill,57/108,85339,Excadrill (57),LINKED
pkm-dark-explorers-58-108-155556bcd2,Dark Explorers,Timburr,58/108,89915,Timburr,LINKED
pkm-dark-explorers-59-108-9efa18f88d,Dark Explorers,Gurdurr,59/108,85982,Gurdurr,LINKED
pkm-dark-explorers-60-108-8d54202899,Dark Explorers,Umbreon,60/108,90148,Umbreon (60),LINKED
pkm-dark-explorers-61-108-008b672547,Dark Explorers,Umbreon,61/108,90149,Umbreon (61),LINKED
pkm-dark-explorers-62-108-efce459343,Dark Explorers,Sableye,62/108,88855,Sableye,LINKED
pkm-dark-explorers-63-108-64d6b311f6,Dark Explorers,Darkrai-EX,63/108,84706,Darkrai EX,LINKED
pkm-dark-explorers-64-108-725e699fd2,Dark Explorers,Sandile,64/108,88915,Sandile,LINKED
pkm-dark-explorers-65-108-428740907b,Dark Explorers,Krokorok,65/108,86538,Krokorok,LINKED
pkm-dark-explorers-66-108-60b590bef6,Dark Explorers,Krookodile,66/108,86543,Krookodile,LINKED
pkm-dark-explorers-67-108-0c4abb5f91,Dark Explorers,Scraggy,67/108,88984,Scraggy,LINKED
pkm-dark-explorers-68-108-4afa6fe381,Dark Explorers,Scrafty,68/108,88979,Scrafty,LINKED
pkm-dark-explorers-69-108-d07756de2b,Dark Explorers,Zorua,69/108,90761,Zorua (69),LINKED
pkm-dark-explorers-70-108-fdae077593,Dark Explorers,Zorua,70/108,90762,Zorua (70),LINKED
pkm-dark-explorers-71-108-6099f31ac9,Dark Explorers,Zoroark,71/108,90754,Zoroark,LINKED
pkm-dark-explorers-72-108-07d3dfe0f6,Dark Explorers,Bisharp,72/108,83844,Bisharp (72),LINKED
pkm-dark-explorers-73-108-3430b01ac2,Dark Explorers,Vullaby,73/108,90430,Vullaby,LINKED
pkm-dark-explorers-74-108-27d3c2f778,Dark Explorers,Escavalier,74/108,85314,Escavalier,LINKED
pkm-dark-explorers-75-108-fc5c54b49f,Dark Explorers,Klink,75/108,86482,Klink,LINKED
pkm-dark-explorers-76-108-57acb718c3,Dark Explorers,Klang,76/108,86476,Klang,LINKED
pkm-dark-explorers-77-108-bc419b43d3,Dark Explorers,Klinklang,77/108,86487,Klinklang,LINKED
pkm-dark-explorers-78-108-ff6077b105,Dark Explorers,Pawniard,78/108,87969,Pawniard,LINKED
pkm-dark-explorers-79-108-18dc42e3dc,Dark Explorers,Bisharp,79/108,83845,Bisharp (79),LINKED
pkm-dark-explorers-80-108-f86e17ba2f,Dark Explorers,Chansey,80/108,84178,Chansey (80),LINKED
pkm-dark-explorers-81-108-32044657f7,Dark Explorers,Chansey,81/108,84179,Chansey (81),LINKED
pkm-dark-explorers-82-108-6270e4073c,Dark Explorers,Blissey,82/108,83925,Blissey,LINKED
pkm-dark-explorers-83-108-70b2143e00,Dark Explorers,Eevee,83/108,85090,Eevee (83),LINKED
pkm-dark-explorers-84-108-cf5a5cf890,Dark Explorers,Eevee,84/108,85091,Eevee (84),LINKED
pkm-dark-explorers-85-108-0136182960,Dark Explorers,Chatot,85/108,84243,Chatot,LINKED
pkm-dark-explorers-86-108-382c3af8c5,Dark Explorers,Lillipup,86/108,86799,Lillipup,LINKED
pkm-dark-explorers-87-108-38dccaca56,Dark Explorers,Herdier,87/108,86070,Herdier,LINKED
pkm-dark-explorers-88-108-787f8ee670,Dark Explorers,Stoutland,88/108,89571,Stoutland,LINKED
pkm-dark-explorers-89-108-921c6bffa2,Dark Explorers,Haxorus,89/108,86033,Haxorus,LINKED
pkm-dark-explorers-90-108-691bf82cd0,Dark Explorers,Tornadus-EX,90/108,89978,Tornadus EX,LINKED
pkm-dark-explorers-91-108-9f8cb20096,Dark Explorers,Cheren,91/108,84249,Cheren,LINKED
pkm-dark-explorers-92-108-a426adb8ff,Dark Explorers,Dark Claw,92/108,84575,Dark Claw,LINKED
pkm-dark-explorers-93-108-e220a425b9,Dark Explorers,Dark Patch,93/108,84636,Dark Patch,LINKED
pkm-dark-explorers-94-108-ce7a8152e2,Dark Explorers,Enhanced Hammer,94/108,85265,Enhanced Hammer,LINKED
pkm-dark-explorers-95-108-26f7bc698a,Dark Explorers,Hooligans Jim & Cas,95/108,86168,Hooligans Jim & Cas,LINKED
pkm-dark-explorers-96-108-38f8527ce0,Dark Explorers,N,96/108,87676,N (Supporter),LINKED
pkm-dark-explorers-97-108-955915f93e,Dark Explorers,Old Amber Aerodactyl,97/108,87850,Old Amber Aerodactyl,LINKED
pkm-dark-explorers-98-108-2660c39857,Dark Explorers,Professor Juniper,98/108,88396,Professor Juniper,LINKED
pkm-dark-explorers-99-108-53ab49ac40,Dark Explorers,Random Receiver,99/108,88573,Random Receiver,LINKED
pkm-dark-explorers-100-108-6c56af2030,Dark Explorers,Rare Candy,100/108,88596,Rare Candy,LINKED
pkm-dark-explorers-101-108-19d8b7189c,Dark Explorers,Twist Mountain,101/108,90087,Twist Mountain,LINKED
pkm-dark-explorers-102-108-069c82e6a6,Dark Explorers,Ultra Ball,102/108,90134,Ultra Ball,LINKED
pkm-dark-explorers-103-108-a1e912a055,Dark Explorers,Entei-EX,103/108,85280,Entei EX (103 Full Art),LINKED
pkm-dark-explorers-104-108-5dcfb9b742,Dark Explorers,Kyogre-EX,104/108,86560,Kyogre EX (104 Full Art),LINKED
pkm-dark-explorers-105-108-55085c2e47,Dark Explorers,Raikou-EX,105/108,88542,Raikou EX (105 Full Art),LINKED
pkm-dark-explorers-106-108-06b48be914,Dark Explorers,Groudon-EX,106/108,85933,Groudon EX (106 Full Art),LINKED
pkm-dark-explorers-107-108-2c3308e242,Dark Explorers,Darkrai-EX,107/108,84709,Darkrai EX (107 Full Art),LINKED
pkm-dark-explorers-108-108-6c4eee534c,Dark Explorers,Tornadus-EX,108/108,89980,Tornadus EX (108 Full Art),LINKED
pkm-dark-explorers-109-108-d2a7c1c04d,Dark Explorers,Gardevoir,109/108,85638,Gardevoir,LINKED
pkm-dark-explorers-110-108-87be9eebaa,Dark Explorers,Archeops,110/108,83610,Archeops,LINKED
pkm-dark-explorers-111-108-53b74eaf41,Dark Explorers,Pokémon Catcher,111/108,88212,Pokemon Catcher (Gold),SKIP_NAME_MISMATCH
pkm-dragon-vault-3-20-96aae6f8f5,Dragon Vault,Dragonair,3/20,84902,Dragonair (3),LINKED
pkm-dragon-vault-4-20-6b5e84f8c1,Dragon Vault,Dragonair,4/20,84903,Dragonair (4),LINKED
pkm-dragon-vault-5-20-ba4ebeb3c1,Dragon Vault,Dragonite,5/20,84915,Dragonite,LINKED
pkm-dragon-vault-6-20-ee1207fb90,Dragon Vault,Bagon,6/20,83701,Bagon,LINKED
pkm-dragon-vault-7-20-89f5322d2b,Dragon Vault,Shelgon,7/20,89130,Shelgon,LINKED
pkm-dragon-vault-8-20-d305f21433,Dragon Vault,Salamence,8/20,88900,Salamence,LINKED
pkm-dragon-vault-9-20-87f5777c29,Dragon Vault,Latias,9/20,86654,Latias,LINKED
pkm-dragon-vault-10-20-a359794659,Dragon Vault,Latios,10/20,86668,Latios,LINKED
pkm-dragon-vault-11-20-e04338463e,Dragon Vault,Rayquaza,11/20,88631,Rayquaza,LINKED
pkm-dragon-vault-12-20-2ee308d157,Dragon Vault,Axew,12/20,83670,Axew (12),LINKED
pkm-dragon-vault-13-20-b3c35cab9a,Dragon Vault,Axew,13/20,83671,Axew (13),LINKED
pkm-dragon-vault-14-20-ddccd9d929,Dragon Vault,Fraxure,14/20,85559,Fraxure (14),LINKED
pkm-dragon-vault-15-20-4d2a79c7c4,Dragon Vault,Fraxure,15/20,85560,Fraxure (15),LINKED
pkm-dragon-vault-16-20-cfbbdf33c1,Dragon Vault,Haxorus,16/20,86034,Haxorus,LINKED
pkm-dragon-vault-17-20-574c829c6f,Dragon Vault,Druddigon,17/20,84979,Druddigon,LINKED
pkm-dragon-vault-18-20-0b98e16b02,Dragon Vault,Exp. Share,18/20,85366,Exp. Share,LINKED
pkm-dragon-vault-19-20-48df4885ea,Dragon Vault,First Ticket,19/20,85470,First Ticket,LINKED
pkm-dragon-vault-20-20-72b2f013bd,Dragon Vault,Super Rod,20/20,89632,Super Rod,LINKED
pkm-dragon-vault-21-20-b1512a3d1d,Dragon Vault,Kyurem,21/20,86563,Kyurem,LINKED
pkm-dragons-exalted-1-124-3de8307282,Dragons Exalted,Hoppip,1/124,86183,Hoppip,LINKED
pkm-dragons-exalted-2-124-3095f62746,Dragons Exalted,Skiploom,2/124,89258,Skiploom,LINKED
pkm-dragons-exalted-3-124-b7248da5f2,Dragons Exalted,Jumpluff,3/124,86368,Jumpluff,LINKED
pkm-dragons-exalted-4-124-92b859ffb3,Dragons Exalted,Yanma,4/124,90689,Yanma,LINKED
pkm-dragons-exalted-5-124-468741e5b2,Dragons Exalted,Yanmega,5/124,90695,Yanmega,LINKED
pkm-dragons-exalted-6-124-0404831bd0,Dragons Exalted,Wurmple,6/124,90653,Wurmple,LINKED
pkm-dragons-exalted-7-124-3df39a6dab,Dragons Exalted,Silcoon,7/124,89214,Silcoon,LINKED
pkm-dragons-exalted-8-124-f03100dd88,Dragons Exalted,Beautifly,8/124,83760,Beautifly,LINKED
pkm-dragons-exalted-9-124-26890a4bda,Dragons Exalted,Cascoon,9/124,84123,Cascoon,LINKED
pkm-dragons-exalted-10-124-d7c0f09354,Dragons Exalted,Nincada,10/124,87762,Nincada,LINKED
pkm-dragons-exalted-11-124-9c5722a30d,Dragons Exalted,Ninjask,11/124,87788,Ninjask,LINKED
pkm-dragons-exalted-12-124-b87926acf6,Dragons Exalted,Roselia,12/124,88824,Roselia (12),LINKED
pkm-dragons-exalted-13-124-601ff10f5d,Dragons Exalted,Roselia,13/124,88825,Roselia (13),LINKED
pkm-dragons-exalted-14-124-caaf744269,Dragons Exalted,Roserade,14/124,88831,Roserade (14),LINKED
pkm-dragons-exalted-15-124-f5b56cb0fb,Dragons Exalted,Roserade,15/124,88832,Roserade (15),LINKED
pkm-dragons-exalted-16-124-b7d4ac443c,Dragons Exalted,Maractus,16/124,87190,Maractus,LINKED
pkm-dragons-exalted-17-124-2c94956fb6,Dragons Exalted,Foongus,17/124,85539,Foongus,LINKED
pkm-dragons-exalted-18-124-74a668e93a,Dragons Exalted,Vulpix,18/124,90447,Vulpix,LINKED
pkm-dragons-exalted-19-124-87254de61c,Dragons Exalted,Ninetales,19/124,87778,Ninetales,LINKED
pkm-dragons-exalted-20-124-cc71d5c104,Dragons Exalted,Magmar,20/124,87053,Magmar,LINKED
pkm-dragons-exalted-21-124-0e2811a2ab,Dragons Exalted,Magmortar,21/124,87062,Magmortar,LINKED
pkm-dragons-exalted-22-124-f42f56833d,Dragons Exalted,Ho-Oh-EX,22/124,86130,Ho-Oh EX,LINKED
pkm-dragons-exalted-23-124-f6f0caca95,Dragons Exalted,Magikarp,23/124,87036,Magikarp,LINKED
pkm-dragons-exalted-24-124-c5a8b63222,Dragons Exalted,Gyarados,24/124,86000,Gyarados,LINKED
pkm-dragons-exalted-25-124-2ff834a1d3,Dragons Exalted,Wailmer,25/124,90456,Wailmer,LINKED
pkm-dragons-exalted-26-124-d9f7059271,Dragons Exalted,Wailord,26/124,90462,Wailord,LINKED
pkm-dragons-exalted-27-124-d47a75f50a,Dragons Exalted,Feebas,27/124,85406,Feebas,LINKED
pkm-dragons-exalted-28-124-31251f25d7,Dragons Exalted,Milotic,28/124,87457,Milotic,LINKED
pkm-dragons-exalted-29-124-6503109aba,Dragons Exalted,Spheal,29/124,89450,Spheal,LINKED
pkm-dragons-exalted-30-124-4611649ffd,Dragons Exalted,Sealeo,30/124,89034,Sealeo,LINKED
pkm-dragons-exalted-31-124-6059dafed9,Dragons Exalted,Walrein,31/124,90469,Walrein,LINKED
pkm-dragons-exalted-32-124-bd9d7a0fb0,Dragons Exalted,Buizel,32/124,84023,Buizel,LINKED
pkm-dragons-exalted-33-124-29f487d566,Dragons Exalted,Floatzel,33/124,85516,Floatzel,LINKED
pkm-dragons-exalted-34-124-e9af811bb2,Dragons Exalted,Tympole,34/124,90090,Tympole,LINKED
pkm-dragons-exalted-35-124-ae7a03b61a,Dragons Exalted,Palpitoad,35/124,87924,Palpitoad,LINKED
pkm-dragons-exalted-36-124-455627a742,Dragons Exalted,Seismitoad,36/124,89058,Seismitoad,LINKED
pkm-dragons-exalted-37-124-ae541d9884,Dragons Exalted,Alomomola,37/124,83508,Alomomola,LINKED
pkm-dragons-exalted-38-124-9789d53d26,Dragons Exalted,Mareep,38/124,87208,Mareep,LINKED
pkm-dragons-exalted-39-124-89c82cb3bf,Dragons Exalted,Flaaffy,39/124,85486,Flaaffy,LINKED
pkm-dragons-exalted-40-124-27c92d1781,Dragons Exalted,Ampharos,40/124,83547,Ampharos,LINKED
pkm-dragons-exalted-41-124-e527c09fda,Dragons Exalted,Electrike,41/124,85144,Electrike (41),LINKED
pkm-dragons-exalted-42-124-d41e4a0b27,Dragons Exalted,Electrike,42/124,85145,Electrike (42),LINKED
pkm-dragons-exalted-43-124-2d8a340d4b,Dragons Exalted,Manectric,43/124,87165,Manectric (43),LINKED
pkm-dragons-exalted-44-124-b8dbdd7590,Dragons Exalted,Manectric,44/124,87166,Manectric (44),LINKED
pkm-dragons-exalted-45-124-8a5de91c81,Dragons Exalted,Emolga,45/124,85191,Emolga,LINKED
pkm-dragons-exalted-46-124-c1b6002969,Dragons Exalted,Mew-EX,46/124,87411,Mew EX,LINKED
pkm-dragons-exalted-47-124-f24245e3fe,Dragons Exalted,Dustox,47/124,85059,Dustox,LINKED
pkm-dragons-exalted-48-124-07c28cfc56,Dragons Exalted,Shedinja,48/124,89121,Shedinja,LINKED
pkm-dragons-exalted-49-124-4955797450,Dragons Exalted,Drifloon,49/124,84961,Drifloon (49),LINKED
pkm-dragons-exalted-50-124-647018d48f,Dragons Exalted,Drifloon,50/124,84962,Drifloon (50),LINKED
pkm-dragons-exalted-51-124-d70e3603c9,Dragons Exalted,Drifblim,51/124,84949,Drifblim,LINKED
pkm-dragons-exalted-52-124-6bb528874c,Dragons Exalted,Sigilyph,52/124,89206,Sigilyph,LINKED
pkm-dragons-exalted-53-124-54f1ddd2bb,Dragons Exalted,Trubbish,53/124,90066,Trubbish,LINKED
pkm-dragons-exalted-54-124-14a049622e,Dragons Exalted,Garbodor,54/124,85616,Garbodor,LINKED
pkm-dragons-exalted-55-124-a4526b919d,Dragons Exalted,Gothita,55/124,85847,Gothita,LINKED
pkm-dragons-exalted-56-124-63760655e2,Dragons Exalted,Gothorita,56/124,85857,Gothorita,LINKED
pkm-dragons-exalted-57-124-08db0ddf4d,Dragons Exalted,Gothitelle,57/124,85853,Gothitelle,LINKED
pkm-dragons-exalted-58-124-8895f710d0,Dragons Exalted,Golett,58/124,85833,Golett,LINKED
pkm-dragons-exalted-59-124-653b25697a,Dragons Exalted,Golurk,59/124,85836,Golurk,LINKED
pkm-dragons-exalted-60-124-cc809aadf6,Dragons Exalted,Cubone,60/124,84536,Cubone,LINKED
pkm-dragons-exalted-61-124-8b142bd021,Dragons Exalted,Marowak,61/124,87229,Marowak,LINKED
pkm-dragons-exalted-62-124-0daedc6dcc,Dragons Exalted,Nosepass,62/124,87804,Nosepass,LINKED
pkm-dragons-exalted-63-124-2fd2207510,Dragons Exalted,Baltoy,63/124,83718,Baltoy,LINKED
pkm-dragons-exalted-64-124-b47d5c4a91,Dragons Exalted,Claydol,64/124,84339,Claydol,LINKED
pkm-dragons-exalted-65-124-c88f72e320,Dragons Exalted,Roggenrola,65/124,88807,Roggenrola,LINKED
pkm-dragons-exalted-66-124-b25e4143cf,Dragons Exalted,Boldore,66/124,83935,Boldore,LINKED
pkm-dragons-exalted-67-124-f56b5833f4,Dragons Exalted,Gigalith,67/124,85707,Gigalith,LINKED
pkm-dragons-exalted-68-124-ec88996e73,Dragons Exalted,Throh,68/124,89901,Throh,LINKED
pkm-dragons-exalted-69-124-e1e54651a7,Dragons Exalted,Sawk,69/124,88939,Sawk,LINKED
pkm-dragons-exalted-70-124-c80d3d7ede,Dragons Exalted,Stunfisk,70/124,89581,Stunfisk,LINKED
pkm-dragons-exalted-71-124-8b54481f0a,Dragons Exalted,Terrakion-EX,71/124,89892,Terrakion EX,LINKED
pkm-dragons-exalted-72-124-e06c7658df,Dragons Exalted,Murkrow,72/124,87657,Murkrow,LINKED
pkm-dragons-exalted-73-124-58105288b1,Dragons Exalted,Honchkrow,73/124,86163,Honchkrow,LINKED
pkm-dragons-exalted-74-124-2451faee7f,Dragons Exalted,Houndour,74/124,86233,Houndour,LINKED
pkm-dragons-exalted-75-124-2657924dd0,Dragons Exalted,Houndoom,75/124,86212,Houndoom,LINKED
pkm-dragons-exalted-76-124-0495ed44da,Dragons Exalted,Stunky,76/124,89588,Stunky,LINKED
pkm-dragons-exalted-77-124-73b297defa,Dragons Exalted,Skuntank,77/124,89283,Skuntank,LINKED
pkm-dragons-exalted-78-124-c7661f7e79,Dragons Exalted,Aron,78/124,83640,Aron,LINKED
pkm-dragons-exalted-79-124-8572eded66,Dragons Exalted,Lairon,79/124,86584,Lairon,LINKED
pkm-dragons-exalted-80-124-014aaed96c,Dragons Exalted,Aggron,80/124,83481,Aggron,LINKED
pkm-dragons-exalted-81-124-1a231b87c8,Dragons Exalted,Registeel-EX,81/124,88681,Registeel EX,LINKED
pkm-dragons-exalted-82-124-700834c41b,Dragons Exalted,Probopass,82/124,88379,Probopass,LINKED
pkm-dragons-exalted-83-124-bfae8f0b81,Dragons Exalted,Durant,83/124,85021,Durant,LINKED
pkm-dragons-exalted-84-124-75a0395448,Dragons Exalted,Altaria,84/124,83519,Altaria,LINKED
pkm-dragons-exalted-85-124-40795e854a,Dragons Exalted,Rayquaza-EX,85/124,88645,Rayquaza EX,LINKED
pkm-dragons-exalted-86-124-cc6a8de72d,Dragons Exalted,Gible,86/124,85702,Gible (86),LINKED
pkm-dragons-exalted-87-124-5abb2418e4,Dragons Exalted,Gible,87/124,85703,Gible (87),LINKED
pkm-dragons-exalted-88-124-b96774a2cf,Dragons Exalted,Gabite,88/124,85600,Gabite (88),LINKED
pkm-dragons-exalted-89-124-5f5834e0b2,Dragons Exalted,Gabite,89/124,85601,Gabite (89),LINKED
pkm-dragons-exalted-90-124-a27563433b,Dragons Exalted,Garchomp,90/124,85624,Garchomp (90),LINKED
pkm-dragons-exalted-91-124-1d86127187,Dragons Exalted,Garchomp,91/124,85625,Garchomp (91),LINKED
pkm-dragons-exalted-93-124-aec4932820,Dragons Exalted,Deino,93/124,84729,Deino (93),LINKED
pkm-dragons-exalted-94-124-cecda2df17,Dragons Exalted,Deino,94/124,84730,Deino (94),LINKED
pkm-dragons-exalted-95-124-409fea5b5e,Dragons Exalted,Zweilous,95/124,90780,Zweilous (95),LINKED
pkm-dragons-exalted-96-124-473ee12a24,Dragons Exalted,Zweilous,96/124,90781,Zweilous (96),LINKED
pkm-dragons-exalted-97-124-7a84ed16f4,Dragons Exalted,Hydreigon,97/124,86241,Hydreigon (97),LINKED
pkm-dragons-exalted-98-124-9f5daf86d7,Dragons Exalted,Hydreigon,98/124,86242,Hydreigon (98),LINKED
pkm-dragons-exalted-99-124-a2dab1b284,Dragons Exalted,Aipom,99/124,83494,Aipom,LINKED
pkm-dragons-exalted-100-124-f9edd89346,Dragons Exalted,Ambipom,100/124,83529,Ambipom,LINKED
pkm-dragons-exalted-101-124-0645ec6d9e,Dragons Exalted,Slakoth,101/124,89300,Slakoth,LINKED
pkm-dragons-exalted-102-124-2d7458c4c6,Dragons Exalted,Vigoroth,102/124,90372,Vigoroth,LINKED
pkm-dragons-exalted-103-124-0520e20bfa,Dragons Exalted,Slaking,103/124,89293,Slaking,LINKED
pkm-dragons-exalted-104-124-c1c70acd03,Dragons Exalted,Swablu,104/124,89661,Swablu (104),LINKED
pkm-dragons-exalted-105-124-297252158a,Dragons Exalted,Swablu,105/124,89662,Swablu (105),LINKED
pkm-dragons-exalted-106-124-2495688a6a,Dragons Exalted,Bidoof,106/124,83829,Bidoof,LINKED
pkm-dragons-exalted-107-124-4af8555972,Dragons Exalted,Bibarel,107/124,83821,Bibarel,LINKED
pkm-dragons-exalted-108-124-d7fb2a6fb3,Dragons Exalted,Audino,108/124,83663,Audino,LINKED
pkm-dragons-exalted-109-124-4633173779,Dragons Exalted,Minccino,109/124,87477,Minccino,LINKED
pkm-dragons-exalted-110-124-278231f006,Dragons Exalted,Bouffalant,110/124,83944,Bouffalant,LINKED
pkm-dragons-exalted-111-124-c27259f988,Dragons Exalted,Rufflet,111/124,88843,Rufflet,LINKED
pkm-dragons-exalted-112-124-672c238320,Dragons Exalted,Braviary,112/124,83951,Braviary,LINKED
pkm-dragons-exalted-113-124-061b8bcf78,Dragons Exalted,Devolution Spray,113/124,84783,Devolution Spray,LINKED
pkm-dragons-exalted-114-124-2c8a14e220,Dragons Exalted,Giant Cape,114/124,85696,Giant Cape,LINKED
pkm-dragons-exalted-115-124-d0b518f9c1,Dragons Exalted,Rescue Scarf,115/124,88702,Rescue Scarf,LINKED
pkm-dragons-exalted-116-124-56891948f7,Dragons Exalted,Tool Scrapper,116/124,89947,Tool Scrapper,LINKED
pkm-dragons-exalted-117-124-16b0c134d0,Dragons Exalted,Blend Energy GrassFirePsychicDarkness,117/124,83916,Blend Energy GFPD,SKIP_NAME_MISMATCH
pkm-dragons-exalted-118-124-581453d41c,Dragons Exalted,Blend Energy WaterLightningFightingMetal,118/124,83917,Blend Energy WLFM,SKIP_NAME_MISMATCH
pkm-dragons-exalted-119-124-ccb42f6d80,Dragons Exalted,Ho-Oh-EX,119/124,86131,Ho-Oh Ex (119 Full Art),LINKED
pkm-dragons-exalted-120-124-f6ab08db17,Dragons Exalted,Mew-EX,120/124,87412,Mew EX (120 Full Art),LINKED
pkm-dragons-exalted-121-124-920da21d4b,Dragons Exalted,Terrakion-EX,121/124,89893,Terrakion EX (121 Full Art),LINKED
pkm-dragons-exalted-122-124-e4df7e9ef3,Dragons Exalted,Registeel-EX,122/124,88682,Registeel EX (122 Full Art),LINKED
pkm-dragons-exalted-123-124-b7017875ff,Dragons Exalted,Rayquaza-EX,123/124,88648,Rayquaza EX (123 Full Art),LINKED
pkm-dragons-exalted-125-124-7f652b8daf,Dragons Exalted,Serperior,125/124,89072,Serperior,LINKED
pkm-dragons-exalted-126-124-370dc10482,Dragons Exalted,Reuniclus,126/124,88722,Reuniclus,LINKED
pkm-dragons-exalted-127-124-3bc3a4d92e,Dragons Exalted,Krookodile,127/124,86544,Krookodile,LINKED
pkm-dragons-exalted-128-124-ae4a620ec3,Dragons Exalted,Rayquaza,128/124,88630,Rayquaza,LINKED
pkm-emerging-powers-1-98-b315a1340e,Emerging Powers,Pansage,1/98,87933,Pansage,LINKED
pkm-emerging-powers-2-98-48b8555ad4,Emerging Powers,Simisage,2/98,89222,Simisage,LINKED
pkm-emerging-powers-3-98-f11e6b6f2a,Emerging Powers,Sewaddle,3/98,89089,Sewaddle (3),LINKED
pkm-emerging-powers-4-98-48ee98c40d,Emerging Powers,Sewaddle,4/98,89090,Sewaddle (4),LINKED
pkm-emerging-powers-5-98-faaed9de5e,Emerging Powers,Swadloon,5/98,89665,Swadloon (5),LINKED
pkm-emerging-powers-6-98-66470b6a28,Emerging Powers,Swadloon,6/98,89666,Swadloon (6),LINKED
pkm-emerging-powers-7-98-302306cdef,Emerging Powers,Leavanny,7/98,86685,Leavanny (7),LINKED
pkm-emerging-powers-8-98-d9b0066426,Emerging Powers,Leavanny,8/98,86686,Leavanny (8),LINKED
pkm-emerging-powers-9-98-8e59c8f154,Emerging Powers,Cottonee,9/98,84445,Cottonee (9),LINKED
pkm-emerging-powers-10-98-bccfb7b73e,Emerging Powers,Cottonee,10/98,84446,Cottonee (10),LINKED
pkm-emerging-powers-11-98-90dee0f746,Emerging Powers,Whimsicott,11/98,90567,Whimsicott (11),LINKED
pkm-emerging-powers-12-98-16a66ea7b0,Emerging Powers,Whimsicott,12/98,90568,Whimsicott (12),LINKED
pkm-emerging-powers-13-98-d1f853f103,Emerging Powers,Petilil,13/98,87991,Petilil,LINKED
pkm-emerging-powers-14-98-9cd343381b,Emerging Powers,Lilligant,14/98,86793,Lilligant,LINKED
pkm-emerging-powers-15-98-22d54bbcca,Emerging Powers,Deerling,15/98,84725,Deerling,LINKED
pkm-emerging-powers-16-98-cebbc2bbfb,Emerging Powers,Sawsbuck,16/98,88942,Sawsbuck,LINKED
pkm-emerging-powers-17-98-2d361083b3,Emerging Powers,Virizion,17/98,90387,Virizion,LINKED
pkm-emerging-powers-18-98-875b866826,Emerging Powers,Pansear,18/98,87941,Pansear,LINKED
pkm-emerging-powers-19-98-d0293b47d0,Emerging Powers,Simisear,19/98,89226,Simisear,LINKED
pkm-emerging-powers-20-98-2065bf2c6d,Emerging Powers,Darumaka,20/98,84719,Darumaka,LINKED
pkm-emerging-powers-21-98-5f667e05ca,Emerging Powers,Darmanitan,21/98,84714,Darmanitan,LINKED
pkm-emerging-powers-22-98-87fc204e40,Emerging Powers,Panpour,22/98,87928,Panpour,LINKED
pkm-emerging-powers-23-98-899ca60b49,Emerging Powers,Simipour,23/98,89218,Simipour,LINKED
pkm-emerging-powers-24-98-0fbf881678,Emerging Powers,Basculin,24/98,83731,Basculin (24),LINKED
pkm-emerging-powers-25-98-ff5f0cb58f,Emerging Powers,Basculin,25/98,83732,Basculin (25),LINKED
pkm-emerging-powers-26-98-598fc365cc,Emerging Powers,Ducklett,26/98,84991,Ducklett,LINKED
pkm-emerging-powers-27-98-840c944bb3,Emerging Powers,Swanna,27/98,89685,Swanna,LINKED
pkm-emerging-powers-28-98-95639ef810,Emerging Powers,Cubchoo,28/98,84523,Cubchoo (28),LINKED
pkm-emerging-powers-29-98-bf4033096d,Emerging Powers,Cubchoo,29/98,84524,Cubchoo (29),LINKED
pkm-emerging-powers-30-98-7cddb567bf,Emerging Powers,Beartic,30/98,83751,Beartic (30),LINKED
pkm-emerging-powers-31-98-8c84e373d0,Emerging Powers,Beartic,31/98,83752,Beartic (31),LINKED
pkm-emerging-powers-32-98-dc285e025f,Emerging Powers,Emolga,32/98,85188,Emolga,LINKED
pkm-emerging-powers-33-98-af7f85858d,Emerging Powers,Joltik,33/98,86355,Joltik,LINKED
pkm-emerging-powers-34-98-812e19e167,Emerging Powers,Galvantula,34/98,85611,Galvantula,LINKED
pkm-emerging-powers-35-98-0f6d168650,Emerging Powers,Thundurus,35/98,89903,Thundurus,LINKED
pkm-emerging-powers-36-98-39d6e4c798,Emerging Powers,Woobat,36/98,90625,Woobat,LINKED
pkm-emerging-powers-37-98-8196082e7d,Emerging Powers,Swoobat,37/98,89725,Swoobat,LINKED
pkm-emerging-powers-38-98-655e77af72,Emerging Powers,Venipede,38/98,90295,Venipede,LINKED
pkm-emerging-powers-39-98-6ea04ac8f0,Emerging Powers,Whirlipede,39/98,90571,Whirlipede,LINKED
pkm-emerging-powers-40-98-039de6489c,Emerging Powers,Scolipede,40/98,88969,Scolipede,LINKED
pkm-emerging-powers-41-98-e54b7d4e01,Emerging Powers,Sigilyph,41/98,89204,Sigilyph (41),LINKED
pkm-emerging-powers-42-98-d2b5a0b4b7,Emerging Powers,Sigilyph,42/98,89205,Sigilyph (42),LINKED
pkm-emerging-powers-43-98-4660b3a62d,Emerging Powers,Gothita,43/98,85845,Gothita (43),LINKED
pkm-emerging-powers-44-98-895fd93397,Emerging Powers,Gothita,44/98,85846,Gothita (44),LINKED
pkm-emerging-powers-45-98-1955bac721,Emerging Powers,Gothorita,45/98,85855,Gothorita (45),LINKED
pkm-emerging-powers-46-98-70af145741,Emerging Powers,Gothorita,46/98,85856,Gothorita (46),LINKED
pkm-emerging-powers-47-98-51bd022146,Emerging Powers,Gothitelle,47/98,85851,Gothitelle (47),LINKED
pkm-emerging-powers-48-98-6caac78682,Emerging Powers,Gothitelle,48/98,85852,Gothitelle (48),LINKED
pkm-emerging-powers-49-98-8166006777,Emerging Powers,Roggenrola,49/98,88805,Roggenrola (49),LINKED
pkm-emerging-powers-50-98-b497fefac4,Emerging Powers,Roggenrola,50/98,88806,Roggenrola (50),LINKED
pkm-emerging-powers-51-98-82c8e343ef,Emerging Powers,Boldore,51/98,83933,Boldore (51),LINKED
pkm-emerging-powers-52-98-ee138fee1b,Emerging Powers,Boldore,52/98,83934,Boldore (52),LINKED
pkm-emerging-powers-53-98-db5b280740,Emerging Powers,Gigalith,53/98,85705,Gigalith,LINKED
pkm-emerging-powers-54-98-a7d8333a48,Emerging Powers,Drilbur,54/98,84964,Drilbur (54),LINKED
pkm-emerging-powers-55-98-3f0d50be55,Emerging Powers,Drilbur,55/98,84965,Drilbur (55),LINKED
pkm-emerging-powers-56-98-0d08f4736a,Emerging Powers,Excadrill,56/98,85336,Excadrill (56),LINKED
pkm-emerging-powers-57-98-1254859656,Emerging Powers,Excadrill,57/98,85337,Excadrill (57),LINKED
pkm-emerging-powers-58-98-2169a0260c,Emerging Powers,Throh,58/98,89900,Throh,LINKED
pkm-emerging-powers-59-98-3d96553b6e,Emerging Powers,Sawk,59/98,88938,Sawk,LINKED
pkm-emerging-powers-60-98-ddfb53a036,Emerging Powers,Sandile,60/98,88914,Sandile,LINKED
pkm-emerging-powers-61-98-1d44e11e5d,Emerging Powers,Krokorok,61/98,86537,Krokorok,LINKED
pkm-emerging-powers-62-98-ff9549d71c,Emerging Powers,Krookodile,62/98,86542,Krookodile,LINKED
pkm-emerging-powers-63-98-faf640e3f9,Emerging Powers,Terrakion,63/98,89886,Terrakion,LINKED
pkm-emerging-powers-64-98-e9cb9ad3a7,Emerging Powers,Purrloin,64/98,88458,Purrloin,LINKED
pkm-emerging-powers-65-98-e1196b356c,Emerging Powers,Liepard,65/98,86726,Liepard,LINKED
pkm-emerging-powers-66-98-d515870b8b,Emerging Powers,Zorua,66/98,90759,Zorua,LINKED
pkm-emerging-powers-67-98-d576fd1eb4,Emerging Powers,Zoroark,67/98,90750,Zoroark,LINKED
pkm-emerging-powers-68-98-d3c77433cf,Emerging Powers,Vullaby,68/98,90429,Vullaby,LINKED
pkm-emerging-powers-69-98-ee272bdc5a,Emerging Powers,Mandibuzz,69/98,87151,Mandibuzz,LINKED
pkm-emerging-powers-70-98-172bbac95c,Emerging Powers,Ferroseed,70/98,85425,Ferroseed (70),LINKED
pkm-emerging-powers-71-98-3ffd68e259,Emerging Powers,Ferroseed,71/98,85426,Ferroseed (71),LINKED
pkm-emerging-powers-72-98-71594acc43,Emerging Powers,Ferrothorn,72/98,85428,Ferrothorn (72),LINKED
pkm-emerging-powers-73-98-7334c4d73e,Emerging Powers,Ferrothorn,73/98,85429,Ferrothorn (73),LINKED
pkm-emerging-powers-74-98-55e2307837,Emerging Powers,Klink,74/98,86481,Klink,LINKED
pkm-emerging-powers-75-98-fe60e1c474,Emerging Powers,Klang,75/98,86475,Klang,LINKED
pkm-emerging-powers-76-98-58ba00c101,Emerging Powers,Klinklang,76/98,86486,Klinklang,LINKED
pkm-emerging-powers-77-98-f026ad4652,Emerging Powers,Cobalion,77/98,84377,Cobalion,LINKED
pkm-emerging-powers-78-98-533747d29f,Emerging Powers,Patrat,78/98,87963,Patrat,LINKED
pkm-emerging-powers-79-98-682e9ede56,Emerging Powers,Watchog,79/98,90496,Watchog,LINKED
pkm-emerging-powers-80-98-29c87afed0,Emerging Powers,Pidove,80/98,88056,Pidove,LINKED
pkm-emerging-powers-81-98-4522cf7c53,Emerging Powers,Tranquill,81/98,90015,Tranquill,LINKED
pkm-emerging-powers-82-98-1fc3727d74,Emerging Powers,Unfezant,82/98,90160,Unfezant,LINKED
pkm-emerging-powers-83-98-fbc5df48df,Emerging Powers,Audino,83/98,83661,Audino,LINKED
pkm-emerging-powers-84-98-5e4818f362,Emerging Powers,Minccino,84/98,87474,Minccino,LINKED
pkm-emerging-powers-85-98-50a0904599,Emerging Powers,Cinccino,85/98,84318,Cinccino,LINKED
pkm-emerging-powers-86-98-71c29b37b9,Emerging Powers,Rufflet,86/98,88841,Rufflet (86),LINKED
pkm-emerging-powers-87-98-21ff4230af,Emerging Powers,Rufflet,87/98,88842,Rufflet (87),LINKED
pkm-emerging-powers-88-98-d1b5c8d164,Emerging Powers,Braviary,88/98,83950,Braviary,LINKED
pkm-emerging-powers-89-98-8ddf787a01,Emerging Powers,Tornadus,89/98,89974,Tornadus,LINKED
pkm-emerging-powers-90-98-1b0cc309d5,Emerging Powers,Bianca,90/98,83814,Bianca,LINKED
pkm-emerging-powers-91-98-5d97186cb3,Emerging Powers,Cheren,91/98,84248,Cheren,LINKED
pkm-emerging-powers-92-98-133db21b33,Emerging Powers,Crushing Hammer,92/98,84505,Crushing Hammer,LINKED
pkm-emerging-powers-93-98-ce1c1721ab,Emerging Powers,Great Ball,93/98,85899,Great Ball,LINKED
pkm-emerging-powers-94-98-e94034d496,Emerging Powers,Max Potion,94/98,87266,Max Potion,LINKED
pkm-emerging-powers-95-98-ec6d0a27f7,Emerging Powers,Pokémon Catcher,95/98,88209,Pokemon Catcher,SKIP_NAME_MISMATCH
pkm-emerging-powers-96-98-af97af42d5,Emerging Powers,Recycle,96/98,88653,Recycle,LINKED
pkm-emerging-powers-97-98-a49a1f50fb,Emerging Powers,Thundurus,97/98,89906,Thundurus (97 Full Art),LINKED
pkm-emerging-powers-98-98-e520fa1d12,Emerging Powers,Tornadus,98/98,89977,Tornadus (98 Full Art),LINKED
pkm-legendary-treasures-1-113-50ac7537d8,Legendary Treasures,Tangela,1/113,89750,Tangela,LINKED
pkm-legendary-treasures-2-113-12f055fb5c,Legendary Treasures,Tangrowth,2/113,89756,Tangrowth,LINKED
pkm-legendary-treasures-3-113-31de5faeb7,Legendary Treasures,Shuckle,3/113,89194,Shuckle,LINKED
pkm-legendary-treasures-4-113-af62f64774,Legendary Treasures,Cherubi,4/113,84266,Cherubi,LINKED
pkm-legendary-treasures-5-113-df458c509a,Legendary Treasures,Carnivine,5/113,84107,Carnivine,LINKED
pkm-legendary-treasures-6-113-7da0135fc2,Legendary Treasures,Snivy,6/113,89381,Snivy,LINKED
pkm-legendary-treasures-7-113-52e20ea89e,Legendary Treasures,Servine,7/113,89079,Servine,LINKED
pkm-legendary-treasures-8-113-e0367ffd3f,Legendary Treasures,Serperior,8/113,89074,Serperior,LINKED
pkm-legendary-treasures-9-113-4223c629df,Legendary Treasures,Sewaddle,9/113,89093,Sewaddle (9),LINKED
pkm-legendary-treasures-10-113-b18f89e7a5,Legendary Treasures,Sewaddle,10/113,89094,Sewaddle (10),LINKED
pkm-legendary-treasures-11-113-10ec3d1f59,Legendary Treasures,Swadloon,11/113,89669,Swadloon,LINKED
pkm-legendary-treasures-12-113-905aab425e,Legendary Treasures,Leavanny,12/113,86689,Leavanny,LINKED
pkm-legendary-treasures-13-113-8f50f26460,Legendary Treasures,Dwebble,13/113,85064,Dwebble,LINKED
pkm-legendary-treasures-14-113-0a398663ae,Legendary Treasures,Crustle,14/113,84511,Crustle,LINKED
pkm-legendary-treasures-15-113-bc0b097db2,Legendary Treasures,Virizion,15/113,90391,Virizion,LINKED
pkm-legendary-treasures-16-113-df20674b48,Legendary Treasures,Genesect,16/113,85662,Genesect,LINKED
pkm-legendary-treasures-17-113-3b33921a57,Legendary Treasures,Charmander,17/113,84219,Charmander,LINKED
pkm-legendary-treasures-18-113-1bcaba7dd4,Legendary Treasures,Charmeleon,18/113,84235,Charmeleon,LINKED
pkm-legendary-treasures-19-113-e85a8f7b5e,Legendary Treasures,Charizard,19/113,84194,Charizard,LINKED
pkm-legendary-treasures-20-113-a77fdcc75f,Legendary Treasures,Vulpix,20/113,90448,Vulpix,LINKED
pkm-legendary-treasures-21-113-7251e9cef3,Legendary Treasures,Ninetales,21/113,87780,Ninetales,LINKED
pkm-legendary-treasures-22-113-34dcc9c509,Legendary Treasures,Moltres,22/113,87565,Moltres,LINKED
pkm-legendary-treasures-25-113-ccec43c9be,Legendary Treasures,Tepig,25/113,89885,Tepig,LINKED
pkm-legendary-treasures-26-113-2dd4e7c7ae,Legendary Treasures,Pignite,26/113,88063,Pignite,LINKED
pkm-legendary-treasures-27-113-f93baf34d6,Legendary Treasures,Emboar,27/113,85186,Emboar,LINKED
pkm-legendary-treasures-28-113-6ddade09eb,Legendary Treasures,Reshiram,28/113,88709,Reshiram,LINKED
pkm-legendary-treasures-29-113-93686b69fe,Legendary Treasures,Reshiram-EX,29/113,88715,Reshiram EX,LINKED
pkm-legendary-treasures-30-113-57d7daac73,Legendary Treasures,Magikarp,30/113,87037,Magikarp,LINKED
pkm-legendary-treasures-31-113-8f63c32542,Legendary Treasures,Gyarados,31/113,86001,Gyarados,LINKED
pkm-legendary-treasures-32-113-d7e5706288,Legendary Treasures,Articuno,32/113,83653,Articuno,LINKED
pkm-legendary-treasures-33-113-8cf091c05d,Legendary Treasures,Piplup,33/113,88153,Piplup,LINKED
pkm-legendary-treasures-34-113-50cfbbb861,Legendary Treasures,Prinplup,34/113,88373,Prinplup,LINKED
pkm-legendary-treasures-35-113-ddb7f38c13,Legendary Treasures,Empoleon,35/113,85204,Empoleon,LINKED
pkm-legendary-treasures-36-113-52c9e9aade,Legendary Treasures,Phione,36/113,88009,Phione,LINKED
pkm-legendary-treasures-37-113-874bd45cfd,Legendary Treasures,Oshawott,37/113,87896,Oshawott,LINKED
pkm-legendary-treasures-38-113-2a04706357,Legendary Treasures,Dewott,38/113,84796,Dewott,LINKED
pkm-legendary-treasures-39-113-297b2ba2c1,Legendary Treasures,Samurott,39/113,88911,Samurott,LINKED
pkm-legendary-treasures-40-113-9cd80670b7,Legendary Treasures,Tympole,40/113,90092,Tympole,LINKED
pkm-legendary-treasures-41-113-9b630d8d94,Legendary Treasures,Palpitoad,41/113,87926,Palpitoad,LINKED
pkm-legendary-treasures-42-113-12a0a7d898,Legendary Treasures,Seismitoad,42/113,89059,Seismitoad,LINKED
pkm-legendary-treasures-43-113-8771adf25b,Legendary Treasures,Kyurem,43/113,86564,Kyurem,LINKED
pkm-legendary-treasures-44-113-0e75535bb4,Legendary Treasures,Kyurem-EX,44/113,86569,Kyurem EX,LINKED
pkm-legendary-treasures-45-113-9e761b7215,Legendary Treasures,Keldeo-EX,45/113,86438,Keldeo EX,LINKED
pkm-legendary-treasures-46-113-f9becbcf92,Legendary Treasures,Zapdos,46/113,90722,Zapdos,LINKED
pkm-legendary-treasures-47-113-15aac2457e,Legendary Treasures,Plusle,47/113,88174,Plusle,LINKED
pkm-legendary-treasures-48-113-e025b84aac,Legendary Treasures,Minun,48/113,87494,Minun,LINKED
pkm-legendary-treasures-49-113-1678103be8,Legendary Treasures,Emolga,49/113,85192,Emolga,LINKED
pkm-legendary-treasures-50-113-bfae176ed5,Legendary Treasures,Thundurus,50/113,89905,Thundurus,LINKED
pkm-legendary-treasures-51-113-a13082fb20,Legendary Treasures,Zekrom,51/113,90737,Zekrom,LINKED
pkm-legendary-treasures-52-113-9299343bb5,Legendary Treasures,Zekrom-EX,52/113,90742,Zekrom EX,LINKED
pkm-legendary-treasures-53-113-c914467bba,Legendary Treasures,Mewtwo,53/113,87424,Mewtwo,LINKED
pkm-legendary-treasures-54-113-d7da1ddef7,Legendary Treasures,Mewtwo-EX,54/113,87431,Mewtwo EX,LINKED
pkm-legendary-treasures-55-113-53fb031c75,Legendary Treasures,Natu,55/113,87688,Natu,LINKED
pkm-legendary-treasures-56-113-0fe36f3a27,Legendary Treasures,Xatu,56/113,90667,Xatu,LINKED
pkm-legendary-treasures-57-113-f696a868d1,Legendary Treasures,Misdreavus,57/113,87513,Misdreavus,LINKED
pkm-legendary-treasures-58-113-f13d2e1704,Legendary Treasures,Mismagius,58/113,87520,Mismagius,LINKED
pkm-legendary-treasures-59-113-4c6138834d,Legendary Treasures,Ralts,59/113,88566,Ralts,LINKED
pkm-legendary-treasures-60-113-21ccc8c71e,Legendary Treasures,Kirlia,60/113,86471,Kirlia,LINKED
pkm-legendary-treasures-61-113-780f3e0379,Legendary Treasures,Sableye,61/113,88856,Sableye,LINKED
pkm-legendary-treasures-62-113-d2f7edd84f,Legendary Treasures,Croagunk,62/113,84481,Croagunk,LINKED
pkm-legendary-treasures-63-113-41e73e2018,Legendary Treasures,Toxicroak,63/113,90011,Toxicroak,LINKED
pkm-legendary-treasures-64-113-dbefb18566,Legendary Treasures,Woobat,64/113,90628,Woobat,LINKED
pkm-legendary-treasures-65-113-383140018e,Legendary Treasures,Swoobat,65/113,89727,Swoobat,LINKED
pkm-legendary-treasures-66-113-1bf2de6433,Legendary Treasures,Sigilyph,66/113,89209,Sigilyph,LINKED
pkm-legendary-treasures-67-113-48d4b31de9,Legendary Treasures,Trubbish,67/113,90070,Trubbish,LINKED
pkm-legendary-treasures-68-113-b74ce53dbc,Legendary Treasures,Garbodor,68/113,85618,Garbodor,LINKED
pkm-legendary-treasures-69-113-2bdf6b938b,Legendary Treasures,Gothita,69/113,85849,Gothita (69),LINKED
pkm-legendary-treasures-70-113-7fd1a9ed64,Legendary Treasures,Gothita,70/113,85850,Gothita (70),LINKED
pkm-legendary-treasures-71-113-5d5ab83146,Legendary Treasures,Gothorita,71/113,85859,Gothorita,LINKED
pkm-legendary-treasures-72-113-639ca4d21d,Legendary Treasures,Gothitelle,72/113,85854,Gothitelle,LINKED
pkm-legendary-treasures-73-113-638a026261,Legendary Treasures,Solosis,73/113,89423,Solosis (73),LINKED
pkm-legendary-treasures-74-113-1a541a3808,Legendary Treasures,Solosis,74/113,89424,Solosis (74),LINKED
pkm-legendary-treasures-75-113-5da7ab64c2,Legendary Treasures,Duosion,75/113,85019,Duosion,LINKED
pkm-legendary-treasures-76-113-d7ec4fb031,Legendary Treasures,Reuniclus,76/113,88724,Reuniclus,LINKED
pkm-legendary-treasures-77-113-35228eb9f6,Legendary Treasures,Chandelure-EX,77/113,84168,Chandelure EX,LINKED
pkm-legendary-treasures-78-113-d525eef0e2,Legendary Treasures,Meloetta,78/113,87302,Meloetta (78),LINKED
pkm-legendary-treasures-79-113-f76e79ad27,Legendary Treasures,Riolu,79/113,88763,Riolu,LINKED
pkm-legendary-treasures-80-113-6243ec477d,Legendary Treasures,Lucario,80/113,86886,Lucario,LINKED
pkm-legendary-treasures-81-113-306eb6f1d4,Legendary Treasures,Gallade,81/113,85607,Gallade,LINKED
pkm-legendary-treasures-82-113-2c3396286d,Legendary Treasures,Excadrill-EX,82/113,85340,Excadrill EX,LINKED
pkm-legendary-treasures-83-113-5f4701a6fb,Legendary Treasures,Stunfisk,83/113,89582,Stunfisk,LINKED
pkm-legendary-treasures-84-113-9a7df78b9f,Legendary Treasures,Terrakion,84/113,89890,Terrakion,LINKED
pkm-legendary-treasures-85-113-d282ca4283,Legendary Treasures,Landorus,85/113,86593,Landorus,LINKED
pkm-legendary-treasures-86-113-3986a33a04,Legendary Treasures,Meloetta,86/113,87303,Meloetta (86),LINKED
pkm-legendary-treasures-87-113-92a8cf05f5,Legendary Treasures,Spiritomb,87/113,89468,Spiritomb,LINKED
pkm-legendary-treasures-88-113-488923c9e3,Legendary Treasures,Darkrai-EX,88/113,84708,Darkrai EX,LINKED
pkm-legendary-treasures-89-113-caa5f73288,Legendary Treasures,Zorua,89/113,90763,Zorua,LINKED
pkm-legendary-treasures-90-113-044c8ab7ab,Legendary Treasures,Zoroark,90/113,90755,Zoroark,LINKED
pkm-legendary-treasures-91-113-1944ef9e70,Legendary Treasures,Cobalion,91/113,84380,Cobalion,LINKED
pkm-legendary-treasures-92-113-9af375df3b,Legendary Treasures,Altaria,92/113,83522,Altaria,LINKED
pkm-legendary-treasures-93-113-3ccfd73065,Legendary Treasures,Rayquaza,93/113,88632,Rayquaza,LINKED
pkm-legendary-treasures-94-113-1d0c65d343,Legendary Treasures,Gible,94/113,85704,Gible,LINKED
pkm-legendary-treasures-95-113-9c0041b3a8,Legendary Treasures,Gabite,95/113,85602,Gabite,LINKED
pkm-legendary-treasures-96-113-a6f7f7da52,Legendary Treasures,Garchomp,96/113,85627,Garchomp,LINKED
pkm-legendary-treasures-97-113-20df2dfe68,Legendary Treasures,Deino,97/113,84733,Deino,LINKED
pkm-legendary-treasures-98-113-47494a9fcc,Legendary Treasures,Zweilous,98/113,90783,Zweilous,LINKED
pkm-legendary-treasures-99-113-6fea3e5d74,Legendary Treasures,Hydreigon,99/113,86243,Hydreigon,LINKED
pkm-legendary-treasures-100-113-19de40a6fd,Legendary Treasures,Black Kyurem-EX,100/113,83856,Black Kyurem EX,LINKED
pkm-legendary-treasures-101-113-09760f4687,Legendary Treasures,White Kyurem-EX,101/113,90591,White Kyurem EX,LINKED
pkm-legendary-treasures-102-113-10c98b1a0f,Legendary Treasures,Lugia-EX,102/113,86915,Lugia EX (Team Plasma),LINKED
pkm-legendary-treasures-103-113-a9a613bedf,Legendary Treasures,Swablu,103/113,89663,Swablu,LINKED
pkm-legendary-treasures-104-113-6e5a60c854,Legendary Treasures,Minccino,104/113,87478,Minccino,LINKED
pkm-legendary-treasures-105-113-afe8aec60a,Legendary Treasures,Cinccino,105/113,84320,Cinccino,LINKED
pkm-legendary-treasures-106-113-8c074d7a24,Legendary Treasures,Druddigon,106/113,84981,Druddigon,LINKED
pkm-legendary-treasures-107-113-da9519f2a2,Legendary Treasures,Bouffalant,107/113,83945,Bouffalant,LINKED
pkm-legendary-treasures-108-113-80eed734ab,Legendary Treasures,Tornadus,108/113,89976,Tornadus,LINKED
pkm-legendary-treasures-109-113-a3478a089a,Legendary Treasures,Bianca,109/113,83815,Bianca,LINKED
pkm-legendary-treasures-110-113-161b5e9459,Legendary Treasures,Cedric Juniper,110/113,84139,Cedric Juniper,LINKED
pkm-legendary-treasures-111-113-77c584b576,Legendary Treasures,Crushing Hammer,111/113,84506,Crushing Hammer,LINKED
pkm-legendary-treasures-112-113-f79f2edfc8,Legendary Treasures,Energy Switch,112/113,85263,Energy Switch,LINKED
pkm-legendary-treasures-113-113-c7392893d5,Legendary Treasures,Double Colorless Energy,113/113,84885,Double Colorless Energy,LINKED
pkm-legendary-treasures-114-113-afe016ae95,Legendary Treasures,Reshiram,114/113,88711,Reshiram (114 Full Art Secret Rare),LINKED
pkm-legendary-treasures-115-113-8b233d4e6b,Legendary Treasures,Zekrom,115/113,90739,Zekrom (115 Full Art Secret Rare),LINKED
pkm-next-destinies-1-99-eaee895698,Next Destinies,Pinsir,1/99,88140,Pinsir,LINKED
pkm-next-destinies-2-99-6380c5dd9b,Next Destinies,Seedot,2/99,89045,Seedot,LINKED
pkm-next-destinies-3-99-6a5eac53bd,Next Destinies,Kricketot,3/99,86531,Kricketot,LINKED
pkm-next-destinies-4-99-6c70bd208a,Next Destinies,Kricketune,4/99,86535,Kricketune,LINKED
pkm-next-destinies-5-99-6b07d2fc1a,Next Destinies,Shaymin-EX,5/99,89111,Shaymin EX,LINKED
pkm-next-destinies-6-99-edc786b60d,Next Destinies,Pansage,6/99,87936,Pansage,LINKED
pkm-next-destinies-7-99-363babf455,Next Destinies,Simisage,7/99,89223,Simisage,LINKED
pkm-next-destinies-8-99-59277ed6de,Next Destinies,Foongus,8/99,85538,Foongus,LINKED
pkm-next-destinies-9-99-442233e175,Next Destinies,Amoonguss,9/99,83532,Amoonguss,LINKED
pkm-next-destinies-10-99-53b99d3c8b,Next Destinies,Growlithe,10/99,85961,Growlithe (10),LINKED
pkm-next-destinies-11-99-6bc5a428f7,Next Destinies,Growlithe,11/99,85962,Growlithe (11),LINKED
pkm-next-destinies-12-99-941a543cc7,Next Destinies,Arcanine,12/99,83588,Arcanine (12),LINKED
pkm-next-destinies-13-99-d71611c032,Next Destinies,Arcanine,13/99,83589,Arcanine (13),LINKED
pkm-next-destinies-14-99-d4730958ca,Next Destinies,Moltres,14/99,87564,Moltres,LINKED
pkm-next-destinies-15-99-8f8e2cd7fb,Next Destinies,Pansear,15/99,87943,Pansear,LINKED
pkm-next-destinies-16-99-68fd875719,Next Destinies,Simisear,16/99,89228,Simisear,LINKED
pkm-next-destinies-17-99-888e963a43,Next Destinies,Darumaka,17/99,84721,Darumaka,LINKED
pkm-next-destinies-18-99-460081c7a7,Next Destinies,Litwick,18/99,86811,Litwick,LINKED
pkm-next-destinies-19-99-692d879f01,Next Destinies,Lampent,19/99,86588,Lampent,LINKED
pkm-next-destinies-20-99-b689057ee9,Next Destinies,Chandelure,20/99,91397,Chandelure,LINKED
pkm-next-destinies-21-99-a654275f64,Next Destinies,Reshiram,21/99,88707,Reshiram,LINKED
pkm-next-destinies-22-99-18b462b1ac,Next Destinies,Reshiram-EX,22/99,88713,Reshiram EX,LINKED
pkm-next-destinies-23-99-95385bffc0,Next Destinies,Staryu,23/99,89553,Staryu,LINKED
pkm-next-destinies-24-99-94cc5aa1fe,Next Destinies,Starmie,24/99,89538,Starmie,LINKED
pkm-next-destinies-25-99-96a7cc6d5f,Next Destinies,Lapras,25/99,86622,Lapras (25),LINKED
pkm-next-destinies-26-99-3913d1d275,Next Destinies,Lapras,26/99,86623,Lapras (26),LINKED
pkm-next-destinies-27-99-81e23ea2b6,Next Destinies,Articuno,27/99,83652,Articuno,LINKED
pkm-next-destinies-28-99-8eabf1a8bf,Next Destinies,Panpour,28/99,87929,Panpour,LINKED
pkm-next-destinies-29-99-9996aef3c8,Next Destinies,Simipour,29/99,89219,Simipour,LINKED
pkm-next-destinies-30-99-3f102c8497,Next Destinies,Basculin,30/99,83733,Basculin,LINKED
pkm-next-destinies-31-99-1429a2d717,Next Destinies,Vanillite,31/99,90269,Vanillite,LINKED
pkm-next-destinies-32-99-5cb2512796,Next Destinies,Vanillish,32/99,90264,Vanillish,LINKED
pkm-next-destinies-33-99-08b3088797,Next Destinies,Vanilluxe,33/99,90274,Vanilluxe,LINKED
pkm-next-destinies-34-99-807f380d90,Next Destinies,Frillish,34/99,85564,Frillish,LINKED
pkm-next-destinies-35-99-5083d7b0f6,Next Destinies,Jellicent,35/99,86306,Jellicent,LINKED
pkm-next-destinies-36-99-6cd6f60ac6,Next Destinies,Cubchoo,36/99,84525,Cubchoo,LINKED
pkm-next-destinies-37-99-060943337b,Next Destinies,Beartic,37/99,83753,Beartic,LINKED
pkm-next-destinies-38-99-bf1863c9af,Next Destinies,Kyurem-EX,38/99,86566,Kyurem EX,LINKED
pkm-next-destinies-39-99-42f3931fb8,Next Destinies,Pikachu,39/99,88102,Pikachu,LINKED
pkm-next-destinies-40-99-462716fb9b,Next Destinies,Raichu,40/99,88522,Raichu,LINKED
pkm-next-destinies-41-99-4a4c930e51,Next Destinies,Zapdos,41/99,90721,Zapdos,LINKED
pkm-next-destinies-42-99-a31f4e785a,Next Destinies,Shinx,42/99,89179,Shinx (42),LINKED
pkm-next-destinies-43-99-0dca97dccf,Next Destinies,Shinx,43/99,89180,Shinx (43),LINKED
pkm-next-destinies-44-99-6c886e66e1,Next Destinies,Luxio,44/99,86943,Luxio (44),LINKED
pkm-next-destinies-45-99-a794094622,Next Destinies,Luxio,45/99,86944,Luxio (45),LINKED
pkm-next-destinies-46-99-19ea5f01d0,Next Destinies,Luxray,46/99,91399,Luxray,LINKED
pkm-next-destinies-47-99-53a55214c7,Next Destinies,Blitzle,47/99,83931,Blitzle,LINKED
pkm-next-destinies-48-99-a92839afe7,Next Destinies,Zebstrika,48/99,90730,Zebstrika,LINKED
pkm-next-destinies-49-99-30d324edec,Next Destinies,Emolga,49/99,85190,Emolga,LINKED
pkm-next-destinies-50-99-cdc4bbf3db,Next Destinies,Zekrom,50/99,90735,Zekrom,LINKED
pkm-next-destinies-51-99-3895b4bcdb,Next Destinies,Zekrom-EX,51/99,90740,Zekrom EX,LINKED
pkm-next-destinies-52-99-1a88ca6d26,Next Destinies,Grimer,52/99,85914,Grimer,LINKED
pkm-next-destinies-53-99-2e9860a280,Next Destinies,Muk,53/99,87626,Muk,LINKED
pkm-next-destinies-54-99-6a9a97f0e0,Next Destinies,Mewtwo-EX,54/99,87429,Mewtwo EX,LINKED
pkm-next-destinies-55-99-f75d984a0a,Next Destinies,Ralts,55/99,88564,Ralts,LINKED
pkm-next-destinies-56-99-9e9bace6af,Next Destinies,Kirlia,56/99,86469,Kirlia,LINKED
pkm-next-destinies-57-99-859ed376a4,Next Destinies,Gardevoir,57/99,85637,Gardevoir,LINKED
pkm-next-destinies-58-99-6e325a043c,Next Destinies,Munna,58/99,87643,Munna,LINKED
pkm-next-destinies-59-99-6d6678d119,Next Destinies,Musharna,59/99,87660,Musharna,LINKED
pkm-next-destinies-60-99-2ce7a91d1a,Next Destinies,Darmanitan,60/99,84715,Darmanitan,LINKED
pkm-next-destinies-61-99-6dc2a45224,Next Destinies,Elgyem,61/99,85177,Elgyem,LINKED
pkm-next-destinies-62-99-1e58dc8c3b,Next Destinies,Beheeyem,62/99,83779,Beheeyem,LINKED
pkm-next-destinies-63-99-e237b144e7,Next Destinies,Riolu,63/99,88759,Riolu,LINKED
pkm-next-destinies-64-99-c478fe9987,Next Destinies,Lucario,64/99,86882,Lucario,LINKED
pkm-next-destinies-65-99-63039256f1,Next Destinies,Hippopotas,65/99,86082,Hippopotas,LINKED
pkm-next-destinies-66-99-a9f3c5d370,Next Destinies,Hippowdon,66/99,86086,Hippowdon,LINKED
pkm-next-destinies-67-99-be7dd8dd17,Next Destinies,Mienfoo,67/99,87437,Mienfoo,LINKED
pkm-next-destinies-68-99-0e62c0ef8e,Next Destinies,Mienshao,68/99,87441,Mienshao,LINKED
pkm-next-destinies-69-99-9811ba3d27,Next Destinies,Sneasel,69/99,89372,Sneasel,LINKED
pkm-next-destinies-70-99-b5286c89e4,Next Destinies,Weavile,70/99,90534,Weavile,LINKED
pkm-next-destinies-71-99-314710c55b,Next Destinies,Nuzleaf,71/99,87827,Nuzleaf,LINKED
pkm-next-destinies-72-99-b8536c7215,Next Destinies,Shiftry,72/99,89159,Shiftry,LINKED
pkm-next-destinies-73-99-f5f84a7767,Next Destinies,Scraggy,73/99,88983,Scraggy,LINKED
pkm-next-destinies-74-99-23f81bdaeb,Next Destinies,Scrafty,74/99,88978,Scrafty,LINKED
pkm-next-destinies-75-99-fbd0b2efec,Next Destinies,Bronzor,75/99,84007,Bronzor,LINKED
pkm-next-destinies-76-99-de35296d4e,Next Destinies,Bronzong,76/99,83998,Bronzong,LINKED
pkm-next-destinies-77-99-7637f05ae9,Next Destinies,Ferroseed,77/99,85427,Ferroseed,LINKED
pkm-next-destinies-78-99-51b4bab95f,Next Destinies,Jigglypuff,78/99,86320,Jigglypuff,LINKED
pkm-next-destinies-79-99-7cd13fcac8,Next Destinies,Wigglytuff,79/99,90600,Wigglytuff,LINKED
pkm-next-destinies-80-99-aec88ef881,Next Destinies,Meowth,80/99,87326,Meowth,LINKED
pkm-next-destinies-81-99-0f048b9aa3,Next Destinies,Persian,81/99,87988,Persian,LINKED
pkm-next-destinies-82-99-5d4e445193,Next Destinies,Regigigas-EX,82/99,88666,Regigigas EX,LINKED
pkm-next-destinies-83-99-e2240881e2,Next Destinies,Pidove,83/99,88058,Pidove,LINKED
pkm-next-destinies-84-99-3167644cad,Next Destinies,Minccino,84/99,87476,Minccino,LINKED
pkm-next-destinies-85-99-b8a4713fbd,Next Destinies,Cinccino,85/99,84319,Cinccino,LINKED
pkm-next-destinies-86-99-31478f2237,Next Destinies,Cilan,86/99,84316,Cilan,LINKED
pkm-next-destinies-87-99-6ad7c5a477,Next Destinies,Exp. Share,87/99,85365,Exp. Share,LINKED
pkm-next-destinies-88-99-f889e6d391,Next Destinies,Heavy Ball,88/99,86056,Heavy Ball,LINKED
pkm-next-destinies-89-99-b95ecbf321,Next Destinies,Level Ball,89/99,86710,Level Ball,LINKED
pkm-next-destinies-90-99-9ba9b96fa8,Next Destinies,Pokémon Center,90/99,88215,Pokemon Center,SKIP_NAME_MISMATCH
pkm-next-destinies-91-99-102a4c9d15,Next Destinies,Skyarrow Bridge,91/99,89285,Skyarrow Bridge,LINKED
pkm-next-destinies-92-99-6710f04c68,Next Destinies,Double Colorless Energy,92/99,84884,Double Colorless Energy,LINKED
pkm-next-destinies-93-99-44b737721c,Next Destinies,Prism Energy,93/99,88374,Prism Energy,LINKED
pkm-next-destinies-94-99-a957800ae7,Next Destinies,Shaymin-EX,94/99,89112,Shaymin EX (94 Full Art),LINKED
pkm-next-destinies-95-99-091045041b,Next Destinies,Reshiram-EX,95/99,88716,Reshiram EX (95 Full Art),LINKED
pkm-next-destinies-96-99-4254645647,Next Destinies,Kyurem-EX,96/99,86570,Kyurem EX (96 Full Art),LINKED
pkm-next-destinies-97-99-d73ecde7f4,Next Destinies,Zekrom-EX,97/99,90743,Zekrom EX (97 Full Art),LINKED
pkm-next-destinies-98-99-e930b7a9d2,Next Destinies,Mewtwo-EX,98/99,87432,Mewtwo EX (98 Full Art),LINKED
pkm-next-destinies-99-99-1e95f06db6,Next Destinies,Regigigas-EX,99/99,88667,Regigigas EX (99 Full Art),LINKED
pkm-next-destinies-100-99-38c21a23d0,Next Destinies,Emboar,100/99,85184,Emboar,LINKED
pkm-next-destinies-101-99-593935e3b8,Next Destinies,Chandelure,101/99,84166,Chandelure (Secret),LINKED
pkm-next-destinies-102-99-91a40984bb,Next Destinies,Zoroark,102/99,90753,Zoroark,LINKED
pkm-next-destinies-103-99-08bbcbfe3e,Next Destinies,Hydreigon,103/99,86240,Hydreigon,LINKED
pkm-noble-victories-1-101-0a57845a11,Noble Victories,Sewaddle,1/101,89091,Sewaddle,LINKED
pkm-noble-victories-2-101-cd99da96d6,Noble Victories,Swadloon,2/101,89667,Swadloon,LINKED
pkm-noble-victories-3-101-3e44a58279,Noble Victories,Leavanny,3/101,86687,Leavanny,LINKED
pkm-noble-victories-4-101-19fe59edca,Noble Victories,Petilil,4/101,87992,Petilil,LINKED
pkm-noble-victories-5-101-572e82d843,Noble Victories,Lilligant,5/101,86794,Lilligant,LINKED
pkm-noble-victories-6-101-64e7399d2d,Noble Victories,Dwebble,6/101,85061,Dwebble,LINKED
pkm-noble-victories-7-101-5a96ba38d3,Noble Victories,Crustle,7/101,84508,Crustle,LINKED
pkm-noble-victories-8-101-b260375b48,Noble Victories,Karrablast,8/101,86425,Karrablast,LINKED
pkm-noble-victories-9-101-6ca3fd2304,Noble Victories,Foongus,9/101,85537,Foongus,LINKED
pkm-noble-victories-10-101-96d885ac3b,Noble Victories,Amoonguss,10/101,83531,Amoonguss,LINKED
pkm-noble-victories-11-101-96ec896f49,Noble Victories,Shelmet,11/101,89146,Shelmet,LINKED
pkm-noble-victories-12-101-fa9c5f2bd7,Noble Victories,Accelgor,12/101,83459,Accelgor,LINKED
pkm-noble-victories-13-101-00757b7a48,Noble Victories,Virizion,13/101,90388,Virizion,LINKED
pkm-noble-victories-16-101-9039d39e71,Noble Victories,Pansear,16/101,87942,Pansear,LINKED
pkm-noble-victories-17-101-887f8ac821,Noble Victories,Simisear,17/101,89227,Simisear,LINKED
pkm-noble-victories-18-101-58f7382a1a,Noble Victories,Heatmor,18/101,86044,Heatmor,LINKED
pkm-noble-victories-19-101-eef2213fba,Noble Victories,Larvesta,19/101,86627,Larvesta (19),LINKED
pkm-noble-victories-20-101-fdfafcfbd6,Noble Victories,Larvesta,20/101,86628,Larvesta (20),LINKED
pkm-noble-victories-21-101-2644d49d61,Noble Victories,Volcarona,21/101,90402,Volcarona,LINKED
pkm-noble-victories-22-101-39866c38b4,Noble Victories,Tympole,22/101,90088,Tympole,LINKED
pkm-noble-victories-23-101-a70af038a3,Noble Victories,Palpitoad,23/101,87922,Palpitoad,LINKED
pkm-noble-victories-24-101-b09c9c70c0,Noble Victories,Seismitoad,24/101,89057,Seismitoad,LINKED
pkm-noble-victories-25-101-f64de7b2d0,Noble Victories,Tirtouga,25/101,89921,Tirtouga,LINKED
pkm-noble-victories-26-101-34ac03336a,Noble Victories,Carracosta,26/101,84109,Carracosta,LINKED
pkm-noble-victories-27-101-27e98c49ba,Noble Victories,Vanillite,27/101,90268,Vanillite,LINKED
pkm-noble-victories-28-101-646fb1b764,Noble Victories,Vanillish,28/101,90263,Vanillish,LINKED
pkm-noble-victories-29-101-1846fce0db,Noble Victories,Vanilluxe,29/101,90273,Vanilluxe,LINKED
pkm-noble-victories-30-101-3c4b080dcd,Noble Victories,Frillish,30/101,85563,Frillish,LINKED
pkm-noble-victories-31-101-60f66ef4c2,Noble Victories,Jellicent,31/101,86305,Jellicent,LINKED
pkm-noble-victories-32-101-2a3145bf87,Noble Victories,Cryogonal,32/101,84512,Cryogonal (32),LINKED
pkm-noble-victories-33-101-1dddb50929,Noble Victories,Cryogonal,33/101,84513,Cryogonal (33),LINKED
pkm-noble-victories-34-101-22efd4b4b0,Noble Victories,Kyurem,34/101,86561,Kyurem,LINKED
pkm-noble-victories-35-101-9eb205da8a,Noble Victories,Blitzle,35/101,83930,Blitzle,LINKED
pkm-noble-victories-36-101-6711f66752,Noble Victories,Zebstrika,36/101,90729,Zebstrika,LINKED
pkm-noble-victories-37-101-6b5a399be3,Noble Victories,Emolga,37/101,85189,Emolga,LINKED
pkm-noble-victories-38-101-852035c3eb,Noble Victories,Tynamo,38/101,90093,Tynamo (38),LINKED
pkm-noble-victories-39-101-3974bcfc55,Noble Victories,Tynamo,39/101,90094,Tynamo (39),LINKED
pkm-noble-victories-40-101-296cb335e5,Noble Victories,Eelektrik,40/101,85067,Eelektrik,LINKED
pkm-noble-victories-41-101-147c505aca,Noble Victories,Eelektross,41/101,85070,Eelektross,LINKED
pkm-noble-victories-42-101-a34dabd335,Noble Victories,Stunfisk,42/101,89579,Stunfisk (42),LINKED
pkm-noble-victories-44-101-d9c5a3cf0a,Noble Victories,Yamask,44/101,90675,Yamask (44),LINKED
pkm-noble-victories-45-101-4fc2d9b39c,Noble Victories,Yamask,45/101,90676,Yamask (45),LINKED
pkm-noble-victories-46-101-5fe9aa6f07,Noble Victories,Cofagrigus,46/101,84384,Cofagrigus (46),LINKED
pkm-noble-victories-47-101-cc0b123e82,Noble Victories,Cofagrigus,47/101,84385,Cofagrigus (47),LINKED
pkm-noble-victories-48-101-a8803b78e7,Noble Victories,Trubbish,48/101,90065,Trubbish,LINKED
pkm-noble-victories-49-101-b00b1f9b0f,Noble Victories,Garbodor,49/101,85615,Garbodor,LINKED
pkm-noble-victories-50-101-658de248f2,Noble Victories,Solosis,50/101,89421,Solosis,LINKED
pkm-noble-victories-51-101-9e595802cc,Noble Victories,Duosion,51/101,85017,Duosion,LINKED
pkm-noble-victories-52-101-eddfc5c4e4,Noble Victories,Reuniclus,52/101,88720,Reuniclus (52),LINKED
pkm-noble-victories-53-101-2c5ddcc17c,Noble Victories,Reuniclus,53/101,88721,Reuniclus (53),LINKED
pkm-noble-victories-54-101-57786e1a53,Noble Victories,Elgyem,54/101,85175,Elgyem (54),LINKED
pkm-noble-victories-55-101-5e5f418d10,Noble Victories,Elgyem,55/101,85176,Elgyem (55),LINKED
pkm-noble-victories-56-101-ae682feba5,Noble Victories,Beheeyem,56/101,83778,Beheeyem,LINKED
pkm-noble-victories-57-101-13edf78aa7,Noble Victories,Litwick,57/101,86808,Litwick (57),LINKED
pkm-noble-victories-58-101-73b9ae13da,Noble Victories,Litwick,58/101,86809,Litwick (58),LINKED
pkm-noble-victories-59-101-a4f40281a6,Noble Victories,Lampent,59/101,86587,Lampent,LINKED
pkm-noble-victories-60-101-512741eeba,Noble Victories,Chandelure,60/101,84164,Chandelure,LINKED
pkm-noble-victories-61-101-e64215217c,Noble Victories,Gigalith,61/101,85706,Gigalith,LINKED
pkm-noble-victories-62-101-60c110bf65,Noble Victories,Timburr,62/101,89914,Timburr,LINKED
pkm-noble-victories-63-101-61175ef52e,Noble Victories,Gurdurr,63/101,85981,Gurdurr,LINKED
pkm-noble-victories-64-101-3c1dd59809,Noble Victories,Conkeldurr,64/101,84418,Conkeldurr (64),LINKED
pkm-noble-victories-65-101-ba38db1844,Noble Victories,Conkeldurr,65/101,84419,Conkeldurr (65),LINKED
pkm-noble-victories-66-101-4ba02958cf,Noble Victories,Archen,66/101,83607,Archen,LINKED
pkm-noble-victories-67-101-f7d12f6013,Noble Victories,Archeops,67/101,83609,Archeops,LINKED
pkm-noble-victories-68-101-addec7b446,Noble Victories,Stunfisk,68/101,89580,Stunfisk (68),LINKED
pkm-noble-victories-69-101-a49e77bb24,Noble Victories,Mienfoo,69/101,87436,Mienfoo,LINKED
pkm-noble-victories-70-101-44743e1096,Noble Victories,Mienshao,70/101,87440,Mienshao,LINKED
pkm-noble-victories-71-101-d35d2817d2,Noble Victories,Golett,71/101,85832,Golett,LINKED
pkm-noble-victories-72-101-3caf8565f5,Noble Victories,Golurk,72/101,85835,Golurk,LINKED
pkm-noble-victories-73-101-caa4ffeb17,Noble Victories,Terrakion,73/101,89887,Terrakion,LINKED
pkm-noble-victories-74-101-3464fb66c2,Noble Victories,Landorus,74/101,86591,Landorus,LINKED
pkm-noble-victories-75-101-31e2623a63,Noble Victories,Pawniard,75/101,87967,Pawniard (75),LINKED
pkm-noble-victories-76-101-73a1555a55,Noble Victories,Bisharp,76/101,83842,Bisharp (76),LINKED
pkm-noble-victories-77-101-3101030a39,Noble Victories,Deino,77/101,84728,Deino,LINKED
pkm-noble-victories-78-101-6561da14b3,Noble Victories,Zweilous,78/101,90779,Zweilous,LINKED
pkm-noble-victories-79-101-d0eb645b58,Noble Victories,Hydreigon,79/101,86239,Hydreigon,LINKED
pkm-noble-victories-80-101-2d92ec3759,Noble Victories,Escavalier,80/101,85313,Escavalier,LINKED
pkm-noble-victories-81-101-2628226432,Noble Victories,Pawniard,81/101,87968,Pawniard (81),LINKED
pkm-noble-victories-82-101-152a778bd5,Noble Victories,Bisharp,82/101,83843,Bisharp (82),LINKED
pkm-noble-victories-83-101-f2d5f45c5a,Noble Victories,Durant,83/101,85020,Durant,LINKED
pkm-noble-victories-84-101-deba7e1c6e,Noble Victories,Cobalion,84/101,84378,Cobalion,LINKED
pkm-noble-victories-85-101-83d5eac878,Noble Victories,Audino,85/101,83662,Audino,LINKED
pkm-noble-victories-86-101-c8ab4facfc,Noble Victories,Axew,86/101,83668,Axew,LINKED
pkm-noble-victories-87-101-6621360134,Noble Victories,Fraxure,87/101,85558,Fraxure,LINKED
pkm-noble-victories-88-101-6cc8bf83b1,Noble Victories,Haxorus,88/101,86032,Haxorus,LINKED
pkm-noble-victories-89-101-f66eea1189,Noble Victories,Druddigon,89/101,84978,Druddigon,LINKED
pkm-noble-victories-90-101-62bb53cf46,Noble Victories,Cover Fossil,90/101,84449,Cover Fossil,LINKED
pkm-noble-victories-91-101-bdfc69b38d,Noble Victories,Eviolite,91/101,85333,Eviolite,LINKED
pkm-noble-victories-92-101-e197158ff0,Noble Victories,N,92/101,87675,N (Supporter),LINKED
pkm-noble-victories-93-101-8bd467bd44,Noble Victories,Plume Fossil,93/101,88159,Plume Fossil,LINKED
pkm-noble-victories-94-101-6f316f9a52,Noble Victories,Rocky Helmet,94/101,88802,Rocky Helmet,LINKED
pkm-noble-victories-95-101-7cc2b94113,Noble Victories,Super Rod,95/101,89631,Super Rod,LINKED
pkm-noble-victories-96-101-6005a6c656,Noble Victories,Xtransceiver,96/101,90674,Xtransceiver,LINKED
pkm-noble-victories-97-101-7963b2848b,Noble Victories,Virizion,97/101,90392,Virizion (Full Art),LINKED
pkm-noble-victories-99-101-39397a6e73,Noble Victories,Terrakion,99/101,89891,Terrakion (99 Full Art),LINKED
pkm-noble-victories-100-101-7a1f23b7ad,Noble Victories,Cobalion,100/101,84381,Cobalion (100 Full Art),LINKED
pkm-noble-victories-101-101-de1dfa5ad2,Noble Victories,N,101/101,87678,N (Supporter) (Full Art),LINKED
pkm-noble-victories-102-101-6447751769,Noble Victories,Meowth,102/101,87325,Meowth,LINKED
pkm-plasma-blast-1-101-38a9bc2ae8,Plasma Blast,Surskit,1/101,89652,Surskit,LINKED
pkm-plasma-blast-2-101-413b11b0e8,Plasma Blast,Masquerain,2/101,87250,Masquerain (Team Plasma),LINKED
pkm-plasma-blast-3-101-0717a8f20c,Plasma Blast,Lileep,3/101,86790,Lileep,LINKED
pkm-plasma-blast-4-101-df6f0b5788,Plasma Blast,Cradily,4/101,84455,Cradily,LINKED
pkm-plasma-blast-5-101-c086a8f177,Plasma Blast,Tropius,5/101,90063,Tropius,LINKED
pkm-plasma-blast-6-101-88cf285b5a,Plasma Blast,Karrablast,6/101,86427,Karrablast,LINKED
pkm-plasma-blast-7-101-35550b10d0,Plasma Blast,Shelmet,7/101,89148,Shelmet,LINKED
pkm-plasma-blast-8-101-8cf928c410,Plasma Blast,Accelgor,8/101,83461,Accelgor (Team Plasma),LINKED
pkm-plasma-blast-9-101-e0e9ae204b,Plasma Blast,Virizion-EX,9/101,90393,Virizion EX,LINKED
pkm-plasma-blast-10-101-5932b50100,Plasma Blast,Genesect,10/101,85661,Genesect,LINKED
pkm-plasma-blast-11-101-88e5c0318b,Plasma Blast,Genesect-EX,11/101,85665,Genesect EX (Team Plasma),LINKED
pkm-plasma-blast-12-101-bbbfde5ce7,Plasma Blast,Larvesta,12/101,86631,Larvesta,LINKED
pkm-plasma-blast-13-101-bfd9b2ab28,Plasma Blast,Volcarona,13/101,90405,Volcarona (Team Plasma),LINKED
pkm-plasma-blast-14-101-b7d1ed39a7,Plasma Blast,Squirtle,14/101,89499,Squirtle,LINKED
pkm-plasma-blast-15-101-0b5c1c0b90,Plasma Blast,Wartortle,15/101,90493,Wartortle,LINKED
pkm-plasma-blast-16-101-aa71a41536,Plasma Blast,Blastoise,16/101,83898,Blastoise,LINKED
pkm-plasma-blast-17-101-f486244a56,Plasma Blast,Lapras,17/101,86624,Lapras,LINKED
pkm-plasma-blast-18-101-87b3decdc5,Plasma Blast,Remoraid,18/101,88700,Remoraid,LINKED
pkm-plasma-blast-19-101-56ce6c3c48,Plasma Blast,Octillery,19/101,87835,Octillery (Team Plasma),LINKED
pkm-plasma-blast-20-101-bb164ccabc,Plasma Blast,Suicune,20/101,89607,Suicune,LINKED
pkm-plasma-blast-21-101-80de5c035d,Plasma Blast,Snorunt,21/101,89404,Snorunt,LINKED
pkm-plasma-blast-22-101-1f642449d2,Plasma Blast,Glalie,22/101,85757,Glalie (Team Plasma),LINKED
pkm-plasma-blast-23-101-358be882dd,Plasma Blast,Froslass,23/101,85574,Froslass (Team Plasma),LINKED
pkm-plasma-blast-24-101-9412316b33,Plasma Blast,Relicanth,24/101,88691,Relicanth (Team Plasma),LINKED
pkm-plasma-blast-25-101-fae70a111d,Plasma Blast,Snover,25/101,89407,Snover,LINKED
pkm-plasma-blast-26-101-2d92f90491,Plasma Blast,Abomasnow,26/101,83442,Abomasnow,LINKED
pkm-plasma-blast-27-101-45d8984d29,Plasma Blast,Tirtouga,27/101,89922,Tirtouga,LINKED
pkm-plasma-blast-28-101-d1e651fa54,Plasma Blast,Carracosta,28/101,84110,Carracosta,LINKED
pkm-plasma-blast-29-101-28692920ee,Plasma Blast,Ducklett,29/101,84995,Ducklett,LINKED
pkm-plasma-blast-30-101-7fd6ab5465,Plasma Blast,Kyurem-EX,30/101,86568,Kyurem EX,LINKED
pkm-plasma-blast-31-101-421669afe0,Plasma Blast,Tynamo,31/101,90097,Tynamo,LINKED
pkm-plasma-blast-32-101-6ad42bbf80,Plasma Blast,Eelektrik,32/101,85069,Eelektrik,LINKED
pkm-plasma-blast-33-101-74e79163ab,Plasma Blast,Eelektross,33/101,85072,Eelektross (Team Plasma),LINKED
pkm-plasma-blast-34-101-5b656ae721,Plasma Blast,Drifloon,34/101,84963,Drifloon,LINKED
pkm-plasma-blast-35-101-ab85e7cb8c,Plasma Blast,Drifblim,35/101,84951,Drifblim,LINKED
pkm-plasma-blast-36-101-f5044d4b1b,Plasma Blast,Uxie,36/101,90261,Uxie,LINKED
pkm-plasma-blast-37-101-9858dfa580,Plasma Blast,Mesprit,37/101,87333,Mesprit,LINKED
pkm-plasma-blast-38-101-013457afaa,Plasma Blast,Azelf,38/101,83676,Azelf,LINKED
pkm-plasma-blast-39-101-1493e22bce,Plasma Blast,Munna,39/101,87645,Munna,LINKED
pkm-plasma-blast-40-101-abb8a78371,Plasma Blast,Musharna,40/101,87662,Musharna,LINKED
pkm-plasma-blast-41-101-bbcd7a5031,Plasma Blast,Sigilyph,41/101,89208,Sigilyph,LINKED
pkm-plasma-blast-42-101-64b36ffc0c,Plasma Blast,Solosis,42/101,89422,Solosis,LINKED
pkm-plasma-blast-43-101-5eb6f60ab3,Plasma Blast,Duosion,43/101,85018,Duosion,LINKED
pkm-plasma-blast-44-101-4ac04845c8,Plasma Blast,Reuniclus,44/101,88723,Reuniclus,LINKED
pkm-plasma-blast-45-101-b3e39f5ceb,Plasma Blast,Golett,45/101,85834,Golett,LINKED
pkm-plasma-blast-46-101-36f1243309,Plasma Blast,Golurk,46/101,85838,Golurk,LINKED
pkm-plasma-blast-47-101-456df57b56,Plasma Blast,Machop,47/101,86999,Machop,LINKED
pkm-plasma-blast-48-101-76343bcde4,Plasma Blast,Machoke,48/101,86985,Machoke,LINKED
pkm-plasma-blast-49-101-5d49a02284,Plasma Blast,Machamp,49/101,86969,Machamp (49),LINKED
pkm-plasma-blast-50-101-a9a352edf3,Plasma Blast,Machamp,50/101,86970,Machamp (50),LINKED
pkm-plasma-blast-51-101-4cf6530aca,Plasma Blast,Throh,51/101,89902,Throh,LINKED
pkm-plasma-blast-52-101-4bd9b66ea1,Plasma Blast,Sawk,52/101,88940,Sawk,LINKED
pkm-plasma-blast-53-101-6617ce58b4,Plasma Blast,Archen,53/101,83608,Archen,LINKED
pkm-plasma-blast-54-101-669ea99c78,Plasma Blast,Archeops,54/101,83611,Archeops,LINKED
pkm-plasma-blast-55-101-8169fcbe7f,Plasma Blast,Houndour,55/101,86234,Houndour,LINKED
pkm-plasma-blast-56-101-3b91746262,Plasma Blast,Houndoom,56/101,86213,Houndoom,LINKED
pkm-plasma-blast-57-101-efcb101841,Plasma Blast,Aron,57/101,83641,Aron,LINKED
pkm-plasma-blast-58-101-9756413bc9,Plasma Blast,Lairon,58/101,86585,Lairon,LINKED
pkm-plasma-blast-59-101-25cc2e07e0,Plasma Blast,Aggron,59/101,83482,Aggron,LINKED
pkm-plasma-blast-60-101-0044c392c5,Plasma Blast,Jirachi-EX,60/101,86333,Jirachi EX,LINKED
pkm-plasma-blast-61-101-a073bbbc41,Plasma Blast,Escavalier,61/101,85315,Escavalier (Team Plasma),LINKED
pkm-plasma-blast-62-101-3e28cf74e7,Plasma Blast,Bagon,62/101,83702,Bagon,LINKED
pkm-plasma-blast-63-101-4ea0b5f1ae,Plasma Blast,Shelgon,63/101,89131,Shelgon,LINKED
pkm-plasma-blast-64-101-34346c1f03,Plasma Blast,Salamence,64/101,88901,Salamence,LINKED
pkm-plasma-blast-65-101-1d46aecf00,Plasma Blast,Dialga-EX,65/101,84808,Dialga EX (Team Plasma),LINKED
pkm-plasma-blast-66-101-3941c44bc8,Plasma Blast,Palkia-EX,66/101,87915,Palkia EX (Team Plasma),LINKED
pkm-plasma-blast-67-101-4d0cea1a2e,Plasma Blast,Axew,67/101,83672,Axew,LINKED
pkm-plasma-blast-68-101-6b4b5482e1,Plasma Blast,Fraxure,68/101,85561,Fraxure,LINKED
pkm-plasma-blast-69-101-359f8058c5,Plasma Blast,Haxorus,69/101,86036,Haxorus,LINKED
pkm-plasma-blast-70-101-18fbe77b60,Plasma Blast,Druddigon,70/101,84980,Druddigon,LINKED
pkm-plasma-blast-71-101-2721e5e29b,Plasma Blast,Kangaskhan,71/101,86424,Kangaskhan,LINKED
pkm-plasma-blast-72-101-0da34fc708,Plasma Blast,Porygon,72/101,88314,Porygon,LINKED
pkm-plasma-blast-73-101-856a3be6c8,Plasma Blast,Porygon2,73/101,88329,Porygon2,LINKED
pkm-plasma-blast-74-101-55262f8f35,Plasma Blast,Porygon-Z,74/101,88319,Porygon-Z (Team Plasma),LINKED
pkm-plasma-blast-75-101-2991e8d184,Plasma Blast,Teddiursa,75/101,89861,Teddiursa,LINKED
pkm-plasma-blast-76-101-bf3e92e1c6,Plasma Blast,Ursaring,76/101,90258,Ursaring (Team Plasma),LINKED
pkm-plasma-blast-77-101-aec6e625a6,Plasma Blast,Chatot,77/101,84244,Chatot (Team Plasma),LINKED
pkm-plasma-blast-78-101-8c9c6f24d3,Plasma Blast,Caitlin,78/101,84085,Caitlin,LINKED
pkm-plasma-blast-79-101-e0ffb30dde,Plasma Blast,Cover Fossil,79/101,84450,Cover Fossil,LINKED
pkm-plasma-blast-80-101-badee3bb20,Plasma Blast,Energy Retrieval,80/101,85231,Energy Retrieval,LINKED
pkm-plasma-blast-81-101-5d07013d02,Plasma Blast,Iris,81/101,86288,Iris,LINKED
pkm-plasma-blast-82-101-095b35f802,Plasma Blast,Plume Fossil,82/101,88160,Plume Fossil,LINKED
pkm-plasma-blast-83-101-64bd72a103,Plasma Blast,Pokémon Catcher,83/101,88210,Pokemon Catcher,SKIP_NAME_MISMATCH
pkm-plasma-blast-84-101-f57263abe8,Plasma Blast,Professor Juniper,84/101,88397,Professor Juniper,LINKED
pkm-plasma-blast-85-101-8e2767afa8,Plasma Blast,Rare Candy,85/101,88597,Rare Candy,LINKED
pkm-plasma-blast-86-101-8d71ad2afe,Plasma Blast,Reversal Trigger,86/101,88725,Reversal Trigger (Team Plasma),LINKED
pkm-plasma-blast-87-101-a20439834f,Plasma Blast,Root Fossil Lileep,87/101,88814,Root Fossil Lileep,LINKED
pkm-plasma-blast-88-101-aa45ee0615,Plasma Blast,Silver Bangle,88/101,89215,Silver Bangle,LINKED
pkm-plasma-blast-89-101-a38d886bdd,Plasma Blast,Silver Mirror,89/101,89216,Silver Mirror,LINKED
pkm-plasma-blast-90-101-99b727a99c,Plasma Blast,Ultra Ball,90/101,90136,Ultra Ball,LINKED
pkm-plasma-blast-91-101-6e46e30947,Plasma Blast,Plasma Energy,91/101,88157,Plasma Energy (Team Plasma),LINKED
pkm-plasma-blast-93-101-b941b5e061,Plasma Blast,G Scope,93/101,85596,G Scope (Team Plasma),LINKED
pkm-plasma-blast-94-101-3297bfe20e,Plasma Blast,Master Ball,94/101,87256,Master Ball,LINKED
pkm-plasma-blast-95-101-296a6fdf38,Plasma Blast,Scoop Up Cyclone,95/101,88974,Scoop Up Cyclone,LINKED
pkm-plasma-blast-96-101-07f4b114f2,Plasma Blast,Virizion-EX,96/101,90394,Virizion EX (Full Art),LINKED
pkm-plasma-blast-97-101-6a0c23b0f5,Plasma Blast,Genesect-EX,97/101,85666,Genesect EX (Team Plasma) (97 Full Art),LINKED
pkm-plasma-blast-98-101-d9d7eebcf1,Plasma Blast,Jirachi-EX,98/101,86334,Jirachi EX (98 Full Art),LINKED
pkm-plasma-blast-99-101-26e4635bf2,Plasma Blast,Dialga-EX,99/101,84809,Dialga EX (Team Plasma) (99 Full Art),LINKED
pkm-plasma-blast-100-101-3f069e416e,Plasma Blast,Palkia-EX,100/101,87916,Palkia EX (Team Plasma) (100 Full Art),LINKED
pkm-plasma-blast-101-101-229db6339a,Plasma Blast,Iris,101/101,86289,Iris (101 Full Art),LINKED
pkm-plasma-blast-102-101-4081449be8,Plasma Blast,Exeggcute,102/101,85351,Exeggcute (102 Secret Rare),LINKED
pkm-plasma-blast-103-101-0e4b6db056,Plasma Blast,Virizion,103/101,90390,Virizion (Secret),LINKED
pkm-plasma-blast-104-101-90f64723bb,Plasma Blast,Dusknoir,104/101,85041,Dusknoir (104 Secret Rare),LINKED
pkm-plasma-blast-105-101-6ff7e10420,Plasma Blast,Rare Candy,105/101,88598,Rare Candy (105 Secret Rare),LINKED
pkm-plasma-freeze-1-116-e99e4ef3a2,Plasma Freeze,Weedle,1/116,90547,Weedle,LINKED
pkm-plasma-freeze-2-116-795cac1ba1,Plasma Freeze,Kakuna,2/116,86416,Kakuna,LINKED
pkm-plasma-freeze-3-116-31f1116c4e,Plasma Freeze,Beedrill,3/116,83773,Beedrill,LINKED
pkm-plasma-freeze-4-116-6362560457,Plasma Freeze,Exeggcute,4/116,85350,Exeggcute,LINKED
pkm-plasma-freeze-5-116-d4ebcc3c23,Plasma Freeze,Exeggutor,5/116,85363,Exeggutor,LINKED
pkm-plasma-freeze-6-116-7af6c8e970,Plasma Freeze,Treecko,6/116,90043,Treecko,LINKED
pkm-plasma-freeze-7-116-49961fd8e7,Plasma Freeze,Grovyle,7/116,85945,Grovyle,LINKED
pkm-plasma-freeze-8-116-47b505591c,Plasma Freeze,Sceptile,8/116,88953,Sceptile,LINKED
pkm-plasma-freeze-9-116-644e8c5687,Plasma Freeze,Cacnea,9/116,84077,Cacnea,LINKED
pkm-plasma-freeze-10-116-15d167a41b,Plasma Freeze,Cacturne,10/116,84082,Cacturne,LINKED
pkm-plasma-freeze-11-116-ecf07646c3,Plasma Freeze,Leafeon,11/116,86683,Leafeon (Team Plasma),LINKED
pkm-plasma-freeze-12-116-ce08256bc9,Plasma Freeze,Flareon,12/116,85502,Flareon (Team Plasma),LINKED
pkm-plasma-freeze-13-116-dc585d2d6c,Plasma Freeze,Heatran-EX,13/116,86052,Heatran EX (Team Plasma),LINKED
pkm-plasma-freeze-14-116-fa5f4b5fc2,Plasma Freeze,Litwick,14/116,86813,Litwick,LINKED
pkm-plasma-freeze-15-116-742e577db4,Plasma Freeze,Lampent,15/116,86590,Lampent,LINKED
pkm-plasma-freeze-16-116-3b1d5608ec,Plasma Freeze,Chandelure,16/116,84167,Chandelure (Team Plasma),LINKED
pkm-plasma-freeze-17-116-293d1ee8be,Plasma Freeze,Reshiram,17/116,88708,Reshiram,LINKED
pkm-plasma-freeze-18-116-ce436169e1,Plasma Freeze,Horsea,18/116,86193,Horsea,LINKED
pkm-plasma-freeze-19-116-d6b1860738,Plasma Freeze,Seadra,19/116,89017,Seadra,LINKED
pkm-plasma-freeze-20-116-f7fcfadec4,Plasma Freeze,Vaporeon,20/116,90291,Vaporeon (Team Plasma),LINKED
pkm-plasma-freeze-21-116-a63c4cc573,Plasma Freeze,Wooper,21/116,90638,Wooper,LINKED
pkm-plasma-freeze-22-116-44b528eeb3,Plasma Freeze,Quagsire,22/116,88474,Quagsire,LINKED
pkm-plasma-freeze-23-116-c09fc4765f,Plasma Freeze,Glaceon,23/116,85749,Glaceon (Team Plasma),LINKED
pkm-plasma-freeze-24-116-6fae453f8e,Plasma Freeze,Tympole,24/116,90091,Tympole,LINKED
pkm-plasma-freeze-25-116-728299e626,Plasma Freeze,Palpitoad,25/116,87925,Palpitoad,LINKED
pkm-plasma-freeze-26-116-c07fbb3932,Plasma Freeze,Seismitoad,26/116,89060,Seismitoad (Team Plasma),LINKED
pkm-plasma-freeze-27-116-4c5edc1be0,Plasma Freeze,Vanillite,27/116,90272,Vanillite,LINKED
pkm-plasma-freeze-28-116-5d82ed4f20,Plasma Freeze,Vanillish,28/116,90267,Vanillish,LINKED
pkm-plasma-freeze-29-116-1fc03865d6,Plasma Freeze,Vanilluxe,29/116,90276,Vanilluxe (Team Plasma),LINKED
pkm-plasma-freeze-30-116-40378bb61d,Plasma Freeze,Cryogonal,30/116,84515,Cryogonal (Team Plasma),LINKED
pkm-plasma-freeze-31-116-c9420d236e,Plasma Freeze,Kyurem,31/116,86565,Kyurem (Team Plasma),LINKED
pkm-plasma-freeze-32-116-b07b861a02,Plasma Freeze,Voltorb,32/116,90424,Voltorb,LINKED
pkm-plasma-freeze-33-116-073075adfe,Plasma Freeze,Electrode,33/116,85162,Electrode,LINKED
pkm-plasma-freeze-34-116-fa615a4e97,Plasma Freeze,Jolteon,34/116,86350,Jolteon (Team Plasma),LINKED
pkm-plasma-freeze-35-116-f2621c14dc,Plasma Freeze,Chinchou,35/116,84312,Chinchou,LINKED
pkm-plasma-freeze-36-116-a8cb4d8c2b,Plasma Freeze,Lanturn,36/116,86612,Lanturn,LINKED
pkm-plasma-freeze-37-116-f26ab0b619,Plasma Freeze,Pachirisu,37/116,87905,Pachirisu,LINKED
pkm-plasma-freeze-38-116-f6c13dc6e8,Plasma Freeze,Thundurus-EX,38/116,89907,Thundurus EX (Team Plasma),LINKED
pkm-plasma-freeze-39-116-9f168abb17,Plasma Freeze,Zekrom,39/116,90736,Zekrom,LINKED
pkm-plasma-freeze-40-116-a73c9e5019,Plasma Freeze,Nidoran ♀,40/116,87721,Nidoran F,SKIP_NAME_MISMATCH
pkm-plasma-freeze-41-116-658be47157,Plasma Freeze,Nidorina,41/116,87739,Nidorina,LINKED
pkm-plasma-freeze-42-116-be783c5542,Plasma Freeze,Nidoqueen,42/116,87711,Nidoqueen,LINKED
pkm-plasma-freeze-43-116-d8ab69e0e9,Plasma Freeze,Nidoran ♂,43/116,87730,Nidoran M,SKIP_NAME_MISMATCH
pkm-plasma-freeze-44-116-f1f920401f,Plasma Freeze,Nidorino,44/116,87748,Nidorino,LINKED
pkm-plasma-freeze-45-116-8d23c212c9,Plasma Freeze,Grimer,45/116,85915,Grimer,LINKED
pkm-plasma-freeze-46-116-a85f94fc4f,Plasma Freeze,Muk,46/116,87627,Muk (Team Plasma),LINKED
pkm-plasma-freeze-47-116-d7305486a1,Plasma Freeze,Mr. Mime,47/116,87595,Mr. Mime,LINKED
pkm-plasma-freeze-48-116-c9c0fc15c7,Plasma Freeze,Espeon,48/116,85328,Espeon (Team Plasma),LINKED
pkm-plasma-freeze-49-116-b1fc556652,Plasma Freeze,Sableye,49/116,88858,Sableye (Team Plasma),LINKED
pkm-plasma-freeze-50-116-fa7ab7ae2e,Plasma Freeze,Beldum,50/116,83793,Beldum,LINKED
pkm-plasma-freeze-51-116-c93e15a20f,Plasma Freeze,Metang,51/116,87383,Metang,LINKED
pkm-plasma-freeze-52-116-4513fb6417,Plasma Freeze,Metagross,52/116,87343,Metagross (Team Plasma),LINKED
pkm-plasma-freeze-53-116-5d95d4691a,Plasma Freeze,Deoxys-EX,53/116,84775,Deoxys EX (Team Plasma),LINKED
pkm-plasma-freeze-54-116-736c08e74d,Plasma Freeze,Yamask,54/116,90678,Yamask (54),LINKED
pkm-plasma-freeze-55-116-73ad6c001a,Plasma Freeze,Yamask,55/116,90679,Yamask (55),LINKED
pkm-plasma-freeze-56-116-6f3055cafa,Plasma Freeze,Cofagrigus,56/116,84387,Cofagrigus (Team Plasma) (56),LINKED
pkm-plasma-freeze-57-116-7402d6f64c,Plasma Freeze,Cofagrigus,57/116,84388,Cofagrigus (Team Plasma) (57),LINKED
pkm-plasma-freeze-58-116-659d9b4ecb,Plasma Freeze,Nidoking,58/116,87700,Nidoking,LINKED
pkm-plasma-freeze-59-116-9434a1d10a,Plasma Freeze,Mankey,59/116,87177,Mankey,LINKED
pkm-plasma-freeze-60-116-3e5f85614a,Plasma Freeze,Primeape,60/116,88366,Primeape,LINKED
pkm-plasma-freeze-61-116-aad79256a8,Plasma Freeze,Onix,61/116,87886,Onix,LINKED
pkm-plasma-freeze-62-116-81b1e20815,Plasma Freeze,Makuhita,62/116,87135,Makuhita,LINKED
pkm-plasma-freeze-63-116-3eaeef1f59,Plasma Freeze,Hariyama,63/116,86017,Hariyama,LINKED
pkm-plasma-freeze-64-116-b8f002b1c9,Plasma Freeze,Umbreon,64/116,90152,Umbreon (Team Plasma),LINKED
pkm-plasma-freeze-65-116-7f0bb1f0da,Plasma Freeze,Sneasel,65/116,89373,Sneasel,LINKED
pkm-plasma-freeze-66-116-85df21594a,Plasma Freeze,Weavile,66/116,90535,Weavile (Team Plasma),LINKED
pkm-plasma-freeze-67-116-9da52df367,Plasma Freeze,Absol,67/116,83455,Absol (Team Plasma),LINKED
pkm-plasma-freeze-68-116-414a987a8e,Plasma Freeze,Sandile,68/116,88916,Sandile,LINKED
pkm-plasma-freeze-69-116-ca47897626,Plasma Freeze,Krokorok,69/116,86539,Krokorok,LINKED
pkm-plasma-freeze-70-116-0d1c99f3d7,Plasma Freeze,Krookodile,70/116,86546,Krookodile (Team Plasma),LINKED
pkm-plasma-freeze-71-116-a508d563d4,Plasma Freeze,Pawniard,71/116,87970,Pawniard (71),LINKED
pkm-plasma-freeze-72-116-3cbba06176,Plasma Freeze,Pawniard,72/116,87971,Pawniard (72),LINKED
pkm-plasma-freeze-73-116-dc69ddf205,Plasma Freeze,Bisharp,73/116,83848,Bisharp (Team Plasma) (73),LINKED
pkm-plasma-freeze-74-116-24891d98fe,Plasma Freeze,Bisharp,74/116,83849,Bisharp (Team Plasma) (74),LINKED
pkm-plasma-freeze-75-116-bafc3dd702,Plasma Freeze,Deino,75/116,84731,Deino (75),LINKED
pkm-plasma-freeze-76-116-e25d65be9b,Plasma Freeze,Deino,76/116,84732,Deino (76),LINKED
pkm-plasma-freeze-77-116-3a2fabc8c0,Plasma Freeze,Zweilous,77/116,90782,Zweilous,LINKED
pkm-plasma-freeze-78-116-38be0269d2,Plasma Freeze,Hydreigon,78/116,86244,Hydreigon (Team Plasma),LINKED
pkm-plasma-freeze-79-116-1c5f74013a,Plasma Freeze,Steelix,79/116,89565,Steelix (Team Plasma),LINKED
pkm-plasma-freeze-80-116-cf6ed1ff98,Plasma Freeze,Mawile,80/116,87265,Mawile,LINKED
pkm-plasma-freeze-82-116-4ed6de01b2,Plasma Freeze,Dragonair,82/116,84904,Dragonair,LINKED
pkm-plasma-freeze-83-116-84d7769a58,Plasma Freeze,Dragonite,83/116,84916,Dragonite,LINKED
pkm-plasma-freeze-84-116-df5d954f0f,Plasma Freeze,Kingdra,84/116,86449,Kingdra,LINKED
pkm-plasma-freeze-85-116-ea067d8981,Plasma Freeze,Latias-EX,85/116,86660,Latias EX,LINKED
pkm-plasma-freeze-86-116-64b60b8dc2,Plasma Freeze,Latios-EX,86/116,86674,Latios EX,LINKED
pkm-plasma-freeze-87-116-59eaa62426,Plasma Freeze,Rattata,87/116,88623,Rattata,LINKED
pkm-plasma-freeze-88-116-f7fbc45cd2,Plasma Freeze,Raticate,88/116,88608,Raticate (Team Plasma),LINKED
pkm-plasma-freeze-89-116-d93128fc69,Plasma Freeze,Eevee,89/116,85092,Eevee (89),LINKED
pkm-plasma-freeze-90-116-ffcbe52d4b,Plasma Freeze,Eevee,90/116,85093,Eevee (90),LINKED
pkm-plasma-freeze-91-116-e2308fa827,Plasma Freeze,Hoothoot,91/116,86175,Hoothoot,LINKED
pkm-plasma-freeze-92-116-361f0fe729,Plasma Freeze,Noctowl,92/116,87796,Noctowl,LINKED
pkm-plasma-freeze-93-116-53d9fa58eb,Plasma Freeze,Miltank,93/116,87467,Miltank,LINKED
pkm-plasma-freeze-94-116-acdf84570e,Plasma Freeze,Kecleon,94/116,86432,Kecleon,LINKED
pkm-plasma-freeze-95-116-8eb19de971,Plasma Freeze,Starly,95/116,89526,Starly,LINKED
pkm-plasma-freeze-96-116-8165365d0a,Plasma Freeze,Staravia,96/116,89518,Staravia,LINKED
pkm-plasma-freeze-97-116-479b1f2eee,Plasma Freeze,Staraptor,97/116,89510,Staraptor,LINKED
pkm-plasma-freeze-98-116-a28173303b,Plasma Freeze,Tornadus-EX,98/116,89981,Tornadus EX (Team Plasma),LINKED
pkm-plasma-freeze-99-116-86b2065d42,Plasma Freeze,Float Stone,99/116,85510,Float Stone,LINKED
pkm-plasma-freeze-100-116-9467af0a77,Plasma Freeze,Frozen City,100/116,85577,Frozen City (Team Plasma),LINKED
pkm-plasma-freeze-101-116-e0ac9c83a7,Plasma Freeze,Ghetsis,101/116,85694,Ghetsis (Team Plasma),LINKED
pkm-plasma-freeze-102-116-8a7725068f,Plasma Freeze,Shadow Triad,102/116,89096,Shadow Triad (Team Plasma),LINKED
pkm-plasma-freeze-103-116-6a323e7879,Plasma Freeze,Superior Energy Retrieval,103/116,89642,Superior Energy Retrieval,LINKED
pkm-plasma-freeze-104-116-f3e183191f,Plasma Freeze,Team Plasma Badge,104/116,89847,Team Plasma Badge (Team Plasma),LINKED
pkm-plasma-freeze-105-116-685214d570,Plasma Freeze,Team Plasma Ball,105/116,89848,Team Plasma Ball (Team Plasma),LINKED
pkm-plasma-freeze-106-116-db981e755c,Plasma Freeze,Plasma Energy,106/116,88156,Plasma Energy (Team Plasma),LINKED
pkm-plasma-freeze-107-116-52d51682db,Plasma Freeze,Life Dew,107/116,86729,Life Dew,LINKED
pkm-plasma-freeze-108-116-3c1a13065e,Plasma Freeze,Rock Guard,108/116,88766,Rock Guard,LINKED
pkm-plasma-freeze-109-116-4f099614b7,Plasma Freeze,Heatran-EX,109/116,86053,Heatran EX (Team Plasma) (Full Art),LINKED
pkm-plasma-freeze-110-116-c9c6846093,Plasma Freeze,Thundurus-EX,110/116,89909,Thundurus EX (Team Plasma) (110 Full Art),LINKED
pkm-plasma-freeze-111-116-e61f271bad,Plasma Freeze,Deoxys-EX,111/116,84777,Deoxys EX (Team Plasma) (Full Art),LINKED
pkm-plasma-freeze-112-116-80e61ee039,Plasma Freeze,Latias-EX,112/116,86662,Latias EX (112 Full Art),LINKED
pkm-plasma-freeze-113-116-87ae88e386,Plasma Freeze,Latios-EX,113/116,86676,Latios EX (113 Full Art),LINKED
pkm-plasma-freeze-114-116-1cb6a1d36b,Plasma Freeze,Tornadus-EX,114/116,89982,Tornadus EX (Team Plasma) (114 Full Art),LINKED
pkm-plasma-freeze-115-116-3dd9f2026c,Plasma Freeze,Ghetsis,115/116,85695,Ghetsis (Team Plasma) (Full Art),LINKED
pkm-plasma-freeze-116-116-5a7e023c75,Plasma Freeze,Professor Juniper,116/116,88398,Professor Juniper (116 Full Art),LINKED
pkm-plasma-freeze-117-116-b896981355,Plasma Freeze,Empoleon,117/116,85203,Empoleon (117 Secret Rare),LINKED
pkm-plasma-freeze-118-116-5b644aa671,Plasma Freeze,Sigilyph,118/116,89207,Sigilyph,LINKED
pkm-plasma-freeze-119-116-8380f9f48c,Plasma Freeze,Garbodor,119/116,85617,Garbodor (119 Secret Rare),LINKED
pkm-plasma-freeze-120-116-212d6ca73b,Plasma Freeze,Garchomp,120/116,85626,Garchomp (120 Secret Rare),LINKED
pkm-plasma-freeze-121-116-f430860d6a,Plasma Freeze,Max Potion,121/116,87267,Max Potion (121 Secret Rare),LINKED
pkm-plasma-freeze-122-116-02d052c1c9,Plasma Freeze,Ultra Ball,122/116,90135,Ultra Ball,LINKED
pkm-plasma-storm-1-135-b89521d15e,Plasma Storm,Turtwig,1/135,90081,Turtwig,LINKED
pkm-plasma-storm-2-135-f48c39cfb8,Plasma Storm,Grotle,2/135,85920,Grotle,LINKED
pkm-plasma-storm-3-135-b66cd08d1b,Plasma Storm,Torterra,3/135,89988,Torterra (Team Plasma),LINKED
pkm-plasma-storm-4-135-27e7b6a1fb,Plasma Storm,Combee,4/135,84398,Combee,LINKED
pkm-plasma-storm-5-135-20eb408df2,Plasma Storm,Vespiquen,5/135,90330,Vespiquen,LINKED
pkm-plasma-storm-6-135-55f3888e68,Plasma Storm,Cherubi,6/135,84265,Cherubi,LINKED
pkm-plasma-storm-7-135-94c6d79026,Plasma Storm,Cherrim,7/135,84258,Cherrim,LINKED
pkm-plasma-storm-8-135-735d717a62,Plasma Storm,Sewaddle,8/135,89092,Sewaddle,LINKED
pkm-plasma-storm-9-135-10370f07c1,Plasma Storm,Swadloon,9/135,89668,Swadloon,LINKED
pkm-plasma-storm-10-135-ebb0d934f1,Plasma Storm,Leavanny,10/135,86688,Leavanny,LINKED
pkm-plasma-storm-11-135-28250764b4,Plasma Storm,Maractus,11/135,87191,Maractus,LINKED
pkm-plasma-storm-12-135-7c848f2ea2,Plasma Storm,Foongus,12/135,85540,Foongus,LINKED
pkm-plasma-storm-13-135-0b77b8632f,Plasma Storm,Amoonguss,13/135,83533,Amoonguss (Team Plasma),LINKED
pkm-plasma-storm-14-135-57cafba53e,Plasma Storm,Moltres-EX,14/135,87568,Moltres EX (Team Plasma),LINKED
pkm-plasma-storm-15-135-55a74a8354,Plasma Storm,Chimchar,15/135,84291,Chimchar,LINKED
pkm-plasma-storm-16-135-9198507f7b,Plasma Storm,Monferno,16/135,87573,Monferno,LINKED
pkm-plasma-storm-17-135-6c07f82002,Plasma Storm,Infernape,17/135,86278,Infernape (Team Plasma),LINKED
pkm-plasma-storm-19-135-49b4d6b75f,Plasma Storm,Pansear,19/135,87944,Pansear,LINKED
pkm-plasma-storm-20-135-d1336c3bf4,Plasma Storm,Simisear,20/135,89229,Simisear,LINKED
pkm-plasma-storm-21-135-d40ed6529f,Plasma Storm,Litwick,21/135,86812,Litwick,LINKED
pkm-plasma-storm-22-135-c37d5a5805,Plasma Storm,Lampent,22/135,86589,Lampent,LINKED
pkm-plasma-storm-23-135-04adfea016,Plasma Storm,Heatmor,23/135,86046,Heatmor,LINKED
pkm-plasma-storm-24-135-cfc45a7b28,Plasma Storm,Squirtle,24/135,89498,Squirtle,LINKED
pkm-plasma-storm-25-135-dcc66957c5,Plasma Storm,Articuno-EX,25/135,83656,Articuno EX (Team Plasma),LINKED
pkm-plasma-storm-26-135-2462fa32fe,Plasma Storm,Swinub,26/135,89706,Swinub,LINKED
pkm-plasma-storm-27-135-cddca342c9,Plasma Storm,Piloswine,27/135,88121,Piloswine,LINKED
pkm-plasma-storm-28-135-5fd542eab1,Plasma Storm,Mamoswine,28/135,87141,Mamoswine,LINKED
pkm-plasma-storm-29-135-b767ca0773,Plasma Storm,Lotad,29/135,86839,Lotad,LINKED
pkm-plasma-storm-30-135-c232e80170,Plasma Storm,Lombre,30/135,86821,Lombre,LINKED
pkm-plasma-storm-31-135-ce9a7aedbe,Plasma Storm,Ludicolo,31/135,86901,Ludicolo,LINKED
pkm-plasma-storm-32-135-82bbcb8fb8,Plasma Storm,Carvanha,32/135,84117,Carvanha,LINKED
pkm-plasma-storm-33-135-8a10b43225,Plasma Storm,Sharpedo,33/135,89103,Sharpedo (Team Plasma),LINKED
pkm-plasma-storm-34-135-05c538ccf7,Plasma Storm,Manaphy,34/135,87149,Manaphy,LINKED
pkm-plasma-storm-35-135-652b58b131,Plasma Storm,Vanillite,35/135,90271,Vanillite,LINKED
pkm-plasma-storm-36-135-1781ad582b,Plasma Storm,Vanillish,36/135,90266,Vanillish,LINKED
pkm-plasma-storm-37-135-08646eca6c,Plasma Storm,Vanilluxe,37/135,90275,Vanilluxe,LINKED
pkm-plasma-storm-38-135-e466f7b7bc,Plasma Storm,Frillish,38/135,85566,Frillish,LINKED
pkm-plasma-storm-39-135-cfff95bd66,Plasma Storm,Jellicent,39/135,86308,Jellicent (Team Plasma),LINKED
pkm-plasma-storm-40-135-ae388a8643,Plasma Storm,Cubchoo,40/135,84526,Cubchoo,LINKED
pkm-plasma-storm-41-135-6f2516c232,Plasma Storm,Beartic,41/135,83754,Beartic (Team Plasma),LINKED
pkm-plasma-storm-42-135-5300d5d43a,Plasma Storm,Magnemite,42/135,87086,Magnemite (42),LINKED
pkm-plasma-storm-43-135-bb8396ed39,Plasma Storm,Magnemite,43/135,87087,Magnemite (43),LINKED
pkm-plasma-storm-44-135-5f3c05e43b,Plasma Storm,Magneton,44/135,87111,Magneton (44),LINKED
pkm-plasma-storm-45-135-908a703763,Plasma Storm,Magneton,45/135,87112,Magneton (45),LINKED
pkm-plasma-storm-46-135-38a39b04be,Plasma Storm,Magnezone,46/135,87120,Magnezone (Team Plasma),LINKED
pkm-plasma-storm-47-135-a3ad570937,Plasma Storm,Magnezone,47/135,87119,Magnezone,LINKED
pkm-plasma-storm-48-135-1480468819,Plasma Storm,Zapdos-EX,48/135,90725,Zapdos EX (Team Plasma),LINKED
pkm-plasma-storm-49-135-70f40c8c63,Plasma Storm,Rotom,49/135,88840,Rotom (Team Plasma),LINKED
pkm-plasma-storm-50-135-6761042cb8,Plasma Storm,Joltik,50/135,86358,Joltik,LINKED
pkm-plasma-storm-51-135-940218e891,Plasma Storm,Galvantula,51/135,85613,Galvantula,LINKED
pkm-plasma-storm-52-135-23be967631,Plasma Storm,Zubat,52/135,90777,Zubat (52),LINKED
pkm-plasma-storm-53-135-bc9aceb80b,Plasma Storm,Zubat,53/135,90778,Zubat (53),LINKED
pkm-plasma-storm-54-135-dee5d172d9,Plasma Storm,Golbat,54/135,85798,Golbat,LINKED
pkm-plasma-storm-55-135-8d0dd203ab,Plasma Storm,Crobat,55/135,84491,Crobat (Team Plasma),LINKED
pkm-plasma-storm-56-135-951a2b4eef,Plasma Storm,Koffing,56/135,86500,Koffing (56),LINKED
pkm-plasma-storm-57-135-7aacea4eb7,Plasma Storm,Koffing,57/135,86501,Koffing (57),LINKED
pkm-plasma-storm-58-135-df33c46e0e,Plasma Storm,Weezing,58/135,90566,Weezing (Team Plasma),LINKED
pkm-plasma-storm-59-135-bc114fdf3f,Plasma Storm,Ralts,59/135,88565,Ralts,LINKED
pkm-plasma-storm-60-135-4505bc9c47,Plasma Storm,Kirlia,60/135,86470,Kirlia,LINKED
pkm-plasma-storm-61-135-02b6cd9fdc,Plasma Storm,Gallade,61/135,85606,Gallade,LINKED
pkm-plasma-storm-63-135-11e2cd7e12,Plasma Storm,Trubbish,63/135,90067,Trubbish (63),LINKED
pkm-plasma-storm-64-135-6e18ad258c,Plasma Storm,Trubbish,64/135,90068,Trubbish (64),LINKED
pkm-plasma-storm-65-135-595cc150a9,Plasma Storm,Trubbish,65/135,90069,Trubbish (65),LINKED
pkm-plasma-storm-66-135-0aa1e34877,Plasma Storm,Garbodor,66/135,85619,Garbodor (Team Plasma) (66),LINKED
pkm-plasma-storm-67-135-60eddeceaa,Plasma Storm,Garbodor,67/135,85620,Garbodor (Team Plasma) (67),LINKED
pkm-plasma-storm-68-135-0eed3037c3,Plasma Storm,Elgyem,68/135,85179,Elgyem (68),LINKED
pkm-plasma-storm-69-135-3703f76bef,Plasma Storm,Elgyem,69/135,85180,Elgyem (69),LINKED
pkm-plasma-storm-70-135-db8294be08,Plasma Storm,Beheeyem,70/135,83780,Beheeyem (Team Plasma),LINKED
pkm-plasma-storm-71-135-cb0e6fd566,Plasma Storm,Phanpy,71/135,88005,Phanpy,LINKED
pkm-plasma-storm-72-135-5b406b5fe5,Plasma Storm,Donphan,72/135,84880,Donphan,LINKED
pkm-plasma-storm-73-135-8e080078a8,Plasma Storm,Lunatone,73/135,86929,Lunatone,LINKED
pkm-plasma-storm-74-135-57b5487093,Plasma Storm,Solrock,74/135,89431,Solrock,LINKED
pkm-plasma-storm-75-135-602deefb03,Plasma Storm,Riolu,75/135,88761,Riolu (75),LINKED
pkm-plasma-storm-76-135-fd270fb0df,Plasma Storm,Riolu,76/135,88762,Riolu (76),LINKED
pkm-plasma-storm-77-135-adc972b706,Plasma Storm,Lucario,77/135,86883,Lucario (77),LINKED
pkm-plasma-storm-78-135-fd42f370e4,Plasma Storm,Lucario,78/135,86884,Lucario (78),LINKED
pkm-plasma-storm-79-135-2a6cdad013,Plasma Storm,Timburr,79/135,89916,Timburr,LINKED
pkm-plasma-storm-80-135-f713906880,Plasma Storm,Gurdurr,80/135,85983,Gurdurr,LINKED
pkm-plasma-storm-81-135-9813cb9dcc,Plasma Storm,Conkeldurr,81/135,84420,Conkeldurr,LINKED
pkm-plasma-storm-82-135-7f55187ad9,Plasma Storm,Purrloin,82/135,88460,Purrloin (82),LINKED
pkm-plasma-storm-83-135-9ed5493f51,Plasma Storm,Purrloin,83/135,88461,Purrloin (83),LINKED
pkm-plasma-storm-84-135-25bb272e5a,Plasma Storm,Liepard,84/135,86728,Liepard (Team Plasma),LINKED
pkm-plasma-storm-85-135-fa3295fd87,Plasma Storm,Scraggy,85/135,88985,Scraggy,LINKED
pkm-plasma-storm-86-135-9886e26e1c,Plasma Storm,Scrafty,86/135,88980,Scrafty (Team Plasma),LINKED
pkm-plasma-storm-87-135-ae128fdf8e,Plasma Storm,Skarmory,87/135,89246,Skarmory (Team Plasma),LINKED
pkm-plasma-storm-88-135-aa54797a32,Plasma Storm,Klink,88/135,86484,Klink,LINKED
pkm-plasma-storm-89-135-3b4e9d6a5a,Plasma Storm,Klang,89/135,86477,Klang,LINKED
pkm-plasma-storm-90-135-cb0c8c1109,Plasma Storm,Klinklang,90/135,86488,Klinklang (Team Plasma),LINKED
pkm-plasma-storm-91-135-0e265f7eb7,Plasma Storm,Durant,91/135,85022,Durant (Team Plasma) (91),LINKED
pkm-plasma-storm-92-135-eec27b3db2,Plasma Storm,Durant,92/135,85023,Durant (Team Plasma) (92),LINKED
pkm-plasma-storm-93-135-547d91de76,Plasma Storm,Cobalion-EX,93/135,84382,Cobalion EX,LINKED
pkm-plasma-storm-94-135-ecf1d7d724,Plasma Storm,Druddigon,94/135,84982,Druddigon (Team Plasma),LINKED
pkm-plasma-storm-95-135-33d7ad719a,Plasma Storm,Black Kyurem-EX,95/135,83854,Black Kyurem EX,LINKED
pkm-plasma-storm-96-135-8e046a3cee,Plasma Storm,White Kyurem-EX,96/135,90589,White Kyurem EX,LINKED
pkm-plasma-storm-97-135-835e8400c2,Plasma Storm,Clefairy,97/135,84360,Clefairy,LINKED
pkm-plasma-storm-98-135-78642cc0d2,Plasma Storm,Clefable,98/135,84349,Clefable,LINKED
pkm-plasma-storm-99-135-5dc3770e2e,Plasma Storm,Doduo,99/135,84866,Doduo,LINKED
pkm-plasma-storm-100-135-b6f1bbdfe8,Plasma Storm,Dodrio,100/135,84855,Dodrio,LINKED
pkm-plasma-storm-101-135-2b42d603f1,Plasma Storm,Snorlax,101/135,89396,Snorlax (Team Plasma),LINKED
pkm-plasma-storm-102-135-af8e1c9583,Plasma Storm,Togepi,102/135,89937,Togepi,LINKED
pkm-plasma-storm-103-135-5e5656d0bc,Plasma Storm,Togetic,103/135,89945,Togetic,LINKED
pkm-plasma-storm-104-135-10cc37ea02,Plasma Storm,Togekiss,104/135,89925,Togekiss,LINKED
pkm-plasma-storm-105-135-da0e707b64,Plasma Storm,Whismur,105/135,90585,Whismur,LINKED
pkm-plasma-storm-106-135-c031266525,Plasma Storm,Loudred,106/135,86845,Loudred,LINKED
pkm-plasma-storm-107-135-9748cde07d,Plasma Storm,Exploud,107/135,85374,Exploud,LINKED
pkm-plasma-storm-108-135-e2109e0414,Plasma Storm,Lugia-EX,108/135,86913,Lugia EX (Team Plasma),LINKED
pkm-plasma-storm-109-135-e0fde25ee3,Plasma Storm,Skitty,109/135,89270,Skitty,LINKED
pkm-plasma-storm-110-135-e4f2cd0362,Plasma Storm,Patrat,110/135,87965,Patrat (110),LINKED
pkm-plasma-storm-111-135-3698ef8e5b,Plasma Storm,Patrat,111/135,87966,Patrat (111),LINKED
pkm-plasma-storm-112-135-c47fc698fe,Plasma Storm,Watchog,112/135,90498,Watchog (Team Plasma) (112),LINKED
pkm-plasma-storm-113-135-4106bca6fd,Plasma Storm,Watchog,113/135,90499,Watchog (Team Plasma) (113),LINKED
pkm-plasma-storm-114-135-990cdd5cd3,Plasma Storm,Bouffalant,114/135,83946,Bouffalant (Team Plasma),LINKED
pkm-plasma-storm-115-135-5f8bd2e974,Plasma Storm,Rufflet,115/135,88844,Rufflet,LINKED
pkm-plasma-storm-116-135-879c7817bb,Plasma Storm,Braviary,116/135,83952,Braviary,LINKED
pkm-plasma-storm-117-135-a6f9e130f5,Plasma Storm,Bicycle,117/135,83823,Bicycle,LINKED
pkm-plasma-storm-118-135-b314e0a8b4,Plasma Storm,Colress,118/135,84389,Colress (Team Plasma),LINKED
pkm-plasma-storm-119-135-0009575063,Plasma Storm,Colress Machine,119/135,84391,Colress Machine (Team Plasma),LINKED
pkm-plasma-storm-120-135-76e7efb19e,Plasma Storm,Escape Rope,120/135,85312,Escape Rope,LINKED
pkm-plasma-storm-121-135-714701a6a0,Plasma Storm,Ether,121/135,85332,Ether,LINKED
pkm-plasma-storm-122-135-6a2b374621,Plasma Storm,Eviolite,122/135,85334,Eviolite,LINKED
pkm-plasma-storm-123-135-f0fed91794,Plasma Storm,Hypnotoxic Laser,123/135,86256,Hypnotoxic Laser (Team Plasma),LINKED
pkm-plasma-storm-124-135-8aff979bd8,Plasma Storm,Plasma Frigate,124/135,88158,Plasma Frigate (Team Plasma),LINKED
pkm-plasma-storm-125-135-a56d4462c4,Plasma Storm,Team Plasma Grunt,125/135,89849,Team Plasma Grunt (Team Plasma),LINKED
pkm-plasma-storm-126-135-1a82b40cab,Plasma Storm,Virbank City Gym,126/135,90385,Virbank City Gym,LINKED
pkm-plasma-storm-127-135-e9d32fa387,Plasma Storm,Plasma Energy,127/135,88155,Plasma Energy (Team Plasma),LINKED
pkm-plasma-storm-128-135-a2fd5a5b98,Plasma Storm,Dowsing Machine,128/135,84896,Dowsing Machine,LINKED
pkm-plasma-storm-129-135-f69d2b1690,Plasma Storm,Scramble Switch,129/135,88990,Scramble Switch,LINKED
pkm-plasma-storm-130-135-65eda8725f,Plasma Storm,Victory Piece,130/135,90357,Victory Piece,LINKED
pkm-plasma-storm-132-135-28cd2c50bb,Plasma Storm,Articuno-EX,132/135,83657,Articuno EX (Team Plasma) (132 Full Art),LINKED
pkm-plasma-storm-133-135-c5f07a460b,Plasma Storm,Cobalion-EX,133/135,84383,Cobalion EX (133 Full Art),LINKED
pkm-plasma-storm-134-135-59f68636e0,Plasma Storm,Lugia-EX,134/135,86916,Lugia EX (Team Plasma) (134 Full Art),LINKED
pkm-plasma-storm-135-135-0eca1f479e,Plasma Storm,Colress,135/135,84390,Colress (Team Plasma) (135 Full Art),LINKED
pkm-plasma-storm-136-135-5fbe6a5be7,Plasma Storm,Charizard,136/135,84193,Charizard,LINKED
pkm-plasma-storm-137-135-05b966d940,Plasma Storm,Blastoise,137/135,83897,Blastoise,LINKED
pkm-plasma-storm-138-135-865b43b4e3,Plasma Storm,Random Receiver,138/135,88574,Random Receiver,LINKED
pkm-diamond-and-pearl-1-130-f0986e6d81,Diamond and Pearl,Dialga,1/130,84798,Dialga,LINKED
pkm-diamond-and-pearl-2-130-dc2f314dfb,Diamond and Pearl,Dusknoir,2/130,85036,Dusknoir,LINKED
pkm-diamond-and-pearl-3-130-780b3a654c,Diamond and Pearl,Electivire,3/130,85121,Electivire,LINKED
pkm-diamond-and-pearl-4-130-871d0e77b1,Diamond and Pearl,Empoleon,4/130,85197,Empoleon,LINKED
pkm-diamond-and-pearl-5-130-f6d7f4fedd,Diamond and Pearl,Infernape,5/130,86274,Infernape,LINKED
pkm-diamond-and-pearl-6-130-a1e3f18a65,Diamond and Pearl,Lucario,6/130,86873,Lucario,LINKED
pkm-diamond-and-pearl-7-130-821a7f3565,Diamond and Pearl,Luxray,7/130,86946,Luxray,LINKED
pkm-diamond-and-pearl-8-130-03d1db1bf7,Diamond and Pearl,Magnezone,8/130,87113,Magnezone,LINKED
pkm-diamond-and-pearl-9-130-9bf4fb0366,Diamond and Pearl,Manaphy,9/130,87143,Manaphy,LINKED
pkm-diamond-and-pearl-10-130-c919681a8d,Diamond and Pearl,Mismagius,10/130,87514,Mismagius,LINKED
pkm-diamond-and-pearl-11-130-0f6105f43d,Diamond and Pearl,Palkia,11/130,87906,Palkia,LINKED
pkm-diamond-and-pearl-12-130-a33137ad7f,Diamond and Pearl,Rhyperior,12/130,88745,Rhyperior,LINKED
pkm-diamond-and-pearl-13-130-35bfa429f7,Diamond and Pearl,Roserade,13/130,88826,Roserade,LINKED
pkm-diamond-and-pearl-14-130-b03ee38193,Diamond and Pearl,Shiftry,14/130,89157,Shiftry,LINKED
pkm-diamond-and-pearl-15-130-448011643a,Diamond and Pearl,Skuntank,15/130,89279,Skuntank,LINKED
pkm-diamond-and-pearl-16-130-8dacdf8f9c,Diamond and Pearl,Staraptor,16/130,89508,Staraptor,LINKED
pkm-diamond-and-pearl-17-130-9c9feeb396,Diamond and Pearl,Torterra,17/130,89983,Torterra,LINKED
pkm-diamond-and-pearl-18-130-b6f29269c7,Diamond and Pearl,Azumarill,18/130,83684,Azumarill,LINKED
pkm-diamond-and-pearl-19-130-0df7857e9a,Diamond and Pearl,Beautifly,19/130,83758,Beautifly,LINKED
pkm-diamond-and-pearl-20-130-3302ec1a27,Diamond and Pearl,Bibarel,20/130,83817,Bibarel,LINKED
pkm-diamond-and-pearl-21-130-3cc9a4581a,Diamond and Pearl,Carnivine,21/130,84099,Carnivine,LINKED
pkm-diamond-and-pearl-22-130-dc00b56bcc,Diamond and Pearl,Clefable,22/130,84347,Clefable,LINKED
pkm-diamond-and-pearl-23-130-c1d1af3b22,Diamond and Pearl,Drapion,23/130,84922,Drapion,LINKED
pkm-diamond-and-pearl-24-130-4a632fa23c,Diamond and Pearl,Drifblim,24/130,84943,Drifblim,LINKED
pkm-diamond-and-pearl-25-130-4ad560fa5b,Diamond and Pearl,Dustox,25/130,85057,Dustox,LINKED
pkm-diamond-and-pearl-26-130-6aef498a18,Diamond and Pearl,Floatzel,26/130,85511,Floatzel,LINKED
pkm-diamond-and-pearl-27-130-3a592b2f51,Diamond and Pearl,Gengar,27/130,85675,Gengar,LINKED
pkm-diamond-and-pearl-28-130-edc1e7650e,Diamond and Pearl,Heracross,28/130,86064,Heracross,LINKED
pkm-diamond-and-pearl-29-130-57365d8239,Diamond and Pearl,Hippowdon,29/130,86083,Hippowdon,LINKED
pkm-diamond-and-pearl-30-130-fe30fe8f73,Diamond and Pearl,Lopunny,30/130,86823,Lopunny,LINKED
pkm-diamond-and-pearl-31-130-70e826ab21,Diamond and Pearl,Machamp,31/130,86965,Machamp,LINKED
pkm-diamond-and-pearl-32-130-c19aec34b4,Diamond and Pearl,Medicham,32/130,87275,Medicham,LINKED
pkm-diamond-and-pearl-33-130-485749fe9a,Diamond and Pearl,Munchlax,33/130,87637,Munchlax,LINKED
pkm-diamond-and-pearl-34-130-f242984f2d,Diamond and Pearl,Noctowl,34/130,87793,Noctowl,LINKED
pkm-diamond-and-pearl-35-130-cced1b06fc,Diamond and Pearl,Pachirisu,35/130,87897,Pachirisu,LINKED
pkm-diamond-and-pearl-36-130-b72b74706a,Diamond and Pearl,Purugly,36/130,88464,Purugly,LINKED
pkm-diamond-and-pearl-37-130-327c5864aa,Diamond and Pearl,Snorlax,37/130,89389,Snorlax,LINKED
pkm-diamond-and-pearl-38-130-e84e5669aa,Diamond and Pearl,Steelix,38/130,89561,Steelix,LINKED
pkm-diamond-and-pearl-39-130-935262f956,Diamond and Pearl,Vespiquen,39/130,90327,Vespiquen,LINKED
pkm-diamond-and-pearl-40-130-ffc13b9d0f,Diamond and Pearl,Weavile,40/130,90531,Weavile,LINKED
pkm-diamond-and-pearl-41-130-8c57475b81,Diamond and Pearl,Wobbuffet,41/130,90620,Wobbuffet,LINKED
pkm-diamond-and-pearl-42-130-866cee1e38,Diamond and Pearl,Wynaut,42/130,90657,Wynaut,LINKED
pkm-diamond-and-pearl-43-130-4b9c8a4cad,Diamond and Pearl,Budew,43/130,84010,Budew,LINKED
pkm-diamond-and-pearl-44-130-dab0c2f5cd,Diamond and Pearl,Cascoon,44/130,84121,Cascoon,LINKED
pkm-diamond-and-pearl-45-130-3a486dd2d7,Diamond and Pearl,Cherrim,45/130,84251,Cherrim,LINKED
pkm-diamond-and-pearl-46-130-a36b7f0b20,Diamond and Pearl,Drifloon,46/130,84953,Drifloon,LINKED
pkm-diamond-and-pearl-47-130-33c7ff7d8b,Diamond and Pearl,Dusclops,47/130,85028,Dusclops,LINKED
pkm-diamond-and-pearl-48-130-8420e54a72,Diamond and Pearl,Elekid,48/130,85171,Elekid,LINKED
pkm-diamond-and-pearl-49-130-76475819c1,Diamond and Pearl,Grotle,49/130,85916,Grotle,LINKED
pkm-diamond-and-pearl-50-130-b35d674849,Diamond and Pearl,Haunter,50/130,86027,Haunter,LINKED
pkm-diamond-and-pearl-51-130-2bf99580b0,Diamond and Pearl,Hippopotas,51/130,86078,Hippopotas,LINKED
pkm-diamond-and-pearl-52-130-d9b248126d,Diamond and Pearl,Luxio,52/130,86939,Luxio,LINKED
pkm-diamond-and-pearl-53-130-1430f60f2b,Diamond and Pearl,Machoke,53/130,86981,Machoke,LINKED
pkm-diamond-and-pearl-54-130-5eba53bf7e,Diamond and Pearl,Magneton,54/130,87107,Magneton,LINKED
pkm-diamond-and-pearl-55-130-0e69785f3b,Diamond and Pearl,Mantyke,55/130,87186,Mantyke,LINKED
pkm-diamond-and-pearl-56-130-05a32754be,Diamond and Pearl,Monferno,56/130,87570,Monferno,LINKED
pkm-diamond-and-pearl-57-130-cd40bf82e4,Diamond and Pearl,Nuzleaf,57/130,87825,Nuzleaf,LINKED
pkm-diamond-and-pearl-58-130-c8401f7262,Diamond and Pearl,Prinplup,58/130,88368,Prinplup,LINKED
pkm-diamond-and-pearl-59-130-bb828737b1,Diamond and Pearl,Rapidash,59/130,88583,Rapidash,LINKED
pkm-diamond-and-pearl-60-130-54541b4b3b,Diamond and Pearl,Rhydon,60/130,88734,Rhydon,LINKED
pkm-diamond-and-pearl-61-130-c3c7f648a8,Diamond and Pearl,Riolu,61/130,88751,Riolu,LINKED
pkm-diamond-and-pearl-62-130-35faf7da73,Diamond and Pearl,Seaking,62/130,89026,Seaking,LINKED
pkm-diamond-and-pearl-63-130-6d481344e7,Diamond and Pearl,Silcoon,63/130,89212,Silcoon,LINKED
pkm-diamond-and-pearl-64-130-95a1f026d9,Diamond and Pearl,Staravia,64/130,89513,Staravia,LINKED
pkm-diamond-and-pearl-65-130-5e5b14b61a,Diamond and Pearl,Unown [A],65/130,90198,Unown [A],LINKED
pkm-diamond-and-pearl-66-130-d01990bd42,Diamond and Pearl,Unown [B],66/130,90200,Unown [B],LINKED
pkm-diamond-and-pearl-67-130-3c76c043c6,Diamond and Pearl,Unown [C],67/130,90202,Unown [C],LINKED
pkm-diamond-and-pearl-68-130-12c27e6271,Diamond and Pearl,Unown [D],68/130,90204,Unown [D],LINKED
pkm-diamond-and-pearl-69-130-906a494f48,Diamond and Pearl,Azurill,69/130,83690,Azurill,LINKED
pkm-diamond-and-pearl-70-130-1136ec4820,Diamond and Pearl,Bidoof,70/130,83824,Bidoof,LINKED
pkm-diamond-and-pearl-71-130-a78f1d0615,Diamond and Pearl,Bonsly,71/130,83936,Bonsly,LINKED
pkm-diamond-and-pearl-72-130-38c25c0df8,Diamond and Pearl,Buizel,72/130,84015,Buizel,LINKED
pkm-diamond-and-pearl-73-130-39e5869de8,Diamond and Pearl,Buneary,73/130,84037,Buneary,LINKED
pkm-diamond-and-pearl-74-130-6cb0e5a5ea,Diamond and Pearl,Chatot,74/130,84239,Chatot,LINKED
pkm-diamond-and-pearl-75-130-e701ff06ce,Diamond and Pearl,Cherubi,75/130,84259,Cherubi,LINKED
pkm-diamond-and-pearl-76-130-d84a03be85,Diamond and Pearl,Chimchar,76/130,84282,Chimchar,LINKED
pkm-diamond-and-pearl-77-130-e4fb22dfd5,Diamond and Pearl,Clefairy,77/130,84356,Clefairy,LINKED
pkm-diamond-and-pearl-78-130-fad1e925f0,Diamond and Pearl,Cleffa,78/130,84366,Cleffa,LINKED
pkm-diamond-and-pearl-79-130-c7e5c67d7e,Diamond and Pearl,Combee,79/130,84392,Combee,LINKED
pkm-diamond-and-pearl-80-130-a32a6e760c,Diamond and Pearl,Duskull,80/130,85050,Duskull,LINKED
pkm-diamond-and-pearl-81-130-4b12599002,Diamond and Pearl,Electabuzz,81/130,85114,Electabuzz,LINKED
pkm-diamond-and-pearl-82-130-37af9fd87a,Diamond and Pearl,Gastly,82/130,85652,Gastly,LINKED
pkm-diamond-and-pearl-83-130-4451aed4c0,Diamond and Pearl,Glameow,83/130,85758,Glameow,LINKED
pkm-diamond-and-pearl-84-130-fb853b241d,Diamond and Pearl,Goldeen,84/130,85807,Goldeen,LINKED
pkm-diamond-and-pearl-85-130-80beebeeb8,Diamond and Pearl,Hoothoot,85/130,86172,Hoothoot,LINKED
pkm-diamond-and-pearl-86-130-fd366eb55a,Diamond and Pearl,Machop,86/130,86995,Machop,LINKED
pkm-diamond-and-pearl-87-130-1d968fffb3,Diamond and Pearl,Magnemite,87/130,87081,Magnemite,LINKED
pkm-diamond-and-pearl-88-130-6dc2c5c281,Diamond and Pearl,Marill,88/130,87218,Marill,LINKED
pkm-diamond-and-pearl-89-130-d8c4ef6637,Diamond and Pearl,Meditite,89/130,87284,Meditite,LINKED
pkm-diamond-and-pearl-90-130-340307f2d4,Diamond and Pearl,Mime Jr.,90/130,87469,Mime Jr.,LINKED
pkm-diamond-and-pearl-91-130-6b1514c81c,Diamond and Pearl,Misdreavus,91/130,87506,Misdreavus,LINKED
pkm-diamond-and-pearl-92-130-98e46f9a64,Diamond and Pearl,Onix,92/130,87882,Onix,LINKED
pkm-diamond-and-pearl-93-130-5d7fec4f57,Diamond and Pearl,Piplup,93/130,88142,Piplup,LINKED
pkm-diamond-and-pearl-94-130-fba3a89a46,Diamond and Pearl,Ponyta,94/130,88287,Ponyta,LINKED
pkm-diamond-and-pearl-95-130-cb71850794,Diamond and Pearl,Rhyhorn,95/130,88742,Rhyhorn,LINKED
pkm-diamond-and-pearl-96-130-60567f8898,Diamond and Pearl,Roselia,96/130,88819,Roselia,LINKED
pkm-diamond-and-pearl-97-130-b2aa6bb3e9,Diamond and Pearl,Seedot,97/130,89043,Seedot,LINKED
pkm-diamond-and-pearl-98-130-bddcde02ea,Diamond and Pearl,Shinx,98/130,89172,Shinx,LINKED
pkm-diamond-and-pearl-99-130-65db392c63,Diamond and Pearl,Skorupi,99/130,89273,Skorupi,LINKED
pkm-diamond-and-pearl-100-130-8b50b2fd18,Diamond and Pearl,Sneasel,100/130,89369,Sneasel,LINKED
pkm-diamond-and-pearl-101-130-d415f5ad9e,Diamond and Pearl,Starly,101/130,89520,Starly,LINKED
pkm-diamond-and-pearl-102-130-850abf81f4,Diamond and Pearl,Stunky,102/130,89584,Stunky,LINKED
pkm-diamond-and-pearl-103-130-5e99dcc571,Diamond and Pearl,Turtwig,103/130,90071,Turtwig,LINKED
pkm-diamond-and-pearl-104-130-2bad8354be,Diamond and Pearl,Wurmple,104/130,90651,Wurmple,LINKED
pkm-diamond-and-pearl-105-130-bd5521e51c,Diamond and Pearl,Double Full Heal,105/130,84890,Double Full Heal,LINKED
pkm-diamond-and-pearl-106-130-c896bb7b26,Diamond and Pearl,Energy Restore,106/130,85227,Energy Restore,LINKED
pkm-diamond-and-pearl-107-130-ef33365522,Diamond and Pearl,Energy Switch,107/130,85257,Energy Switch,LINKED
pkm-diamond-and-pearl-108-130-2112c7f14a,Diamond and Pearl,Night Pokémon Center,108/130,87753,Night Pokemon Center,SKIP_NAME_MISMATCH
pkm-diamond-and-pearl-109-130-2d5186e45c,Diamond and Pearl,PlusPower,109/130,88176,PlusPower,LINKED
pkm-diamond-and-pearl-110-130-a081e42fef,Diamond and Pearl,Poké Ball,110/130,88186,Poke Ball,SKIP_NAME_MISMATCH
pkm-diamond-and-pearl-111-130-c4989af715,Diamond and Pearl,Pokédex HANDY910is,111/130,88202,Pokedex (HANDY910is),SKIP_NAME_MISMATCH
pkm-diamond-and-pearl-112-130-2899c92fe9,Diamond and Pearl,Professor Rowan,112/130,88407,Professor Rowan,LINKED
pkm-diamond-and-pearl-113-130-9fd7717efa,Diamond and Pearl,Rival,113/130,88764,Rival,LINKED
pkm-diamond-and-pearl-114-130-2a11579ca4,Diamond and Pearl,Speed Stadium,114/130,89443,Speed Stadium,LINKED
pkm-diamond-and-pearl-115-130-4f51e6bbca,Diamond and Pearl,Super Scoop Up,115/130,89638,Super Scoop Up,LINKED
pkm-diamond-and-pearl-116-130-93e1d167d9,Diamond and Pearl,Warp Point,116/130,90481,Warp Point,LINKED
pkm-diamond-and-pearl-117-130-b3b1c4c837,Diamond and Pearl,Energy Search,117/130,85245,Energy Search,LINKED
pkm-diamond-and-pearl-118-130-e01e3f0601,Diamond and Pearl,Potion,118/130,88342,Potion,LINKED
pkm-diamond-and-pearl-119-130-3082aa8852,Diamond and Pearl,Switch,119/130,89715,Switch,LINKED
pkm-diamond-and-pearl-120-130-677554acd6,Diamond and Pearl,Empoleon LV.X,120/130,85206,Empoleon LV.X,LINKED
pkm-diamond-and-pearl-121-130-eac3f78b33,Diamond and Pearl,Infernape LV.X,121/130,86281,Infernape LV.X,LINKED
pkm-diamond-and-pearl-122-130-89fe8a9874,Diamond and Pearl,Torterra LV.X,122/130,89989,Torterra LV.X,LINKED
pkm-diamond-and-pearl-123-130-11705a34d8,Diamond and Pearl,Grass Energy,123/130,85878,Grass Energy,LINKED
pkm-diamond-and-pearl-124-130-f07bbb7df5,Diamond and Pearl,Fire Energy,124/130,85463,Fire Energy,LINKED
pkm-diamond-and-pearl-125-130-0b4b55e707,Diamond and Pearl,Water Energy,125/130,90510,Water Energy,LINKED
pkm-diamond-and-pearl-126-130-7adc4f34d7,Diamond and Pearl,Lightning Energy,126/130,86767,Lightning Energy,LINKED
pkm-diamond-and-pearl-127-130-4832359e94,Diamond and Pearl,Psychic Energy,127/130,88423,Psychic Energy,LINKED
pkm-diamond-and-pearl-129-130-626e0813f7,Diamond and Pearl,Darkness Energy,129/130,84676,Darkness Energy,LINKED
pkm-diamond-and-pearl-130-130-32bd68413c,Diamond and Pearl,Metal Energy,130/130,87349,Metal Energy,LINKED
pkm-great-encounters-1-106-665d49f348,Great Encounters,Blaziken,1/106,83909,Blaziken,LINKED
pkm-great-encounters-2-106-1d4250ba98,Great Encounters,Cresselia,2/106,84467,Cresselia,LINKED
pkm-great-encounters-3-106-29ac7734d5,Great Encounters,Darkrai,3/106,84698,Darkrai (3),LINKED
pkm-great-encounters-4-106-97e28eed15,Great Encounters,Darkrai,4/106,84699,Darkrai (4),LINKED
pkm-great-encounters-5-106-212f7f4254,Great Encounters,Pachirisu,5/106,87899,Pachirisu,LINKED
pkm-great-encounters-6-106-f857b24b4f,Great Encounters,Porygon-Z,6/106,88315,Porygon-Z,LINKED
pkm-great-encounters-7-106-f86d01033f,Great Encounters,Rotom,7/106,88835,Rotom,LINKED
pkm-great-encounters-8-106-0124201e7b,Great Encounters,Sceptile,8/106,88949,Sceptile,LINKED
pkm-great-encounters-9-106-45731e1bec,Great Encounters,Swampert,9/106,89680,Swampert,LINKED
pkm-great-encounters-10-106-dd169140b9,Great Encounters,Tangrowth,10/106,89751,Tangrowth,LINKED
pkm-great-encounters-11-106-4d7db3932d,Great Encounters,Togekiss,11/106,89923,Togekiss,LINKED
pkm-great-encounters-12-106-6d1ea746a2,Great Encounters,Altaria,12/106,83516,Altaria,LINKED
pkm-great-encounters-13-106-b4a13ae2e8,Great Encounters,Beedrill,13/106,83770,Beedrill,LINKED
pkm-great-encounters-14-106-cbcd5e7f4a,Great Encounters,Butterfree,14/106,84066,Butterfree,LINKED
pkm-great-encounters-15-106-14df335d8b,Great Encounters,Claydol,15/106,84337,Claydol,LINKED
pkm-great-encounters-16-106-1050696969,Great Encounters,Dialga,16/106,84799,Dialga,LINKED
pkm-great-encounters-17-106-73c39ccd8f,Great Encounters,Exploud,17/106,85372,Exploud,LINKED
pkm-great-encounters-18-106-57ab6bac72,Great Encounters,Houndoom,18/106,86207,Houndoom,LINKED
pkm-great-encounters-19-106-9c09d2123e,Great Encounters,Hypno,19/106,86254,Hypno,LINKED
pkm-great-encounters-20-106-2ba55016ed,Great Encounters,Kingler,20/106,86457,Kingler,LINKED
pkm-great-encounters-21-106-88a96f9de6,Great Encounters,Lapras,21/106,86618,Lapras,LINKED
pkm-great-encounters-22-106-17185742a4,Great Encounters,Latias,22/106,86651,Latias,LINKED
pkm-great-encounters-23-106-ab2836c0bd,Great Encounters,Latios,23/106,86665,Latios,LINKED
pkm-great-encounters-24-106-c8d6e8dbc7,Great Encounters,Mawile,24/106,87261,Mawile,LINKED
pkm-great-encounters-25-106-2c5931b8a2,Great Encounters,Milotic,25/106,87454,Milotic,LINKED
pkm-great-encounters-26-106-7a6ebb682f,Great Encounters,Palkia,26/106,87907,Palkia,LINKED
pkm-great-encounters-27-106-6132bcc7ec,Great Encounters,Primeape,27/106,88363,Primeape,LINKED
pkm-great-encounters-28-106-772d4445b9,Great Encounters,Slowking,28/106,89316,Slowking,LINKED
pkm-great-encounters-29-106-a5e41f8189,Great Encounters,Unown [H],29/106,90212,Unown [H],LINKED
pkm-great-encounters-30-106-6b2079310c,Great Encounters,Wailord,30/106,90459,Wailord,LINKED
pkm-great-encounters-31-106-99fe049e89,Great Encounters,Weezing,31/106,90562,Weezing,LINKED
pkm-great-encounters-32-106-645e21136d,Great Encounters,Wigglytuff,32/106,90598,Wigglytuff,LINKED
pkm-great-encounters-33-106-83c6ba9454,Great Encounters,Arbok,33/106,83570,Arbok,LINKED
pkm-great-encounters-34-106-9957fdafc4,Great Encounters,Cacturne,34/106,84080,Cacturne,LINKED
pkm-great-encounters-35-106-02ea7bac4f,Great Encounters,Combusken,35/106,84411,Combusken,LINKED
pkm-great-encounters-36-106-15136c7a96,Great Encounters,Delibird,36/106,84748,Delibird,LINKED
pkm-great-encounters-37-106-36f8faef10,Great Encounters,Floatzel,37/106,85513,Floatzel,LINKED
pkm-great-encounters-38-106-18d4a59696,Great Encounters,Gorebyss,38/106,85844,Gorebyss,LINKED
pkm-great-encounters-39-106-9fea4faa4f,Great Encounters,Granbull,39/106,85864,Granbull,LINKED
pkm-great-encounters-40-106-a938965881,Great Encounters,Grovyle,40/106,85941,Grovyle,LINKED
pkm-great-encounters-41-106-540192450b,Great Encounters,Hariyama,41/106,86014,Hariyama,LINKED
pkm-great-encounters-42-106-6fbf5b9e5f,Great Encounters,Huntail,42/106,86238,Huntail,LINKED
pkm-great-encounters-43-106-dbc587c1b4,Great Encounters,Linoone,43/106,86807,Linoone,LINKED
pkm-great-encounters-44-106-8f61f0cab8,Great Encounters,Loudred,44/106,86843,Loudred,LINKED
pkm-great-encounters-45-106-b58b5d16fd,Great Encounters,Magcargo,45/106,87016,Magcargo,LINKED
pkm-great-encounters-46-106-3835527ab8,Great Encounters,Marshtomp,46/106,87239,Marshtomp,LINKED
pkm-great-encounters-47-106-68061728a5,Great Encounters,Metapod,47/106,87390,Metapod,LINKED
pkm-great-encounters-48-106-890a183a5b,Great Encounters,Pelipper,48/106,87977,Pelipper,LINKED
pkm-great-encounters-49-106-61a37c601d,Great Encounters,Porygon2,49/106,88326,Porygon2,LINKED
pkm-great-encounters-50-106-1087c2600c,Great Encounters,Purugly,50/106,88465,Purugly,LINKED
pkm-great-encounters-51-106-f22a43fada,Great Encounters,Relicanth,51/106,88687,Relicanth,LINKED
pkm-great-encounters-52-106-fdc1b2ebc0,Great Encounters,Seviper,52/106,89086,Seviper,LINKED
pkm-great-encounters-53-106-56114f9b05,Great Encounters,Skarmory,53/106,89240,Skarmory,LINKED
pkm-great-encounters-54-106-bbd1b77078,Great Encounters,Slowbro,54/106,89306,Slowbro,LINKED
pkm-great-encounters-55-106-d91473590d,Great Encounters,Togetic,55/106,89943,Togetic,LINKED
pkm-great-encounters-56-106-d9eb63674d,Great Encounters,Unown [F],56/106,90208,Unown [F],LINKED
pkm-great-encounters-57-106-69ae1c2800,Great Encounters,Unown [G],57/106,90210,Unown [G],LINKED
pkm-great-encounters-58-106-2de103f999,Great Encounters,Wailmer,58/106,90453,Wailmer,LINKED
pkm-great-encounters-59-106-b7026b6182,Great Encounters,Zangoose,59/106,90706,Zangoose,LINKED
pkm-great-encounters-60-106-b32a62352b,Great Encounters,Baltoy,60/106,83716,Baltoy,LINKED
pkm-great-encounters-61-106-a9900b4a40,Great Encounters,Buizel,61/106,84018,Buizel,LINKED
pkm-great-encounters-62-106-420809d2c7,Great Encounters,Cacnea,62/106,84075,Cacnea,LINKED
pkm-great-encounters-63-106-58858e00fb,Great Encounters,Caterpie,63/106,84137,Caterpie,LINKED
pkm-great-encounters-64-106-ce42b01d6c,Great Encounters,Clamperl,64/106,84325,Clamperl,LINKED
pkm-great-encounters-65-106-778b6b313e,Great Encounters,Drowzee,65/106,84976,Drowzee,LINKED
pkm-great-encounters-66-106-0a8a0893bf,Great Encounters,Ekans,66/106,85103,Ekans,LINKED
pkm-great-encounters-67-106-0ea737b929,Great Encounters,Feebas,67/106,85404,Feebas,LINKED
pkm-great-encounters-68-106-69aed66aaf,Great Encounters,Glameow,68/106,85759,Glameow,LINKED
pkm-great-encounters-69-106-e85f3ee21d,Great Encounters,Houndour,69/106,86228,Houndour,LINKED
pkm-great-encounters-70-106-da060a28f1,Great Encounters,Igglybuff,70/106,86262,Igglybuff,LINKED
pkm-great-encounters-71-106-8002940bf8,Great Encounters,Illumise,71/106,86267,Illumise,LINKED
pkm-great-encounters-72-106-6ee3549c97,Great Encounters,Jigglypuff,72/106,86318,Jigglypuff,LINKED
pkm-great-encounters-73-106-bce4856fdd,Great Encounters,Kakuna,73/106,86413,Kakuna,LINKED
pkm-great-encounters-74-106-cb8a705b2c,Great Encounters,Koffing,74/106,86496,Koffing,LINKED
pkm-great-encounters-75-106-b055de77cb,Great Encounters,Krabby,75/106,86526,Krabby,LINKED
pkm-great-encounters-76-106-43b2852d2a,Great Encounters,Lunatone,76/106,86926,Lunatone,LINKED
pkm-great-encounters-77-106-c73325e79d,Great Encounters,Luvdisc,77/106,86936,Luvdisc,LINKED
pkm-great-encounters-78-106-7af1981a85,Great Encounters,Makuhita,78/106,87131,Makuhita,LINKED
pkm-great-encounters-79-106-00f282ebd4,Great Encounters,Mankey,79/106,87174,Mankey,LINKED
pkm-great-encounters-80-106-15e25dc29e,Great Encounters,Mudkip,80/106,87614,Mudkip,LINKED
pkm-great-encounters-81-106-a00a01fb80,Great Encounters,Porygon,81/106,88311,Porygon,LINKED
pkm-great-encounters-82-106-f58d4a5662,Great Encounters,Slowpoke,82/106,89331,Slowpoke,LINKED
pkm-great-encounters-83-106-97efb6d47c,Great Encounters,Slugma,83/106,89345,Slugma,LINKED
pkm-great-encounters-84-106-7e8e6b3d9c,Great Encounters,Snubbull,84/106,89415,Snubbull,LINKED
pkm-great-encounters-85-106-5aae3e0614,Great Encounters,Solrock,85/106,89428,Solrock,LINKED
pkm-great-encounters-86-106-3f773fced2,Great Encounters,Swablu,86/106,89657,Swablu,LINKED
pkm-great-encounters-87-106-e8fa9636fe,Great Encounters,Tangela,87/106,89744,Tangela,LINKED
pkm-great-encounters-88-106-4acf7e9d77,Great Encounters,Togepi,88/106,89934,Togepi,LINKED
pkm-great-encounters-89-106-0cd66354b2,Great Encounters,Torchic,89/106,89960,Torchic,LINKED
pkm-great-encounters-90-106-42282e048f,Great Encounters,Treecko,90/106,90039,Treecko,LINKED
pkm-great-encounters-91-106-9cc5fa32f9,Great Encounters,Unown [L],91/106,90220,Unown [L],LINKED
pkm-great-encounters-92-106-373fe23ea8,Great Encounters,Volbeat,92/106,90399,Volbeat,LINKED
pkm-great-encounters-93-106-41504f8fb3,Great Encounters,Weedle,93/106,90544,Weedle,LINKED
pkm-great-encounters-94-106-5d58a2acc1,Great Encounters,Whismur,94/106,90583,Whismur,LINKED
pkm-great-encounters-95-106-e50df9fe25,Great Encounters,Wingull,95/106,90609,Wingull,LINKED
pkm-great-encounters-96-106-957b3b631e,Great Encounters,Zigzagoon,96/106,90748,Zigzagoon,LINKED
pkm-great-encounters-97-106-a23af1e67f,Great Encounters,Amulet Coin,97/106,83551,Amulet Coin,LINKED
pkm-great-encounters-98-106-b43174b3f4,Great Encounters,Felicity's Drawing,98/106,85408,Felicity's Drawing,LINKED
pkm-great-encounters-99-106-4699595be1,Great Encounters,Leftovers,99/106,86708,Leftovers,LINKED
pkm-great-encounters-100-106-e035036d9c,Great Encounters,Moonlight Stadium,100/106,87579,Moonlight Stadium,LINKED
pkm-great-encounters-101-106-0812efe07b,Great Encounters,Premier Ball,101/106,88356,Premier Ball,LINKED
pkm-great-encounters-102-106-420903feb7,Great Encounters,Rare Candy,102/106,88593,Rare Candy,LINKED
pkm-great-encounters-103-106-b0978e7788,Great Encounters,Cresselia LV.X,103/106,84472,Cresselia LV.X,LINKED
pkm-great-encounters-104-106-1a9a2711e7,Great Encounters,Darkrai LV.X,104/106,84711,Darkrai LV.X,LINKED
pkm-great-encounters-105-106-0fcd0877dd,Great Encounters,Dialga LV.X,105/106,84812,Dialga LV.X,LINKED
pkm-great-encounters-106-106-25ade18726,Great Encounters,Palkia LV.X,106/106,87919,Palkia LV.X,LINKED
pkm-legends-awakened-1-146-cfc5dc3d4e,Legends Awakened,Deoxys Normal Forme,1/146,84778,Deoxys Normal Forme,LINKED
pkm-legends-awakened-2-146-0e08e0aa47,Legends Awakened,Dragonite,2/146,84913,Dragonite,LINKED
pkm-legends-awakened-3-146-e5a2d56f1a,Legends Awakened,Froslass,3/146,85572,Froslass,LINKED
pkm-legends-awakened-5-146-d38d739f45,Legends Awakened,Gliscor,5/146,85771,Gliscor (5),LINKED
pkm-legends-awakened-6-146-ade44127cb,Legends Awakened,Heatran,6/146,86047,Heatran (6),LINKED
pkm-legends-awakened-7-146-bf38b516ff,Legends Awakened,Kingdra,7/146,86446,Kingdra,LINKED
pkm-legends-awakened-8-146-3aca023212,Legends Awakened,Luxray,8/146,86947,Luxray,LINKED
pkm-legends-awakened-9-146-9c35500b88,Legends Awakened,Mamoswine,9/146,87138,Mamoswine,LINKED
pkm-legends-awakened-10-146-832cbebf1b,Legends Awakened,Metagross,10/146,87338,Metagross,LINKED
pkm-legends-awakened-11-146-db8a0b93b3,Legends Awakened,Mewtwo,11/146,87422,Mewtwo,LINKED
pkm-legends-awakened-12-146-9cf6d4f325,Legends Awakened,Politoed,12/146,88250,Politoed,LINKED
pkm-legends-awakened-13-146-f43872a7f5,Legends Awakened,Probopass,13/146,88375,Probopass,LINKED
pkm-legends-awakened-14-146-84c4d12a33,Legends Awakened,Rayquaza,14/146,88627,Rayquaza,LINKED
pkm-legends-awakened-15-146-051a502f10,Legends Awakened,Regigigas,15/146,88661,Regigigas (15),LINKED
pkm-legends-awakened-16-146-d8269d424a,Legends Awakened,Spiritomb,16/146,89465,Spiritomb,LINKED
pkm-legends-awakened-17-146-809b76f33e,Legends Awakened,Yanmega,17/146,90690,Yanmega,LINKED
pkm-legends-awakened-18-146-5e830c2aa2,Legends Awakened,Armaldo,18/146,83621,Armaldo,LINKED
pkm-legends-awakened-19-146-dbd61a59b6,Legends Awakened,Azelf,19/146,83675,Azelf,LINKED
pkm-legends-awakened-20-146-7cca932cfc,Legends Awakened,Bellossom,20/146,83800,Bellossom,LINKED
pkm-legends-awakened-21-146-fe675053ac,Legends Awakened,Cradily,21/146,84454,Cradily,LINKED
pkm-legends-awakened-22-146-666fc51365,Legends Awakened,Crawdaunt,22/146,84464,Crawdaunt,LINKED
pkm-legends-awakened-23-146-3bf26639d9,Legends Awakened,Delcatty,23/146,84740,Delcatty,LINKED
pkm-legends-awakened-24-146-51a175eb21,Legends Awakened,Deoxys Attack Forme,24/146,84768,Deoxys Attack Forme,LINKED
pkm-legends-awakened-25-146-d55e684fcc,Legends Awakened,Deoxys Defense Forme,25/146,84769,Deoxys Defense Forme,LINKED
pkm-legends-awakened-26-146-c6ae43111c,Legends Awakened,Deoxys Speed Forme,26/146,84779,Deoxys Speed Forme,LINKED
pkm-legends-awakened-27-146-cd8719f417,Legends Awakened,Ditto,27/146,84843,Ditto,LINKED
pkm-legends-awakened-28-146-a0bd040f93,Legends Awakened,Forretress,28/146,85550,Forretress,LINKED
pkm-legends-awakened-29-146-da52ddea3b,Legends Awakened,Groudon,29/146,85924,Groudon,LINKED
pkm-legends-awakened-30-146-67b4a1f375,Legends Awakened,Heatran,30/146,86048,Heatran (30),LINKED
pkm-legends-awakened-31-146-1622f706f7,Legends Awakened,Jirachi,31/146,86328,Jirachi,LINKED
pkm-legends-awakened-32-146-820c0e763c,Legends Awakened,Kyogre,32/146,86549,Kyogre,LINKED
pkm-legends-awakened-33-146-c000fe42be,Legends Awakened,Lopunny,33/146,86824,Lopunny,LINKED
pkm-legends-awakened-34-146-a3d67ad1ab,Legends Awakened,Mesprit,34/146,87332,Mesprit,LINKED
pkm-legends-awakened-35-146-48deef6e55,Legends Awakened,Poliwrath,35/146,88278,Poliwrath,LINKED
pkm-legends-awakened-36-146-a8f9b84184,Legends Awakened,Regice,36/146,88657,Regice,LINKED
pkm-legends-awakened-37-146-5775787dc3,Legends Awakened,Regigigas,37/146,88662,Regigigas (37),LINKED
pkm-legends-awakened-38-146-30a025f39d,Legends Awakened,Regirock,38/146,88672,Regirock,LINKED
pkm-legends-awakened-39-146-43d7403339,Legends Awakened,Registeel,39/146,88677,Registeel,LINKED
pkm-legends-awakened-40-146-aa8a765fe9,Legends Awakened,Shedinja,40/146,89119,Shedinja,LINKED
pkm-legends-awakened-41-146-8050338212,Legends Awakened,Torkoal,41/146,89970,Torkoal,LINKED
pkm-legends-awakened-42-146-fc5f19525f,Legends Awakened,Unown [!],42/146,90194,Unown (!),LINKED
pkm-legends-awakened-43-146-3ece9b5cab,Legends Awakened,Uxie,43/146,90260,Uxie,LINKED
pkm-legends-awakened-44-146-677a64d14c,Legends Awakened,Victreebel,44/146,90364,Victreebel,LINKED
pkm-legends-awakened-45-146-7f23a82a39,Legends Awakened,Vileplume,45/146,90380,Vileplume,LINKED
pkm-legends-awakened-46-146-bbd2dfa426,Legends Awakened,Anorith,46/146,83561,Anorith,LINKED
pkm-legends-awakened-47-146-340851cc76,Legends Awakened,Camerupt,47/146,84093,Camerupt,LINKED
pkm-legends-awakened-48-146-4d62d6e538,Legends Awakened,Castform,48/146,84128,Castform,LINKED
pkm-legends-awakened-49-146-b8f0d8988e,Legends Awakened,Castform Rain Form,49/146,84129,Castform Rain Form,LINKED
pkm-legends-awakened-50-146-0eb575d5b5,Legends Awakened,Castform Snow-Cloud Form,50/146,84130,Castform Snow-Cloud Form,LINKED
pkm-legends-awakened-51-146-127899a945,Legends Awakened,Castform Sunny Form,51/146,84131,Castform Sunny Form,LINKED
pkm-legends-awakened-52-146-a15e628738,Legends Awakened,Dragonair,52/146,84900,Dragonair,LINKED
pkm-legends-awakened-53-146-54b24fd5a4,Legends Awakened,Drifblim,53/146,84944,Drifblim,LINKED
pkm-legends-awakened-54-146-1f55e38e5e,Legends Awakened,Exeggutor,54/146,85361,Exeggutor,LINKED
pkm-legends-awakened-55-146-8600923dba,Legends Awakened,Gliscor,55/146,85772,Gliscor (55),LINKED
pkm-legends-awakened-56-146-75504a339c,Legends Awakened,Grumpig,56/146,85970,Grumpig,LINKED
pkm-legends-awakened-57-146-9d839063e3,Legends Awakened,Houndoom,57/146,86208,Houndoom,LINKED
pkm-legends-awakened-58-146-f9bec7a0ed,Legends Awakened,Lanturn,58/146,86608,Lanturn (58),LINKED
pkm-legends-awakened-59-146-96b0789615,Legends Awakened,Lanturn,59/146,86609,Lanturn (59),LINKED
pkm-legends-awakened-60-146-bf007b85cf,Legends Awakened,Ledian,60/146,86694,Ledian,LINKED
pkm-legends-awakened-61-146-c1b5f0f3d4,Legends Awakened,Lucario,61/146,86876,Lucario,LINKED
pkm-legends-awakened-62-146-3cb8928ce1,Legends Awakened,Luxio,62/146,86940,Luxio,LINKED
pkm-legends-awakened-63-146-a45cbab36e,Legends Awakened,Marowak,63/146,87227,Marowak,LINKED
pkm-legends-awakened-64-146-2289272dfa,Legends Awakened,Metang,64/146,87378,Metang (64),LINKED
pkm-legends-awakened-65-146-36f1efe7dc,Legends Awakened,Metang,65/146,87379,Metang (65),LINKED
pkm-legends-awakened-66-146-04d6ae0021,Legends Awakened,Mightyena,66/146,87447,Mightyena,LINKED
pkm-legends-awakened-67-146-1086d68f5b,Legends Awakened,Ninjask,67/146,87786,Ninjask,LINKED
pkm-legends-awakened-68-146-435e47c89b,Legends Awakened,Persian,68/146,87986,Persian,LINKED
pkm-legends-awakened-69-146-b666cb4156,Legends Awakened,Piloswine,69/146,88118,Piloswine,LINKED
pkm-legends-awakened-70-146-a6a323a457,Legends Awakened,Seadra,70/146,89015,Seadra,LINKED
pkm-legends-awakened-71-146-584167e898,Legends Awakened,Starmie,71/146,89534,Starmie,LINKED
pkm-legends-awakened-72-146-670568ca7e,Legends Awakened,Swalot,72/146,89673,Swalot,LINKED
pkm-legends-awakened-73-146-2822b69a40,Legends Awakened,Swellow,73/146,89694,Swellow,LINKED
pkm-legends-awakened-74-146-9a25a5e1b7,Legends Awakened,Tauros,74/146,89764,Tauros,LINKED
pkm-legends-awakened-75-146-ad34cb6746,Legends Awakened,Tentacruel,75/146,89877,Tentacruel,LINKED
pkm-legends-awakened-76-146-f1d50508b5,Legends Awakened,Unown [J],76/146,90216,Unown (J),SKIP_NAME_MISMATCH
pkm-legends-awakened-77-146-5e11aa57e5,Legends Awakened,Unown [R],77/146,90231,Unown (R),SKIP_NAME_MISMATCH
pkm-legends-awakened-78-146-33788ea35f,Legends Awakened,Unown [U],78/146,90237,Unown (U),SKIP_NAME_MISMATCH
pkm-legends-awakened-79-146-1dc0045fbc,Legends Awakened,Unown [V],79/146,90239,Unown (V),SKIP_NAME_MISMATCH
pkm-legends-awakened-80-146-50a86cf54c,Legends Awakened,Unown [W],80/146,90241,Unown (W),SKIP_NAME_MISMATCH
pkm-legends-awakened-81-146-6d81a0d611,Legends Awakened,Unown [Y],81/146,90245,Unown (Y),SKIP_NAME_MISMATCH
pkm-legends-awakened-82-146-5465519bad,Legends Awakened,Unown [?],82/146,90195,Unown (?),LINKED
pkm-legends-awakened-83-146-454b87c06e,Legends Awakened,Beldum,83/146,83788,Beldum (83),LINKED
pkm-legends-awakened-84-146-be9685c061,Legends Awakened,Beldum,84/146,83789,Beldum (84),LINKED
pkm-legends-awakened-85-146-3cb34b8735,Legends Awakened,Bellsprout,85/146,83809,Bellsprout,LINKED
pkm-legends-awakened-86-146-800f8cee39,Legends Awakened,Buneary,86/146,84040,Buneary,LINKED
pkm-legends-awakened-87-146-1f185be252,Legends Awakened,Chinchou,87/146,84308,Chinchou (87),LINKED
pkm-legends-awakened-88-146-2283ea78c0,Legends Awakened,Chinchou,88/146,84309,Chinchou (88),LINKED
pkm-legends-awakened-89-146-91378c3c30,Legends Awakened,Corphish,89/146,84435,Corphish,LINKED
pkm-legends-awakened-90-146-fdbdfe1ecf,Legends Awakened,Cubone,90/146,84534,Cubone,LINKED
pkm-legends-awakened-92-146-0e7b0a3e61,Legends Awakened,Drifloon,92/146,84956,Drifloon,LINKED
pkm-legends-awakened-93-146-3d7e5c5c89,Legends Awakened,Exeggcute,93/146,85348,Exeggcute,LINKED
pkm-legends-awakened-94-146-f8ec923614,Legends Awakened,Gligar,94/146,85766,Gligar (94),LINKED
pkm-legends-awakened-95-146-b259509ba4,Legends Awakened,Gligar,95/146,85767,Gligar (95),LINKED
pkm-legends-awakened-96-146-03bd16d991,Legends Awakened,Gloom,96/146,85784,Gloom (96),LINKED
pkm-legends-awakened-97-146-560f108ead,Legends Awakened,Gloom,97/146,85785,Gloom (97),LINKED
pkm-legends-awakened-98-146-40f408ed74,Legends Awakened,Gulpin,98/146,85977,Gulpin,LINKED
pkm-legends-awakened-99-146-792a0c286c,Legends Awakened,Hitmonchan,99/146,86093,Hitmonchan,LINKED
pkm-legends-awakened-100-146-fee864dcf6,Legends Awakened,Hitmonlee,100/146,86106,Hitmonlee,LINKED
pkm-legends-awakened-101-146-2848a3dd8a,Legends Awakened,Hitmontop,101/146,86116,Hitmontop,LINKED
pkm-legends-awakened-102-146-c15389be03,Legends Awakened,Horsea,102/146,86191,Horsea,LINKED
pkm-legends-awakened-103-146-dbf50c71bb,Legends Awakened,Houndour,103/146,86229,Houndour,LINKED
pkm-legends-awakened-104-146-c205874c22,Legends Awakened,Ledyba,104/146,86704,Ledyba,LINKED
pkm-legends-awakened-105-146-8ec9cc065f,Legends Awakened,Lileep,105/146,86789,Lileep,LINKED
pkm-legends-awakened-106-146-017545c5b0,Legends Awakened,Meowth,106/146,87320,Meowth,LINKED
pkm-legends-awakened-107-146-c5a756d57b,Legends Awakened,Misdreavus,107/146,87507,Misdreavus,LINKED
pkm-legends-awakened-108-146-1752912f50,Legends Awakened,Nincada,108/146,87760,Nincada,LINKED
pkm-legends-awakened-109-146-126487c1e4,Legends Awakened,Nosepass,109/146,87801,Nosepass,LINKED
pkm-legends-awakened-110-146-0aee0af563,Legends Awakened,Numel,110/146,87814,Numel,LINKED
pkm-legends-awakened-111-146-550e7b1ffd,Legends Awakened,Oddish,111/146,87843,Oddish (111),LINKED
pkm-legends-awakened-112-146-bfc517adbe,Legends Awakened,Oddish,112/146,87844,Oddish (112),LINKED
pkm-legends-awakened-113-146-76a0cab846,Legends Awakened,Pineco,113/146,88128,Pineco,LINKED
pkm-legends-awakened-114-146-5e90552f80,Legends Awakened,Poliwag,114/146,88259,Poliwag,LINKED
pkm-legends-awakened-115-146-ddf05fcbd6,Legends Awakened,Poliwhirl,115/146,88267,Poliwhirl,LINKED
pkm-legends-awakened-116-146-7fe1e973d4,Legends Awakened,Poochyena,116/146,88300,Poochyena,LINKED
pkm-legends-awakened-117-146-3727dd95ec,Legends Awakened,Riolu,117/146,88754,Riolu,LINKED
pkm-legends-awakened-118-146-e8d70c884e,Legends Awakened,Shinx,118/146,89174,Shinx,LINKED
pkm-legends-awakened-119-146-68064501b9,Legends Awakened,Skitty,119/146,89267,Skitty,LINKED
pkm-legends-awakened-120-146-c64a255665,Legends Awakened,Sneasel,120/146,89370,Sneasel,LINKED
pkm-legends-awakened-121-146-dbe9b19b54,Legends Awakened,Spoink,121/146,89477,Spoink,LINKED
pkm-legends-awakened-122-146-72d1758874,Legends Awakened,Staryu,122/146,89550,Staryu,LINKED
pkm-legends-awakened-123-146-ba202afe9b,Legends Awakened,Swinub,123/146,89703,Swinub,LINKED
pkm-legends-awakened-124-146-8dea65154b,Legends Awakened,Taillow,124/146,89735,Taillow,LINKED
pkm-legends-awakened-125-146-13e021fecc,Legends Awakened,Tentacool,125/146,89868,Tentacool,LINKED
pkm-legends-awakened-126-146-1e11974b06,Legends Awakened,Tyrogue,126/146,90130,Tyrogue,LINKED
pkm-legends-awakened-127-146-5683076371,Legends Awakened,Weepinbell,127/146,90554,Weepinbell,LINKED
pkm-legends-awakened-128-146-94ae733839,Legends Awakened,Yanma,128/146,90685,Yanma,LINKED
pkm-legends-awakened-129-146-62068766fe,Legends Awakened,Bubble Coat,129/146,84008,Bubble Coat,LINKED
pkm-legends-awakened-130-146-eae9bd5319,Legends Awakened,Buck's Training,130/146,84009,Buck's Training,LINKED
pkm-legends-awakened-131-146-ccae00ecb1,Legends Awakened,Cynthia's Feelings,131/146,84555,Cynthia's Feelings,LINKED
pkm-legends-awakened-132-146-0672e3ecfc,Legends Awakened,Energy Pickup,132/146,85215,Energy Pickup,LINKED
pkm-legends-awakened-133-146-19e55ac02e,Legends Awakened,Poké Radar,133/146,88198,Poke Radar,SKIP_NAME_MISMATCH
pkm-legends-awakened-134-146-32abf4710a,Legends Awakened,Snowpoint Temple,134/146,89410,Snowpoint Temple,LINKED
pkm-legends-awakened-135-146-e2010cfabd,Legends Awakened,Stark Mountain,135/146,89519,Stark Mountain,LINKED
pkm-legends-awakened-136-146-f66341b510,Legends Awakened,Technical Machine TS-1,136/146,89853,Technical Machine TS-1,LINKED
pkm-legends-awakened-137-146-7c5b985165,Legends Awakened,Technical Machine TS-2,137/146,89854,Technical Machine TS-2,LINKED
pkm-legends-awakened-138-146-2141814c6f,Legends Awakened,Claw Fossil,138/146,84327,Claw Fossil,LINKED
pkm-legends-awakened-139-146-ce9628b215,Legends Awakened,Root Fossil,139/146,88809,Root Fossil,LINKED
pkm-legends-awakened-140-146-797056bea3,Legends Awakened,Azelf LV.X,140/146,83677,Azelf LV.X,LINKED
pkm-legends-awakened-141-146-c4c0b08b1b,Legends Awakened,Gliscor LV.X,141/146,85777,Gliscor LV.X,LINKED
pkm-legends-awakened-142-146-33cd20b104,Legends Awakened,Magnezone LV.X,142/146,87121,Magnezone LV.X,LINKED
pkm-legends-awakened-143-146-9242076df6,Legends Awakened,Mesprit LV.X,143/146,87334,Mesprit LV.X,LINKED
pkm-legends-awakened-144-146-243123b788,Legends Awakened,Mewtwo LV.X,144/146,87433,Mewtwo LV.X,LINKED
pkm-legends-awakened-145-146-baa0af5f70,Legends Awakened,Rhyperior LV.X,145/146,88749,Rhyperior LV.X,LINKED
pkm-legends-awakened-146-146-fc704529d0,Legends Awakened,Uxie LV.X,146/146,90262,Uxie LV.X,LINKED
pkm-majestic-dawn-1-100-36d5c03f68,Majestic Dawn,Articuno,1/100,83649,Articuno,LINKED
pkm-majestic-dawn-2-100-c94f3af282,Majestic Dawn,Cresselia,2/100,84468,Cresselia,LINKED
pkm-majestic-dawn-3-100-0791cc00e1,Majestic Dawn,Darkrai,3/100,84700,Darkrai,LINKED
pkm-majestic-dawn-4-100-ecc6bdff45,Majestic Dawn,Dialga,4/100,84800,Dialga,LINKED
pkm-majestic-dawn-5-100-cc0f1e364e,Majestic Dawn,Glaceon,5/100,85744,Glaceon (5),LINKED
pkm-majestic-dawn-6-100-bd068e3dd8,Majestic Dawn,Kabutops,6/100,86399,Kabutops,LINKED
pkm-majestic-dawn-7-100-9c2a847c4e,Majestic Dawn,Leafeon,7/100,86677,Leafeon (7),LINKED
pkm-majestic-dawn-8-100-18bc6ab0e7,Majestic Dawn,Manaphy,8/100,87146,Manaphy,LINKED
pkm-majestic-dawn-9-100-dc3beaee8b,Majestic Dawn,Mewtwo,9/100,87421,Mewtwo,LINKED
pkm-majestic-dawn-10-100-d1c0223ba2,Majestic Dawn,Moltres,10/100,87561,Moltres,LINKED
pkm-majestic-dawn-11-100-755c0661ea,Majestic Dawn,Palkia,11/100,87908,Palkia,LINKED
pkm-majestic-dawn-12-100-2ee046a312,Majestic Dawn,Phione,12/100,88007,Phione (12),LINKED
pkm-majestic-dawn-13-100-0b12c631d9,Majestic Dawn,Rotom,13/100,88836,Rotom,LINKED
pkm-majestic-dawn-14-100-b43f78a068,Majestic Dawn,Zapdos,14/100,90717,Zapdos,LINKED
pkm-majestic-dawn-15-100-b464397fdf,Majestic Dawn,Aerodactyl,15/100,83469,Aerodactyl,LINKED
pkm-majestic-dawn-16-100-e606c12829,Majestic Dawn,Bronzong,16/100,83993,Bronzong,LINKED
pkm-majestic-dawn-17-100-0b66124604,Majestic Dawn,Empoleon,17/100,85198,Empoleon,LINKED
pkm-majestic-dawn-18-100-159987137e,Majestic Dawn,Espeon,18/100,85321,Espeon,LINKED
pkm-majestic-dawn-19-100-5eab6d9eae,Majestic Dawn,Flareon,19/100,85496,Flareon,LINKED
pkm-majestic-dawn-20-100-a3dfc81edf,Majestic Dawn,Glaceon,20/100,85745,Glaceon (20),LINKED
pkm-majestic-dawn-21-100-45246421bb,Majestic Dawn,Hippowdon,21/100,86084,Hippowdon,LINKED
pkm-majestic-dawn-22-100-86c7d133f5,Majestic Dawn,Infernape,22/100,86275,Infernape,LINKED
pkm-majestic-dawn-23-100-a2f85115d5,Majestic Dawn,Jolteon,23/100,86343,Jolteon,LINKED
pkm-majestic-dawn-24-100-0505454a72,Majestic Dawn,Leafeon,24/100,86678,Leafeon (24),LINKED
pkm-majestic-dawn-25-100-fe520b8bd9,Majestic Dawn,Minun,25/100,87489,Minun,LINKED
pkm-majestic-dawn-26-100-031a289fcd,Majestic Dawn,Omastar,26/100,87870,Omastar,LINKED
pkm-majestic-dawn-27-100-000f056af4,Majestic Dawn,Phione,27/100,88008,Phione (27),LINKED
pkm-majestic-dawn-28-100-5248b8d04b,Majestic Dawn,Plusle,28/100,88169,Plusle,LINKED
pkm-majestic-dawn-29-100-3e810770ba,Majestic Dawn,Scizor,29/100,88961,Scizor,LINKED
pkm-majestic-dawn-30-100-57d49f200b,Majestic Dawn,Torterra,30/100,89984,Torterra,LINKED
pkm-majestic-dawn-31-100-837e32a853,Majestic Dawn,Toxicroak,31/100,90008,Toxicroak,LINKED
pkm-majestic-dawn-32-100-8f7f0a1552,Majestic Dawn,Umbreon,32/100,90144,Umbreon,LINKED
pkm-majestic-dawn-33-100-8bb8381c50,Majestic Dawn,Unown [P],33/100,90228,Unown [P],LINKED
pkm-majestic-dawn-34-100-32b91b606d,Majestic Dawn,Vaporeon,34/100,90284,Vaporeon,LINKED
pkm-majestic-dawn-35-100-4e226e5add,Majestic Dawn,Ambipom,35/100,83527,Ambipom,LINKED
pkm-majestic-dawn-36-100-12aab7b88d,Majestic Dawn,Fearow,36/100,85398,Fearow,LINKED
pkm-majestic-dawn-37-100-f2422b95ee,Majestic Dawn,Grotle,37/100,85917,Grotle,LINKED
pkm-majestic-dawn-38-100-3e81dacd57,Majestic Dawn,Kangaskhan,38/100,86422,Kangaskhan,LINKED
pkm-majestic-dawn-39-100-fb4f0d4667,Majestic Dawn,Lickitung,39/100,86721,Lickitung,LINKED
pkm-majestic-dawn-40-100-fbd5e17dd5,Majestic Dawn,Manectric,40/100,87161,Manectric,LINKED
pkm-majestic-dawn-41-100-bad0ba712d,Majestic Dawn,Monferno,41/100,87571,Monferno,LINKED
pkm-majestic-dawn-42-100-eae551b36f,Majestic Dawn,Mothim,42/100,87582,Mothim,LINKED
pkm-majestic-dawn-43-100-021d16e085,Majestic Dawn,Pachirisu,43/100,87900,Pachirisu,LINKED
pkm-majestic-dawn-44-100-d629a4f23f,Majestic Dawn,Prinplup,44/100,88370,Prinplup,LINKED
pkm-majestic-dawn-45-100-ad80bd3c20,Majestic Dawn,Raichu,45/100,88511,Raichu,LINKED
pkm-majestic-dawn-46-100-90c1082501,Majestic Dawn,Scyther,46/100,89000,Scyther,LINKED
pkm-majestic-dawn-47-100-52046c68a1,Majestic Dawn,Staravia,47/100,89515,Staravia,LINKED
pkm-majestic-dawn-48-100-ac62fe101e,Majestic Dawn,Sudowoodo,48/100,89595,Sudowoodo,LINKED
pkm-majestic-dawn-49-100-da2aa3a3b3,Majestic Dawn,Unown [Q],49/100,90230,Unown [Q],LINKED
pkm-majestic-dawn-50-100-d72dcd57b1,Majestic Dawn,Aipom,50/100,83490,Aipom (50),LINKED
pkm-majestic-dawn-51-100-eeab45f7af,Majestic Dawn,Aipom,51/100,83491,Aipom (51),LINKED
pkm-majestic-dawn-52-100-caecd9b94a,Majestic Dawn,Bronzor,52/100,84002,Bronzor,LINKED
pkm-majestic-dawn-53-100-be18298d96,Majestic Dawn,Buneary,53/100,84039,Buneary,LINKED
pkm-majestic-dawn-54-100-ae6e5ec878,Majestic Dawn,Burmy Sandy Cloak,54/100,84054,Burmy Sandy Cloak,LINKED
pkm-majestic-dawn-55-100-391bbc7b52,Majestic Dawn,Chatot,55/100,84240,Chatot,LINKED
pkm-majestic-dawn-56-100-17cb5311bf,Majestic Dawn,Chimchar,56/100,84284,Chimchar (56),LINKED
pkm-majestic-dawn-57-100-4eb1456999,Majestic Dawn,Chimchar,57/100,84285,Chimchar (57),LINKED
pkm-majestic-dawn-58-100-2e005709e8,Majestic Dawn,Chingling,58/100,84314,Chingling,LINKED
pkm-majestic-dawn-59-100-c7f371034b,Majestic Dawn,Combee,59/100,84393,Combee,LINKED
pkm-majestic-dawn-60-100-2c034efebf,Majestic Dawn,Croagunk,60/100,84474,Croagunk,LINKED
pkm-majestic-dawn-61-100-481f1b6e9f,Majestic Dawn,Drifloon,61/100,84955,Drifloon,LINKED
pkm-majestic-dawn-62-100-e3e6a9a351,Majestic Dawn,Eevee,62/100,85084,Eevee (62),LINKED
pkm-majestic-dawn-63-100-fa32e51b68,Majestic Dawn,Eevee,63/100,85085,Eevee (63),LINKED
pkm-majestic-dawn-64-100-9e77006908,Majestic Dawn,Electrike,64/100,85140,Electrike,LINKED
pkm-majestic-dawn-65-100-33c9750fd0,Majestic Dawn,Glameow,65/100,85760,Glameow,LINKED
pkm-majestic-dawn-66-100-9b7de43fe0,Majestic Dawn,Hippopotas,66/100,86079,Hippopotas,LINKED
pkm-majestic-dawn-67-100-230449f97b,Majestic Dawn,Kabuto,67/100,86386,Kabuto,LINKED
pkm-majestic-dawn-68-100-49eac83f56,Majestic Dawn,Munchlax,68/100,87638,Munchlax,LINKED
pkm-majestic-dawn-69-100-a899509262,Majestic Dawn,Omanyte,69/100,87860,Omanyte,LINKED
pkm-majestic-dawn-70-100-89cace929b,Majestic Dawn,Pikachu,70/100,88088,Pikachu,LINKED
pkm-majestic-dawn-71-100-2b743726aa,Majestic Dawn,Piplup,71/100,88145,Piplup (71),LINKED
pkm-majestic-dawn-72-100-f412bacada,Majestic Dawn,Piplup,72/100,88146,Piplup (72),LINKED
pkm-majestic-dawn-73-100-f27e508122,Majestic Dawn,Shellos East Sea,73/100,89142,Shellos East Sea,LINKED
pkm-majestic-dawn-74-100-15745d0faa,Majestic Dawn,Spearow,74/100,89441,Spearow,LINKED
pkm-majestic-dawn-75-100-b5e3ff8476,Majestic Dawn,Starly,75/100,89523,Starly,LINKED
pkm-majestic-dawn-76-100-8418190350,Majestic Dawn,Stunky,76/100,89585,Stunky,LINKED
pkm-majestic-dawn-77-100-2a2163edbb,Majestic Dawn,Turtwig,77/100,90073,Turtwig (77),LINKED
pkm-majestic-dawn-78-100-af6db40281,Majestic Dawn,Turtwig,78/100,90074,Turtwig (78),LINKED
pkm-majestic-dawn-79-100-6827ed273c,Majestic Dawn,Dawn Stadium,79/100,84723,Dawn Stadium,LINKED
pkm-majestic-dawn-80-100-0366d25dd3,Majestic Dawn,Dusk Ball,80/100,85035,Dusk Ball,LINKED
pkm-majestic-dawn-81-100-1ed3e342b8,Majestic Dawn,Energy Restore,81/100,85228,Energy Restore,LINKED
pkm-majestic-dawn-82-100-2f061e4a9a,Majestic Dawn,Fossil Excavator,82/100,85557,Fossil Excavator,LINKED
pkm-majestic-dawn-83-100-81d6ed50e2,Majestic Dawn,Mom's Kindness,83/100,87569,Mom's Kindness,LINKED
pkm-majestic-dawn-84-100-443668d6d5,Majestic Dawn,Old Amber,84/100,87848,Old Amber,LINKED
pkm-majestic-dawn-85-100-d5412a2d56,Majestic Dawn,Poké Ball,85/100,88187,Poke Ball,SKIP_NAME_MISMATCH
pkm-majestic-dawn-86-100-430bd23e0b,Majestic Dawn,Quick Ball,86/100,88479,Quick Ball,LINKED
pkm-majestic-dawn-87-100-8737b8be91,Majestic Dawn,Super Scoop Up,87/100,89639,Super Scoop Up,LINKED
pkm-majestic-dawn-88-100-5536b40c15,Majestic Dawn,Warp Point,88/100,90482,Warp Point,LINKED
pkm-majestic-dawn-89-100-59e2a9b7d0,Majestic Dawn,Dome Fossil,89/100,84868,Dome Fossil,LINKED
pkm-majestic-dawn-90-100-e9feb0c7a5,Majestic Dawn,Energy Search,90/100,85248,Energy Search,LINKED
pkm-majestic-dawn-91-100-12ee8d9a77,Majestic Dawn,Helix Fossil,91/100,86057,Helix Fossil,LINKED
pkm-majestic-dawn-92-100-79343615d9,Majestic Dawn,Call Energy,92/100,84086,Call Energy,LINKED
pkm-majestic-dawn-93-100-d458968de5,Majestic Dawn,Darkness Energy,93/100,84691,Darkness Energy,LINKED
pkm-majestic-dawn-94-100-9aa1281bb3,Majestic Dawn,Health Energy,94/100,86042,Health Energy,LINKED
pkm-majestic-dawn-95-100-37226b35c0,Majestic Dawn,Metal Energy,95/100,87364,Metal Energy,LINKED
pkm-majestic-dawn-96-100-a7a1cbd859,Majestic Dawn,Recover Energy,96/100,88651,Recover Energy,LINKED
pkm-majestic-dawn-97-100-c7f28aa5d0,Majestic Dawn,Garchomp LV.X,97/100,85631,Garchomp LV.X,LINKED
pkm-majestic-dawn-98-100-63540e2558,Majestic Dawn,Glaceon LV.X,98/100,85750,Glaceon LV.X,LINKED
pkm-majestic-dawn-99-100-b03ca654fc,Majestic Dawn,Leafeon LV.X,99/100,86684,Leafeon LV.X,LINKED
pkm-majestic-dawn-100-100-bc1e603920,Majestic Dawn,Porygon-Z LV.X,100/100,88321,Porygon-Z LV.X,LINKED
pkm-mysterious-treasures-1-123-842c2b64c7,Mysterious Treasures,Aggron,1/123,83478,Aggron,LINKED
pkm-mysterious-treasures-2-123-f140720098,Mysterious Treasures,Alakazam,2/123,83501,Alakazam,LINKED
pkm-mysterious-treasures-3-123-3b37c0843c,Mysterious Treasures,Ambipom,3/123,83526,Ambipom,LINKED
pkm-mysterious-treasures-4-123-6bd5199d40,Mysterious Treasures,Azelf,4/123,83674,Azelf,LINKED
pkm-mysterious-treasures-5-123-96ef0bddce,Mysterious Treasures,Blissey,5/123,83921,Blissey,LINKED
pkm-mysterious-treasures-6-123-5fbb20656e,Mysterious Treasures,Bronzong,6/123,83992,Bronzong,LINKED
pkm-mysterious-treasures-7-123-d396c0cc88,Mysterious Treasures,Celebi,7/123,84146,Celebi,LINKED
pkm-mysterious-treasures-8-123-f2543df27f,Mysterious Treasures,Feraligatr,8/123,85418,Feraligatr,LINKED
pkm-mysterious-treasures-9-123-b227de3488,Mysterious Treasures,Garchomp,9/123,85621,Garchomp,LINKED
pkm-mysterious-treasures-10-123-edc056050f,Mysterious Treasures,Honchkrow,10/123,86159,Honchkrow,LINKED
pkm-mysterious-treasures-11-123-d381bc931c,Mysterious Treasures,Lumineon,11/123,86921,Lumineon,LINKED
pkm-mysterious-treasures-12-123-f65d34f52b,Mysterious Treasures,Magmortar,12/123,87055,Magmortar,LINKED
pkm-mysterious-treasures-13-123-d061ef7f73,Mysterious Treasures,Meganium,13/123,87292,Meganium,LINKED
pkm-mysterious-treasures-14-123-ec81c0b0cf,Mysterious Treasures,Mesprit,14/123,87331,Mesprit,LINKED
pkm-mysterious-treasures-15-123-d5041509d4,Mysterious Treasures,Raichu,15/123,88510,Raichu,LINKED
pkm-mysterious-treasures-16-123-992a91f970,Mysterious Treasures,Typhlosion,16/123,90105,Typhlosion,LINKED
pkm-mysterious-treasures-17-123-e1feb386b6,Mysterious Treasures,Tyranitar,17/123,90119,Tyranitar,LINKED
pkm-mysterious-treasures-18-123-e3f83254bb,Mysterious Treasures,Uxie,18/123,90259,Uxie,LINKED
pkm-mysterious-treasures-19-123-0a1ae55949,Mysterious Treasures,Abomasnow,19/123,83440,Abomasnow,LINKED
pkm-mysterious-treasures-20-123-4b0f57efe9,Mysterious Treasures,Ariados,20/123,83617,Ariados,LINKED
pkm-mysterious-treasures-21-123-2f2a4e4b61,Mysterious Treasures,Bastiodon,21/123,93321,Bastiodon,LINKED
pkm-mysterious-treasures-22-123-8ec054fa1b,Mysterious Treasures,Chimecho,22/123,84295,Chimecho,LINKED
pkm-mysterious-treasures-23-123-1a50a019f9,Mysterious Treasures,Crobat,23/123,84487,Crobat,LINKED
pkm-mysterious-treasures-24-123-db040814c6,Mysterious Treasures,Exeggutor,24/123,85360,Exeggutor,LINKED
pkm-mysterious-treasures-25-123-b0e22bde73,Mysterious Treasures,Glalie,25/123,85755,Glalie,LINKED
pkm-mysterious-treasures-26-123-9c46f0c508,Mysterious Treasures,Gyarados,26/123,85993,Gyarados,LINKED
pkm-mysterious-treasures-27-123-4c00e50fe7,Mysterious Treasures,Kricketune,27/123,86532,Kricketune,LINKED
pkm-mysterious-treasures-28-123-917197c935,Mysterious Treasures,Manectric,28/123,87160,Manectric,LINKED
pkm-mysterious-treasures-30-123-4b8b04ee56,Mysterious Treasures,Mr. Mime,30/123,87592,Mr. Mime,LINKED
pkm-mysterious-treasures-31-123-0d43818d3e,Mysterious Treasures,Nidoqueen,31/123,87708,Nidoqueen,LINKED
pkm-mysterious-treasures-32-123-cdb9fecd56,Mysterious Treasures,Ninetales,32/123,87772,Ninetales,LINKED
pkm-mysterious-treasures-33-123-e4eb623f78,Mysterious Treasures,Rampardos,33/123,88569,Rampardos,LINKED
pkm-mysterious-treasures-34-123-2b748b1013,Mysterious Treasures,Slaking,34/123,89291,Slaking,LINKED
pkm-mysterious-treasures-35-123-dbb8485979,Mysterious Treasures,Sudowoodo,35/123,89594,Sudowoodo,LINKED
pkm-mysterious-treasures-36-123-5346e3fd9d,Mysterious Treasures,Toxicroak,36/123,90007,Toxicroak,LINKED
pkm-mysterious-treasures-37-123-bea42ca1c5,Mysterious Treasures,Unown [I],37/123,90214,Unown [I],LINKED
pkm-mysterious-treasures-38-123-de824d9776,Mysterious Treasures,Ursaring,38/123,90253,Ursaring,LINKED
pkm-mysterious-treasures-39-123-49521922dd,Mysterious Treasures,Walrein,39/123,90467,Walrein,LINKED
pkm-mysterious-treasures-40-123-c6c9a6874a,Mysterious Treasures,Whiscash,40/123,90577,Whiscash,LINKED
pkm-mysterious-treasures-41-123-feda655f30,Mysterious Treasures,Bayleef,41/123,83747,Bayleef,LINKED
pkm-mysterious-treasures-42-123-b86a5b0492,Mysterious Treasures,Chingling,42/123,84313,Chingling,LINKED
pkm-mysterious-treasures-43-123-291751d3bb,Mysterious Treasures,Cranidos,43/123,84458,Cranidos,LINKED
pkm-mysterious-treasures-44-123-dd611cee9a,Mysterious Treasures,Croconaw,44/123,84499,Croconaw,LINKED
pkm-mysterious-treasures-45-123-79d5354d2a,Mysterious Treasures,Dewgong,45/123,84790,Dewgong,LINKED
pkm-mysterious-treasures-46-123-2399c4fda7,Mysterious Treasures,Dodrio,46/123,84852,Dodrio,LINKED
pkm-mysterious-treasures-47-123-de93894b34,Mysterious Treasures,Dunsparce,47/123,85010,Dunsparce,LINKED
pkm-mysterious-treasures-48-123-50f2c3ddbb,Mysterious Treasures,Gabite,48/123,85597,Gabite,LINKED
pkm-mysterious-treasures-49-123-28f022ecb5,Mysterious Treasures,Girafarig,49/123,85731,Girafarig,LINKED
pkm-mysterious-treasures-50-123-4852acb70d,Mysterious Treasures,Golbat,50/123,85796,Golbat,LINKED
pkm-mysterious-treasures-51-123-9e8524c5d4,Mysterious Treasures,Graveler,51/123,85892,Graveler,LINKED
pkm-mysterious-treasures-52-123-b7fa371c58,Mysterious Treasures,Happiny,52/123,86006,Happiny,LINKED
pkm-mysterious-treasures-53-123-948e6b286f,Mysterious Treasures,Lairon,53/123,86580,Lairon,LINKED
pkm-mysterious-treasures-54-123-3e254e1631,Mysterious Treasures,Magmar,54/123,87047,Magmar,LINKED
pkm-mysterious-treasures-55-123-2931219451,Mysterious Treasures,Masquerain,55/123,87248,Masquerain,LINKED
pkm-mysterious-treasures-56-123-5876cfabdc,Mysterious Treasures,Nidorina,56/123,87736,Nidorina,LINKED
pkm-mysterious-treasures-57-123-5a4800ff7a,Mysterious Treasures,Octillery,57/123,87832,Octillery,LINKED
pkm-mysterious-treasures-58-123-222562a6f4,Mysterious Treasures,Parasect,58/123,87958,Parasect,LINKED
pkm-mysterious-treasures-59-123-8b68bf6e78,Mysterious Treasures,Pupitar,59/123,88451,Pupitar,LINKED
pkm-mysterious-treasures-60-123-ce7cdacdf1,Mysterious Treasures,Quilava,60/123,88485,Quilava,LINKED
pkm-mysterious-treasures-61-123-42147ce9bd,Mysterious Treasures,Sandslash,61/123,88932,Sandslash,LINKED
pkm-mysterious-treasures-62-123-3050848414,Mysterious Treasures,Sealeo,62/123,89032,Sealeo,LINKED
pkm-mysterious-treasures-63-123-c7dffecadf,Mysterious Treasures,Shieldon,63/123,89149,Shieldon,LINKED
pkm-mysterious-treasures-64-123-fa51676052,Mysterious Treasures,Tropius,64/123,90059,Tropius,LINKED
pkm-mysterious-treasures-65-123-815342bd2a,Mysterious Treasures,Unown [E],65/123,90206,Unown [E],LINKED
pkm-mysterious-treasures-66-123-a0c2de9f89,Mysterious Treasures,Unown [M],66/123,90222,Unown [M],LINKED
pkm-mysterious-treasures-67-123-c3037dc9b0,Mysterious Treasures,Unown [T],67/123,90235,Unown [T],LINKED
pkm-mysterious-treasures-68-123-9439a6ad89,Mysterious Treasures,Vigoroth,68/123,90370,Vigoroth,LINKED
pkm-mysterious-treasures-69-123-de138b50f9,Mysterious Treasures,Abra,69/123,83448,Abra,LINKED
pkm-mysterious-treasures-70-123-cef6620a06,Mysterious Treasures,Aipom,70/123,83489,Aipom,LINKED
pkm-mysterious-treasures-71-123-b82fb81d5e,Mysterious Treasures,Aron,71/123,83636,Aron,LINKED
pkm-mysterious-treasures-72-123-d7cbc0e02a,Mysterious Treasures,Barboach,72/123,83729,Barboach,LINKED
pkm-mysterious-treasures-73-123-89be5a70f6,Mysterious Treasures,Bidoof,73/123,83825,Bidoof,LINKED
pkm-mysterious-treasures-74-123-e39c7866ca,Mysterious Treasures,Bronzor,74/123,84001,Bronzor,LINKED
pkm-mysterious-treasures-75-123-a58329225e,Mysterious Treasures,Buizel,75/123,84016,Buizel,LINKED
pkm-mysterious-treasures-76-123-8e1388d0b1,Mysterious Treasures,Chansey,76/123,84175,Chansey,LINKED
pkm-mysterious-treasures-77-123-7f105b2afe,Mysterious Treasures,Chikorita,77/123,84278,Chikorita,LINKED
pkm-mysterious-treasures-78-123-eef82ca975,Mysterious Treasures,Croagunk,78/123,84473,Croagunk,LINKED
pkm-mysterious-treasures-79-123-bd05fda11f,Mysterious Treasures,Cyndaquil,79/123,84551,Cyndaquil,LINKED
pkm-mysterious-treasures-80-123-1ce310bf60,Mysterious Treasures,Doduo,80/123,84863,Doduo,LINKED
pkm-mysterious-treasures-81-123-039e0be227,Mysterious Treasures,Electrike,81/123,85139,Electrike,LINKED
pkm-mysterious-treasures-82-123-f8c62e5e79,Mysterious Treasures,Exeggcute,82/123,85347,Exeggcute,LINKED
pkm-mysterious-treasures-83-123-0c9baaee4c,Mysterious Treasures,Finneon,83/123,85449,Finneon,LINKED
pkm-mysterious-treasures-84-123-a80e7900f1,Mysterious Treasures,Geodude,84/123,85690,Geodude,LINKED
pkm-mysterious-treasures-85-123-a25d1a59d7,Mysterious Treasures,Gible,85/123,85698,Gible,LINKED
pkm-mysterious-treasures-86-123-9504ef2b34,Mysterious Treasures,Kricketot,86/123,86527,Kricketot,LINKED
pkm-mysterious-treasures-87-123-3f76e0b441,Mysterious Treasures,Larvitar,87/123,86642,Larvitar,LINKED
pkm-mysterious-treasures-88-123-8539e0e62c,Mysterious Treasures,Magby,88/123,87005,Magby,LINKED
pkm-mysterious-treasures-89-123-9e7a29530a,Mysterious Treasures,Magikarp,89/123,87029,Magikarp,LINKED
pkm-mysterious-treasures-90-123-7fa91b975a,Mysterious Treasures,Murkrow,90/123,87652,Murkrow,LINKED
pkm-mysterious-treasures-91-123-bf38aa79af,Mysterious Treasures,Nidoran ♀,91/123,87718,Nidoran F,SKIP_NAME_MISMATCH
pkm-mysterious-treasures-92-123-190d0061a5,Mysterious Treasures,Paras,92/123,87951,Paras,LINKED
pkm-mysterious-treasures-93-123-0b6e4a73b8,Mysterious Treasures,Pichu,93/123,88018,Pichu,LINKED
pkm-mysterious-treasures-94-123-69dd7d0c09,Mysterious Treasures,Pikachu,94/123,88086,Pikachu,LINKED
pkm-mysterious-treasures-95-123-55fb5ce6a8,Mysterious Treasures,Remoraid,95/123,88697,Remoraid,LINKED
pkm-mysterious-treasures-96-123-c6959d2362,Mysterious Treasures,Sandshrew,96/123,88924,Sandshrew,LINKED
pkm-mysterious-treasures-97-123-d6d8eda347,Mysterious Treasures,Seel,97/123,89053,Seel,LINKED
pkm-mysterious-treasures-98-123-35fb597615,Mysterious Treasures,Shinx,98/123,89173,Shinx,LINKED
pkm-mysterious-treasures-99-123-4284904aff,Mysterious Treasures,Slakoth,99/123,89298,Slakoth,LINKED
pkm-mysterious-treasures-100-123-fe562f1396,Mysterious Treasures,Snorunt,100/123,89402,Snorunt,LINKED
pkm-mysterious-treasures-101-123-afc5cc7528,Mysterious Treasures,Snover,101/123,89405,Snover,LINKED
pkm-mysterious-treasures-102-123-cb2e97f30a,Mysterious Treasures,Spheal,102/123,89448,Spheal,LINKED
pkm-mysterious-treasures-103-123-a1062149e7,Mysterious Treasures,Spinarak,103/123,89457,Spinarak,LINKED
pkm-mysterious-treasures-104-123-4eec3279f4,Mysterious Treasures,Surskit,104/123,89650,Surskit,LINKED
pkm-mysterious-treasures-105-123-4caccb3a28,Mysterious Treasures,Teddiursa,105/123,89858,Teddiursa,LINKED
pkm-mysterious-treasures-106-123-84454c451c,Mysterious Treasures,Totodile,106/123,89998,Totodile,LINKED
pkm-mysterious-treasures-107-123-1c4894a107,Mysterious Treasures,Vulpix,107/123,90441,Vulpix,LINKED
pkm-mysterious-treasures-108-123-9464c814a7,Mysterious Treasures,Zubat,108/123,90774,Zubat,LINKED
pkm-mysterious-treasures-109-123-6c876cb5ef,Mysterious Treasures,Bebe's Search,109/123,83761,Bebe's Search,LINKED
pkm-mysterious-treasures-110-123-c7cfbd2014,Mysterious Treasures,Dusk Ball,110/123,85033,Dusk Ball,LINKED
pkm-mysterious-treasures-111-123-6ce55c44e7,Mysterious Treasures,Fossil Excavator,111/123,85556,Fossil Excavator,LINKED
pkm-mysterious-treasures-112-123-633e29976c,Mysterious Treasures,Lake Boundary,112/123,86586,Lake Boundary,LINKED
pkm-mysterious-treasures-113-123-f35c819547,Mysterious Treasures,Night Maintenance,113/123,87750,Night Maintenance,LINKED
pkm-mysterious-treasures-114-123-9cb92946a4,Mysterious Treasures,Quick Ball,114/123,88477,Quick Ball,LINKED
pkm-mysterious-treasures-115-123-e08e4f9dd2,Mysterious Treasures,Team Galactic's Wager,115/123,89811,Team Galactic's Wager,LINKED
pkm-mysterious-treasures-116-123-d7560bbedf,Mysterious Treasures,Armor Fossil,116/123,83625,Armor Fossil,LINKED
pkm-mysterious-treasures-117-123-a61303a5e4,Mysterious Treasures,Skull Fossil,117/123,89277,Skull Fossil,LINKED
pkm-mysterious-treasures-118-123-fa9aeec207,Mysterious Treasures,Multi Energy,118/123,87634,Multi Energy,LINKED
pkm-mysterious-treasures-119-123-308ffce55c,Mysterious Treasures,Darkness Energy,119/123,84689,Darkness Energy,LINKED
pkm-mysterious-treasures-120-123-048ce649c5,Mysterious Treasures,Metal Energy,120/123,87362,Metal Energy,LINKED
pkm-mysterious-treasures-121-123-22b3706988,Mysterious Treasures,Electivire LV.X,121/123,85127,Electivire LV.X,LINKED
pkm-mysterious-treasures-122-123-9cc8902579,Mysterious Treasures,Lucario LV.X,122/123,86889,Lucario LV.X,LINKED
pkm-mysterious-treasures-123-123-0555cd4a82,Mysterious Treasures,Magmortar LV.X,123/123,87063,Magmortar Lv.X,LINKED
pkm-mysterious-treasures-124-123-400c6e34f0,Mysterious Treasures,Time-Space Distortion,124/123,89920,Time-Space Distortion,LINKED
pkm-secret-wonders-1-132-57a5d74b7b,Secret Wonders,Ampharos,1/132,83541,Ampharos,LINKED
pkm-secret-wonders-2-132-e9f93e06a2,Secret Wonders,Blastoise,2/132,83893,Blastoise,LINKED
pkm-secret-wonders-3-132-8c2ba2c56a,Secret Wonders,Charizard,3/132,84189,Charizard,LINKED
pkm-secret-wonders-4-132-972f21132d,Secret Wonders,Entei,4/132,85272,Entei,LINKED
pkm-secret-wonders-5-132-5556d6399c,Secret Wonders,Flygon,5/132,85525,Flygon,LINKED
pkm-secret-wonders-6-132-2b09c9ffb9,Secret Wonders,Gallade,6/132,85604,Gallade,LINKED
pkm-secret-wonders-7-132-274f8e81d8,Secret Wonders,Gardevoir,7/132,85635,Gardevoir,LINKED
pkm-secret-wonders-8-132-da1f56754a,Secret Wonders,Gastrodon East Sea,8/132,85657,Gastrodon East Sea,LINKED
pkm-secret-wonders-9-132-263598361b,Secret Wonders,Gastrodon West Sea,9/132,85659,Gastrodon West Sea,LINKED
pkm-secret-wonders-10-132-94b55f39b3,Secret Wonders,Ho-Oh,10/132,86124,Ho-Oh,LINKED
pkm-secret-wonders-11-132-10999130fb,Secret Wonders,Jumpluff,11/132,86366,Jumpluff,LINKED
pkm-secret-wonders-12-132-47c6639063,Secret Wonders,Lickilicky,12/132,86712,Lickilicky,LINKED
pkm-secret-wonders-13-132-3401d0b18a,Secret Wonders,Ludicolo,13/132,86899,Ludicolo,LINKED
pkm-secret-wonders-14-132-93b9573755,Secret Wonders,Lugia,14/132,86908,Lugia,LINKED
pkm-secret-wonders-15-132-bf4ff33bb7,Secret Wonders,Mew,15/132,87403,Mew,LINKED
pkm-secret-wonders-16-132-131d5a1eab,Secret Wonders,Raikou,16/132,88534,Raikou,LINKED
pkm-secret-wonders-17-132-e35bc7f626,Secret Wonders,Roserade,17/132,88827,Roserade,LINKED
pkm-secret-wonders-18-132-2325262c0e,Secret Wonders,Salamence,18/132,88897,Salamence,LINKED
pkm-secret-wonders-19-132-c76a83906e,Secret Wonders,Suicune,19/132,89604,Suicune,LINKED
pkm-secret-wonders-20-132-197ccbb8db,Secret Wonders,Venusaur,20/132,90319,Venusaur,LINKED
pkm-secret-wonders-21-132-77a76d493d,Secret Wonders,Absol,21/132,83453,Absol,LINKED
pkm-secret-wonders-22-132-977f7a073b,Secret Wonders,Arcanine,22/132,83584,Arcanine,LINKED
pkm-secret-wonders-23-132-e83ac61728,Secret Wonders,Banette,23/132,83722,Banette,LINKED
pkm-secret-wonders-24-132-61dcb9c622,Secret Wonders,Dugtrio,24/132,85002,Dugtrio,LINKED
pkm-secret-wonders-25-132-f7e6efa236,Secret Wonders,Electivire,25/132,85122,Electivire,LINKED
pkm-secret-wonders-26-132-eb13856102,Secret Wonders,Electrode,26/132,85156,Electrode,LINKED
pkm-secret-wonders-27-132-53589bb515,Secret Wonders,Furret,27/132,85593,Furret,LINKED
pkm-secret-wonders-28-132-074c18d45d,Secret Wonders,Golduck,28/132,85815,Golduck,LINKED
pkm-secret-wonders-29-132-6acb45e676,Secret Wonders,Golem,29/132,85828,Golem,LINKED
pkm-secret-wonders-30-132-2e577807e7,Secret Wonders,Jynx,30/132,86376,Jynx,LINKED
pkm-secret-wonders-31-132-27ca5b2141,Secret Wonders,Magmortar,31/132,87056,Magmortar,LINKED
pkm-secret-wonders-32-132-d36079c533,Secret Wonders,Minun,32/132,87488,Minun,LINKED
pkm-secret-wonders-33-132-c6fb444b57,Secret Wonders,Mothim,33/132,87580,Mothim,LINKED
pkm-secret-wonders-34-132-6288755e65,Secret Wonders,Nidoking,34/132,87697,Nidoking,LINKED
pkm-secret-wonders-35-132-ee4bffbcef,Secret Wonders,Pidgeot,35/132,88033,Pidgeot,LINKED
pkm-secret-wonders-36-132-b6ef5e358a,Secret Wonders,Plusle,36/132,88168,Plusle,LINKED
pkm-secret-wonders-37-132-2da03bd8b7,Secret Wonders,Sharpedo,37/132,89099,Sharpedo,LINKED
pkm-secret-wonders-38-132-a7e44494c3,Secret Wonders,Sunflora,38/132,89615,Sunflora,LINKED
pkm-secret-wonders-39-132-79923e0df3,Secret Wonders,Unown [S],39/132,90233,Unown [S],LINKED
pkm-secret-wonders-40-132-aaf1901d9e,Secret Wonders,Weavile,40/132,90532,Weavile,LINKED
pkm-secret-wonders-41-132-c71ea6e28a,Secret Wonders,Wormadam Plant Cloak,41/132,90640,Wormadam Plant Cloak,LINKED
pkm-secret-wonders-42-132-1c6997b1b2,Secret Wonders,Wormadam Sandy Cloak,42/132,90642,Wormadam Sandy Cloak,LINKED
pkm-secret-wonders-43-132-61c742afcb,Secret Wonders,Wormadam Trash Cloak,43/132,90645,Wormadam Trash Cloak,LINKED
pkm-secret-wonders-44-132-d8f876ccb6,Secret Wonders,Xatu,44/132,90665,Xatu,LINKED
pkm-secret-wonders-45-132-53a30e1681,Secret Wonders,Breloom,45/132,83957,Breloom,LINKED
pkm-secret-wonders-46-132-a4d8da5220,Secret Wonders,Charmeleon,46/132,84231,Charmeleon,LINKED
pkm-secret-wonders-47-132-12c9c997f9,Secret Wonders,Cloyster,47/132,84374,Cloyster,LINKED
pkm-secret-wonders-48-132-e5a7f305db,Secret Wonders,Donphan,48/132,84876,Donphan,LINKED
pkm-secret-wonders-49-132-971385ae8a,Secret Wonders,Farfetch'd,49/132,85386,Farfetch'd,LINKED
pkm-secret-wonders-50-132-14f5ec998f,Secret Wonders,Flaaffy,50/132,85479,Flaaffy,LINKED
pkm-secret-wonders-51-132-1641442b1e,Secret Wonders,Ivysaur,51/132,86302,Ivysaur,LINKED
pkm-secret-wonders-52-132-3f0b316229,Secret Wonders,Kecleon,52/132,86430,Kecleon,LINKED
pkm-secret-wonders-53-132-e64197eee8,Secret Wonders,Kirlia,53/132,86466,Kirlia,LINKED
pkm-secret-wonders-54-132-a27d5ff64e,Secret Wonders,Lombre,54/132,86819,Lombre,LINKED
pkm-secret-wonders-55-132-cd90db50ca,Secret Wonders,Miltank,55/132,87464,Miltank,LINKED
pkm-secret-wonders-56-132-35d4b40a3e,Secret Wonders,Muk,56/132,87623,Muk,LINKED
pkm-secret-wonders-57-132-4eb82a9283,Secret Wonders,Nidorino,57/132,87745,Nidorino,LINKED
pkm-secret-wonders-58-132-96293f5a25,Secret Wonders,Pidgeotto,58/132,88041,Pidgeotto,LINKED
pkm-secret-wonders-59-132-814129f69c,Secret Wonders,Pinsir,59/132,88137,Pinsir,LINKED
pkm-secret-wonders-60-132-4a20ab5949,Secret Wonders,Quagsire,60/132,88472,Quagsire,LINKED
pkm-secret-wonders-61-132-dcb0831531,Secret Wonders,Raticate,61/132,88604,Raticate,LINKED
pkm-secret-wonders-62-132-0b9b0c7497,Secret Wonders,Roselia,62/132,88820,Roselia,LINKED
pkm-secret-wonders-63-132-4519531d5e,Secret Wonders,Sableye,63/132,88852,Sableye,LINKED
pkm-secret-wonders-64-132-bbbf842e9e,Secret Wonders,Shelgon,64/132,89127,Shelgon,LINKED
pkm-secret-wonders-65-132-59be8bd1c5,Secret Wonders,Skiploom,65/132,89256,Skiploom,LINKED
pkm-secret-wonders-66-132-f2fbbbc5dd,Secret Wonders,Smeargle,66/132,89355,Smeargle,LINKED
pkm-secret-wonders-67-132-7754057cb8,Secret Wonders,Smoochum,67/132,89362,Smoochum,LINKED
pkm-secret-wonders-68-132-e50fb76f1b,Secret Wonders,Unown [K],68/132,90218,Unown [K],LINKED
pkm-secret-wonders-69-132-81e4137b93,Secret Wonders,Unown [N],69/132,90224,Unown [N],LINKED
pkm-secret-wonders-70-132-334c3a0134,Secret Wonders,Unown [O],70/132,90226,Unown [O],LINKED
pkm-secret-wonders-71-132-4adeab20b9,Secret Wonders,Unown [X],71/132,90243,Unown [X],LINKED
pkm-secret-wonders-72-132-601476f5e4,Secret Wonders,Unown [Z],72/132,90247,Unown [Z],LINKED
pkm-secret-wonders-73-132-ae69525bb0,Secret Wonders,Venomoth,73/132,90302,Venomoth,LINKED
pkm-secret-wonders-74-132-bbdfe4ffba,Secret Wonders,Vibrava,74/132,90337,Vibrava,LINKED
pkm-secret-wonders-75-132-0a58621da3,Secret Wonders,Wartortle,75/132,90489,Wartortle,LINKED
pkm-secret-wonders-76-132-6be10a3836,Secret Wonders,Bagon,76/132,83697,Bagon,LINKED
pkm-secret-wonders-77-132-5d334cec8b,Secret Wonders,Bulbasaur,77/132,84034,Bulbasaur,LINKED
pkm-secret-wonders-78-132-962cdfedcd,Secret Wonders,Burmy Plant Cloak,78/132,84049,Burmy Plant Cloak,LINKED
pkm-secret-wonders-79-132-894687bbb1,Secret Wonders,Burmy Sandy Cloak,79/132,84052,Burmy Sandy Cloak,LINKED
pkm-secret-wonders-80-132-fafa7895aa,Secret Wonders,Burmy Trash Cloak,80/132,84056,Burmy Trash Cloak,LINKED
pkm-secret-wonders-81-132-b1c66c039c,Secret Wonders,Carvanha,81/132,84114,Carvanha,LINKED
pkm-secret-wonders-82-132-8bd8dfd1c6,Secret Wonders,Charmander,82/132,84215,Charmander,LINKED
pkm-secret-wonders-83-132-af5940d8e8,Secret Wonders,Clefairy,83/132,84357,Clefairy,LINKED
pkm-secret-wonders-84-132-741b208447,Secret Wonders,Corsola,84/132,84441,Corsola,LINKED
pkm-secret-wonders-85-132-745c3f2419,Secret Wonders,Diglett,85/132,84823,Diglett,LINKED
pkm-secret-wonders-86-132-6c3c935d2d,Secret Wonders,Duskull,86/132,85051,Duskull,LINKED
pkm-secret-wonders-87-132-fb788223c9,Secret Wonders,Electabuzz,87/132,85115,Electabuzz,LINKED
pkm-secret-wonders-88-132-ed9597d501,Secret Wonders,Grimer,88/132,85911,Grimer,LINKED
pkm-secret-wonders-89-132-b9dfb658e6,Secret Wonders,Growlithe,89/132,85957,Growlithe,LINKED
pkm-secret-wonders-90-132-c7dc1ed888,Secret Wonders,Hoppip,90/132,86181,Hoppip,LINKED
pkm-secret-wonders-91-132-d1e533e4e2,Secret Wonders,Lickitung,91/132,86720,Lickitung,LINKED
pkm-secret-wonders-92-132-416e94b4d4,Secret Wonders,Lotad,92/132,86836,Lotad,LINKED
pkm-secret-wonders-93-132-88f7ff11dd,Secret Wonders,Magmar,93/132,87048,Magmar,LINKED
pkm-secret-wonders-94-132-13ba0eb009,Secret Wonders,Mareep,94/132,87201,Mareep,LINKED
pkm-secret-wonders-95-132-5c93b04d73,Secret Wonders,Murkrow,95/132,87653,Murkrow,LINKED
pkm-secret-wonders-96-132-883ab91184,Secret Wonders,Natu,96/132,87686,Natu,LINKED
pkm-secret-wonders-97-132-9249b57651,Secret Wonders,Nidoran ♂,97/132,87727,Nidoran M,SKIP_NAME_MISMATCH
pkm-secret-wonders-98-132-0252b7a2de,Secret Wonders,Phanpy,98/132,88002,Phanpy,LINKED
pkm-secret-wonders-99-132-6d5d77d20c,Secret Wonders,Pidgey,99/132,88050,Pidgey,LINKED
pkm-secret-wonders-100-132-6938d297e9,Secret Wonders,Psyduck,100/132,88438,Psyduck,LINKED
pkm-secret-wonders-101-132-0177f70406,Secret Wonders,Qwilfish,101/132,88494,Qwilfish,LINKED
pkm-secret-wonders-102-132-3f4c9efdc5,Secret Wonders,Ralts,102/132,88561,Ralts,LINKED
pkm-secret-wonders-103-132-4aff876462,Secret Wonders,Rattata,103/132,88618,Rattata,LINKED
pkm-secret-wonders-104-132-fc00bade32,Secret Wonders,Sentret,104/132,89066,Sentret,LINKED
pkm-secret-wonders-105-132-5013e74034,Secret Wonders,Shellder,105/132,89138,Shellder,LINKED
pkm-secret-wonders-106-132-21ab5ae564,Secret Wonders,Shellos East Sea,106/132,89141,Shellos East Sea,LINKED
pkm-secret-wonders-107-132-15da5ad621,Secret Wonders,Shellos West Sea,107/132,89144,Shellos West Sea,LINKED
pkm-secret-wonders-108-132-6360052c72,Secret Wonders,Shroomish,108/132,89185,Shroomish,LINKED
pkm-secret-wonders-109-132-925310b915,Secret Wonders,Shuckle,109/132,89191,Shuckle,LINKED
pkm-secret-wonders-110-132-8ba7c98ce5,Secret Wonders,Shuppet,110/132,89200,Shuppet,LINKED
pkm-secret-wonders-111-132-75999a3ce6,Secret Wonders,Spinda,111/132,89461,Spinda,LINKED
pkm-secret-wonders-112-132-996e1d7c3c,Secret Wonders,Squirtle,112/132,89494,Squirtle,LINKED
pkm-secret-wonders-113-132-75d1c76a8a,Secret Wonders,Stantler,113/132,89504,Stantler,LINKED
pkm-secret-wonders-114-132-1f41d8a08a,Secret Wonders,Sunkern,114/132,89621,Sunkern,LINKED
pkm-secret-wonders-115-132-80969786f7,Secret Wonders,Trapinch,115/132,90023,Trapinch,LINKED
pkm-secret-wonders-116-132-55d45e76a7,Secret Wonders,Venonat,116/132,90308,Venonat,LINKED
pkm-secret-wonders-117-132-0861070774,Secret Wonders,Voltorb,117/132,90418,Voltorb,LINKED
pkm-secret-wonders-118-132-74bb26fdd3,Secret Wonders,Wooper,118/132,90636,Wooper,LINKED
pkm-secret-wonders-119-132-acf7ca2858,Secret Wonders,Bebe's Search,119/132,83762,Bebe's Search,LINKED
pkm-secret-wonders-120-132-c8f4128240,Secret Wonders,Night Maintenance,120/132,87751,Night Maintenance,LINKED
pkm-secret-wonders-121-132-c6d23e2832,Secret Wonders,PlusPower,121/132,88177,PlusPower,LINKED
pkm-secret-wonders-122-132-d505b9731b,Secret Wonders,Professor Oak's Visit,122/132,88405,Professor Oak's Visit,LINKED
pkm-secret-wonders-123-132-1e180e9790,Secret Wonders,Professor Rowan,123/132,88408,Professor Rowan,LINKED
pkm-secret-wonders-124-132-bf393ea67e,Secret Wonders,Rival,124/132,88765,Rival,LINKED
pkm-secret-wonders-125-132-4428b87db0,Secret Wonders,Roseanne's Research,125/132,88815,Roseanne's Research,LINKED
pkm-secret-wonders-126-132-63e2748aa5,Secret Wonders,Team Galactic's Mars,126/132,89810,Team Galactic's Mars,LINKED
pkm-secret-wonders-127-132-e730ccb846,Secret Wonders,Potion,127/132,88343,Potion,LINKED
pkm-secret-wonders-128-132-a92d65f657,Secret Wonders,Switch,128/132,89716,Switch,LINKED
pkm-secret-wonders-129-132-bf9b31211f,Secret Wonders,Darkness Energy,129/132,84690,Darkness Energy,LINKED
pkm-secret-wonders-130-132-18ac5ba63b,Secret Wonders,Metal Energy,130/132,87363,Metal Energy,LINKED
pkm-secret-wonders-131-132-c9d47e7fd8,Secret Wonders,Gardevoir LV.X,131/132,85643,Gardevoir LV.X,LINKED
pkm-secret-wonders-132-132-40272b42d9,Secret Wonders,Honchkrow LV.X,132/132,86165,Honchkrow LV.X,LINKED
pkm-stormfront-1-100-227ee180df,Stormfront,Dusknoir,1/100,85037,Dusknoir (1),LINKED
pkm-stormfront-2-100-840fbdba9b,Stormfront,Empoleon,2/100,85199,Empoleon,LINKED
pkm-stormfront-3-100-b25cb67e99,Stormfront,Infernape,3/100,86276,Infernape,LINKED
pkm-stormfront-4-100-2bd6a99c88,Stormfront,Lumineon,4/100,86922,Lumineon,LINKED
pkm-stormfront-5-100-153ee09e42,Stormfront,Magnezone,5/100,87114,Magnezone (5),LINKED
pkm-stormfront-6-100-cc95b8f5dc,Stormfront,Magnezone,6/100,87115,Magnezone (6),LINKED
pkm-stormfront-7-100-d3524a8a9f,Stormfront,Mismagius,7/100,87515,Mismagius,LINKED
pkm-stormfront-8-100-830ded1a8e,Stormfront,Raichu,8/100,88513,Raichu,LINKED
pkm-stormfront-9-100-b77faa634c,Stormfront,Regigigas,9/100,88663,Regigigas,LINKED
pkm-stormfront-10-100-cfc6467bef,Stormfront,Sceptile,10/100,88950,Sceptile,LINKED
pkm-stormfront-11-100-66a4ede335,Stormfront,Torterra,11/100,89985,Torterra,LINKED
pkm-stormfront-12-100-c2a59d5863,Stormfront,Abomasnow,12/100,83441,Abomasnow,LINKED
pkm-stormfront-13-100-08d1d772a9,Stormfront,Bronzong,13/100,83994,Bronzong,LINKED
pkm-stormfront-14-100-bdb542622b,Stormfront,Cherrim,14/100,84252,Cherrim,LINKED
pkm-stormfront-15-100-0f5372b219,Stormfront,Drapion,15/100,84923,Drapion,LINKED
pkm-stormfront-16-100-ea3ea95924,Stormfront,Drifblim,16/100,84945,Drifblim,LINKED
pkm-stormfront-17-100-836cb63c21,Stormfront,Dusknoir,17/100,85038,Dusknoir (17),LINKED
pkm-stormfront-18-100-3aa1d4ad59,Stormfront,Gengar,18/100,85676,Gengar,LINKED
pkm-stormfront-19-100-aeac284e23,Stormfront,Gyarados,19/100,85994,Gyarados,LINKED
pkm-stormfront-20-100-aa109c9631,Stormfront,Machamp,20/100,86966,Machamp,LINKED
pkm-stormfront-21-100-f28a6f2623,Stormfront,Mamoswine,21/100,87139,Mamoswine,LINKED
pkm-stormfront-22-100-1b5c40217d,Stormfront,Rapidash,22/100,88584,Rapidash,LINKED
pkm-stormfront-23-100-e5a929e1d0,Stormfront,Roserade,23/100,88828,Roserade,LINKED
pkm-stormfront-24-100-e9d9573d14,Stormfront,Salamence,24/100,88898,Salamence,LINKED
pkm-stormfront-25-100-fef239f76b,Stormfront,Scizor,25/100,88962,Scizor,LINKED
pkm-stormfront-26-100-9094442104,Stormfront,Skuntank,26/100,89280,Skuntank,LINKED
pkm-stormfront-27-100-58885a4f4d,Stormfront,Staraptor,27/100,89509,Staraptor,LINKED
pkm-stormfront-28-100-dc025d74c9,Stormfront,Steelix,28/100,89562,Steelix,LINKED
pkm-stormfront-29-100-006d6ed20a,Stormfront,Tangrowth,29/100,89752,Tangrowth,LINKED
pkm-stormfront-30-100-ba75ad3979,Stormfront,Tyranitar,30/100,90120,Tyranitar,LINKED
pkm-stormfront-31-100-914f7c3649,Stormfront,Vespiquen,31/100,90328,Vespiquen,LINKED
pkm-stormfront-32-100-2135f10002,Stormfront,Bibarel,32/100,83818,Bibarel,LINKED
pkm-stormfront-33-100-e1bb4a6b5b,Stormfront,Budew,33/100,84011,Budew,LINKED
pkm-stormfront-34-100-f765ea25df,Stormfront,Dusclops,34/100,85029,Dusclops (34),LINKED
pkm-stormfront-35-100-9718c6a4f8,Stormfront,Dusclops,35/100,85030,Dusclops (35),LINKED
pkm-stormfront-36-100-de4901dc0e,Stormfront,Electrode,36/100,85157,Electrode (36),LINKED
pkm-stormfront-37-100-0ec2424fec,Stormfront,Electrode,37/100,85158,Electrode (37),LINKED
pkm-stormfront-38-100-669a42e12a,Stormfront,Farfetch'd,38/100,85387,Farfetch'd,LINKED
pkm-stormfront-39-100-568dfef6ec,Stormfront,Grovyle,39/100,85942,Grovyle,LINKED
pkm-stormfront-40-100-fa010c8fc2,Stormfront,Haunter,40/100,86028,Haunter,LINKED
pkm-stormfront-41-100-fe6b33292a,Stormfront,Machoke,41/100,86983,Machoke,LINKED
pkm-stormfront-42-100-4d9d155e8a,Stormfront,Magneton,42/100,87108,Magneton (42),LINKED
pkm-stormfront-43-100-0861dfdd5a,Stormfront,Magneton,43/100,87109,Magneton (43),LINKED
pkm-stormfront-44-100-78697a531a,Stormfront,Miltank,44/100,87465,Miltank,LINKED
pkm-stormfront-45-100-9021db8add,Stormfront,Pichu,45/100,88019,Pichu,LINKED
pkm-stormfront-46-100-386049208d,Stormfront,Piloswine,46/100,88119,Piloswine,LINKED
pkm-stormfront-47-100-f40816ae39,Stormfront,Pupitar,47/100,88452,Pupitar,LINKED
pkm-stormfront-48-100-1ac93036ca,Stormfront,Sableye,48/100,88853,Sableye,LINKED
pkm-stormfront-49-100-8e0806be57,Stormfront,Scyther,49/100,89001,Scyther,LINKED
pkm-stormfront-50-100-aa1c76c002,Stormfront,Shelgon,50/100,89128,Shelgon,LINKED
pkm-stormfront-51-100-292834cede,Stormfront,Skarmory,51/100,89241,Skarmory,LINKED
pkm-stormfront-52-100-80b30aabd0,Stormfront,Staravia,52/100,89516,Staravia,LINKED
pkm-stormfront-53-100-32ede32cf8,Stormfront,Bagon,53/100,83698,Bagon,LINKED
pkm-stormfront-54-100-716a907b94,Stormfront,Bidoof,54/100,83827,Bidoof,LINKED
pkm-stormfront-55-100-50abbed70f,Stormfront,Bronzor,55/100,84003,Bronzor,LINKED
pkm-stormfront-56-100-68143911fe,Stormfront,Cherubi,56/100,84261,Cherubi,LINKED
pkm-stormfront-57-100-7516dfe0ea,Stormfront,Combee,57/100,84394,Combee,LINKED
pkm-stormfront-58-100-43e023c817,Stormfront,Drifloon,58/100,84957,Drifloon,LINKED
pkm-stormfront-59-100-38794df4e1,Stormfront,Duskull,59/100,85052,Duskull (59),LINKED
pkm-stormfront-60-100-61101981a1,Stormfront,Duskull,60/100,85053,Duskull (60),LINKED
pkm-stormfront-61-100-f727a1f470,Stormfront,Finneon,61/100,85450,Finneon,LINKED
pkm-stormfront-62-100-5afd9760bc,Stormfront,Gastly,62/100,85653,Gastly,LINKED
pkm-stormfront-63-100-42aa390f3c,Stormfront,Larvitar,63/100,86643,Larvitar,LINKED
pkm-stormfront-64-100-8e447eec7a,Stormfront,Machop,64/100,86997,Machop,LINKED
pkm-stormfront-65-100-7b4c63ac44,Stormfront,Magikarp,65/100,87030,Magikarp,LINKED
pkm-stormfront-66-100-682a29d600,Stormfront,Magnemite,66/100,87082,Magnemite (66),LINKED
pkm-stormfront-67-100-236e07859e,Stormfront,Magnemite,67/100,87083,Magnemite (67),LINKED
pkm-stormfront-68-100-5d5b591b91,Stormfront,Misdreavus,68/100,87508,Misdreavus,LINKED
pkm-stormfront-69-100-59bfaa185a,Stormfront,Onix,69/100,87883,Onix,LINKED
pkm-stormfront-70-100-e40b31b958,Stormfront,Pikachu,70/100,88090,Pikachu,LINKED
pkm-stormfront-71-100-7333154e54,Stormfront,Ponyta,71/100,88288,Ponyta,LINKED
pkm-stormfront-72-100-6f2ff0b9ae,Stormfront,Roselia,72/100,88821,Roselia,LINKED
pkm-stormfront-73-100-8eb2cd9a93,Stormfront,Skorupi,73/100,89274,Skorupi,LINKED
pkm-stormfront-74-100-d208035ad2,Stormfront,Snover,74/100,89406,Snover,LINKED
pkm-stormfront-75-100-7bdcaaf1b4,Stormfront,Starly,75/100,89524,Starly,LINKED
pkm-stormfront-76-100-59a5d56e4d,Stormfront,Stunky,76/100,89586,Stunky,LINKED
pkm-stormfront-77-100-165374f10e,Stormfront,Swinub,77/100,89704,Swinub,LINKED
pkm-stormfront-78-100-afbc38d096,Stormfront,Tangela,78/100,89745,Tangela,LINKED
pkm-stormfront-79-100-5031d73a6b,Stormfront,Treecko,79/100,90040,Treecko,LINKED
pkm-stormfront-80-100-0baa1b196d,Stormfront,Voltorb,80/100,90419,Voltorb (80),LINKED
pkm-stormfront-81-100-67e20edbe2,Stormfront,Voltorb,81/100,90420,Voltorb (81),LINKED
pkm-stormfront-82-100-f92ee4a714,Stormfront,Conductive Quarry,82/100,84417,Conductive Quarry,LINKED
pkm-stormfront-83-100-1d96e98843,Stormfront,Energy Link,83/100,85214,Energy Link,LINKED
pkm-stormfront-84-100-9641069002,Stormfront,Energy Switch,84/100,85258,Energy Switch,LINKED
pkm-stormfront-85-100-a78de9cd67,Stormfront,Great Ball,85/100,85898,Great Ball,LINKED
pkm-stormfront-86-100-13a1e31155,Stormfront,Luxury Ball,86/100,86953,Luxury Ball,LINKED
pkm-stormfront-87-100-4415ddca9b,Stormfront,Marley's Request,87/100,87223,Marley's Request,LINKED
pkm-stormfront-88-100-7ff33dc216,Stormfront,Poké Blower +,88/100,88195,Poke Blower +,SKIP_NAME_MISMATCH
pkm-stormfront-89-100-7fcd5aade0,Stormfront,Poké Drawer +,89/100,88196,Poke Drawer +,SKIP_NAME_MISMATCH
pkm-stormfront-90-100-f78706c13c,Stormfront,Poké Healer +,90/100,88197,Poke Healer +,SKIP_NAME_MISMATCH
pkm-stormfront-91-100-db90a36508,Stormfront,Premier Ball,91/100,88357,Premier Ball,LINKED
pkm-stormfront-92-100-b9b844ac22,Stormfront,Potion,92/100,88346,Potion,LINKED
pkm-stormfront-93-100-fd56964528,Stormfront,Switch,93/100,89717,Switch,LINKED
pkm-stormfront-94-100-48ddc359b2,Stormfront,Cyclone Energy,94/100,84542,Cyclone Energy,LINKED
pkm-stormfront-95-100-0dd5fa46ae,Stormfront,Warp Energy,95/100,90475,Warp Energy,LINKED
pkm-stormfront-96-100-521a2dfeb8,Stormfront,Dusknoir LV.X,96/100,85043,Dusknoir LV.X,LINKED
pkm-stormfront-97-100-a99b384ac7,Stormfront,Heatran LV.X,97/100,86054,Heatran LV.X,LINKED
pkm-stormfront-98-100-78d73a8d07,Stormfront,Machamp LV.X,98/100,86973,Machamp LV.X,LINKED
pkm-stormfront-99-100-9ce092e441,Stormfront,Raichu LV.X,99/100,88528,Raichu LV.X,LINKED
pkm-stormfront-100-100-142d87802c,Stormfront,Regigigas LV.X,100/100,88669,Regigigas LV.X,LINKED
pkm-stormfront-101-100-71aa54da31,Stormfront,Charmander,101/100,84216,Charmander,LINKED
pkm-stormfront-102-100-3bf82ea7a0,Stormfront,Charmeleon,102/100,84232,Charmeleon,LINKED
pkm-stormfront-103-100-1443572896,Stormfront,Charizard,103/100,84190,Charizard,LINKED
pkm-aquapolis-1-147-ba9c60e955,Aquapolis,Ampharos,1/147,83536,Ampharos,LINKED
pkm-aquapolis-2-147-349004f124,Aquapolis,Arcanine,2/147,83575,Arcanine,LINKED
pkm-aquapolis-3-147-8119bad9e0,Aquapolis,Ariados,3/147,83613,Ariados,LINKED
pkm-aquapolis-4-147-6dd4d35bf6,Aquapolis,Azumarill,4/147,83680,Azumarill,LINKED
pkm-aquapolis-5-147-5786cb9c6c,Aquapolis,Bellossom,5/147,83796,Bellossom,LINKED
pkm-aquapolis-6-147-3cbe310fb7,Aquapolis,Blissey,6/147,83919,Blissey,LINKED
pkm-aquapolis-7-147-24fcdb0022,Aquapolis,Donphan,7/147,84870,Donphan,LINKED
pkm-aquapolis-8-147-d0656c0e8d,Aquapolis,Electrode,8/147,85148,Electrode,LINKED
pkm-aquapolis-9-147-4bbbd5c1ba,Aquapolis,Elekid,9/147,85167,Elekid,LINKED
pkm-aquapolis-10-147-c969b4a95c,Aquapolis,Entei,10/147,85268,Entei,LINKED
pkm-aquapolis-11-147-0321acb0d7,Aquapolis,Espeon,11/147,85318,Espeon,LINKED
pkm-aquapolis-12-147-a52b4a2c10,Aquapolis,Exeggutor,12/147,85354,Exeggutor (12),LINKED
pkm-aquapolis-13-147-f909a31b47,Aquapolis,Exeggutor,13/147,85356,Exeggutor (13),LINKED
pkm-aquapolis-14-147-6b902272dd,Aquapolis,Houndoom,14/147,86202,Houndoom (14),LINKED
pkm-aquapolis-15-147-0491645eb7,Aquapolis,Houndoom,15/147,86203,Houndoom (15),LINKED
pkm-aquapolis-16-147-6ad4077f32,Aquapolis,Hypno,16/147,86249,Hypno,LINKED
pkm-aquapolis-17-147-d682192982,Aquapolis,Jumpluff,17/147,86364,Jumpluff,LINKED
pkm-aquapolis-18-147-7c698c9a0a,Aquapolis,Jynx,18/147,86370,Jynx,LINKED
pkm-aquapolis-19-147-1f10c1a535,Aquapolis,Kingdra,19/147,86443,Kingdra (19),LINKED
pkm-aquapolis-20-147-4b0074bc6f,Aquapolis,Lanturn,20/147,86600,Lanturn (20),LINKED
pkm-aquapolis-21-147-264de09194,Aquapolis,Lanturn,21/147,86601,Lanturn (21),LINKED
pkm-aquapolis-22-147-a03595456e,Aquapolis,Magneton,22/147,87097,Magneton,LINKED
pkm-aquapolis-23-147-044c57e792,Aquapolis,Muk,23/147,87620,Muk,LINKED
pkm-aquapolis-24-147-4fb3ae686e,Aquapolis,Nidoking,24/147,87693,Nidoking (24),LINKED
pkm-aquapolis-25-147-3f34dbf525,Aquapolis,Ninetales,25/147,87768,Ninetales,LINKED
pkm-aquapolis-26-147-95f9fa5bce,Aquapolis,Octillery,26/147,87829,Octillery,LINKED
pkm-aquapolis-27-147-4055b307d4,Aquapolis,Parasect,27/147,87954,Parasect,LINKED
pkm-aquapolis-28-147-7b8419ffce,Aquapolis,Porygon2,28/147,88323,Porygon2,LINKED
pkm-aquapolis-29-147-bceabf7fc4,Aquapolis,Primeape,29/147,88359,Primeape,LINKED
pkm-aquapolis-30-147-fa3e9e682c,Aquapolis,Quagsire,30/147,88467,Quagsire,LINKED
pkm-aquapolis-31-147-8c0746b1f9,Aquapolis,Rapidash,31/147,88577,Rapidash,LINKED
pkm-aquapolis-32-147-b294a7425f,Aquapolis,Scizor,32/147,88959,Scizor,LINKED
pkm-aquapolis-33-147-eaf0bd5d70,Aquapolis,Slowbro,33/147,89302,Slowbro,LINKED
pkm-aquapolis-34-147-b4ac786fe9,Aquapolis,Slowking,34/147,89313,Slowking,LINKED
pkm-aquapolis-35-147-a0fd96de00,Aquapolis,Steelix,35/147,89560,Steelix,LINKED
pkm-aquapolis-36-147-4ad95c7bf2,Aquapolis,Sudowoodo,36/147,89591,Sudowoodo,LINKED
pkm-aquapolis-37-147-84d984b4b5,Aquapolis,Suicune,37/147,89600,Suicune,LINKED
pkm-aquapolis-38-147-14116ce662,Aquapolis,Tentacruel,38/147,89872,Tentacruel,LINKED
pkm-aquapolis-39-147-8037a2b3c2,Aquapolis,Togetic,39/147,89941,Togetic,LINKED
pkm-aquapolis-40-147-359d397219,Aquapolis,Tyranitar,40/147,90117,Tyranitar,LINKED
pkm-aquapolis-41-147-efeb5841f0,Aquapolis,Umbreon,41/147,90143,Umbreon,LINKED
pkm-aquapolis-42-147-0fdadaf666,Aquapolis,Victreebel,42/147,90361,Victreebel,LINKED
pkm-aquapolis-43-147-85361c6e58,Aquapolis,Vileplume,43/147,90378,Vileplume,LINKED
pkm-aquapolis-44-147-7d48d9d735,Aquapolis,Zapdos,44/147,90716,Zapdos,LINKED
pkm-aquapolis-45-147-387de34889,Aquapolis,Bellsprout,45/147,83804,Bellsprout (45),LINKED
pkm-aquapolis-46-147-d30d9ac51e,Aquapolis,Dodrio,46/147,84848,Dodrio,LINKED
pkm-aquapolis-47-147-0143d47abe,Aquapolis,Flaaffy,47/147,85477,Flaaffy,LINKED
pkm-aquapolis-48-147-4ca2e1150f,Aquapolis,Furret,48/147,85590,Furret,LINKED
pkm-aquapolis-49-147-6801aa3176,Aquapolis,Gloom,49/147,85780,Gloom,LINKED
pkm-aquapolis-51-147-4edb1b5816,Aquapolis,Growlithe,51/147,85949,Growlithe (51),LINKED
pkm-aquapolis-52-147-22d1a7cd04,Aquapolis,Magnemite,52/147,87066,Magnemite (52),LINKED
pkm-aquapolis-53-147-09709665fb,Aquapolis,Marill,53/147,87212,Marill,LINKED
pkm-aquapolis-54-147-006baa56d0,Aquapolis,Marowak,54/147,87225,Marowak,LINKED
pkm-aquapolis-55-147-e669f035ea,Aquapolis,Nidorino,55/147,87742,Nidorino,LINKED
pkm-aquapolis-56-147-8c918b70a1,Aquapolis,Pupitar,56/147,88446,Pupitar,LINKED
pkm-aquapolis-57-147-39eff94496,Aquapolis,Scyther,57/147,88996,Scyther (57),LINKED
pkm-aquapolis-58-147-a4ccfbb3a3,Aquapolis,Seadra,58/147,89010,Seadra,LINKED
pkm-aquapolis-59-147-0c0f5a6614,Aquapolis,Seaking,59/147,89024,Seaking,LINKED
pkm-aquapolis-60-147-d60361f896,Aquapolis,Skiploom,60/147,89254,Skiploom,LINKED
pkm-aquapolis-61-147-18ff82017d,Aquapolis,Smoochum,61/147,89360,Smoochum,LINKED
pkm-aquapolis-62-147-ab243f39b3,Aquapolis,Spinarak,62/147,89451,Spinarak (62),LINKED
pkm-aquapolis-63-147-6ef372b783,Aquapolis,Tyrogue,63/147,90127,Tyrogue,LINKED
pkm-aquapolis-64-147-480f054c94,Aquapolis,Voltorb,64/147,90407,Voltorb (64),LINKED
pkm-aquapolis-65-147-a6addbe317,Aquapolis,Weepinbell,65/147,90551,Weepinbell,LINKED
pkm-aquapolis-66-147-3255169e8a,Aquapolis,Wooper,66/147,90630,Wooper (66),LINKED
pkm-aquapolis-67-147-b6e86e8326,Aquapolis,Aipom,67/147,83487,Aipom,LINKED
pkm-aquapolis-68-147-dcbbd9354f,Aquapolis,Bellsprout,68/147,83806,Bellsprout (68),LINKED
pkm-aquapolis-69-147-3cc0b84160,Aquapolis,Chansey,69/147,84171,Chansey,LINKED
pkm-aquapolis-70-147-391cfe07c2,Aquapolis,Chinchou,70/147,84301,Chinchou (70),LINKED
pkm-aquapolis-71-147-8f209c922e,Aquapolis,Chinchou,71/147,84302,Chinchou (71),LINKED
pkm-aquapolis-72-147-b262dc41d2,Aquapolis,Cubone,72/147,84528,Cubone,LINKED
pkm-aquapolis-73-147-c12df5c2cb,Aquapolis,Doduo,73/147,84859,Doduo,LINKED
pkm-aquapolis-75-147-5dfaf1182d,Aquapolis,Eevee,75/147,85080,Eevee,LINKED
pkm-aquapolis-76-147-9b429f79b7,Aquapolis,Exeggcute,76/147,85344,Exeggcute (76),LINKED
pkm-aquapolis-77-147-c092f0e3ba,Aquapolis,Exeggcute,77/147,85345,Exeggcute (77),LINKED
pkm-aquapolis-78-147-1c1de61974,Aquapolis,Goldeen,78/147,85804,Goldeen,LINKED
pkm-aquapolis-79-147-281bcdaab5,Aquapolis,Grimer,79/147,85907,Grimer,LINKED
pkm-aquapolis-80-147-de04137ab9,Aquapolis,Growlithe,80/147,85953,Growlithe (80),LINKED
pkm-aquapolis-81-147-bde4c957a2,Aquapolis,Hitmonchan,81/147,86091,Hitmonchan,LINKED
pkm-aquapolis-82-147-dca811848f,Aquapolis,Hitmontop,82/147,86113,Hitmontop,LINKED
pkm-aquapolis-83-147-f9f764e4b1,Aquapolis,Hoppip,83/147,86178,Hoppip,LINKED
pkm-aquapolis-84-147-9e14ce6ee9,Aquapolis,Horsea,84/147,86186,Horsea (84),LINKED
pkm-aquapolis-85-147-2650c71a01,Aquapolis,Horsea,85/147,86187,Horsea (85),LINKED
pkm-aquapolis-86-147-4e61c004ef,Aquapolis,Houndour,86/147,86221,Houndour (86),LINKED
pkm-aquapolis-87-147-70c73ad4e2,Aquapolis,Houndour,87/147,86222,Houndour (87),LINKED
pkm-aquapolis-88-147-c45b788a74,Aquapolis,Kangaskhan,88/147,86420,Kangaskhan,LINKED
pkm-aquapolis-89-147-68c8215ce0,Aquapolis,Larvitar,89/147,86634,Larvitar,LINKED
pkm-aquapolis-90-147-88cded6bd3,Aquapolis,Lickitung,90/147,86718,Lickitung,LINKED
pkm-aquapolis-91-147-fa12b10dfb,Aquapolis,Magnemite,91/147,87071,Magnemite (91),LINKED
pkm-aquapolis-92-147-af5666a7a8,Aquapolis,Mankey,92/147,87172,Mankey,LINKED
pkm-aquapolis-93-147-8d2e82894f,Aquapolis,Mareep,93/147,87195,Mareep,LINKED
pkm-aquapolis-94-147-1eff75d8d9,Aquapolis,Miltank,94/147,87462,Miltank,LINKED
pkm-aquapolis-96-147-81e7e34279,Aquapolis,Nidoran ♂,96/147,87725,Nidoran M,SKIP_NAME_MISMATCH
pkm-aquapolis-97-147-130100658b,Aquapolis,Oddish,97/147,87839,Oddish,LINKED
pkm-aquapolis-98-147-af6760d13b,Aquapolis,Onix,98/147,87878,Onix,LINKED
pkm-aquapolis-99-147-e7ab60db44,Aquapolis,Paras,99/147,87949,Paras,LINKED
pkm-aquapolis-100-147-5e1c1c75ca,Aquapolis,Phanpy,100/147,87998,Phanpy,LINKED
pkm-aquapolis-101-147-7006f358d5,Aquapolis,Pinsir,101/147,88134,Pinsir,LINKED
pkm-aquapolis-102-147-2c490ee332,Aquapolis,Ponyta,102/147,88283,Ponyta,LINKED
pkm-aquapolis-104-147-8bcecd2346,Aquapolis,Psyduck,104/147,88435,Psyduck,LINKED
pkm-aquapolis-105-147-15b61e42b7,Aquapolis,Remoraid,105/147,88694,Remoraid,LINKED
pkm-aquapolis-106-147-13a0495fcf,Aquapolis,Scyther,106/147,88997,Scyther (106),LINKED
pkm-aquapolis-107-147-7caa7bc615,Aquapolis,Sentret,107/147,89063,Sentret,LINKED
pkm-aquapolis-108-147-1568533342,Aquapolis,Slowpoke,108/147,89325,Slowpoke,LINKED
pkm-aquapolis-109-147-a0c18b2676,Aquapolis,Smeargle,109/147,89352,Smeargle,LINKED
pkm-aquapolis-110-147-ee689ec37c,Aquapolis,Sneasel,110/147,89368,Sneasel,LINKED
pkm-aquapolis-111-147-84846a1c17,Aquapolis,Spinarak,111/147,89454,Spinarak (111),LINKED
pkm-aquapolis-112-147-b39c6941e1,Aquapolis,Tangela,112/147,89741,Tangela,LINKED
pkm-aquapolis-113-147-5db9d33ad4,Aquapolis,Tentacool,113/147,89865,Tentacool,LINKED
pkm-aquapolis-114-147-2900036d66,Aquapolis,Togepi,114/147,89931,Togepi,LINKED
pkm-aquapolis-115-147-2755fc409b,Aquapolis,Voltorb,115/147,90412,Voltorb (115),LINKED
pkm-aquapolis-116-147-85d4a2671a,Aquapolis,Vulpix,116/147,90435,Vulpix,LINKED
pkm-aquapolis-117-147-62331ff778,Aquapolis,Wooper,117/147,90633,Wooper (117),LINKED
pkm-aquapolis-118-147-2a542ae1fd,Aquapolis,Apricorn Forest,118/147,83563,Apricorn Forest,LINKED
pkm-aquapolis-119-147-183af73db6,Aquapolis,Darkness Cube 01,119/147,84675,Darkness Cube 01,LINKED
pkm-aquapolis-120-147-8a94563f3e,Aquapolis,Energy Switch,120/147,85253,Energy Switch,LINKED
pkm-aquapolis-122-147-154c69fae5,Aquapolis,Fire Cube 01,122/147,85451,Fire Cube 01,LINKED
pkm-aquapolis-123-147-d28a51dcf0,Aquapolis,Forest Guardian,123/147,85541,Forest Guardian,LINKED
pkm-aquapolis-124-147-80a3682b0a,Aquapolis,Grass Cube 01,124/147,85868,Grass Cube 01,LINKED
pkm-aquapolis-125-147-bdf473e3ee,Aquapolis,Healing Berry,125/147,86040,Healing Berry,LINKED
pkm-aquapolis-126-147-8be8d24bff,Aquapolis,Juggler,126/147,86360,Juggler,LINKED
pkm-aquapolis-127-147-6f9a6013bd,Aquapolis,Lightning Cube 01,127/147,86754,Lightning Cube 01,LINKED
pkm-aquapolis-128-147-1f7b4b204c,Aquapolis,Memory Berry,128/147,87307,Memory Berry,LINKED
pkm-aquapolis-129-147-a0ded6ef8a,Aquapolis,Metal Cube 01,129/147,87348,Metal Cube 01,LINKED
pkm-aquapolis-130-147-8472895e88,Aquapolis,Pokémon Fan Club,130/147,88225,Pokemon Fan Club,SKIP_NAME_MISMATCH
pkm-aquapolis-131-147-6b515fecac,Aquapolis,Pokémon Park,131/147,88230,Pokemon Park,SKIP_NAME_MISMATCH
pkm-aquapolis-132-147-04fe210583,Aquapolis,Psychic Cube 01,132/147,88412,Psychic Cube 01,LINKED
pkm-aquapolis-133-147-a408ebcc00,Aquapolis,Seer,133/147,89056,Seer,LINKED
pkm-aquapolis-134-147-dc72326630,Aquapolis,Super Energy Removal 2,134/147,89627,Super Energy Removal 2,LINKED
pkm-aquapolis-135-147-8571e25682,Aquapolis,Time Shard,135/147,89919,Time Shard,LINKED
pkm-aquapolis-136-147-fce1c0ac5b,Aquapolis,Town Volunteers,136/147,90006,Town Volunteers,LINKED
pkm-aquapolis-137-147-9fd172e943,Aquapolis,Traveling Salesman,137/147,90030,Traveling Salesman,LINKED
pkm-aquapolis-138-147-4a6279780e,Aquapolis,Undersea Ruins,138/147,90158,Undersea Ruins,LINKED
pkm-aquapolis-139-147-f2d1522f02,Aquapolis,Power Plant,139/147,88354,Power Plant,LINKED
pkm-aquapolis-140-147-d302f82b28,Aquapolis,Water Cube 01,140/147,90500,Water Cube 01,LINKED
pkm-aquapolis-141-147-2cc0b662b0,Aquapolis,Weakness Guard,141/147,90530,Weakness Guard,LINKED
pkm-aquapolis-142-147-2f47b7cb84,Aquapolis,Darkness Energy,142/147,84696,Darkness Energy,LINKED
pkm-aquapolis-143-147-3edc78be6a,Aquapolis,Metal Energy,143/147,87369,Metal Energy,LINKED
pkm-aquapolis-144-147-519e25e27e,Aquapolis,Rainbow Energy,144/147,88552,Rainbow Energy,LINKED
pkm-aquapolis-145-147-8615d728d6,Aquapolis,Boost Energy,145/147,83937,Boost Energy,LINKED
pkm-aquapolis-146-147-90c7eb2e08,Aquapolis,Crystal Energy,146/147,84518,Crystal Energy,LINKED
pkm-aquapolis-147-147-2eed7d790d,Aquapolis,Warp Energy,147/147,90472,Warp Energy,LINKED
pkm-aquapolis-148-147-c899bd77e6,Aquapolis,Kingdra,148/147,86444,Kingdra (148),LINKED
pkm-aquapolis-149-147-f3314bca4b,Aquapolis,Lugia,149/147,86905,Lugia,LINKED
pkm-aquapolis-150-147-7a26a864b6,Aquapolis,Nidoking,150/147,87695,Nidoking (150),LINKED
pkm-skyridge-1-144-975d4e718a,Skyridge,Aerodactyl,1/144,83465,Aerodactyl,LINKED
pkm-skyridge-2-144-fe3a8f5e4d,Skyridge,Alakazam,2/144,83499,Alakazam (2),LINKED
pkm-skyridge-3-144-3409511f44,Skyridge,Arcanine,3/144,83577,Arcanine (3),LINKED
pkm-skyridge-4-144-7b61e04ce3,Skyridge,Articuno,4/144,83645,Articuno (4),LINKED
pkm-skyridge-5-144-73f2c492bd,Skyridge,Beedrill,5/144,83765,Beedrill (5),LINKED
pkm-skyridge-6-144-f1fafb00e6,Skyridge,Crobat,6/144,84484,Crobat (6),LINKED
pkm-skyridge-7-144-1c377b030a,Skyridge,Dewgong,7/144,84786,Dewgong (7),LINKED
pkm-skyridge-8-144-c05f21fe54,Skyridge,Flareon,8/144,85491,Flareon (8),LINKED
pkm-skyridge-9-144-36f406ae67,Skyridge,Forretress,9/144,85544,Forretress (9),LINKED
pkm-skyridge-10-144-08bb9da8d8,Skyridge,Gengar,10/144,85669,Gengar (10),LINKED
pkm-skyridge-11-144-05b872a69f,Skyridge,Gyarados,11/144,85988,Gyarados (11),LINKED
pkm-skyridge-12-144-7db00c0582,Skyridge,Houndoom,12/144,86201,Houndoom (12),LINKED
pkm-skyridge-13-144-89a5f09c34,Skyridge,Jolteon,13/144,86338,Jolteon (13),LINKED
pkm-skyridge-14-144-6a59dcb789,Skyridge,Kabutops,14/144,86392,Kabutops (14),LINKED
pkm-skyridge-15-144-876f9ba7d1,Skyridge,Ledian,15/144,86691,Ledian (15),LINKED
pkm-skyridge-16-144-d7fea16773,Skyridge,Machamp,16/144,86959,Machamp (16),LINKED
pkm-skyridge-17-144-95c7ab99ea,Skyridge,Magcargo,17/144,87009,Magcargo (17),LINKED
pkm-skyridge-18-144-037f874a90,Skyridge,Magcargo,18/144,87011,Magcargo (18),LINKED
pkm-skyridge-19-144-9222d6564d,Skyridge,Magneton,19/144,87089,Magneton (19),LINKED
pkm-skyridge-20-144-b318051326,Skyridge,Magneton,20/144,87090,Magneton (20),LINKED
pkm-skyridge-21-144-634f47a1b2,Skyridge,Moltres,21/144,87558,Moltres,LINKED
pkm-skyridge-22-144-1400c2ceee,Skyridge,Nidoqueen,22/144,87704,Nidoqueen (22),LINKED
pkm-skyridge-23-144-e18dbe3360,Skyridge,Omastar,23/144,87864,Omastar,LINKED
pkm-skyridge-24-144-beb6ccbaea,Skyridge,Piloswine,24/144,88113,Piloswine (24),LINKED
pkm-skyridge-25-144-0b3ac26500,Skyridge,Politoed,25/144,88248,Politoed (25),LINKED
pkm-skyridge-26-144-ef27c4dd6a,Skyridge,Poliwrath,26/144,88273,Poliwrath (26),LINKED
pkm-skyridge-27-144-798380b2c4,Skyridge,Raichu,27/144,88503,Raichu (27),LINKED
pkm-skyridge-28-144-f164bf6400,Skyridge,Raikou,28/144,88532,Raikou,LINKED
pkm-skyridge-29-144-3d34f9a5d0,Skyridge,Rhydon,29/144,88729,Rhydon (29),LINKED
pkm-skyridge-30-144-ad4447a414,Skyridge,Starmie,30/144,89529,Starmie (30),LINKED
pkm-skyridge-31-144-155831ce5a,Skyridge,Steelix,31/144,89559,Steelix (31),LINKED
pkm-skyridge-32-144-872ae19f24,Skyridge,Umbreon,32/144,90141,Umbreon (32),LINKED
pkm-skyridge-33-144-b2e490c3f9,Skyridge,Vaporeon,33/144,90281,Vaporeon,LINKED
pkm-skyridge-34-144-bc2680b05d,Skyridge,Wigglytuff,34/144,90595,Wigglytuff,LINKED
pkm-skyridge-35-144-ced63d5256,Skyridge,Xatu,35/144,90659,Xatu (35),LINKED
pkm-skyridge-36-144-24367fdd6c,Skyridge,Electrode,36/144,85152,Electrode,LINKED
pkm-skyridge-37-144-a1ec495cd4,Skyridge,Kabuto,37/144,86379,Kabuto,LINKED
pkm-skyridge-38-144-1b6c933e1f,Skyridge,Machoke,38/144,86975,Machoke,LINKED
pkm-skyridge-39-144-f31eb14393,Skyridge,Misdreavus,39/144,87502,Misdreavus,LINKED
pkm-skyridge-40-144-54ec0b06e8,Skyridge,Noctowl,40/144,87790,Noctowl,LINKED
pkm-skyridge-41-144-83f7d7913a,Skyridge,Omanyte,41/144,87853,Omanyte,LINKED
pkm-skyridge-42-144-621c203ab5,Skyridge,Persian,42/144,87982,Persian,LINKED
pkm-skyridge-43-144-3d36b522f4,Skyridge,Piloswine,43/144,88115,Piloswine (43),LINKED
pkm-skyridge-44-144-5ad49529b6,Skyridge,Starmie,44/144,89530,Starmie (44),LINKED
pkm-skyridge-45-144-ae982e54ce,Skyridge,Wobbuffet,45/144,90615,Wobbuffet,LINKED
pkm-skyridge-46-144-085d040e94,Skyridge,Abra,46/144,83444,Abra,LINKED
pkm-skyridge-47-144-415796e97f,Skyridge,Buried Fossil,47/144,84048,Buried Fossil,LINKED
pkm-skyridge-48-144-a6aaec366d,Skyridge,Cleffa,48/144,84364,Cleffa,LINKED
pkm-skyridge-49-144-3d956552e9,Skyridge,Delibird,49/144,84746,Delibird,LINKED
pkm-skyridge-50-144-934a54b315,Skyridge,Diglett,50/144,84818,Diglett,LINKED
pkm-skyridge-51-144-fbe5b86694,Skyridge,Ditto,51/144,84830,Ditto,LINKED
pkm-skyridge-52-144-d0751337f9,Skyridge,Dugtrio,52/144,84999,Dugtrio,LINKED
pkm-skyridge-53-144-230aacce88,Skyridge,Dunsparce,53/144,85006,Dunsparce,LINKED
pkm-skyridge-54-144-e9d3797ae2,Skyridge,Eevee,54/144,85077,Eevee,LINKED
pkm-skyridge-55-144-c43d778210,Skyridge,Farfetch'd,55/144,85383,Farfetch'd,LINKED
pkm-skyridge-56-144-09c1bbc334,Skyridge,Forretress,56/144,85546,Forretress (56),LINKED
pkm-skyridge-57-144-391de2cdf5,Skyridge,Gastly,57/144,85646,Gastly,LINKED
pkm-skyridge-58-144-d019440e09,Skyridge,Girafarig,58/144,85727,Girafarig,LINKED
pkm-skyridge-59-144-d05971d47c,Skyridge,Gligar,59/144,85763,Gligar,LINKED
pkm-skyridge-60-144-9a5aa7ba33,Skyridge,Golbat,60/144,85792,Golbat,LINKED
pkm-skyridge-61-144-0e5cee6c77,Skyridge,Granbull,61/144,85862,Granbull,LINKED
pkm-skyridge-62-144-3737c868a8,Skyridge,Growlithe,62/144,85950,Growlithe,LINKED
pkm-skyridge-63-144-0a9ba71f5c,Skyridge,Haunter,63/144,86023,Haunter,LINKED
pkm-skyridge-64-144-e44f7b70ba,Skyridge,Heracross,64/144,86061,Heracross,LINKED
pkm-skyridge-65-144-e70d22c9d8,Skyridge,Hoothoot,65/144,86170,Hoothoot,LINKED
pkm-skyridge-66-144-90bfd9956c,Skyridge,Houndour,66/144,86220,Houndour,LINKED
pkm-skyridge-67-144-617490a771,Skyridge,Igglybuff,67/144,86258,Igglybuff,LINKED
pkm-skyridge-68-144-aa6a9af742,Skyridge,Jigglypuff,68/144,86313,Jigglypuff,LINKED
pkm-skyridge-69-144-e24ed6e005,Skyridge,Kadabra,69/144,86405,Kadabra,LINKED
pkm-skyridge-70-144-be41fb6faa,Skyridge,Kakuna,70/144,86410,Kakuna,LINKED
pkm-skyridge-71-144-ec73383f62,Skyridge,Lapras,71/144,86616,Lapras,LINKED
pkm-skyridge-72-144-24374a23ea,Skyridge,Ledyba,72/144,86701,Ledyba (72),LINKED
pkm-skyridge-73-144-8349bdf545,Skyridge,Ledyba,73/144,86702,Ledyba (73),LINKED
pkm-skyridge-74-144-a6749bfe07,Skyridge,Machop,74/144,86989,Machop,LINKED
pkm-skyridge-75-144-2dd828bba1,Skyridge,Magikarp,75/144,87023,Magikarp,LINKED
pkm-skyridge-76-144-a8f7e7e290,Skyridge,Magnemite,76/144,87069,Magnemite,LINKED
pkm-skyridge-78-144-450dfcc971,Skyridge,Meowth,78/144,87314,Meowth,LINKED
pkm-skyridge-79-144-5361a89318,Skyridge,Murkrow,79/144,87649,Murkrow,LINKED
pkm-skyridge-80-144-f8854cb7ee,Skyridge,Natu,80/144,87683,Natu,LINKED
pkm-skyridge-81-144-1d320b8e4f,Skyridge,Nidoran ♀,81/144,87714,Nidoran F (81),SKIP_NAME_MISMATCH
pkm-skyridge-82-144-38a718d80a,Skyridge,Nidoran ♀,82/144,87716,Nidoran F (82),SKIP_NAME_MISMATCH
pkm-skyridge-83-144-134592df67,Skyridge,Nidorina,83/144,87734,Nidorina,LINKED
pkm-skyridge-84-144-9f41dfa8ba,Skyridge,Pikachu,84/144,88074,Pikachu,LINKED
pkm-skyridge-85-144-ce5cbebd23,Skyridge,Pineco,85/144,88124,Pineco (85),LINKED
pkm-skyridge-86-144-708c054e60,Skyridge,Pineco,86/144,88125,Pineco (86),LINKED
pkm-skyridge-87-144-95578f0587,Skyridge,Poliwag,87/144,88255,Poliwag,LINKED
pkm-skyridge-88-144-5ea2d6f168,Skyridge,Poliwhirl,88/144,88263,Poliwhirl,LINKED
pkm-skyridge-89-144-b957ce2db2,Skyridge,Raticate,89/144,88602,Raticate,LINKED
pkm-skyridge-90-144-f1956e4cb0,Skyridge,Rattata,90/144,88613,Rattata,LINKED
pkm-skyridge-91-144-6e77b6f971,Skyridge,Rhyhorn,91/144,88739,Rhyhorn,LINKED
pkm-skyridge-92-144-63ad5ddaa5,Skyridge,Sandshrew,92/144,88921,Sandshrew,LINKED
pkm-skyridge-93-144-8727cb993a,Skyridge,Sandslash,93/144,88931,Sandslash,LINKED
pkm-skyridge-94-144-9f65f24033,Skyridge,Seel,94/144,89050,Seel (94),LINKED
pkm-skyridge-95-144-3b67d94d24,Skyridge,Seel,95/144,89051,Seel (95),LINKED
pkm-skyridge-96-144-bd3c981e7f,Skyridge,Shuckle,96/144,89189,Shuckle,LINKED
pkm-skyridge-97-144-3a3390be35,Skyridge,Skarmory,97/144,89236,Skarmory,LINKED
pkm-skyridge-98-144-e43fb51c60,Skyridge,Slugma,98/144,89338,Slugma (98),LINKED
pkm-skyridge-99-144-4b6a4f1732,Skyridge,Slugma,99/144,89339,Slugma (99),LINKED
pkm-skyridge-100-144-4fdfdd92dc,Skyridge,Snorlax,100/144,89387,Snorlax,LINKED
pkm-skyridge-101-144-644dbee1c6,Skyridge,Snubbull,101/144,89413,Snubbull,LINKED
pkm-skyridge-102-144-8ca63613fd,Skyridge,Stantler,102/144,89502,Stantler,LINKED
pkm-skyridge-103-144-9862521974,Skyridge,Staryu,103/144,89544,Staryu (103),LINKED
pkm-skyridge-104-144-678bcdfb82,Skyridge,Staryu,104/144,89545,Staryu (104),LINKED
pkm-skyridge-105-144-4a4617cedf,Skyridge,Sunflora,105/144,89613,Sunflora,LINKED
pkm-skyridge-106-144-79c58983b6,Skyridge,Sunkern,106/144,89619,Sunkern,LINKED
pkm-skyridge-107-144-ba9c8def65,Skyridge,Swinub,107/144,89700,Swinub (107),LINKED
pkm-skyridge-108-144-1274f5d9b2,Skyridge,Swinub,108/144,89701,Swinub (108),LINKED
pkm-skyridge-109-144-3d77166cba,Skyridge,Teddiursa,109/144,89856,Teddiursa,LINKED
pkm-skyridge-110-144-e91ec5edb5,Skyridge,Ursaring,110/144,90251,Ursaring,LINKED
pkm-skyridge-111-144-d0ceb2ff5f,Skyridge,Venomoth,111/144,90300,Venomoth,LINKED
pkm-skyridge-112-144-367a90c0fe,Skyridge,Venonat,112/144,90306,Venonat,LINKED
pkm-skyridge-113-144-9830d206e1,Skyridge,Voltorb,113/144,90411,Voltorb,LINKED
pkm-skyridge-114-144-bd38c26c43,Skyridge,Weedle,114/144,90540,Weedle (114),LINKED
pkm-skyridge-115-144-0338e4faf2,Skyridge,Weedle,115/144,90541,Weedle (115),LINKED
pkm-skyridge-116-144-f8f09dbf18,Skyridge,Yanma,116/144,90682,Yanma,LINKED
pkm-skyridge-117-144-0915c44fc8,Skyridge,Zubat,117/144,90768,Zubat (117),LINKED
pkm-skyridge-118-144-01f6c13c62,Skyridge,Zubat,118/144,90769,Zubat (118),LINKED
pkm-skyridge-119-144-a0fc84fe3d,Skyridge,Ancient Ruins,119/144,83552,Ancient Ruins,LINKED
pkm-skyridge-120-144-aa5f86438c,Skyridge,Relic Hunter,120/144,88683,Relic Hunter,LINKED
pkm-skyridge-121-144-c595e2a04d,Skyridge,Apricorn Maker,121/144,83564,Apricorn Maker,LINKED
pkm-skyridge-122-144-797c09108f,Skyridge,Crystal Shard,122/144,84519,Crystal Shard,LINKED
pkm-skyridge-123-144-a359d12684,Skyridge,Desert Shaman,123/144,84782,Desert Shaman,LINKED
pkm-skyridge-124-144-4461944c4e,Skyridge,Fast Ball,124/144,85391,Fast Ball,LINKED
pkm-skyridge-125-144-8600894714,Skyridge,Fisherman,125/144,85471,Fisherman,LINKED
pkm-skyridge-126-144-3ff04ab67c,Skyridge,Friend Ball,126/144,85562,Friend Ball,LINKED
pkm-skyridge-127-144-64e8b23012,Skyridge,Hyper Potion,127/144,86246,Hyper Potion,LINKED
pkm-skyridge-128-144-bd1bb425a6,Skyridge,Lure Ball,128/144,86931,Lure Ball,LINKED
pkm-skyridge-129-144-bf8c82cd61,Skyridge,Miracle Sphere α,129/144,87497,Miracle Sphere Alpha,SKIP_NAME_MISMATCH
pkm-skyridge-130-144-ec83ec0c30,Skyridge,Miracle Sphere β,130/144,87498,Miracle Sphere Beta,SKIP_NAME_MISMATCH
pkm-skyridge-131-144-f2d49fa8f0,Skyridge,Miracle Sphere γ,131/144,87499,Miracle Sphere Gamma,SKIP_NAME_MISMATCH
pkm-skyridge-132-144-e80602ab2d,Skyridge,Mirage Stadium,132/144,87500,Mirage Stadium,LINKED
pkm-skyridge-133-144-f90ee49267,Skyridge,Mystery Plate α,133/144,87670,Mystery Plate Alpha,SKIP_NAME_MISMATCH
pkm-skyridge-134-144-8ac3e37985,Skyridge,Mystery Plate β,134/144,87671,Mystery Plate Beta,SKIP_NAME_MISMATCH
pkm-skyridge-135-144-774183022f,Skyridge,Mystery Plate γ,135/144,87673,Mystery Plate Gamma,SKIP_NAME_MISMATCH
pkm-skyridge-136-144-1190706e15,Skyridge,Mystery Plate δ,136/144,87672,Mystery Plate Delta,SKIP_NAME_MISMATCH
pkm-skyridge-137-144-bba4045826,Skyridge,Mystery Zone,137/144,87674,Mystery Zone,LINKED
pkm-skyridge-138-144-cc9c1d90d5,Skyridge,Oracle,138/144,87887,Oracle,LINKED
pkm-skyridge-139-144-e1aa185d31,Skyridge,Star Piece,139/144,89507,Star Piece,LINKED
pkm-skyridge-140-144-3b89b7059b,Skyridge,Underground Expedition,140/144,90155,Underground Expedition,LINKED
pkm-skyridge-141-144-cb6e82156c,Skyridge,Underground Lake,141/144,90157,Underground Lake,LINKED
pkm-skyridge-142-144-8577eb44bf,Skyridge,Bounce Energy,142/144,83947,Bounce Energy,LINKED
pkm-skyridge-143-144-3381729f1d,Skyridge,Cyclone Energy,143/144,84539,Cyclone Energy,LINKED
pkm-skyridge-144-144-a715269355,Skyridge,Retro Energy,144/144,88718,Retro Energy,LINKED
pkm-skyridge-145-144-b91f181cca,Skyridge,Celebi,145/144,84144,Celebi,LINKED
pkm-skyridge-146-144-397c596788,Skyridge,Charizard,146/144,84186,Charizard,LINKED
pkm-skyridge-147-144-9b6dd121a1,Skyridge,Crobat,147/144,84485,Crobat (147),LINKED
pkm-skyridge-148-144-4305206993,Skyridge,Golem,148/144,85825,Golem,LINKED
pkm-skyridge-149-144-53a8d7c995,Skyridge,Ho-oh,149/144,86121,Ho-oh,LINKED
pkm-skyridge-150-144-73d7ee5839,Skyridge,Kabutops,150/144,86396,Kabutops (150),LINKED
pkm-crystal-guardians-1-100-add6494e04,Crystal Guardians,Banette,1/100,83720,Banette,LINKED
pkm-crystal-guardians-2-100-bd24b798b2,Crystal Guardians,Blastoise δ,2/100,83899,Blastoise (Delta Species),LINKED
pkm-crystal-guardians-3-100-f1ac3b602a,Crystal Guardians,Camerupt,3/100,84092,Camerupt,LINKED
pkm-crystal-guardians-4-100-881cb538a5,Crystal Guardians,Charizard δ,4/100,84195,Charizard (Delta Species),LINKED
pkm-crystal-guardians-5-100-a2df8eae8a,Crystal Guardians,Dugtrio,5/100,85001,Dugtrio,LINKED
pkm-crystal-guardians-6-100-401958a4f0,Crystal Guardians,Ludicolo δ,6/100,86902,Ludicolo (Delta Species),LINKED
pkm-crystal-guardians-7-100-f51f53c315,Crystal Guardians,Luvdisc,7/100,86935,Luvdisc,LINKED
pkm-crystal-guardians-8-100-d362346865,Crystal Guardians,Manectric,8/100,87159,Manectric,LINKED
pkm-crystal-guardians-9-100-21a5661b9d,Crystal Guardians,Mawile,9/100,87259,Mawile,LINKED
pkm-crystal-guardians-10-100-ffeaeb94d2,Crystal Guardians,Sableye,10/100,88850,Sableye,LINKED
pkm-crystal-guardians-11-100-18bc941a96,Crystal Guardians,Swalot,11/100,89672,Swalot,LINKED
pkm-crystal-guardians-12-100-814e14ab73,Crystal Guardians,Tauros,12/100,89763,Tauros,LINKED
pkm-crystal-guardians-13-100-fd6b1b478e,Crystal Guardians,Wigglytuff,13/100,90597,Wigglytuff,LINKED
pkm-crystal-guardians-14-100-7326a47d67,Crystal Guardians,Blastoise,14/100,83892,Blastoise,LINKED
pkm-crystal-guardians-15-100-26573ef9c2,Crystal Guardians,Cacturne δ,15/100,84083,Cacturne (Delta Species),LINKED
pkm-crystal-guardians-16-100-5413a9cca8,Crystal Guardians,Combusken,16/100,84407,Combusken - 016/100,SKIP_NAME_MISMATCH
pkm-crystal-guardians-17-100-113415ce01,Crystal Guardians,Dusclops,17/100,85026,Dusclops,LINKED
pkm-crystal-guardians-18-100-a91202354f,Crystal Guardians,Fearow δ,18/100,85400,Fearow (Delta Species),LINKED
pkm-crystal-guardians-19-100-36fd3774ed,Crystal Guardians,Grovyle δ,19/100,85946,Grovyle (Delta Species),LINKED
pkm-crystal-guardians-20-100-1ef7416fba,Crystal Guardians,Grumpig,20/100,85969,Grumpig,LINKED
pkm-crystal-guardians-21-100-5ffd06b67f,Crystal Guardians,Igglybuff,21/100,86261,Igglybuff,LINKED
pkm-crystal-guardians-22-100-59a93b2212,Crystal Guardians,Kingler δ,22/100,86458,Kingler (Delta Species),LINKED
pkm-crystal-guardians-23-100-1d1514306a,Crystal Guardians,Loudred,23/100,86842,Loudred,LINKED
pkm-crystal-guardians-24-100-a50b3f3f24,Crystal Guardians,Marshtomp,24/100,87237,Marshtomp - 024/100,SKIP_NAME_MISMATCH
pkm-crystal-guardians-25-100-d1f681e039,Crystal Guardians,Medicham,25/100,87273,Medicham,LINKED
pkm-crystal-guardians-26-100-d4f3465c8d,Crystal Guardians,Pelipper δ,26/100,87980,Pelipper (Delta Species),LINKED
pkm-crystal-guardians-27-100-9d28a44733,Crystal Guardians,Swampert,27/100,89679,Swampert,LINKED
pkm-crystal-guardians-28-100-4fa184f8b2,Crystal Guardians,Venusaur,28/100,90318,Venusaur,LINKED
pkm-crystal-guardians-29-100-9cd8da45a4,Crystal Guardians,Charmeleon,29/100,84229,Charmeleon,LINKED
pkm-crystal-guardians-30-100-3940345ef0,Crystal Guardians,Charmeleon δ,30/100,84236,Charmeleon (Delta Species),LINKED
pkm-crystal-guardians-31-100-4294bb0761,Crystal Guardians,Combusken,31/100,84408,Combusken - 031/100,SKIP_NAME_MISMATCH
pkm-crystal-guardians-32-100-171c851164,Crystal Guardians,Grovyle,32/100,85939,Grovyle,LINKED
pkm-crystal-guardians-33-100-75d05043ff,Crystal Guardians,Gulpin,33/100,85976,Gulpin,LINKED
pkm-crystal-guardians-34-100-df97139da4,Crystal Guardians,Ivysaur,34/100,86300,Ivysaur - 034/100,SKIP_NAME_MISMATCH
pkm-crystal-guardians-35-100-e9586d0757,Crystal Guardians,Ivysaur,35/100,86301,Ivysaur - 035/100,SKIP_NAME_MISMATCH
pkm-crystal-guardians-36-100-04025ef9ee,Crystal Guardians,Lairon,36/100,86578,Lairon,LINKED
pkm-crystal-guardians-37-100-5a1575567e,Crystal Guardians,Lombre,37/100,86818,Lombre,LINKED
pkm-crystal-guardians-38-100-afe6c55e35,Crystal Guardians,Marshtomp,38/100,87238,Marshtomp - 038/100,SKIP_NAME_MISMATCH
pkm-crystal-guardians-39-100-f87b653563,Crystal Guardians,Nuzleaf,39/100,87823,Nuzleaf,LINKED
pkm-crystal-guardians-40-100-ce7450f74f,Crystal Guardians,Shuppet,40/100,89198,Shuppet,LINKED
pkm-crystal-guardians-41-100-23c82cb424,Crystal Guardians,Skitty,41/100,89265,Skitty,LINKED
pkm-crystal-guardians-42-100-928282b726,Crystal Guardians,Wartortle,42/100,90487,Wartortle - 042/100,SKIP_NAME_MISMATCH
pkm-crystal-guardians-43-100-738ec24728,Crystal Guardians,Wartortle,43/100,90488,Wartortle - 043/100,SKIP_NAME_MISMATCH
pkm-crystal-guardians-44-100-65a7e61ddf,Crystal Guardians,Aron,44/100,83634,Aron,LINKED
pkm-crystal-guardians-45-100-219265db80,Crystal Guardians,Bulbasaur,45/100,84032,Bulbasaur - 045/100,SKIP_NAME_MISMATCH
pkm-crystal-guardians-46-100-5c319cbab2,Crystal Guardians,Bulbasaur,46/100,84033,Bulbasaur - 046/100,SKIP_NAME_MISMATCH
pkm-crystal-guardians-47-100-dddbcd04b6,Crystal Guardians,Cacnea,47/100,84073,Cacnea,LINKED
pkm-crystal-guardians-48-100-16cb36cbdb,Crystal Guardians,Charmander,48/100,84213,Charmander,LINKED
pkm-crystal-guardians-49-100-baf3bda6f8,Crystal Guardians,Charmander δ,49/100,84220,Charmander (Delta Species),LINKED
pkm-crystal-guardians-50-100-c36ade160f,Crystal Guardians,Diglett,50/100,84822,Diglett,LINKED
pkm-crystal-guardians-51-100-d891febdc3,Crystal Guardians,Duskull,51/100,85048,Duskull,LINKED
pkm-crystal-guardians-52-100-0aab7c23fc,Crystal Guardians,Electrike,52/100,85138,Electrike,LINKED
pkm-crystal-guardians-53-100-ec5b12e925,Crystal Guardians,Jigglypuff,53/100,86317,Jigglypuff,LINKED
pkm-crystal-guardians-54-100-3e708f6e41,Crystal Guardians,Krabby,54/100,86525,Krabby,LINKED
pkm-crystal-guardians-55-100-59338f529e,Crystal Guardians,Lotad,55/100,86835,Lotad,LINKED
pkm-crystal-guardians-55-100-59338f529e,Crystal Guardians,Lotad,55/100,498051,Lotad - 055/100 (EX Crystal Guardians Reverse Holofoil),SKIP_NAME_MISMATCH
pkm-crystal-guardians-56-100-666627d99a,Crystal Guardians,Meditite,56/100,87282,Meditite,LINKED
pkm-crystal-guardians-57-100-3f4d576c40,Crystal Guardians,Mudkip,57/100,87611,Mudkip - 057/100,SKIP_NAME_MISMATCH
pkm-crystal-guardians-58-100-eb6915c9f9,Crystal Guardians,Mudkip,58/100,87612,Mudkip - 058/100,SKIP_NAME_MISMATCH
pkm-crystal-guardians-59-100-280a890eb1,Crystal Guardians,Numel,59/100,87813,Numel,LINKED
pkm-crystal-guardians-60-100-a6885b82ca,Crystal Guardians,Seedot,60/100,89041,Seedot,LINKED
pkm-crystal-guardians-61-100-44997f0f97,Crystal Guardians,Spearow,61/100,89440,Spearow,LINKED
pkm-crystal-guardians-62-100-f46ad8163a,Crystal Guardians,Spoink,62/100,89476,Spoink,LINKED
pkm-crystal-guardians-63-100-a8ab2b3b48,Crystal Guardians,Squirtle,63/100,89491,Squirtle - 063/100,SKIP_NAME_MISMATCH
pkm-crystal-guardians-64-100-0d303f382f,Crystal Guardians,Squirtle,64/100,89492,Squirtle - 064/100,SKIP_NAME_MISMATCH
pkm-crystal-guardians-65-100-933691fc2c,Crystal Guardians,Torchic,65/100,89957,Torchic - 065/100,SKIP_NAME_MISMATCH
pkm-crystal-guardians-66-100-02b4d74bc3,Crystal Guardians,Torchic,66/100,89958,Torchic - 066/100,SKIP_NAME_MISMATCH
pkm-crystal-guardians-67-100-407f98a5e1,Crystal Guardians,Treecko,67/100,90038,Treecko,LINKED
pkm-crystal-guardians-68-100-515a5f28c7,Crystal Guardians,Treecko δ,68/100,90044,Treecko (Delta Species),LINKED
pkm-crystal-guardians-69-100-4b95da4713,Crystal Guardians,Whismur,69/100,90582,Whismur,LINKED
pkm-crystal-guardians-70-100-9174f72a4a,Crystal Guardians,Wingull,70/100,90608,Wingull,LINKED
pkm-crystal-guardians-71-100-d5d25129af,Crystal Guardians,Bill's Maintenance,71/100,83839,Bill's Maintenance,LINKED
pkm-crystal-guardians-72-100-0d33d401ec,Crystal Guardians,Castaway,72/100,84125,Castaway,LINKED
pkm-crystal-guardians-73-100-7fd832f7e3,Crystal Guardians,Celio's Network,73/100,84156,Celio's Network,LINKED
pkm-crystal-guardians-74-100-9e04a6c94c,Crystal Guardians,Cessation Crystal,74/100,84158,Cessation Crystal,LINKED
pkm-crystal-guardians-75-100-3c1422d993,Crystal Guardians,Crystal Beach,75/100,84516,Crystal Beach,LINKED
pkm-crystal-guardians-76-100-565f3ab15f,Crystal Guardians,Crystal Shard,76/100,84521,Crystal Shard,LINKED
pkm-crystal-guardians-77-100-dd811218d1,Crystal Guardians,Double Full Heal,77/100,84889,Double Full Heal,LINKED
pkm-crystal-guardians-78-100-684c03275a,Crystal Guardians,Dual Ball,78/100,84987,Dual Ball,LINKED
pkm-crystal-guardians-79-100-3b45dcc655,Crystal Guardians,Holon Circle,79/100,86135,Holon Circle,LINKED
pkm-crystal-guardians-80-100-d986e1ca56,Crystal Guardians,Memory Berry,80/100,87308,Memory Berry,LINKED
pkm-crystal-guardians-81-100-8c2b58c5ab,Crystal Guardians,Mysterious Shard,81/100,87669,Mysterious Shard,LINKED
pkm-crystal-guardians-82-100-1c3a6c7111,Crystal Guardians,Poké Ball,82/100,88185,Poke Ball,SKIP_NAME_MISMATCH
pkm-crystal-guardians-83-100-4f071b1510,Crystal Guardians,PokéNav,83/100,88245,Pokenav,SKIP_NAME_MISMATCH
pkm-crystal-guardians-84-100-58e2261656,Crystal Guardians,Warp Point,84/100,90480,Warp Point,LINKED
pkm-crystal-guardians-85-100-23ea61edab,Crystal Guardians,Windstorm,85/100,90604,Windstorm,LINKED
pkm-crystal-guardians-86-100-e14c8cf021,Crystal Guardians,Energy Search,86/100,85244,Energy Search,LINKED
pkm-crystal-guardians-87-100-27d0d95346,Crystal Guardians,Potion,87/100,88341,Potion,LINKED
pkm-crystal-guardians-88-100-e58c999ca6,Crystal Guardians,Double Rainbow Energy,88/100,84893,Double Rainbow Energy,LINKED
pkm-crystal-guardians-89-100-158c6991c4,Crystal Guardians,Aggron ex,89/100,83484,Aggron ex,LINKED
pkm-crystal-guardians-90-100-edfaca1730,Crystal Guardians,Blaziken ex,90/100,83913,Blaziken ex,LINKED
pkm-crystal-guardians-91-100-f132cd206c,Crystal Guardians,Delcatty ex,91/100,84744,Delcatty ex,LINKED
pkm-crystal-guardians-92-100-6610a7d211,Crystal Guardians,Exploud ex,92/100,85375,Exploud ex,LINKED
pkm-crystal-guardians-93-100-cd55652a3a,Crystal Guardians,Groudon ex,93/100,85930,Groudon ex,LINKED
pkm-crystal-guardians-94-100-0ccb100c85,Crystal Guardians,Jirachi ex,94/100,86332,Jirachi ex,LINKED
pkm-crystal-guardians-95-100-e92a6ce06b,Crystal Guardians,Kyogre ex,95/100,86557,Kyogre ex,LINKED
pkm-crystal-guardians-96-100-74bbfd214a,Crystal Guardians,Sceptile ex δ,96/100,88955,Sceptile ex (Delta Species),LINKED
pkm-crystal-guardians-97-100-ab413514ba,Crystal Guardians,Shiftry ex,97/100,89160,Shiftry ex,LINKED
pkm-crystal-guardians-98-100-e9d9d213b2,Crystal Guardians,Swampert ex,98/100,89683,Swampert ex,LINKED
pkm-crystal-guardians-99-100-9de1245d60,Crystal Guardians,Alakazam ★,99/100,83502,Alakazam Star,SKIP_NAME_MISMATCH
pkm-crystal-guardians-100-100-6deb17e824,Crystal Guardians,Celebi ★,100/100,84149,Celebi Star,SKIP_NAME_MISMATCH
pkm-delta-species-1-113-2ee7bda791,Delta Species,Beedrill δ,1/113,83775,Beedrill (Delta Species),LINKED
pkm-delta-species-2-113-77f4b8a866,Delta Species,Crobat δ,2/113,84490,Crobat (Delta Species),LINKED
pkm-delta-species-3-113-0d8e6232a6,Delta Species,Dragonite δ,3/113,84917,Dragonite (Delta Species),LINKED
pkm-delta-species-4-113-89ddd29caa,Delta Species,Espeon δ,4/113,85327,Espeon (Delta Species),LINKED
pkm-delta-species-5-113-de8136d4e0,Delta Species,Flareon δ,5/113,85501,Flareon (Delta Species),LINKED
pkm-delta-species-6-113-dd40cf426e,Delta Species,Gardevoir δ,6/113,85640,Gardevoir (Delta Species),LINKED
pkm-delta-species-7-113-1d785d4871,Delta Species,Jolteon δ,7/113,86349,Jolteon (Delta Species),LINKED
pkm-delta-species-8-113-4ec275bf03,Delta Species,Latias δ,8/113,86655,Latias (Delta Species),LINKED
pkm-delta-species-9-113-d6adbb1a5a,Delta Species,Latios δ,9/113,86669,Latios (Delta Species),LINKED
pkm-delta-species-10-113-63e3fea26b,Delta Species,Marowak δ,10/113,87230,Marowak (Delta Species),LINKED
pkm-delta-species-11-113-ecfebd7454,Delta Species,Metagross δ,11/113,87342,Metagross (Delta Species),LINKED
pkm-delta-species-12-113-dd08f139c9,Delta Species,Mewtwo δ,12/113,87425,Mewtwo (Delta Species),LINKED
pkm-delta-species-13-113-8c2df615e2,Delta Species,Rayquaza δ,13/113,88633,Rayquaza (Delta Species),LINKED
pkm-delta-species-14-113-1ac61f79f2,Delta Species,Salamence δ,14/113,88902,Salamence (Delta Species),LINKED
pkm-delta-species-15-113-f08b02c7f6,Delta Species,Starmie δ,15/113,89540,Starmie - 015/113 (Delta Species),SKIP_NAME_MISMATCH
pkm-delta-species-16-113-8c091feae6,Delta Species,Tyranitar δ,16/113,90123,Tyranitar (Delta Species),LINKED
pkm-delta-species-17-113-4643a3d942,Delta Species,Umbreon δ,17/113,90151,Umbreon (Delta Species),LINKED
pkm-delta-species-18-113-6cd32cb817,Delta Species,Vaporeon δ,18/113,90290,Vaporeon (Delta Species),LINKED
pkm-delta-species-19-113-c11a5e80db,Delta Species,Azumarill δ,19/113,83687,Azumarill (Delta Species),LINKED
pkm-delta-species-20-113-6a1c792dc5,Delta Species,Azurill,20/113,83689,Azurill,LINKED
pkm-delta-species-21-113-c195540b7f,Delta Species,Holon's Electrode,21/113,86155,Holon's Electrode,LINKED
pkm-delta-species-22-113-f944d67998,Delta Species,Holon's Magneton,22/113,86157,Holon's Magneton,LINKED
pkm-delta-species-23-113-9b518b86af,Delta Species,Hypno,23/113,86253,Hypno,LINKED
pkm-delta-species-24-113-4e9e79871e,Delta Species,Mightyena δ,24/113,87450,Mightyena (Delta Species),LINKED
pkm-delta-species-25-113-5fb5b0366c,Delta Species,Porygon2,25/113,88325,Porygon2,LINKED
pkm-delta-species-26-113-b3376e5f75,Delta Species,Rain Castform,26/113,88544,Rain Castform,LINKED
pkm-delta-species-27-113-0b76d79193,Delta Species,Sandslash δ,27/113,88936,Sandslash (Delta Species),LINKED
pkm-delta-species-28-113-5cf4f5e91f,Delta Species,Slowking,28/113,89315,Slowking,LINKED
pkm-delta-species-29-113-f478ba6494,Delta Species,Snow-cloud Castform,29/113,89409,Snow-cloud Castform,LINKED
pkm-delta-species-30-113-7db92a491f,Delta Species,Starmie δ,30/113,89541,Starmie - 030/113 (Delta Species),SKIP_NAME_MISMATCH
pkm-delta-species-31-113-31c0032826,Delta Species,Sunny Castform,31/113,89624,Sunny Castform,LINKED
pkm-delta-species-32-113-deeae5e3ab,Delta Species,Swellow,32/113,89693,Swellow,LINKED
pkm-delta-species-33-113-d0eaaa6a96,Delta Species,Weezing,33/113,90561,Weezing,LINKED
pkm-delta-species-34-113-24341b8483,Delta Species,Castform,34/113,84127,Castform,LINKED
pkm-delta-species-35-113-9fd67f5087,Delta Species,Ditto,35/113,84832,Ditto,LINKED
pkm-delta-species-36-113-edc70bc5e7,Delta Species,Ditto,36/113,84833,Ditto (Bulbasaur),LINKED
pkm-delta-species-37-113-8a70cd2401,Delta Species,Ditto,37/113,84834,Ditto - 037/113 (Charmander),SKIP_NAME_MISMATCH
pkm-delta-species-38-113-32836bfd01,Delta Species,Ditto,38/113,84835,Ditto - 038/113 (Mr. Mime),SKIP_NAME_MISMATCH
pkm-delta-species-39-113-1c63b0c61a,Delta Species,Ditto,39/113,84836,Ditto - 039/113 (Pikachu),SKIP_NAME_MISMATCH
pkm-delta-species-40-113-8d1b89171a,Delta Species,Ditto,40/113,84837,Ditto - 040/113 (Squirtle),SKIP_NAME_MISMATCH
pkm-delta-species-41-113-f8b66c5185,Delta Species,Dragonair δ,41/113,84905,Dragonair - 41/113 (Delta Species),SKIP_NAME_MISMATCH
pkm-delta-species-42-113-5e12c7d90f,Delta Species,Dragonair δ,42/113,84906,Dragonair - 42/113 (Delta Species),SKIP_NAME_MISMATCH
pkm-delta-species-43-113-79c50f0996,Delta Species,Golbat,43/113,85795,Golbat,LINKED
pkm-delta-species-44-113-a1005017da,Delta Species,Hariyama,44/113,86013,Hariyama,LINKED
pkm-delta-species-45-113-e59383fc3a,Delta Species,Illumise,45/113,86266,Illumise,LINKED
pkm-delta-species-46-113-09478e21cd,Delta Species,Kakuna,46/113,86412,Kakuna,LINKED
pkm-delta-species-47-113-345bd9ae57,Delta Species,Kirlia,47/113,86463,Kirlia,LINKED
pkm-delta-species-48-113-d9da9c582a,Delta Species,Magneton,48/113,87104,Magneton,LINKED
pkm-delta-species-49-113-d19f4065b3,Delta Species,Metang δ,49/113,87384,Metang (Delta Species),LINKED
pkm-delta-species-50-113-c0736d5d0b,Delta Species,Persian,50/113,87985,Persian,LINKED
pkm-delta-species-51-113-3f750aadc0,Delta Species,Pupitar δ,51/113,88455,Pupitar (Delta Species),LINKED
pkm-delta-species-52-113-c704aba5f6,Delta Species,Rapidash,52/113,88582,Rapidash,LINKED
pkm-delta-species-53-113-864508146c,Delta Species,Shelgon δ,53/113,89132,Shelgon - 053/113 (Delta Species),SKIP_NAME_MISMATCH
pkm-delta-species-54-113-e6045e41c7,Delta Species,Shelgon δ,54/113,89133,Shelgon - 054/113 (Delta Species),SKIP_NAME_MISMATCH
pkm-delta-species-55-113-3d2853b8b3,Delta Species,Skarmory,55/113,89239,Skarmory,LINKED
pkm-delta-species-56-113-52048c05d8,Delta Species,Volbeat,56/113,90398,Volbeat,LINKED
pkm-delta-species-57-113-f33d52a0ba,Delta Species,Bagon δ,57/113,83703,Bagon - 057/113 (Delta Species),SKIP_NAME_MISMATCH
pkm-delta-species-58-113-dee92ae514,Delta Species,Bagon δ,58/113,83704,Bagon - 058/113 (Delta Species),SKIP_NAME_MISMATCH
pkm-delta-species-59-113-1836468abb,Delta Species,Beldum δ,59/113,83794,Beldum (Delta Species),LINKED
pkm-delta-species-60-113-ae00e42a1b,Delta Species,Cubone,60/113,84533,Cubone,LINKED
pkm-delta-species-61-113-835a81ed77,Delta Species,Ditto,61/113,84838,Ditto - 61/113 (Charmander),SKIP_NAME_MISMATCH
pkm-delta-species-62-113-2527044281,Delta Species,Ditto,62/113,84839,Ditto (Geodude),LINKED
pkm-delta-species-63-113-c62d999272,Delta Species,Ditto,63/113,84840,Ditto - 63/113 (Pikachu),SKIP_NAME_MISMATCH
pkm-delta-species-64-113-0bc50345eb,Delta Species,Ditto,64/113,84841,Ditto - 64/113 (Squirtle),SKIP_NAME_MISMATCH
pkm-delta-species-67-113-e2c38ee872,Delta Species,Drowzee,67/113,84975,Drowzee,LINKED
pkm-delta-species-68-113-f50cc3f6b0,Delta Species,Eevee δ,68/113,85097,Eevee - 068/113,SKIP_NAME_MISMATCH
pkm-delta-species-69-113-fa0b03b844,Delta Species,Eevee,69/113,85082,Eevee - 069/113,SKIP_NAME_MISMATCH
pkm-delta-species-70-113-5d8a13f231,Delta Species,Holon's Magnemite,70/113,86156,Holon's Magnemite,LINKED
pkm-delta-species-71-113-3191c05b44,Delta Species,Holon's Voltorb,71/113,86158,Holon's Voltorb,LINKED
pkm-delta-species-72-113-4c50598332,Delta Species,Koffing,72/113,86495,Koffing,LINKED
pkm-delta-species-73-113-0e60c32efb,Delta Species,Larvitar δ,73/113,86646,Larvitar (Delta Species),LINKED
pkm-delta-species-74-113-31741e3898,Delta Species,Magnemite,74/113,87078,Magnemite,LINKED
pkm-delta-species-75-113-210e83a0f8,Delta Species,Makuhita,75/113,87130,Makuhita,LINKED
pkm-delta-species-76-113-77f80ad7d8,Delta Species,Marill,76/113,87217,Marill,LINKED
pkm-delta-species-77-113-efb83ac97f,Delta Species,Meowth,77/113,87318,Meowth,LINKED
pkm-delta-species-78-113-d6d578aeac,Delta Species,Ponyta,78/113,88286,Ponyta,LINKED
pkm-delta-species-79-113-bdaba0ccf0,Delta Species,Poochyena,79/113,88297,Poochyena,LINKED
pkm-delta-species-80-113-f1a56e1883,Delta Species,Porygon,80/113,88310,Porygon,LINKED
pkm-delta-species-81-113-83cc3bef18,Delta Species,Ralts,81/113,88558,Ralts,LINKED
pkm-delta-species-82-113-ddb9a90eaf,Delta Species,Sandshrew,82/113,88923,Sandshrew,LINKED
pkm-delta-species-83-113-80e3c8fc9b,Delta Species,Slowpoke,83/113,89330,Slowpoke,LINKED
pkm-delta-species-84-113-46ac0101c5,Delta Species,Staryu,84/113,89548,Staryu - 084/113,SKIP_NAME_MISMATCH
pkm-delta-species-85-113-6926fc9c86,Delta Species,Staryu,85/113,89549,Staryu - 085/113,SKIP_NAME_MISMATCH
pkm-delta-species-86-113-7d80011e6a,Delta Species,Taillow,86/113,89734,Taillow,LINKED
pkm-delta-species-87-113-6e28088f1a,Delta Species,Weedle,87/113,90543,Weedle,LINKED
pkm-delta-species-88-113-eda9841790,Delta Species,Zubat,88/113,90773,Zubat,LINKED
pkm-delta-species-89-113-6b96066142,Delta Species,Dual Ball,89/113,84986,Dual Ball,LINKED
pkm-delta-species-90-113-16ef393c8f,Delta Species,Great Ball,90/113,85896,Great Ball,LINKED
pkm-delta-species-91-113-d07460bcf2,Delta Species,Holon Farmer,91/113,86142,Holon Farmer,LINKED
pkm-delta-species-92-113-4d78f44047,Delta Species,Holon Lass,92/113,86145,Holon Lass,LINKED
pkm-delta-species-93-113-e8474a982e,Delta Species,Holon Mentor,93/113,86147,Holon Mentor,LINKED
pkm-delta-species-94-113-deb318329b,Delta Species,Holon Research Tower,94/113,86149,Holon Research Tower,LINKED
pkm-delta-species-95-113-973c916cec,Delta Species,Holon Researcher,95/113,86150,Holon Researcher,LINKED
pkm-delta-species-96-113-d0421395e8,Delta Species,Holon Ruins,96/113,86151,Holon Ruins,LINKED
pkm-delta-species-97-113-ab1bcda176,Delta Species,Holon Scientist,97/113,86152,Holon Scientist,LINKED
pkm-delta-species-98-113-f33187190e,Delta Species,Holon Transceiver,98/113,86153,Holon Transceiver,LINKED
pkm-delta-species-99-113-742e82e98c,Delta Species,Master Ball,99/113,87254,Master Ball,LINKED
pkm-delta-species-100-113-d9d7dd74fd,Delta Species,Super Scoop Up,100/113,89637,Super Scoop Up,LINKED
pkm-delta-species-101-113-47322dd6a1,Delta Species,Potion,101/113,88338,Potion,LINKED
pkm-delta-species-102-113-1c43061032,Delta Species,Switch,102/113,89713,Switch,LINKED
pkm-delta-species-103-113-7c4d1557ad,Delta Species,Darkness Energy,103/113,84686,Darkness Energy (Special),LINKED
pkm-delta-species-104-113-3993c1f4be,Delta Species,Holon Energy FF,104/113,86136,Holon Energy FF,LINKED
pkm-delta-species-105-113-bcbca9756d,Delta Species,Holon Energy GL,105/113,86138,Holon Energy GL,LINKED
pkm-delta-species-106-113-44dc58b40c,Delta Species,Holon Energy WP,106/113,86140,Holon Energy WP,LINKED
pkm-delta-species-107-113-e680f5959a,Delta Species,Metal Energy,107/113,87359,Metal Energy (Special),LINKED
pkm-delta-species-108-113-d7d3aceed2,Delta Species,Flareon ex,108/113,85505,Flareon ex,LINKED
pkm-delta-species-109-113-e8de9afead,Delta Species,Jolteon ex,109/113,86352,Jolteon ex,LINKED
pkm-delta-species-110-113-11ab335d3f,Delta Species,Vaporeon ex,110/113,90293,Vaporeon ex,LINKED
pkm-delta-species-111-113-2cc34ae0a0,Delta Species,Groudon ★,111/113,85927,Groudon Star,SKIP_NAME_MISMATCH
pkm-delta-species-112-113-2928f0ceb2,Delta Species,Kyogre ★,112/113,86552,Kyogre Star,SKIP_NAME_MISMATCH
pkm-delta-species-113-113-60df97f11c,Delta Species,Metagross ★,113/113,87345,Metagross Star,SKIP_NAME_MISMATCH
pkm-delta-species-114-113-5570ec3105,Delta Species,Azumarill,114/113,83683,Azumarill,LINKED
pkm-deoxys-1-107-11f4ce99e7,Deoxys,Altaria,1/107,83514,Altaria,LINKED
pkm-deoxys-2-107-2fd4056fae,Deoxys,Beautifly,2/107,83757,Beautifly,LINKED
pkm-deoxys-3-107-7a43d3ebd3,Deoxys,Breloom,3/107,83955,Breloom,LINKED
pkm-deoxys-4-107-89632ac79f,Deoxys,Camerupt,4/107,97749,Camerupt,LINKED
pkm-deoxys-5-107-89bcf491f9,Deoxys,Claydol,5/107,84334,Claydol,LINKED
pkm-deoxys-6-107-40c386a6b5,Deoxys,Crawdaunt,6/107,84463,Crawdaunt,LINKED
pkm-deoxys-7-107-25a8e2dd2c,Deoxys,Dusclops,7/107,85025,Dusclops,LINKED
pkm-deoxys-8-107-1007423f81,Deoxys,Gyarados,8/107,85991,Gyarados,LINKED
pkm-deoxys-9-107-c178c33f78,Deoxys,Jirachi,9/107,86327,Jirachi,LINKED
pkm-deoxys-10-107-000bce6d10,Deoxys,Ludicolo,10/107,86897,Ludicolo - 010/107,SKIP_NAME_MISMATCH
pkm-deoxys-11-107-69265f733a,Deoxys,Metagross,11/107,87337,Metagross,LINKED
pkm-deoxys-12-107-c1486d5aab,Deoxys,Mightyena,12/107,87445,Mightyena,LINKED
pkm-deoxys-13-107-07223955ce,Deoxys,Ninjask,13/107,87785,Ninjask,LINKED
pkm-deoxys-14-107-672bf6ea21,Deoxys,Shedinja,14/107,89118,Shedinja,LINKED
pkm-deoxys-15-107-938d587081,Deoxys,Slaking,15/107,89289,Slaking,LINKED
pkm-deoxys-16-107-7154d1ccc1,Deoxys,Deoxys,16/107,84763,Deoxys (Normal Forme),LINKED
pkm-deoxys-17-107-5a49d711b7,Deoxys,Deoxys,17/107,84759,Deoxys (Attack Forme),LINKED
pkm-deoxys-18-107-655a98cbc8,Deoxys,Deoxys,18/107,84761,Deoxys (Defense Forme),LINKED
pkm-deoxys-19-107-3f47234c66,Deoxys,Ludicolo,19/107,86898,Ludicolo - 019/107,SKIP_NAME_MISMATCH
pkm-deoxys-20-107-4603f22df4,Deoxys,Magcargo,20/107,87013,Magcargo - 020/107,SKIP_NAME_MISMATCH
pkm-deoxys-21-107-ca9d26cf53,Deoxys,Pelipper,21/107,87976,Pelipper,LINKED
pkm-deoxys-22-107-9f34231655,Deoxys,Rayquaza,22/107,88625,Rayquaza,LINKED
pkm-deoxys-23-107-17739ecad3,Deoxys,Sableye,23/107,88848,Sableye,LINKED
pkm-deoxys-24-107-718776ccf4,Deoxys,Seaking,24/107,89025,Seaking,LINKED
pkm-deoxys-25-107-8b023b8d79,Deoxys,Shiftry,25/107,89155,Shiftry,LINKED
pkm-deoxys-26-107-585fe9d3a8,Deoxys,Skarmory,26/107,89238,Skarmory,LINKED
pkm-deoxys-27-107-8421d0cdb9,Deoxys,Tropius,27/107,90058,Tropius,LINKED
pkm-deoxys-28-107-76a7f23b91,Deoxys,Whiscash,28/107,90575,Whiscash,LINKED
pkm-deoxys-29-107-44d90ac3c7,Deoxys,Xatu,29/107,90663,Xatu,LINKED
pkm-deoxys-30-107-d1a09b31a7,Deoxys,Donphan,30/107,84873,Donphan,LINKED
pkm-deoxys-31-107-80e4b29319,Deoxys,Golbat,31/107,85794,Golbat,LINKED
pkm-deoxys-32-107-12544ea498,Deoxys,Grumpig,32/107,85965,Grumpig,LINKED
pkm-deoxys-33-107-9bdfc17a0e,Deoxys,Lombre,33/107,86816,Lombre - 033/107,SKIP_NAME_MISMATCH
pkm-deoxys-34-107-e4de04aee9,Deoxys,Lombre,34/107,86817,Lombre - 034/107,SKIP_NAME_MISMATCH
pkm-deoxys-35-107-9658a06975,Deoxys,Lotad,35/107,86833,Lotad - 035/107,SKIP_NAME_MISMATCH
pkm-deoxys-36-107-d1a516bfcb,Deoxys,Lunatone,36/107,86924,Lunatone,LINKED
pkm-deoxys-37-107-8aa3527eec,Deoxys,Magcargo,37/107,87014,Magcargo - 037/107,SKIP_NAME_MISMATCH
pkm-deoxys-38-107-76eccd24b0,Deoxys,Manectric,38/107,87155,Manectric,LINKED
pkm-deoxys-39-107-b9ce3a8b35,Deoxys,Masquerain,39/107,87246,Masquerain,LINKED
pkm-deoxys-40-107-35b7036c1c,Deoxys,Metang,40/107,87375,Metang,LINKED
pkm-deoxys-41-107-880fe06900,Deoxys,Minun,41/107,87484,Minun,LINKED
pkm-deoxys-42-107-a872716768,Deoxys,Nosepass,42/107,87798,Nosepass,LINKED
pkm-deoxys-43-107-265ebcb32f,Deoxys,Nuzleaf,43/107,87821,Nuzleaf,LINKED
pkm-deoxys-44-107-ca59cd8132,Deoxys,Plusle,44/107,88164,Plusle,LINKED
pkm-deoxys-45-107-51ca96c5da,Deoxys,Shelgon,45/107,89125,Shelgon,LINKED
pkm-deoxys-46-107-ca62dca1cb,Deoxys,Silcoon,46/107,89211,Silcoon,LINKED
pkm-deoxys-47-107-c02e2fe483,Deoxys,Solrock,47/107,89426,Solrock,LINKED
pkm-deoxys-48-107-f46b5ab9d0,Deoxys,Starmie,48/107,89533,Starmie,LINKED
pkm-deoxys-49-107-71e59a3a33,Deoxys,Swellow,49/107,89691,Swellow,LINKED
pkm-deoxys-50-107-1a2e3e2598,Deoxys,Vigoroth,50/107,90368,Vigoroth,LINKED
pkm-deoxys-51-107-7be3a76a95,Deoxys,Weezing,51/107,90560,Weezing,LINKED
pkm-deoxys-52-107-336401aec9,Deoxys,Bagon,52/107,83695,Bagon,LINKED
pkm-deoxys-53-107-b2eb7184c7,Deoxys,Baltoy,53/107,83712,Baltoy,LINKED
pkm-deoxys-54-107-de199ed6ea,Deoxys,Barboach,54/107,83727,Barboach,LINKED
pkm-deoxys-55-107-808063216e,Deoxys,Beldum,55/107,83785,Beldum,LINKED
pkm-deoxys-56-107-75e8513b91,Deoxys,Carvanha,56/107,84112,Carvanha,LINKED
pkm-deoxys-57-107-5ec618845c,Deoxys,Corphish,57/107,84432,Corphish,LINKED
pkm-deoxys-58-107-a607f826b1,Deoxys,Duskull,58/107,85046,Duskull,LINKED
pkm-deoxys-59-107-9a2467774d,Deoxys,Electrike,59/107,85132,Electrike - 059/107,SKIP_NAME_MISMATCH
pkm-deoxys-60-107-65d0552f7e,Deoxys,Electrike,60/107,85133,Electrike - 060/107,SKIP_NAME_MISMATCH
pkm-deoxys-61-107-11937b4fb3,Deoxys,Goldeen,61/107,85806,Goldeen,LINKED
pkm-deoxys-62-107-f243b4fc7e,Deoxys,Koffing,62/107,86494,Koffing,LINKED
pkm-deoxys-63-107-624baaf024,Deoxys,Lotad,63/107,86834,Lotad - 063/107,SKIP_NAME_MISMATCH
pkm-deoxys-64-107-076d4c0278,Deoxys,Magikarp,64/107,87028,Magikarp,LINKED
pkm-deoxys-65-107-904a0b1e80,Deoxys,Makuhita,65/107,87128,Makuhita,LINKED
pkm-deoxys-66-107-4b0199fe90,Deoxys,Natu,66/107,87684,Natu,LINKED
pkm-deoxys-67-107-8f1902b619,Deoxys,Nincada,67/107,87759,Nincada,LINKED
pkm-deoxys-68-107-8d42f01380,Deoxys,Numel,68/107,87809,Numel,LINKED
pkm-deoxys-69-107-4b8bcd3332,Deoxys,Phanpy,69/107,87999,Phanpy,LINKED
pkm-deoxys-70-107-3b41ce9c3e,Deoxys,Poochyena,70/107,88296,Poochyena,LINKED
pkm-deoxys-71-107-d368be36f1,Deoxys,Seedot,71/107,89039,Seedot,LINKED
pkm-deoxys-72-107-e9ab775ff0,Deoxys,Shroomish,72/107,89183,Shroomish,LINKED
pkm-deoxys-73-107-b78f0ea233,Deoxys,Slakoth,73/107,89296,Slakoth,LINKED
pkm-deoxys-74-107-4c486ceba8,Deoxys,Slugma,74/107,89342,Slugma - 074/107,SKIP_NAME_MISMATCH
pkm-deoxys-75-107-9f16412424,Deoxys,Slugma,75/107,89343,Slugma - 075/107,SKIP_NAME_MISMATCH
pkm-deoxys-76-107-d336497568,Deoxys,Spoink,76/107,89472,Spoink,LINKED
pkm-deoxys-77-107-cbc4f6867c,Deoxys,Staryu,77/107,89547,Staryu,LINKED
pkm-deoxys-78-107-5eeed05aca,Deoxys,Surskit,78/107,89648,Surskit,LINKED
pkm-deoxys-79-107-859a615302,Deoxys,Swablu,79/107,89654,Swablu,LINKED
pkm-deoxys-80-107-8613a9c625,Deoxys,Taillow,80/107,89732,Taillow,LINKED
pkm-deoxys-81-107-31738aad67,Deoxys,Wingull,81/107,90607,Wingull,LINKED
pkm-deoxys-82-107-138c579cd0,Deoxys,Wurmple,82/107,90649,Wurmple,LINKED
pkm-deoxys-83-107-b4cf5cb08c,Deoxys,Zubat,83/107,90772,Zubat,LINKED
pkm-deoxys-84-107-8b740628bc,Deoxys,Balloon Berry,84/107,83706,Balloon Berry,LINKED
pkm-deoxys-85-107-ee33d2133d,Deoxys,Crystal Shard,85/107,84520,Crystal Shard,LINKED
pkm-deoxys-86-107-751f71ce46,Deoxys,Energy Charge,86/107,85211,Energy Charge,LINKED
pkm-deoxys-88-107-09f3bda013,Deoxys,Master Ball,88/107,87253,Master Ball,LINKED
pkm-deoxys-89-107-759b7d4227,Deoxys,Meteor Falls,89/107,87392,Meteor Falls,LINKED
pkm-deoxys-90-107-ceaa8c7a8b,Deoxys,Professor Cozmo's Discovery,90/107,88384,Professor Cozmo's Discovery,LINKED
pkm-deoxys-91-107-0d23946b62,Deoxys,Space Center,91/107,89434,Space Center,LINKED
pkm-deoxys-92-107-f38845f180,Deoxys,Strength Charm,92/107,89575,Strength Charm,LINKED
pkm-deoxys-93-107-903a83e1c2,Deoxys,Boost Energy,93/107,83938,Boost Energy,LINKED
pkm-deoxys-94-107-6b0a9f1784,Deoxys,Heal Energy,94/107,86037,Heal Energy,LINKED
pkm-deoxys-95-107-b6bd6ce76a,Deoxys,Scramble Energy,95/107,88987,Scramble Energy,LINKED
pkm-deoxys-96-107-82a5859665,Deoxys,Crobat ex,96/107,84493,Crobat ex,LINKED
pkm-deoxys-97-107-7d650e1535,Deoxys,Deoxys ex,97/107,84772,Deoxys ex (Normal Forme),LINKED
pkm-deoxys-98-107-4c90e06881,Deoxys,Deoxys ex,98/107,84770,Deoxys ex (Attack Forme),LINKED
pkm-deoxys-99-107-c44f228570,Deoxys,Deoxys ex,99/107,84771,Deoxys ex (Defense Forme),LINKED
pkm-deoxys-100-107-add1da8c52,Deoxys,Hariyama ex,100/107,86018,Hariyama ex,LINKED
pkm-deoxys-101-107-42cc175c80,Deoxys,Manectric ex,101/107,87167,Manectric ex,LINKED
pkm-deoxys-102-107-0b8b19bc92,Deoxys,Rayquaza ex,102/107,88643,Rayquaza ex,LINKED
pkm-deoxys-103-107-62e1c0eb7f,Deoxys,Salamence ex,103/107,88903,Salamence ex,LINKED
pkm-deoxys-104-107-d8ba06cb14,Deoxys,Sharpedo ex,104/107,89104,Sharpedo ex,LINKED
pkm-deoxys-105-107-d72c5e84a3,Deoxys,Latias ★,105/107,86658,Latias Star,SKIP_NAME_MISMATCH
pkm-deoxys-106-107-1c71e55b3c,Deoxys,Latios ★,106/107,86672,Latios Star,SKIP_NAME_MISMATCH
pkm-deoxys-107-107-76813e4a82,Deoxys,Rayquaza ★,107/107,88636,Rayquaza Star,SKIP_NAME_MISMATCH
pkm-deoxys-108-107-cccbdf0f9f,Deoxys,Rocket's Raikou ex,108/107,88785,Rocket's Raikou ex,LINKED
pkm-dragon-frontiers-1-101-05a62399d8,Dragon Frontiers,Ampharos δ,1/101,83549,Ampharos (Delta Species),LINKED
pkm-dragon-frontiers-2-101-63510c3dd0,Dragon Frontiers,Feraligatr δ,2/101,85423,Feraligatr (Delta Species),LINKED
pkm-dragon-frontiers-3-101-79beb8738c,Dragon Frontiers,Heracross δ,3/101,86067,Heracross (Delta Species),LINKED
pkm-dragon-frontiers-4-101-3746534723,Dragon Frontiers,Meganium δ,4/101,87297,Meganium (Delta Species),LINKED
pkm-dragon-frontiers-5-101-39e5bf605a,Dragon Frontiers,Milotic δ,5/101,87458,Milotic (Delta Species),LINKED
pkm-dragon-frontiers-6-101-0f3dcf8b99,Dragon Frontiers,Nidoking δ,6/101,87701,Nidoking (Delta Species),LINKED
pkm-dragon-frontiers-7-101-8143be9426,Dragon Frontiers,Nidoqueen δ,7/101,87712,Nidoqueen (Delta Species),LINKED
pkm-dragon-frontiers-8-101-40d7bf91a7,Dragon Frontiers,Ninetales δ,8/101,87781,Ninetales (Delta Species),LINKED
pkm-dragon-frontiers-9-101-fdbb0f1efd,Dragon Frontiers,Pinsir δ,9/101,88141,Pinsir (Delta Species),LINKED
pkm-dragon-frontiers-10-101-cdcb2842e3,Dragon Frontiers,Snorlax δ,10/101,89395,Snorlax (Delta Species),LINKED
pkm-dragon-frontiers-11-101-b2815f8cf1,Dragon Frontiers,Togetic δ,11/101,89946,Togetic (Delta Species),LINKED
pkm-dragon-frontiers-12-101-591e7bf541,Dragon Frontiers,Typhlosion δ,12/101,90110,Typhlosion (Delta Species),LINKED
pkm-dragon-frontiers-13-101-44ba284e39,Dragon Frontiers,Arbok δ,13/101,83572,Arbok (Delta Species),LINKED
pkm-dragon-frontiers-14-101-abc8013b3b,Dragon Frontiers,Cloyster δ,14/101,84376,Cloyster (Delta Species),LINKED
pkm-dragon-frontiers-15-101-661ad3d37f,Dragon Frontiers,Dewgong δ,15/101,84792,Dewgong (Delta Species),LINKED
pkm-dragon-frontiers-16-101-e915e0d66e,Dragon Frontiers,Gligar δ,16/101,85770,Gligar (Delta Species),LINKED
pkm-dragon-frontiers-17-101-5925e1231a,Dragon Frontiers,Jynx δ,17/101,86378,Jynx (Delta Species),LINKED
pkm-dragon-frontiers-18-101-4bc0f9fabc,Dragon Frontiers,Ledian δ,18/101,86697,Ledian (Delta Species),LINKED
pkm-dragon-frontiers-19-101-266219c1ab,Dragon Frontiers,Lickitung δ,19/101,86724,Lickitung (Delta Species),LINKED
pkm-dragon-frontiers-21-101-99769474d7,Dragon Frontiers,Quagsire δ,21/101,88475,Quagsire (Delta Species),LINKED
pkm-dragon-frontiers-22-101-8e455ed7cd,Dragon Frontiers,Seadra δ,22/101,89019,Seadra - 022/101 (Delta Species),SKIP_NAME_MISMATCH
pkm-dragon-frontiers-23-101-319cee1358,Dragon Frontiers,Tropius δ,23/101,90064,Tropius (Delta Species),LINKED
pkm-dragon-frontiers-24-101-26ed44affa,Dragon Frontiers,Vibrava δ,24/101,90341,Vibrava - 024/101 (Delta Species),SKIP_NAME_MISMATCH
pkm-dragon-frontiers-25-101-82bb761525,Dragon Frontiers,Xatu δ,25/101,90668,Xatu (Delta Species),LINKED
pkm-dragon-frontiers-26-101-5f89b26e04,Dragon Frontiers,Bayleef δ,26/101,83750,Bayleef (Delta Species),LINKED
pkm-dragon-frontiers-27-101-655150657c,Dragon Frontiers,Croconaw δ,27/101,84504,Croconaw (Delta Species),LINKED
pkm-dragon-frontiers-28-101-083358a7e4,Dragon Frontiers,Dragonair δ,28/101,84907,Dragonair (Delta Species),LINKED
pkm-dragon-frontiers-29-101-b2f4d5d408,Dragon Frontiers,Electabuzz δ,29/101,85119,Electabuzz (Delta Species),LINKED
pkm-dragon-frontiers-30-101-ec2048da35,Dragon Frontiers,Flaaffy δ,30/101,85487,Flaaffy (Delta Species),LINKED
pkm-dragon-frontiers-31-101-9443a96049,Dragon Frontiers,Horsea δ,31/101,86195,Horsea - 031/101 (Delta Species),SKIP_NAME_MISMATCH
pkm-dragon-frontiers-32-101-abca889b2f,Dragon Frontiers,Kirlia,32/101,86464,Kirlia,LINKED
pkm-dragon-frontiers-33-101-8ffde46b88,Dragon Frontiers,Kirlia δ,33/101,86473,Kirlia (Delta Species),LINKED
pkm-dragon-frontiers-34-101-a9c2b7ca64,Dragon Frontiers,Nidorina δ,34/101,87740,Nidorina (Delta Species),LINKED
pkm-dragon-frontiers-35-101-628decdf25,Dragon Frontiers,Nidorino δ,35/101,87749,Nidorino (Delta Species),LINKED
pkm-dragon-frontiers-36-101-6284d5b9ee,Dragon Frontiers,Quilava δ,36/101,88488,Quilava (Delta Species),LINKED
pkm-dragon-frontiers-37-101-b9a62a0d4e,Dragon Frontiers,Seadra δ,37/101,89020,Seadra - 037/101 (Delta Species),SKIP_NAME_MISMATCH
pkm-dragon-frontiers-38-101-d5989c1bf5,Dragon Frontiers,Shelgon δ,38/101,89134,Shelgon (Delta Species),LINKED
pkm-dragon-frontiers-39-101-40714fc926,Dragon Frontiers,Smeargle δ,39/101,89358,Smeargle (Delta Species),LINKED
pkm-dragon-frontiers-40-101-a200941be1,Dragon Frontiers,Swellow δ,40/101,89696,Swellow (Delta Species),LINKED
pkm-dragon-frontiers-41-101-ccc1ed6010,Dragon Frontiers,Togepi δ,41/101,89938,Togepi (Delta Species),LINKED
pkm-dragon-frontiers-42-101-116930d43c,Dragon Frontiers,Vibrava δ,42/101,90342,Vibrava - 042/101 (Delta Species),SKIP_NAME_MISMATCH
pkm-dragon-frontiers-43-101-5e040e2c1c,Dragon Frontiers,Bagon δ,43/101,83705,Bagon (Delta Species),LINKED
pkm-dragon-frontiers-44-101-d7b2344201,Dragon Frontiers,Chikorita δ,44/101,84281,Chikorita (Delta Species),LINKED
pkm-dragon-frontiers-45-101-bc7f6ff808,Dragon Frontiers,Cyndaquil δ,45/101,84554,Cyndaquil (Delta Species),LINKED
pkm-dragon-frontiers-47-101-a95389bb42,Dragon Frontiers,Ekans δ,47/101,85105,Ekans (Delta Species),LINKED
pkm-dragon-frontiers-48-101-2ec56add44,Dragon Frontiers,Elekid δ,48/101,85173,Elekid (Delta Species),LINKED
pkm-dragon-frontiers-49-101-1379d5fa95,Dragon Frontiers,Feebas δ,49/101,85407,Feebas (Delta Species),LINKED
pkm-dragon-frontiers-50-101-44f9c61302,Dragon Frontiers,Horsea δ,50/101,86196,Horsea - 050/101 (Delta Species),SKIP_NAME_MISMATCH
pkm-dragon-frontiers-51-101-e6ba650712,Dragon Frontiers,Larvitar,51/101,86641,Larvitar,LINKED
pkm-dragon-frontiers-52-101-03cdfbe89c,Dragon Frontiers,Larvitar δ,52/101,86647,Larvitar (Delta Species),LINKED
pkm-dragon-frontiers-53-101-779cd04b1c,Dragon Frontiers,Ledyba δ,53/101,86707,Ledyba (Delta Species),LINKED
pkm-dragon-frontiers-54-101-3a54cdc06d,Dragon Frontiers,Mareep δ,54/101,87209,Mareep (Delta Species),LINKED
pkm-dragon-frontiers-55-101-59d310d107,Dragon Frontiers,Natu δ,55/101,87689,Natu (Delta Species),LINKED
pkm-dragon-frontiers-56-101-51bff75e49,Dragon Frontiers,Nidoran ♀ δ,56/101,87722,Nidoran F (Delta Species),SKIP_NAME_MISMATCH
pkm-dragon-frontiers-57-101-b5e8226eb7,Dragon Frontiers,Nidoran ♂ δ,57/101,87731,Nidoran M (Delta Species),SKIP_NAME_MISMATCH
pkm-dragon-frontiers-58-101-7e07d9a716,Dragon Frontiers,Pupitar,58/101,88450,Pupitar,LINKED
pkm-dragon-frontiers-59-101-a350a2be06,Dragon Frontiers,Pupitar δ,59/101,88456,Pupitar (Delta Species),LINKED
pkm-dragon-frontiers-60-101-da7fa2b68f,Dragon Frontiers,Ralts,60/101,88559,Ralts,LINKED
pkm-dragon-frontiers-61-101-3566eaccd0,Dragon Frontiers,Ralts δ,61/101,88568,Ralts (Delta Species),LINKED
pkm-dragon-frontiers-62-101-f7b06fda70,Dragon Frontiers,Seel δ,62/101,89055,Seel (Delta Species),LINKED
pkm-dragon-frontiers-63-101-7f645757ae,Dragon Frontiers,Shellder δ,63/101,89140,Shellder (Delta Species),LINKED
pkm-dragon-frontiers-64-101-269f0b2f28,Dragon Frontiers,Smoochum δ,64/101,89365,Smoochum (Delta Species),LINKED
pkm-dragon-frontiers-65-101-7dd18a837f,Dragon Frontiers,Swablu δ,65/101,89664,Swablu (Delta Species),LINKED
pkm-dragon-frontiers-66-101-284e2c06d3,Dragon Frontiers,Taillow δ,66/101,89738,Taillow (Delta Species),LINKED
pkm-dragon-frontiers-67-101-63e38ef034,Dragon Frontiers,Totodile δ,67/101,90004,Totodile (Delta Species),LINKED
pkm-dragon-frontiers-68-101-413076a19d,Dragon Frontiers,Trapinch δ,68/101,90027,Trapinch - 068/101 (Delta Species),SKIP_NAME_MISMATCH
pkm-dragon-frontiers-69-101-614a5da1a0,Dragon Frontiers,Trapinch δ,69/101,90028,Trapinch - 069/101 (Delta Species),SKIP_NAME_MISMATCH
pkm-dragon-frontiers-70-101-77d53c6be7,Dragon Frontiers,Vulpix δ,70/101,90449,Vulpix (Delta Species),LINKED
pkm-dragon-frontiers-71-101-edc8c6790c,Dragon Frontiers,Wooper δ,71/101,90639,Wooper (Delta Species),LINKED
pkm-dragon-frontiers-72-101-7c0a75f48a,Dragon Frontiers,Buffer Piece,72/101,84013,Buffer Piece,LINKED
pkm-dragon-frontiers-73-101-cac196ddf3,Dragon Frontiers,Copycat,73/101,84425,Copycat,LINKED
pkm-dragon-frontiers-74-101-641ed4a57b,Dragon Frontiers,Holon Legacy,74/101,86146,Holon Legacy,LINKED
pkm-dragon-frontiers-75-101-55972a6c27,Dragon Frontiers,Holon Mentor,75/101,86148,Holon Mentor,LINKED
pkm-dragon-frontiers-76-101-ee9177aa3b,Dragon Frontiers,Island Hermit,76/101,86291,Island Hermit,LINKED
pkm-dragon-frontiers-77-101-4e5a5910a8,Dragon Frontiers,Mr. Stone's Project,77/101,87602,Mr. Stone's Project,LINKED
pkm-dragon-frontiers-78-101-0108315ad0,Dragon Frontiers,Old Rod,78/101,87852,Old Rod,LINKED
pkm-dragon-frontiers-79-101-a8d1088c89,Dragon Frontiers,Professor Elm's Training Method,79/101,88391,Professor Elm's Training Method,LINKED
pkm-dragon-frontiers-80-101-08f4af5fb2,Dragon Frontiers,Professor Oak's Research,80/101,88404,Professor Oak's Research,LINKED
pkm-dragon-frontiers-81-101-7cc9cfa6d8,Dragon Frontiers,Strength Charm,81/101,89576,Strength Charm,LINKED
pkm-dragon-frontiers-82-101-45c31f8427,Dragon Frontiers,TV Reporter,82/101,90085,TV Reporter,LINKED
pkm-dragon-frontiers-83-101-ec26967160,Dragon Frontiers,Switch,83/101,89714,Switch,LINKED
pkm-dragon-frontiers-84-101-65bc5c29b7,Dragon Frontiers,Holon Energy FF,84/101,86137,Holon Energy FF,LINKED
pkm-dragon-frontiers-85-101-fdd49e5622,Dragon Frontiers,Holon Energy GL,85/101,86139,Holon Energy GL,LINKED
pkm-dragon-frontiers-86-101-90d2fb14e9,Dragon Frontiers,Holon Energy WP,86/101,86141,Holon Energy WP,LINKED
pkm-dragon-frontiers-87-101-9ac3d913b8,Dragon Frontiers,Boost Energy,87/101,83940,Boost Energy,LINKED
pkm-dragon-frontiers-88-101-a0a3487116,Dragon Frontiers,δ Rainbow Energy,88/101,84755,Delta Rainbow Energy,SKIP_NAME_MISMATCH
pkm-dragon-frontiers-89-101-1118b43577,Dragon Frontiers,Scramble Energy,89/101,88989,Scramble Energy,LINKED
pkm-dragon-frontiers-90-101-f7f1433061,Dragon Frontiers,Altaria ex δ,90/101,83525,Altaria ex (Delta Species),LINKED
pkm-dragon-frontiers-91-101-e65b8a9f5a,Dragon Frontiers,Dragonite ex δ,91/101,84919,Dragonite ex (Delta Species),LINKED
pkm-dragon-frontiers-92-101-95221d06c2,Dragon Frontiers,Flygon ex δ,92/101,85532,Flygon ex (Delta Species),LINKED
pkm-dragon-frontiers-93-101-d7df9e53fd,Dragon Frontiers,Gardevoir ex δ,93/101,85642,Gardevoir ex (Delta Species),LINKED
pkm-dragon-frontiers-94-101-2d04e3996f,Dragon Frontiers,Kingdra ex δ,94/101,86452,Kingdra ex (Delta Species),LINKED
pkm-dragon-frontiers-95-101-c79fb9a21b,Dragon Frontiers,Latias ex δ,95/101,86661,Latias ex (Delta Species),LINKED
pkm-dragon-frontiers-96-101-90de568f00,Dragon Frontiers,Latios ex δ,96/101,86675,Latios ex (Delta Species),LINKED
pkm-dragon-frontiers-97-101-2fcad6f299,Dragon Frontiers,Rayquaza ex δ,97/101,88647,Rayquaza ex (Delta Species),LINKED
pkm-dragon-frontiers-98-101-c194821f37,Dragon Frontiers,Salamence ex δ,98/101,88905,Salamence ex (Delta Species),LINKED
pkm-dragon-frontiers-99-101-1fb90495c2,Dragon Frontiers,Tyranitar ex δ,99/101,90126,Tyranitar ex (Delta Species),LINKED
pkm-dragon-frontiers-100-101-9349d05066,Dragon Frontiers,Charizard ★ δ,100/101,84198,Charizard Star (Delta Species),SKIP_NAME_MISMATCH
pkm-dragon-frontiers-101-101-f8de40868e,Dragon Frontiers,Mew ★ δ,101/101,87408,Mew Star (Delta Species),SKIP_NAME_MISMATCH
pkm-dragon-1-97-8a7a45c207,Dragon,Absol,1/97,83449,Absol,LINKED
pkm-dragon-2-97-a99ebb8330,Dragon,Altaria,2/97,83513,Altaria,LINKED
pkm-dragon-3-97-b2eec08d1a,Dragon,Crawdaunt,3/97,84461,Crawdaunt - 3/97,SKIP_NAME_MISMATCH
pkm-dragon-4-97-7cb1b0db3d,Dragon,Flygon,4/97,85521,Flygon - 4/97,SKIP_NAME_MISMATCH
pkm-dragon-5-97-166614f10a,Dragon,Golem,5/97,85826,Golem,LINKED
pkm-dragon-6-97-f1ef500d75,Dragon,Grumpig,6/97,85964,Grumpig,LINKED
pkm-dragon-7-97-30f8874d25,Dragon,Minun,7/97,87481,Minun,LINKED
pkm-dragon-8-97-15d6137234,Dragon,Plusle,8/97,88161,Plusle,LINKED
pkm-dragon-9-97-f33a8e595d,Dragon,Roselia,9/97,88817,Roselia,LINKED
pkm-dragon-10-97-4c9a47b600,Dragon,Salamence,10/97,88895,Salamence - 10/97,SKIP_NAME_MISMATCH
pkm-dragon-11-97-56537c3426,Dragon,Shedinja,11/97,89117,Shedinja,LINKED
pkm-dragon-12-97-88d1baf682,Dragon,Torkoal,12/97,89966,Torkoal,LINKED
pkm-dragon-13-97-2379679dc7,Dragon,Crawdaunt,13/97,84462,Crawdaunt - 13/97,SKIP_NAME_MISMATCH
pkm-dragon-14-97-1d9b85cc0d,Dragon,Dragonair,14/97,84899,Dragonair - 14/97,SKIP_NAME_MISMATCH
pkm-dragon-15-97-67a658fae4,Dragon,Flygon,15/97,85522,Flygon - 15/97,SKIP_NAME_MISMATCH
pkm-dragon-16-97-ee48b7df82,Dragon,Girafarig,16/97,85729,Girafarig,LINKED
pkm-dragon-17-97-72a2721dd9,Dragon,Magneton,17/97,87100,Magneton - 17/97,SKIP_NAME_MISMATCH
pkm-dragon-18-97-ebefabaaef,Dragon,Ninjask,18/97,87783,Ninjask - 18/97,SKIP_NAME_MISMATCH
pkm-dragon-19-97-280b9c0a89,Dragon,Salamence,19/97,88896,Salamence - 19/97,SKIP_NAME_MISMATCH
pkm-dragon-20-97-952d5f0eb4,Dragon,Shelgon,20/97,89122,Shelgon - 20/97,SKIP_NAME_MISMATCH
pkm-dragon-21-97-d6663ca512,Dragon,Skarmory,21/97,89237,Skarmory,LINKED
pkm-dragon-22-97-8d19b924bf,Dragon,Vibrava,22/97,90332,Vibrava - 22/97,SKIP_NAME_MISMATCH
pkm-dragon-23-97-bd5b27b3bd,Dragon,Bagon,23/97,83691,Bagon - 23/97,SKIP_NAME_MISMATCH
pkm-dragon-24-97-124ba35e3a,Dragon,Camerupt,24/97,84088,Camerupt,LINKED
pkm-dragon-25-97-802f48a790,Dragon,Combusken,25/97,84402,Combusken,LINKED
pkm-dragon-27-97-7ca13261d7,Dragon,Flaaffy,27/97,85476,Flaaffy,LINKED
pkm-dragon-28-97-2c2f58ede0,Dragon,Forretress,28/97,85547,Forretress,LINKED
pkm-dragon-29-97-22a31575ae,Dragon,Graveler,29/97,85889,Graveler - 29/97,SKIP_NAME_MISMATCH
pkm-dragon-30-97-5e9a40a42f,Dragon,Graveler,30/97,85890,Graveler - 30/97,SKIP_NAME_MISMATCH
pkm-dragon-31-97-e09ceb4e67,Dragon,Grovyle,31/97,85937,Grovyle,LINKED
pkm-dragon-32-97-7782e7f543,Dragon,Gyarados,32/97,85990,Gyarados,LINKED
pkm-dragon-33-97-5ee83c7b41,Dragon,Horsea,33/97,86188,Horsea - 33/97,SKIP_NAME_MISMATCH
pkm-dragon-34-97-32a7f9f3bb,Dragon,Houndoom,34/97,86205,Houndoom,LINKED
pkm-dragon-35-97-86116fd672,Dragon,Magneton,35/97,87101,Magneton - 35/97,SKIP_NAME_MISMATCH
pkm-dragon-36-97-72986876e1,Dragon,Marshtomp,36/97,87234,Marshtomp,LINKED
pkm-dragon-37-97-29c6e68875,Dragon,Meditite,37/97,87278,Meditite,LINKED
pkm-dragon-38-97-8bc9e31914,Dragon,Ninjask,38/97,87784,Ninjask - 38/97,SKIP_NAME_MISMATCH
pkm-dragon-39-97-ae1b198292,Dragon,Seadra,39/97,89012,Seadra - 39/97,SKIP_NAME_MISMATCH
pkm-dragon-40-97-57763027c1,Dragon,Seadra,40/97,89013,Seadra - 40/97,SKIP_NAME_MISMATCH
pkm-dragon-41-97-30abc7e30e,Dragon,Shelgon,41/97,89123,Shelgon - 41/97,SKIP_NAME_MISMATCH
pkm-dragon-42-97-cc837f4591,Dragon,Shelgon,42/97,89124,Shelgon - 42/97,SKIP_NAME_MISMATCH
pkm-dragon-43-97-eebf2dd0f7,Dragon,Shuppet,43/97,89195,Shuppet,LINKED
pkm-dragon-44-97-f6988d4183,Dragon,Snorunt,44/97,89398,Snorunt,LINKED
pkm-dragon-45-97-498b200705,Dragon,Swellow,45/97,89689,Swellow,LINKED
pkm-dragon-46-97-643e82406a,Dragon,Vibrava,46/97,90333,Vibrava - 46/97,SKIP_NAME_MISMATCH
pkm-dragon-47-97-a87c07c572,Dragon,Vibrava,47/97,90334,Vibrava - 47/97,SKIP_NAME_MISMATCH
pkm-dragon-48-97-ea821b1e8b,Dragon,Whiscash,48/97,90574,Whiscash,LINKED
pkm-dragon-49-97-3d3f28a267,Dragon,Bagon,49/97,83692,Bagon - 49/97,SKIP_NAME_MISMATCH
pkm-dragon-50-97-245be64aa6,Dragon,Bagon,50/97,83693,Bagon - 50/97,SKIP_NAME_MISMATCH
pkm-dragon-51-97-1d68b196e9,Dragon,Barboach,51/97,83726,Barboach,LINKED
pkm-dragon-52-97-1ed3bbc62b,Dragon,Corphish,52/97,84429,Corphish - 52/97,SKIP_NAME_MISMATCH
pkm-dragon-53-97-e3051e8d5a,Dragon,Corphish,53/97,84430,Corphish - 53/97,SKIP_NAME_MISMATCH
pkm-dragon-54-97-8959d5ebc8,Dragon,Corphish,54/97,84431,Corphish - 54/97,SKIP_NAME_MISMATCH
pkm-dragon-55-97-86ff500100,Dragon,Geodude,55/97,85687,Geodude - 55/97,SKIP_NAME_MISMATCH
pkm-dragon-56-97-0c41d7cc83,Dragon,Geodude,56/97,85688,Geodude - 56/97,SKIP_NAME_MISMATCH
pkm-dragon-57-97-9529b85120,Dragon,Grimer,57/97,85908,Grimer,LINKED
pkm-dragon-58-97-38ea5c5c6a,Dragon,Horsea,58/97,86189,Horsea - 58/97,SKIP_NAME_MISMATCH
pkm-dragon-59-97-ee8c8ec611,Dragon,Houndour,59/97,86224,Houndour,LINKED
pkm-dragon-60-97-951664cada,Dragon,Magikarp,60/97,87025,Magikarp,LINKED
pkm-dragon-61-97-b951e4e215,Dragon,Magnemite,61/97,87072,Magnemite - 61/97,SKIP_NAME_MISMATCH
pkm-dragon-62-97-e7a16ef8df,Dragon,Magnemite,62/97,87073,Magnemite - 62/97,SKIP_NAME_MISMATCH
pkm-dragon-63-97-f521d83688,Dragon,Magnemite,63/97,87074,Magnemite - 63/97,SKIP_NAME_MISMATCH
pkm-dragon-64-97-085f9b5aaa,Dragon,Mareep,64/97,87197,Mareep,LINKED
pkm-dragon-65-97-2d8e2bd5b2,Dragon,Mudkip,65/97,87607,Mudkip,LINKED
pkm-dragon-66-97-ed39a313da,Dragon,Nincada,66/97,87756,Nincada - 66/97,SKIP_NAME_MISMATCH
pkm-dragon-67-97-1f0cd26c14,Dragon,Nincada,67/97,87757,Nincada - 67/97,SKIP_NAME_MISMATCH
pkm-dragon-68-97-ba7559124c,Dragon,Nincada,68/97,87758,Nincada - 68/97,SKIP_NAME_MISMATCH
pkm-dragon-69-97-202b4a7485,Dragon,Numel,69/97,87806,Numel - 69/97,SKIP_NAME_MISMATCH
pkm-dragon-70-97-ae351afb24,Dragon,Numel,70/97,87807,Numel,LINKED
pkm-dragon-71-97-7d9565a07f,Dragon,Pineco,71/97,88126,Pineco,LINKED
pkm-dragon-72-97-5643b6de6e,Dragon,Slugma,72/97,89340,Slugma,LINKED
pkm-dragon-73-97-82b04e7cd8,Dragon,Spoink,73/97,89470,Spoink - 73/97,SKIP_NAME_MISMATCH
pkm-dragon-74-97-2ced78f1ba,Dragon,Spoink,74/97,89471,Spoink - 74/97,SKIP_NAME_MISMATCH
pkm-dragon-75-97-f812fcceb1,Dragon,Swablu,75/97,89653,Swablu,LINKED
pkm-dragon-76-97-21097969d7,Dragon,Taillow,76/97,89731,Taillow,LINKED
pkm-dragon-77-97-2d7bade9a1,Dragon,Torchic,77/97,89951,Torchic,LINKED
pkm-dragon-78-97-fc9ad8ad30,Dragon,Trapinch,78/97,90019,Trapinch - 78/97,SKIP_NAME_MISMATCH
pkm-dragon-79-97-381ce67b31,Dragon,Trapinch,79/97,90020,Trapinch - 79/97,SKIP_NAME_MISMATCH
pkm-dragon-80-97-1790561c58,Dragon,Treecko,80/97,90034,Treecko,LINKED
pkm-dragon-81-97-932674fff2,Dragon,Wurmple,81/97,90648,Wurmple,LINKED
pkm-dragon-82-97-f03132a979,Dragon,Balloon Berry,82/97,83708,Balloon Berry,LINKED
pkm-dragon-83-97-2708ba4683,Dragon,Buffer Piece,83/97,84012,Buffer Piece,LINKED
pkm-dragon-84-97-4715d5acbd,Dragon,Energy Recycle System,84/97,85216,Energy Recycle System,LINKED
pkm-dragon-85-97-ebbf8c217d,Dragon,High Pressure System,85/97,86076,High Pressure System,LINKED
pkm-dragon-86-97-ceeb6e3cbb,Dragon,Low Pressure System,86/97,86846,Low Pressure System,LINKED
pkm-dragon-87-97-7a58e97201,Dragon,Mr. Briney's Compassion,87/97,87585,Mr. Briney's Compassion,LINKED
pkm-dragon-88-97-2a4c271937,Dragon,TV Reporter,88/97,90083,TV Reporter,LINKED
pkm-dragon-89-97-51cc58b7fe,Dragon,Ampharos ex,89/97,83550,Ampharos ex,LINKED
pkm-dragon-90-97-50addf2ac1,Dragon,Dragonite ex,90/97,84918,Dragonite ex,LINKED
pkm-dragon-91-97-9fc55eac89,Dragon,Golem ex,91/97,85831,Golem ex,LINKED
pkm-dragon-92-97-90618b1ed2,Dragon,Kingdra ex,92/97,86451,Kingdra ex,LINKED
pkm-dragon-93-97-3c311cebfb,Dragon,Latias ex,93/97,86659,Latias ex,LINKED
pkm-dragon-94-97-a476f3b08c,Dragon,Latios ex,94/97,86673,Latios ex,LINKED
pkm-dragon-95-97-411245c6a4,Dragon,Magcargo ex,95/97,87019,Magcargo ex,LINKED
pkm-dragon-96-97-bd03d9ceaf,Dragon,Muk ex,96/97,87628,Muk ex,LINKED
pkm-dragon-97-97-33a64e6a38,Dragon,Rayquaza ex,97/97,88642,Rayquaza ex,LINKED
pkm-dragon-98-97-195fc3294f,Dragon,Charmander,98/97,84208,Charmander,LINKED
pkm-dragon-99-97-22578d7459,Dragon,Charmeleon,99/97,84225,Charmeleon,LINKED
pkm-dragon-100-97-80e0f2767c,Dragon,Charizard,100/97,84187,Charizard,LINKED
pkm-emerald-1-106-5925a8fd0b,Emerald,Blaziken,1/106,83906,Blaziken,LINKED
pkm-emerald-2-106-44469b6865,Emerald,Deoxys,2/106,84766,Deoxys (Speed Forme),LINKED
pkm-emerald-3-106-bc4619fcd1,Emerald,Exploud,3/106,85371,Exploud,LINKED
pkm-emerald-4-106-cb0eb47fca,Emerald,Gardevoir,4/106,85633,Gardevoir,LINKED
pkm-emerald-5-106-3fbf9a01d9,Emerald,Groudon,5/106,85922,Groudon - 005/106,SKIP_NAME_MISMATCH
pkm-emerald-6-106-177ed88b18,Emerald,Kyogre,6/106,86547,Kyogre - 006/106,SKIP_NAME_MISMATCH
pkm-emerald-7-106-28c7bcf46e,Emerald,Manectric,7/106,87156,Manectric - 007/106,SKIP_NAME_MISMATCH
pkm-emerald-8-106-883133dbc0,Emerald,Milotic,8/106,87453,Milotic,LINKED
pkm-emerald-9-106-bd8574629a,Emerald,Rayquaza,9/106,88626,Rayquaza,LINKED
pkm-emerald-10-106-d58d70ac2e,Emerald,Sceptile,10/106,97730,Sceptile,LINKED
pkm-emerald-11-106-696690caf9,Emerald,Swampert,11/106,97731,Swampert,LINKED
pkm-emerald-12-106-9148c25290,Emerald,Chimecho,12/106,84294,Chimecho,LINKED
pkm-emerald-13-106-6193a88a47,Emerald,Glalie,13/106,85753,Glalie,LINKED
pkm-emerald-14-106-4c945d6523,Emerald,Groudon,14/106,85923,Groudon - 014/106,SKIP_NAME_MISMATCH
pkm-emerald-15-106-959b9b77ff,Emerald,Kyogre,15/106,86548,Kyogre - 015/106,SKIP_NAME_MISMATCH
pkm-emerald-16-106-bb7a88844e,Emerald,Manectric,16/106,87157,Manectric - 016/106,SKIP_NAME_MISMATCH
pkm-emerald-17-106-5e97356c8d,Emerald,Nosepass,17/106,87799,Nosepass,LINKED
pkm-emerald-18-106-e6afe2fb59,Emerald,Relicanth,18/106,88685,Relicanth,LINKED
pkm-emerald-19-106-43e2ce05e1,Emerald,Rhydon,19/106,88733,Rhydon,LINKED
pkm-emerald-20-106-8d0cf4ab0c,Emerald,Seviper,20/106,89083,Seviper,LINKED
pkm-emerald-21-106-111927d52e,Emerald,Zangoose,21/106,90703,Zangoose,LINKED
pkm-emerald-22-106-18cd314ce0,Emerald,Breloom,22/106,83956,Breloom,LINKED
pkm-emerald-23-106-62226f4f57,Emerald,Camerupt,23/106,84090,Camerupt,LINKED
pkm-emerald-24-106-7cef38930d,Emerald,Claydol,24/106,84335,Claydol,LINKED
pkm-emerald-25-106-11533da15f,Emerald,Combusken,25/106,84404,Combusken,LINKED
pkm-emerald-26-106-7f08fd2a70,Emerald,Dodrio,26/106,84851,Dodrio,LINKED
pkm-emerald-27-106-b5dec3c3c1,Emerald,Electrode,27/106,85154,Electrode,LINKED
pkm-emerald-28-106-534c8780fa,Emerald,Grovyle,28/106,85938,Grovyle,LINKED
pkm-emerald-29-106-2bf22c5cc4,Emerald,Grumpig,29/106,85966,Grumpig - 029/106,SKIP_NAME_MISMATCH
pkm-emerald-30-106-ac7f0f8db3,Emerald,Grumpig,30/106,85967,Grumpig - 030/106,SKIP_NAME_MISMATCH
pkm-emerald-31-106-c78eb7fb6f,Emerald,Hariyama,31/106,86012,Hariyama,LINKED
pkm-emerald-32-106-b3977dfca7,Emerald,Illumise,32/106,86265,Illumise,LINKED
pkm-emerald-33-106-a0e9efcc03,Emerald,Kirlia,33/106,86462,Kirlia,LINKED
pkm-emerald-34-106-8fb60edcc6,Emerald,Linoone,34/106,86806,Linoone,LINKED
pkm-emerald-35-106-4227b2c054,Emerald,Loudred,35/106,86841,Loudred,LINKED
pkm-emerald-36-106-ba893688bf,Emerald,Marshtomp,36/106,87235,Marshtomp,LINKED
pkm-emerald-37-106-97143cdbb3,Emerald,Minun,37/106,87485,Minun,LINKED
pkm-emerald-38-106-4046b0893b,Emerald,Ninetales,38/106,87770,Ninetales,LINKED
pkm-emerald-39-106-cc30073aff,Emerald,Plusle,39/106,88165,Plusle,LINKED
pkm-emerald-40-106-df69626b44,Emerald,Swalot,40/106,89671,Swalot,LINKED
pkm-emerald-41-106-ffe8609933,Emerald,Swellow,41/106,89692,Swellow,LINKED
pkm-emerald-42-106-dab397749e,Emerald,Volbeat,42/106,90397,Volbeat,LINKED
pkm-emerald-43-106-d18054be68,Emerald,Baltoy,43/106,83713,Baltoy,LINKED
pkm-emerald-44-106-b5f969ef1d,Emerald,Cacnea,44/106,84071,Cacnea,LINKED
pkm-emerald-45-106-e3d2a3f331,Emerald,Doduo,45/106,84862,Doduo,LINKED
pkm-emerald-46-106-12f4692d69,Emerald,Duskull,46/106,85047,Duskull,LINKED
pkm-emerald-47-106-371f001ddd,Emerald,Electrike,47/106,85134,Electrike - 047/106,SKIP_NAME_MISMATCH
pkm-emerald-48-106-0c3236e178,Emerald,Electrike,48/106,85135,Electrike - 048/106,SKIP_NAME_MISMATCH
pkm-emerald-49-106-75ada960ee,Emerald,Feebas,49/106,85402,Feebas - 049/106,SKIP_NAME_MISMATCH
pkm-emerald-50-106-a7df8f85ce,Emerald,Feebas,50/106,85403,Feebas - 050/106,SKIP_NAME_MISMATCH
pkm-emerald-51-106-bb48b3dbab,Emerald,Gulpin,51/106,85975,Gulpin,LINKED
pkm-emerald-52-106-a83c72289f,Emerald,Larvitar,52/106,86639,Larvitar,LINKED
pkm-emerald-53-106-e2b074a72f,Emerald,Luvdisc,53/106,86933,Luvdisc,LINKED
pkm-emerald-54-106-f8ad71d299,Emerald,Makuhita,54/106,87129,Makuhita,LINKED
pkm-emerald-55-106-ae388a09d6,Emerald,Meditite,55/106,87281,Meditite,LINKED
pkm-emerald-56-106-7b21e824f8,Emerald,Mudkip,56/106,87610,Mudkip,LINKED
pkm-emerald-57-106-7a65ac082c,Emerald,Numel,57/106,87810,Numel - 057/106,SKIP_NAME_MISMATCH
pkm-emerald-58-106-98f0f5ff8a,Emerald,Numel,58/106,87811,Numel - 058/106,SKIP_NAME_MISMATCH
pkm-emerald-59-106-1ae388647a,Emerald,Pichu,59/106,88016,Pichu,LINKED
pkm-emerald-60-106-97c7d57a8d,Emerald,Pikachu,60/106,88080,Pikachu,LINKED
pkm-emerald-61-106-09d0774d10,Emerald,Ralts,61/106,88557,Ralts,LINKED
pkm-emerald-62-106-c0af073ffd,Emerald,Rhyhorn,62/106,88741,Rhyhorn,LINKED
pkm-emerald-63-106-bd04718d0d,Emerald,Shroomish,63/106,89184,Shroomish,LINKED
pkm-emerald-64-106-93a1802c6d,Emerald,Snorunt,64/106,89400,Snorunt,LINKED
pkm-emerald-65-106-332b3d49c1,Emerald,Spoink,65/106,89473,Spoink - 065/106,SKIP_NAME_MISMATCH
pkm-emerald-66-106-515ea26cdc,Emerald,Spoink,66/106,89474,Spoink - 066/106,SKIP_NAME_MISMATCH
pkm-emerald-67-106-fc5e2bc350,Emerald,Swablu,67/106,89655,Swablu,LINKED
pkm-emerald-68-106-3c439d7c62,Emerald,Taillow,68/106,89733,Taillow,LINKED
pkm-emerald-69-106-b5c40b1ab8,Emerald,Torchic,69/106,89955,Torchic,LINKED
pkm-emerald-70-106-f6c1f1cce3,Emerald,Treecko,70/106,90037,Treecko,LINKED
pkm-emerald-71-106-1ded5f1491,Emerald,Voltorb,71/106,90416,Voltorb,LINKED
pkm-emerald-72-106-00b67510df,Emerald,Vulpix,72/106,90438,Vulpix,LINKED
pkm-emerald-73-106-8e989148ae,Emerald,Whismur,73/106,90581,Whismur,LINKED
pkm-emerald-74-106-9658c31637,Emerald,Zigzagoon,74/106,90747,Zigzagoon,LINKED
pkm-emerald-75-106-289fe4ad8f,Emerald,Battle Frontier,75/106,83740,Battle Frontier,LINKED
pkm-emerald-76-106-6170989e29,Emerald,Double Full Heal,76/106,84888,Double Full Heal,LINKED
pkm-emerald-77-106-7439fcbecc,Emerald,Lanette's Net Search,77/106,86598,Lanette's Net Search,LINKED
pkm-emerald-78-106-eae3ea2b1d,Emerald,Lum Berry,78/106,86920,Lum Berry,LINKED
pkm-emerald-79-106-d66a1a1da4,Emerald,Mr. Stone's Project,79/106,87600,Mr. Stone's Project,LINKED
pkm-emerald-80-106-a256d6711b,Emerald,Oran Berry,80/106,87889,Oran Berry,LINKED
pkm-emerald-81-106-08248b7160,Emerald,PokéNav,81/106,88244,Pokenav,SKIP_NAME_MISMATCH
pkm-emerald-82-106-05df392ad9,Emerald,Professor Birch,82/106,88382,Professor Birch,LINKED
pkm-emerald-83-106-8eff2fc7fa,Emerald,Rare Candy,83/106,88590,Rare Candy,LINKED
pkm-emerald-84-106-5c5686eedf,Emerald,Scott,84/106,88975,Scott,LINKED
pkm-emerald-85-106-f004a75f48,Emerald,Wally's Training,85/106,90465,Wally's Training,LINKED
pkm-emerald-86-106-ebd5a25ac9,Emerald,Darkness Energy,86/106,84684,Darkness Energy (Special),LINKED
pkm-emerald-87-106-4c2069a370,Emerald,Double Rainbow Energy,87/106,84892,Double Rainbow Energy,LINKED
pkm-emerald-88-106-00c073b502,Emerald,Metal Energy,88/106,87357,Metal Energy (Special),LINKED
pkm-emerald-89-106-d3eef4bb9a,Emerald,Multi Energy,89/106,87631,Multi Energy,LINKED
pkm-emerald-90-106-355a0ccbd5,Emerald,Altaria ex,90/106,83524,Altaria ex,LINKED
pkm-emerald-91-106-723cdaa0e4,Emerald,Cacturne ex,91/106,84084,Cacturne ex,LINKED
pkm-emerald-92-106-3c9b845d6d,Emerald,Camerupt ex,92/106,84096,Camerupt ex,LINKED
pkm-emerald-93-106-56572dcfb4,Emerald,Deoxys ex,93/106,84773,Deoxys ex (Speed Forme),LINKED
pkm-emerald-94-106-a879de2f2a,Emerald,Dusclops ex,94/106,85032,Dusclops ex,LINKED
pkm-emerald-95-106-7f6659da45,Emerald,Medicham ex,95/106,87277,Medicham ex,LINKED
pkm-emerald-96-106-b143148bbb,Emerald,Milotic ex,96/106,87460,Milotic ex,LINKED
pkm-emerald-97-106-99e7a7e0b6,Emerald,Raichu ex,97/106,88526,Raichu ex,LINKED
pkm-emerald-98-106-e2527c93c8,Emerald,Regice ex,98/106,88660,Regice ex,LINKED
pkm-emerald-99-106-ffa4eae13e,Emerald,Regirock ex,99/106,88675,Regirock ex,LINKED
pkm-emerald-100-106-1cf62830d3,Emerald,Registeel ex,100/106,88680,Registeel ex,LINKED
pkm-emerald-101-106-2b6e197303,Emerald,Grass Energy,101/106,85875,Grass Energy,LINKED
pkm-emerald-102-106-6d53e7197f,Emerald,Fire Energy,102/106,85459,Fire Energy,LINKED
pkm-emerald-103-106-f840304f80,Emerald,Water Energy,103/106,90507,Water Energy,LINKED
pkm-emerald-104-106-9078e5eaf3,Emerald,Lightning Energy,104/106,86762,Lightning Energy,LINKED
pkm-emerald-105-106-fe858e351e,Emerald,Psychic Energy,105/106,88419,Psychic Energy,LINKED
pkm-emerald-107-106-12097232cc,Emerald,Farfetch'd,107/106,85385,Farfetch'd (Secret Rare),LINKED
pkm-hidden-legends-1-101-5769ee0c0d,Hidden Legends,Banette,1/101,83719,Banette,LINKED
pkm-hidden-legends-2-101-813475750b,Hidden Legends,Claydol,2/101,84332,Claydol - 2/101,SKIP_NAME_MISMATCH
pkm-hidden-legends-3-101-033486a1f0,Hidden Legends,Crobat,3/101,84486,Crobat,LINKED
pkm-hidden-legends-4-101-63231100fa,Hidden Legends,Dark Celebi,4/101,84571,Dark Celebi,LINKED
pkm-hidden-legends-5-101-72d4a30af3,Hidden Legends,Electrode,5/101,85153,Electrode,LINKED
pkm-hidden-legends-6-101-6e1e0ee940,Hidden Legends,Exploud,6/101,85370,Exploud,LINKED
pkm-hidden-legends-7-101-479bf9a777,Hidden Legends,Heracross,7/101,86062,Heracross,LINKED
pkm-hidden-legends-8-101-14d7c5293a,Hidden Legends,Jirachi,8/101,86325,Jirachi,LINKED
pkm-hidden-legends-9-101-97c59ffefa,Hidden Legends,Machamp,9/101,86971,Machamp,LINKED
pkm-hidden-legends-10-101-bb8c1213a3,Hidden Legends,Medicham,10/101,87271,Medicham - 10/101,SKIP_NAME_MISMATCH
pkm-hidden-legends-11-101-8962f895d3,Hidden Legends,Metagross,11/101,87335,Metagross,LINKED
pkm-hidden-legends-12-101-c21ba130f5,Hidden Legends,Milotic,12/101,87452,Milotic,LINKED
pkm-hidden-legends-13-101-f470467b1a,Hidden Legends,Pinsir,13/101,88135,Pinsir,LINKED
pkm-hidden-legends-14-101-69e3baa1ea,Hidden Legends,Shiftry,14/101,89154,Shiftry,LINKED
pkm-hidden-legends-15-101-13fe9e0ccf,Hidden Legends,Walrein,15/101,90466,Walrein,LINKED
pkm-hidden-legends-16-101-a4ff02f75d,Hidden Legends,Bellossom,16/101,83798,Bellossom,LINKED
pkm-hidden-legends-17-101-1360ed32a0,Hidden Legends,Chimecho,17/101,84292,Chimecho,LINKED
pkm-hidden-legends-18-101-1296e0c7bc,Hidden Legends,Gorebyss,18/101,85842,Gorebyss,LINKED
pkm-hidden-legends-19-101-2a4cd220cb,Hidden Legends,Huntail,19/101,86236,Huntail,LINKED
pkm-hidden-legends-20-101-13b047a479,Hidden Legends,Masquerain,20/101,87244,Masquerain,LINKED
pkm-hidden-legends-21-101-5e05aa0050,Hidden Legends,Metang,21/101,87371,Metang - 21/101,SKIP_NAME_MISMATCH
pkm-hidden-legends-22-101-d7f8c59480,Hidden Legends,Ninetales,22/101,87769,Ninetales,LINKED
pkm-hidden-legends-23-101-216e404cf2,Hidden Legends,Rain Castform,23/101,88543,Rain Castform,LINKED
pkm-hidden-legends-24-101-d799d17ced,Hidden Legends,Relicanth,24/101,88684,Relicanth,LINKED
pkm-hidden-legends-25-101-573ff57f1a,Hidden Legends,Snow-cloud Castform,25/101,89408,Snow-cloud Castform,LINKED
pkm-hidden-legends-26-101-fa7da58870,Hidden Legends,Sunny Castform,26/101,89623,Sunny Castform,LINKED
pkm-hidden-legends-27-101-f17dd58005,Hidden Legends,Tropius,27/101,90057,Tropius,LINKED
pkm-hidden-legends-28-101-370fb68840,Hidden Legends,Beldum,28/101,83781,Beldum - 28/101,SKIP_NAME_MISMATCH
pkm-hidden-legends-29-101-29406e40d8,Hidden Legends,Beldum,29/101,83782,Beldum - 29/101,SKIP_NAME_MISMATCH
pkm-hidden-legends-30-101-1a7aea4c86,Hidden Legends,Castform,30/101,84126,Castform,LINKED
pkm-hidden-legends-31-101-6f593a7180,Hidden Legends,Claydol,31/101,84333,Claydol - 31/101,SKIP_NAME_MISMATCH
pkm-hidden-legends-32-101-c73858d215,Hidden Legends,Corsola,32/101,84439,Corsola,LINKED
pkm-hidden-legends-33-101-0c1791799b,Hidden Legends,Dodrio,33/101,84849,Dodrio,LINKED
pkm-hidden-legends-34-101-01a0de8e7d,Hidden Legends,Glalie,34/101,85752,Glalie,LINKED
pkm-hidden-legends-35-101-5e99b1db55,Hidden Legends,Gloom,35/101,85782,Gloom,LINKED
pkm-hidden-legends-36-101-3ca5d55fda,Hidden Legends,Golbat,36/101,85793,Golbat,LINKED
pkm-hidden-legends-37-101-6aa296fbf8,Hidden Legends,Igglybuff,37/101,86260,Igglybuff,LINKED
pkm-hidden-legends-38-101-fb8ac7ae23,Hidden Legends,Lanturn,38/101,86604,Lanturn,LINKED
pkm-hidden-legends-39-101-779488d61e,Hidden Legends,Loudred,39/101,86840,Loudred,LINKED
pkm-hidden-legends-40-101-9eda03f519,Hidden Legends,Luvdisc,40/101,86932,Luvdisc,LINKED
pkm-hidden-legends-41-101-60ba51fefc,Hidden Legends,Machoke,41/101,86978,Machoke,LINKED
pkm-hidden-legends-42-101-e6062c487f,Hidden Legends,Medicham,42/101,87272,Medicham - 42/101,SKIP_NAME_MISMATCH
pkm-hidden-legends-43-101-cdac640d3f,Hidden Legends,Metang,43/101,87372,Metang - 43/101,SKIP_NAME_MISMATCH
pkm-hidden-legends-44-101-467edddd11,Hidden Legends,Metang,44/101,87373,Metang - 44/101,SKIP_NAME_MISMATCH
pkm-hidden-legends-45-101-055dc55a45,Hidden Legends,Nuzleaf,45/101,87820,Nuzleaf,LINKED
pkm-hidden-legends-46-101-3e6bc60ad8,Hidden Legends,Rhydon,46/101,88732,Rhydon,LINKED
pkm-hidden-legends-47-101-9ee0afc686,Hidden Legends,Sealeo,47/101,89029,Sealeo,LINKED
pkm-hidden-legends-48-101-51b79a281e,Hidden Legends,Spinda,48/101,89459,Spinda,LINKED
pkm-hidden-legends-49-101-dd6d69f23c,Hidden Legends,Starmie,49/101,89532,Starmie,LINKED
pkm-hidden-legends-50-101-0f522ed444,Hidden Legends,Swalot,50/101,89670,Swalot,LINKED
pkm-hidden-legends-51-101-3497cb39d5,Hidden Legends,Tentacruel,51/101,89875,Tentacruel,LINKED
pkm-hidden-legends-52-101-01f194b74d,Hidden Legends,Baltoy,52/101,83710,Baltoy - 52/101,SKIP_NAME_MISMATCH
pkm-hidden-legends-53-101-fbeaa74cb1,Hidden Legends,Baltoy,53/101,83711,Baltoy - 53/101,SKIP_NAME_MISMATCH
pkm-hidden-legends-54-101-704ee52b29,Hidden Legends,Beldum,54/101,83783,Beldum - 54/101,SKIP_NAME_MISMATCH
pkm-hidden-legends-55-101-aebe113c4c,Hidden Legends,Chikorita,55/101,84276,Chikorita,LINKED
pkm-hidden-legends-56-101-29ae473ae7,Hidden Legends,Chinchou,56/101,84303,Chinchou - 56/101,SKIP_NAME_MISMATCH
pkm-hidden-legends-57-101-05b18e5b65,Hidden Legends,Chinchou,57/101,84304,Chinchou - 57/101,SKIP_NAME_MISMATCH
pkm-hidden-legends-58-101-572f0f4ba0,Hidden Legends,Clamperl,58/101,84323,Clamperl,LINKED
pkm-hidden-legends-59-101-9655aec4cd,Hidden Legends,Cyndaquil,59/101,84549,Cyndaquil,LINKED
pkm-hidden-legends-60-101-510a01f413,Hidden Legends,Doduo,60/101,84860,Doduo,LINKED
pkm-hidden-legends-61-101-2feda62caf,Hidden Legends,Feebas,61/101,85401,Feebas,LINKED
pkm-hidden-legends-62-101-a533504be6,Hidden Legends,Gulpin,62/101,85974,Gulpin,LINKED
pkm-hidden-legends-63-101-2168476233,Hidden Legends,Jigglypuff,63/101,86315,Jigglypuff,LINKED
pkm-hidden-legends-64-101-47b3c78a18,Hidden Legends,Machop,64/101,86992,Machop,LINKED
pkm-hidden-legends-65-101-be09e80a2b,Hidden Legends,Meditite,65/101,87279,Meditite - 65/101,SKIP_NAME_MISMATCH
pkm-hidden-legends-66-101-1acd1b0189,Hidden Legends,Meditite,66/101,87280,Meditite - 66/101,SKIP_NAME_MISMATCH
pkm-hidden-legends-67-101-cda0c34ef9,Hidden Legends,Minun,67/101,87482,Minun,LINKED
pkm-hidden-legends-68-101-4490e41bf7,Hidden Legends,Oddish,68/101,87841,Oddish,LINKED
pkm-hidden-legends-69-101-37e2f85909,Hidden Legends,Plusle,69/101,88162,Plusle,LINKED
pkm-hidden-legends-70-101-95eca68460,Hidden Legends,Rhyhorn,70/101,88740,Rhyhorn,LINKED
pkm-hidden-legends-71-101-7006bb02fc,Hidden Legends,Seedot,71/101,89038,Seedot,LINKED
pkm-hidden-legends-72-101-59be3ff988,Hidden Legends,Shuppet,72/101,89196,Shuppet,LINKED
pkm-hidden-legends-73-101-0347fd90ca,Hidden Legends,Snorunt,73/101,89399,Snorunt,LINKED
pkm-hidden-legends-74-101-d57be7339b,Hidden Legends,Spheal,74/101,89445,Spheal,LINKED
pkm-hidden-legends-75-101-0f2bdbac3e,Hidden Legends,Staryu,75/101,89546,Staryu,LINKED
pkm-hidden-legends-76-101-98adca0673,Hidden Legends,Surskit,76/101,89646,Surskit,LINKED
pkm-hidden-legends-77-101-c9ec4b76a0,Hidden Legends,Tentacool,77/101,89866,Tentacool,LINKED
pkm-hidden-legends-78-101-5e7d1d29d9,Hidden Legends,Togepi,78/101,89932,Togepi,LINKED
pkm-hidden-legends-79-101-c0acba79e6,Hidden Legends,Totodile,79/101,89996,Totodile,LINKED
pkm-hidden-legends-80-101-4115c591c6,Hidden Legends,Voltorb,80/101,90413,Voltorb,LINKED
pkm-hidden-legends-81-101-6153eeef6d,Hidden Legends,Vulpix,81/101,90437,Vulpix,LINKED
pkm-hidden-legends-82-101-b892387e1c,Hidden Legends,Whismur,82/101,90580,Whismur,LINKED
pkm-hidden-legends-83-101-e7e87c74df,Hidden Legends,Zubat,83/101,90770,Zubat,LINKED
pkm-hidden-legends-84-101-53a673084c,Hidden Legends,Ancient Technical Machine [Ice],84/101,83553,Ancient Technical Machine [Ice],LINKED
pkm-hidden-legends-85-101-f89278dd65,Hidden Legends,Ancient Technical Machine [Rock],85/101,83554,Ancient Technical Machine [Rock],LINKED
pkm-hidden-legends-86-101-c9a3f2520b,Hidden Legends,Ancient Technical Machine [Steel],86/101,83555,Ancient Technical Machine [Steel],LINKED
pkm-hidden-legends-87-101-664472e0a8,Hidden Legends,Ancient Tomb,87/101,83556,Ancient Tomb,LINKED
pkm-hidden-legends-88-101-554fc4d48e,Hidden Legends,Desert Ruins,88/101,84781,Desert Ruins,LINKED
pkm-hidden-legends-89-101-a53eabcc64,Hidden Legends,Island Cave,89/101,86290,Island Cave,LINKED
pkm-hidden-legends-90-101-627c86c389,Hidden Legends,Life Herb,90/101,86730,Life Herb,LINKED
pkm-hidden-legends-91-101-97bb7599f7,Hidden Legends,Magnetic Storm,91/101,87088,Magnetic Storm,LINKED
pkm-hidden-legends-92-101-6387e6b3c4,Hidden Legends,Steven's Advice,92/101,89569,Steven's Advice,LINKED
pkm-hidden-legends-93-101-e9e7d39513,Hidden Legends,Groudon ex,93/101,85929,Groudon ex,LINKED
pkm-hidden-legends-94-101-af858ee0f6,Hidden Legends,Kyogre ex,94/101,86556,Kyogre ex,LINKED
pkm-hidden-legends-95-101-8dcc6ce450,Hidden Legends,Metagross ex,95/101,87346,Metagross ex,LINKED
pkm-hidden-legends-96-101-dc1adbda21,Hidden Legends,Ninetales ex,96/101,87782,Ninetales ex,LINKED
pkm-hidden-legends-97-101-68d38a9229,Hidden Legends,Regice ex,97/101,88659,Regice ex,LINKED
pkm-hidden-legends-98-101-5cdece710c,Hidden Legends,Regirock ex,98/101,88674,Regirock ex,LINKED
pkm-hidden-legends-99-101-3c211d82b9,Hidden Legends,Registeel ex,99/101,88679,Registeel ex,LINKED
pkm-hidden-legends-100-101-1e95aa5f6a,Hidden Legends,Vileplume ex,100/101,90384,Vileplume ex,LINKED
pkm-hidden-legends-101-101-dc055413e0,Hidden Legends,Wigglytuff ex,101/101,90603,Wigglytuff ex,LINKED
pkm-hidden-legends-102-101-9c9e1b922e,Hidden Legends,Groudon,102/101,85921,Groudon,LINKED
pkm-holon-phantoms-1-110-c309ce9c3e,Holon Phantoms,Armaldo δ,1/110,83622,Armaldo (Delta Species),LINKED
pkm-holon-phantoms-2-110-b99505dc2f,Holon Phantoms,Cradily δ,2/110,84456,Cradily (Delta Species),LINKED
pkm-holon-phantoms-3-110-ab5f878b29,Holon Phantoms,Deoxys δ,3/110,84760,Deoxys (Delta Species - Attack Forme),LINKED
pkm-holon-phantoms-4-110-02f17fb249,Holon Phantoms,Deoxys δ,4/110,84762,Deoxys (Delta Species - Defense Forme),LINKED
pkm-holon-phantoms-5-110-31aa153333,Holon Phantoms,Deoxys δ,5/110,84764,Deoxys (Delta Species - Normal Forme),LINKED
pkm-holon-phantoms-6-110-5e0ea80ebb,Holon Phantoms,Deoxys δ,6/110,84767,Deoxys (Delta Species - Speed Forme),LINKED
pkm-holon-phantoms-7-110-518130a563,Holon Phantoms,Flygon δ,7/110,85529,Flygon (Delta Species),LINKED
pkm-holon-phantoms-8-110-7106aad313,Holon Phantoms,Gyarados δ,8/110,86002,Gyarados (Delta Species),LINKED
pkm-holon-phantoms-9-110-785a827711,Holon Phantoms,Kabutops δ,9/110,86401,Kabutops (Delta Species),LINKED
pkm-holon-phantoms-10-110-1d347d679f,Holon Phantoms,Kingdra δ,10/110,86450,Kingdra (Delta Species),LINKED
pkm-holon-phantoms-11-110-3ceb7cde03,Holon Phantoms,Latias δ,11/110,86656,Latias - 011/110 (Delta Species),SKIP_NAME_MISMATCH
pkm-holon-phantoms-12-110-517cb423e9,Holon Phantoms,Latios δ,12/110,86670,Latios - 012/110 (Delta Species),SKIP_NAME_MISMATCH
pkm-holon-phantoms-13-110-cda1997a7e,Holon Phantoms,Omastar δ,13/110,87872,Omastar (Delta Species),LINKED
pkm-holon-phantoms-14-110-fdd02f0d88,Holon Phantoms,Pidgeot δ,14/110,88036,Pidgeot (Delta Species),LINKED
pkm-holon-phantoms-15-110-3c4cc4c228,Holon Phantoms,Raichu δ,15/110,88524,Raichu (Delta Species),LINKED
pkm-holon-phantoms-16-110-0eaef50c10,Holon Phantoms,Rayquaza δ,16/110,88634,Rayquaza - 016/110 (Delta Species),SKIP_NAME_MISMATCH
pkm-holon-phantoms-17-110-a0e945745d,Holon Phantoms,Vileplume δ,17/110,90383,Vileplume (Delta Species),LINKED
pkm-holon-phantoms-18-110-b4618340e7,Holon Phantoms,Absol,18/110,83452,Absol,LINKED
pkm-holon-phantoms-19-110-1f0c34a77e,Holon Phantoms,Bellossom δ,19/110,83803,Bellossom (Delta Species),LINKED
pkm-holon-phantoms-20-110-eb523ae0ef,Holon Phantoms,Blaziken,20/110,83907,Blaziken,LINKED
pkm-holon-phantoms-21-110-dda8e26ae3,Holon Phantoms,Latias δ,21/110,86657,Latias (Delta Species),LINKED
pkm-holon-phantoms-22-110-7a6307a9a9,Holon Phantoms,Latios δ,22/110,86671,Latios (Delta Species),LINKED
pkm-holon-phantoms-23-110-39000095d2,Holon Phantoms,Mawile,23/110,87258,Mawile,LINKED
pkm-holon-phantoms-24-110-8b78dea5a8,Holon Phantoms,Mewtwo δ,24/110,87426,Mewtwo (Delta Species),LINKED
pkm-holon-phantoms-25-110-e4f00a4be9,Holon Phantoms,Nosepass,25/110,87800,Nosepass,LINKED
pkm-holon-phantoms-26-110-9ef616441e,Holon Phantoms,Rayquaza δ,26/110,88635,Rayquaza - 026/110 (Delta Species),SKIP_NAME_MISMATCH
pkm-holon-phantoms-27-110-284b651661,Holon Phantoms,Regice,27/110,88656,Regice,LINKED
pkm-holon-phantoms-28-110-de1962ecff,Holon Phantoms,Regirock,28/110,88671,Regirock,LINKED
pkm-holon-phantoms-29-110-27006e843b,Holon Phantoms,Registeel,29/110,88676,Registeel,LINKED
pkm-holon-phantoms-30-110-5f83aab41f,Holon Phantoms,Relicanth,30/110,88686,Relicanth,LINKED
pkm-holon-phantoms-31-110-0c37339d89,Holon Phantoms,Sableye,31/110,88849,Sableye,LINKED
pkm-holon-phantoms-32-110-79456fb907,Holon Phantoms,Seviper,32/110,89084,Seviper,LINKED
pkm-holon-phantoms-33-110-54fa66d3ac,Holon Phantoms,Torkoal,33/110,89969,Torkoal,LINKED
pkm-holon-phantoms-34-110-97d5a9c9ea,Holon Phantoms,Zangoose,34/110,90704,Zangoose,LINKED
pkm-holon-phantoms-35-110-53ae652d99,Holon Phantoms,Aerodactyl δ,35/110,83472,Aerodactyl (Delta Species),LINKED
pkm-holon-phantoms-36-110-6067b7d1a3,Holon Phantoms,Camerupt,36/110,84091,Camerupt,LINKED
pkm-holon-phantoms-37-110-5c856aeea5,Holon Phantoms,Chimecho δ,37/110,84297,Chimecho (Delta Species),LINKED
pkm-holon-phantoms-38-110-2852d3b770,Holon Phantoms,Claydol,38/110,84336,Claydol,LINKED
pkm-holon-phantoms-39-110-69df75e649,Holon Phantoms,Combusken,39/110,84406,Combusken,LINKED
pkm-holon-phantoms-40-110-24273a6aba,Holon Phantoms,Donphan,40/110,84875,Donphan,LINKED
pkm-holon-phantoms-41-110-416d5af90f,Holon Phantoms,Exeggutor δ,41/110,85364,Exeggutor (Delta Species),LINKED
pkm-holon-phantoms-42-110-e7f55e7a6c,Holon Phantoms,Gloom δ,42/110,85788,Gloom (Delta Species),LINKED
pkm-holon-phantoms-43-110-ea19adbedf,Holon Phantoms,Golduck δ,43/110,85820,Golduck (Delta Species),LINKED
pkm-holon-phantoms-44-110-b8c06f031d,Holon Phantoms,Holon's Castform,44/110,86154,Holon's Castform,LINKED
pkm-holon-phantoms-45-110-1f3a2ead23,Holon Phantoms,Lairon,45/110,86577,Lairon,LINKED
pkm-holon-phantoms-46-110-326d2ff723,Holon Phantoms,Manectric,46/110,87158,Manectric,LINKED
pkm-holon-phantoms-47-110-f9d8c492c2,Holon Phantoms,Masquerain,47/110,87247,Masquerain,LINKED
pkm-holon-phantoms-48-110-0423872e37,Holon Phantoms,Persian δ,48/110,87989,Persian (Delta Species),LINKED
pkm-holon-phantoms-49-110-67e60f34cd,Holon Phantoms,Pidgeotto δ,49/110,88044,Pidgeotto (Delta Species),LINKED
pkm-holon-phantoms-50-110-3cc46955d7,Holon Phantoms,Primeape δ,50/110,88367,Primeape (Delta Species),LINKED
pkm-holon-phantoms-51-110-8266610ba7,Holon Phantoms,Raichu,51/110,88508,Raichu,LINKED
pkm-holon-phantoms-52-110-a75d6dd35d,Holon Phantoms,Seadra δ,52/110,89018,Seadra (Delta Species),LINKED
pkm-holon-phantoms-53-110-af03088dfe,Holon Phantoms,Sharpedo δ,53/110,89102,Sharpedo (Delta Species),LINKED
pkm-holon-phantoms-54-110-1f727425a3,Holon Phantoms,Vibrava δ,54/110,90340,Vibrava (Delta Species),LINKED
pkm-holon-phantoms-55-110-54a7466e16,Holon Phantoms,Whiscash,55/110,90576,Whiscash,LINKED
pkm-holon-phantoms-56-110-e6f85b3a2c,Holon Phantoms,Wobbuffet,56/110,90617,Wobbuffet,LINKED
pkm-holon-phantoms-57-110-10d8ee94ac,Holon Phantoms,Anorith δ,57/110,83562,Anorith (Delta Species),LINKED
pkm-holon-phantoms-58-110-cd57a00a17,Holon Phantoms,Aron,58/110,83633,Aron,LINKED
pkm-holon-phantoms-59-110-6925f2f0d5,Holon Phantoms,Baltoy,59/110,83714,Baltoy,LINKED
pkm-holon-phantoms-60-110-d48dc701d4,Holon Phantoms,Barboach,60/110,83728,Barboach,LINKED
pkm-holon-phantoms-61-110-eab05574ff,Holon Phantoms,Carvanha δ,61/110,84118,Carvanha (Delta Species),LINKED
pkm-holon-phantoms-62-110-4136c2134b,Holon Phantoms,Corphish,62/110,84433,Corphish - 062/110,SKIP_NAME_MISMATCH
pkm-holon-phantoms-63-110-9c814d61df,Holon Phantoms,Corphish,63/110,84434,Corphish - 063/110,SKIP_NAME_MISMATCH
pkm-holon-phantoms-64-110-404c647eda,Holon Phantoms,Electrike,64/110,85137,Electrike,LINKED
pkm-holon-phantoms-65-110-40fe248241,Holon Phantoms,Exeggcute δ,65/110,85352,Exeggcute (Delta Species),LINKED
pkm-holon-phantoms-66-110-e4a7461c79,Holon Phantoms,Horsea δ,66/110,86194,Horsea (Delta Species),LINKED
pkm-holon-phantoms-67-110-2f3200fa94,Holon Phantoms,Kabuto δ,67/110,86388,Kabuto (Delta Species),LINKED
pkm-holon-phantoms-68-110-b04b940bb5,Holon Phantoms,Lileep δ,68/110,86791,Lileep (Delta Species),LINKED
pkm-holon-phantoms-69-110-7227fd4c8a,Holon Phantoms,Magikarp δ,69/110,87038,Magikarp (Delta Species),LINKED
pkm-holon-phantoms-70-110-22f0db6f5c,Holon Phantoms,Mankey δ,70/110,87178,Mankey (Delta Species),LINKED
pkm-holon-phantoms-71-110-0cc96ebb5d,Holon Phantoms,Meowth δ,71/110,87329,Meowth (Delta Species),LINKED
pkm-holon-phantoms-72-110-11650e4529,Holon Phantoms,Numel,72/110,87812,Numel,LINKED
pkm-holon-phantoms-73-110-5e5dd7e56f,Holon Phantoms,Oddish δ,73/110,87847,Oddish (Delta Species),LINKED
pkm-holon-phantoms-74-110-b3be3af6f6,Holon Phantoms,Omanyte δ,74/110,87862,Omanyte (Delta Species),LINKED
pkm-holon-phantoms-75-110-7ae73fa22d,Holon Phantoms,Phanpy,75/110,88001,Phanpy,LINKED
pkm-holon-phantoms-76-110-dd70564cbe,Holon Phantoms,Pichu δ,76/110,88023,Pichu (Delta Species),LINKED
pkm-holon-phantoms-77-110-1c56ab37e9,Holon Phantoms,Pidgey δ,77/110,88053,Pidgey (Delta Species),LINKED
pkm-holon-phantoms-78-110-090514d3f9,Holon Phantoms,Pikachu,78/110,88082,Pikachu,LINKED
pkm-holon-phantoms-79-110-8d5f27416c,Holon Phantoms,Pikachu δ,79/110,88108,Pikachu (Delta Species),LINKED
pkm-holon-phantoms-80-110-61242e77af,Holon Phantoms,Poochyena,80/110,88298,Poochyena,LINKED
pkm-holon-phantoms-81-110-a3f9e8f3e9,Holon Phantoms,Psyduck δ,81/110,88443,Psyduck (Delta Species),LINKED
pkm-holon-phantoms-82-110-2319ee9643,Holon Phantoms,Surskit,82/110,89649,Surskit,LINKED
pkm-holon-phantoms-83-110-8556be55d0,Holon Phantoms,Torchic,83/110,89956,Torchic,LINKED
pkm-holon-phantoms-84-110-cee3f7e409,Holon Phantoms,Trapinch δ,84/110,90026,Trapinch (Delta Species),LINKED
pkm-holon-phantoms-85-110-de2d617555,Holon Phantoms,Holon Adventurer,85/110,86134,Holon Adventurer,LINKED
pkm-holon-phantoms-86-110-6ee002b58a,Holon Phantoms,Holon Fossil,86/110,86143,Holon Fossil,LINKED
pkm-holon-phantoms-87-110-e85fa71a5f,Holon Phantoms,Holon Lake,87/110,86144,Holon Lake,LINKED
pkm-holon-phantoms-88-110-befb1b849f,Holon Phantoms,Mr. Stone's Project,88/110,87601,Mr. Stone's Project,LINKED
pkm-holon-phantoms-89-110-1b346340e4,Holon Phantoms,Professor Cozmo's Discovery,89/110,88386,Professor Cozmo's Discovery,LINKED
pkm-holon-phantoms-90-110-1319016e95,Holon Phantoms,Rare Candy,90/110,88591,Rare Candy,LINKED
pkm-holon-phantoms-91-110-8d51a29ec2,Holon Phantoms,Claw Fossil,91/110,84330,Claw Fossil,LINKED
pkm-holon-phantoms-92-110-5ab94164b1,Holon Phantoms,Mysterious Fossil,92/110,87664,Mysterious Fossil,LINKED
pkm-holon-phantoms-93-110-ded8ab6e50,Holon Phantoms,Root Fossil,93/110,88812,Root Fossil,LINKED
pkm-holon-phantoms-94-110-7b2e14081e,Holon Phantoms,Darkness Energy,94/110,84687,Darkness Energy (Special),LINKED
pkm-holon-phantoms-95-110-847f62ceb2,Holon Phantoms,Metal Energy,95/110,87360,Metal Energy (Special),LINKED
pkm-holon-phantoms-96-110-91cc7f2947,Holon Phantoms,Multi Energy,96/110,87632,Multi Energy,LINKED
pkm-holon-phantoms-97-110-6148924331,Holon Phantoms,Dark Metal Energy,97/110,84629,Dark Metal Energy,LINKED
pkm-holon-phantoms-98-110-ef5fa5b3f2,Holon Phantoms,δ Rainbow Energy,98/110,84754,Delta Rainbow Energy,SKIP_NAME_MISMATCH
pkm-holon-phantoms-99-110-6e59e3c4d8,Holon Phantoms,Crawdaunt ex,99/110,84465,Crawdaunt ex,LINKED
pkm-holon-phantoms-100-110-7f45a81bed,Holon Phantoms,Mew ex,100/110,87410,Mew ex,LINKED
pkm-holon-phantoms-101-110-6c68f55d77,Holon Phantoms,Mightyena ex,101/110,87451,Mightyena ex,LINKED
pkm-holon-phantoms-102-110-714e7e36ed,Holon Phantoms,Gyarados ★ δ,102/110,86003,Gyarados Star (Delta Species),SKIP_NAME_MISMATCH
pkm-holon-phantoms-103-110-618285fb5d,Holon Phantoms,Mewtwo ★,103/110,87427,Mewtwo Star,SKIP_NAME_MISMATCH
pkm-holon-phantoms-104-110-64b5442405,Holon Phantoms,Pikachu ★,104/110,88111,Pikachu Star,SKIP_NAME_MISMATCH
pkm-holon-phantoms-105-110-94a9150b5f,Holon Phantoms,Grass Energy,105/110,85876,Grass Energy,LINKED
pkm-holon-phantoms-106-110-dfa9d8531a,Holon Phantoms,Fire Energy,106/110,85461,Fire Energy,LINKED
pkm-holon-phantoms-107-110-50f00f7672,Holon Phantoms,Water Energy,107/110,90508,Water Energy,LINKED
pkm-holon-phantoms-108-110-e2912d51ee,Holon Phantoms,Lightning Energy,108/110,86765,Lightning Energy,LINKED
pkm-holon-phantoms-109-110-81a22e0a7c,Holon Phantoms,Psychic Energy,109/110,88421,Psychic Energy,LINKED
pkm-holon-phantoms-111-110-593a0bac03,Holon Phantoms,Mew,111/110,87400,Mew,LINKED
pkm-legend-maker-1-92-0efeb10fb1,Legend Maker,Aerodactyl,1/92,83468,Aerodactyl,LINKED
pkm-legend-maker-2-92-fc800c0ee0,Legend Maker,Aggron,2/92,83476,Aggron,LINKED
pkm-legend-maker-3-92-119588233e,Legend Maker,Cradily,3/92,84452,Cradily,LINKED
pkm-legend-maker-4-92-c8815b2759,Legend Maker,Delcatty,4/92,84738,Delcatty,LINKED
pkm-legend-maker-5-92-e6bd730571,Legend Maker,Gengar,5/92,85674,Gengar,LINKED
pkm-legend-maker-6-92-d41044bf8c,Legend Maker,Golem,6/92,85827,Golem,LINKED
pkm-legend-maker-7-92-384de8f9d1,Legend Maker,Kabutops,7/92,86397,Kabutops,LINKED
pkm-legend-maker-8-92-c186897bc6,Legend Maker,Lapras,8/92,86617,Lapras,LINKED
pkm-legend-maker-9-92-112e70a59c,Legend Maker,Machamp,9/92,86963,Machamp,LINKED
pkm-legend-maker-10-92-80bfc6a5e6,Legend Maker,Mew,10/92,87399,Mew,LINKED
pkm-legend-maker-11-92-33b4fdc81e,Legend Maker,Muk,11/92,87622,Muk,LINKED
pkm-legend-maker-12-92-fdb9626031,Legend Maker,Shiftry,12/92,89156,Shiftry,LINKED
pkm-legend-maker-13-92-e27742e9ab,Legend Maker,Victreebel,13/92,90363,Victreebel,LINKED
pkm-legend-maker-14-92-430d79ef4a,Legend Maker,Wailord,14/92,90458,Wailord,LINKED
pkm-legend-maker-15-92-1d3f216fbe,Legend Maker,Absol,15/92,83451,Absol,LINKED
pkm-legend-maker-16-92-8b079b45b0,Legend Maker,Girafarig,16/92,85730,Girafarig,LINKED
pkm-legend-maker-17-92-636c435919,Legend Maker,Gorebyss,17/92,85843,Gorebyss,LINKED
pkm-legend-maker-18-92-96a2756807,Legend Maker,Huntail,18/92,86237,Huntail,LINKED
pkm-legend-maker-19-92-e78d33e36a,Legend Maker,Lanturn,19/92,86606,Lanturn,LINKED
pkm-legend-maker-20-92-fc0a6e0420,Legend Maker,Lunatone,20/92,86925,Lunatone,LINKED
pkm-legend-maker-21-92-709cab7b31,Legend Maker,Magmar,21/92,87046,Magmar,LINKED
pkm-legend-maker-22-92-408bf108b8,Legend Maker,Magneton,22/92,87105,Magneton,LINKED
pkm-legend-maker-23-92-6bec96b960,Legend Maker,Omastar,23/92,87868,Omastar,LINKED
pkm-legend-maker-24-92-bd17608e28,Legend Maker,Pinsir,24/92,88136,Pinsir,LINKED
pkm-legend-maker-25-92-26e4367d75,Legend Maker,Solrock,25/92,89427,Solrock,LINKED
pkm-legend-maker-26-92-b99973ee94,Legend Maker,Spinda,26/92,89460,Spinda,LINKED
pkm-legend-maker-27-92-867b349d69,Legend Maker,Torkoal,27/92,89968,Torkoal,LINKED
pkm-legend-maker-28-92-a5b9d3adca,Legend Maker,Wobbuffet,28/92,90616,Wobbuffet,LINKED
pkm-legend-maker-29-92-080beea2d4,Legend Maker,Anorith,29/92,83559,Anorith,LINKED
pkm-legend-maker-30-92-27fe6bc9ba,Legend Maker,Cascoon,30/92,84120,Cascoon,LINKED
pkm-legend-maker-31-92-5bf468379a,Legend Maker,Dunsparce,31/92,85009,Dunsparce,LINKED
pkm-legend-maker-32-92-7be10e2931,Legend Maker,Electrode,32/92,85155,Electrode,LINKED
pkm-legend-maker-33-92-b25343a737,Legend Maker,Furret,33/92,85592,Furret,LINKED
pkm-legend-maker-34-92-5ed20cd58f,Legend Maker,Graveler,34/92,85891,Graveler,LINKED
pkm-legend-maker-35-92-a65e88dfeb,Legend Maker,Haunter,35/92,86026,Haunter,LINKED
pkm-legend-maker-36-92-9469d86c2c,Legend Maker,Kabuto,36/92,86384,Kabuto,LINKED
pkm-legend-maker-37-92-9f44fc2d15,Legend Maker,Kecleon,37/92,86429,Kecleon,LINKED
pkm-legend-maker-38-92-5b0cd72484,Legend Maker,Lairon,38/92,86576,Lairon,LINKED
pkm-legend-maker-39-92-d9de71c430,Legend Maker,Machoke,39/92,86979,Machoke,LINKED
pkm-legend-maker-40-92-2e908a2583,Legend Maker,Misdreavus,40/92,87505,Misdreavus,LINKED
pkm-legend-maker-41-92-3136a5a40a,Legend Maker,Nuzleaf,41/92,87822,Nuzleaf,LINKED
pkm-legend-maker-42-92-c94d202f41,Legend Maker,Roselia,42/92,88818,Roselia,LINKED
pkm-legend-maker-43-92-b398e6b894,Legend Maker,Sealeo,43/92,89030,Sealeo,LINKED
pkm-legend-maker-44-92-7096269cce,Legend Maker,Tangela,44/92,89743,Tangela,LINKED
pkm-legend-maker-45-92-f55592e313,Legend Maker,Tentacruel,45/92,89876,Tentacruel,LINKED
pkm-legend-maker-46-92-1e53c03062,Legend Maker,Vibrava,46/92,90335,Vibrava,LINKED
pkm-legend-maker-47-92-44ab030b75,Legend Maker,Weepinbell,47/92,90553,Weepinbell,LINKED
pkm-legend-maker-48-92-362ddb8607,Legend Maker,Aron,48/92,83632,Aron,LINKED
pkm-legend-maker-49-92-09ef756b8a,Legend Maker,Bellsprout,49/92,83808,Bellsprout,LINKED
pkm-legend-maker-50-92-5fcdec0297,Legend Maker,Chinchou,50/92,84306,Chinchou,LINKED
pkm-legend-maker-51-92-683fb88a65,Legend Maker,Clamperl,51/92,84324,Clamperl,LINKED
pkm-legend-maker-52-92-79149d6e75,Legend Maker,Gastly,52/92,85651,Gastly,LINKED
pkm-legend-maker-53-92-92cde74a95,Legend Maker,Geodude,53/92,85689,Geodude,LINKED
pkm-legend-maker-54-92-72c0a42526,Legend Maker,Grimer,54/92,85910,Grimer,LINKED
pkm-legend-maker-55-92-0f02a9f68b,Legend Maker,Growlithe,55/92,85955,Growlithe,LINKED
pkm-legend-maker-56-92-d64527fe5e,Legend Maker,Lileep,56/92,86787,Lileep,LINKED
pkm-legend-maker-57-92-0cc23c65f9,Legend Maker,Machop,57/92,86993,Machop,LINKED
pkm-legend-maker-58-92-80db1108d8,Legend Maker,Magby,58/92,87004,Magby,LINKED
pkm-legend-maker-59-92-f5e7810bca,Legend Maker,Magnemite,59/92,87079,Magnemite,LINKED
pkm-legend-maker-60-92-ebcfa41afe,Legend Maker,Omanyte,60/92,87858,Omanyte,LINKED
pkm-legend-maker-61-92-6e6a8ce8e5,Legend Maker,Seedot,61/92,89040,Seedot,LINKED
pkm-legend-maker-62-92-b8d6b701dc,Legend Maker,Sentret,62/92,89065,Sentret,LINKED
pkm-legend-maker-63-92-52ead5d769,Legend Maker,Shuppet,63/92,89197,Shuppet,LINKED
pkm-legend-maker-64-92-239f778788,Legend Maker,Skitty,64/92,89264,Skitty,LINKED
pkm-legend-maker-65-92-71311c2980,Legend Maker,Spheal,65/92,89446,Spheal,LINKED
pkm-legend-maker-66-92-d83e4345ee,Legend Maker,Tentacool,66/92,89867,Tentacool,LINKED
pkm-legend-maker-67-92-a5508774a5,Legend Maker,Trapinch,67/92,90021,Trapinch,LINKED
pkm-legend-maker-68-92-d014b48541,Legend Maker,Voltorb,68/92,90417,Voltorb,LINKED
pkm-legend-maker-69-92-dd6eedef1c,Legend Maker,Wailmer,69/92,90452,Wailmer,LINKED
pkm-legend-maker-70-92-4b93a30cd8,Legend Maker,Wurmple,70/92,90650,Wurmple,LINKED
pkm-legend-maker-71-92-94f801d605,Legend Maker,Wynaut,71/92,90655,Wynaut,LINKED
pkm-legend-maker-72-92-34f369393d,Legend Maker,Cursed Stone,72/92,84538,Cursed Stone,LINKED
pkm-legend-maker-73-92-267921ae16,Legend Maker,Fieldworker,73/92,85431,Fieldworker,LINKED
pkm-legend-maker-74-92-d19049ad25,Legend Maker,Full Flame,74/92,85579,Full Flame,LINKED
pkm-legend-maker-75-92-2e3c9db846,Legend Maker,Giant Stump,75/92,85697,Giant Stump,LINKED
pkm-legend-maker-76-92-32fe9fbdc8,Legend Maker,Power Tree,76/92,88355,Power Tree,LINKED
pkm-legend-maker-77-92-410ffc0fb4,Legend Maker,Strange Cave,77/92,89574,Strange Cave,LINKED
pkm-legend-maker-78-92-6e7f7392e3,Legend Maker,Claw Fossil,78/92,84329,Claw Fossil,LINKED
pkm-legend-maker-79-92-356a23ca2a,Legend Maker,Mysterious Fossil,79/92,87663,Mysterious Fossil,LINKED
pkm-legend-maker-80-92-cb65526874,Legend Maker,Root Fossil,80/92,88811,Root Fossil,LINKED
pkm-legend-maker-81-92-02477577e7,Legend Maker,Rainbow Energy,81/92,88546,Rainbow Energy,LINKED
pkm-legend-maker-82-92-111699479a,Legend Maker,React Energy,82/92,88649,React Energy,LINKED
pkm-legend-maker-83-92-e60641430e,Legend Maker,Arcanine ex,83/92,83590,Arcanine ex,LINKED
pkm-legend-maker-84-92-e7a373e909,Legend Maker,Armaldo ex,84/92,83624,Armaldo ex,LINKED
pkm-legend-maker-85-92-8bdd824d34,Legend Maker,Banette ex,85/92,83725,Banette ex,LINKED
pkm-legend-maker-86-92-d2a5018090,Legend Maker,Dustox ex,86/92,85060,Dustox ex,LINKED
pkm-legend-maker-87-92-aa4e15b885,Legend Maker,Flygon ex,87/92,85530,Flygon ex,LINKED
pkm-legend-maker-88-92-88ea7dfdaa,Legend Maker,Mew ex,88/92,87409,Mew ex,LINKED
pkm-legend-maker-89-92-4d06f206e6,Legend Maker,Walrein ex,89/92,90470,Walrein ex,LINKED
pkm-legend-maker-90-92-220ac7d797,Legend Maker,Regice ★,90/92,88658,Regice Star,SKIP_NAME_MISMATCH
pkm-legend-maker-91-92-dac3d356c0,Legend Maker,Regirock ★,91/92,88673,Regirock Star,SKIP_NAME_MISMATCH
pkm-legend-maker-92-92-6cdd5ac861,Legend Maker,Registeel ★,92/92,88678,Registeel Star,SKIP_NAME_MISMATCH
pkm-legend-maker-93-92-21d1f55677,Legend Maker,Pikachu δ,93/92,88107,Pikachu (Delta Species),LINKED
pkm-power-keepers-1-108-29cbb01789,Power Keepers,Aggron,1/108,83477,Aggron,LINKED
pkm-power-keepers-2-108-bc7ae13d99,Power Keepers,Altaria,2/108,83515,Altaria,LINKED
pkm-power-keepers-3-108-7dfba6adc7,Power Keepers,Armaldo,3/108,83620,Armaldo,LINKED
pkm-power-keepers-4-108-39f067df32,Power Keepers,Banette,4/108,83721,Banette,LINKED
pkm-power-keepers-5-108-5b57a6277a,Power Keepers,Blaziken,5/108,83908,Blaziken,LINKED
pkm-power-keepers-6-108-04a193e902,Power Keepers,Charizard,6/108,84188,Charizard,LINKED
pkm-power-keepers-7-108-86c92c3987,Power Keepers,Cradily,7/108,84453,Cradily,LINKED
pkm-power-keepers-8-108-c78d70de3b,Power Keepers,Delcatty,8/108,84739,Delcatty,LINKED
pkm-power-keepers-9-108-3e25a4b82c,Power Keepers,Gardevoir,9/108,85634,Gardevoir,LINKED
pkm-power-keepers-10-108-719358c1f0,Power Keepers,Kabutops,10/108,86398,Kabutops,LINKED
pkm-power-keepers-11-108-3b5af6df95,Power Keepers,Machamp,11/108,86964,Machamp,LINKED
pkm-power-keepers-12-108-a3abc60dbd,Power Keepers,Raichu,12/108,88509,Raichu,LINKED
pkm-power-keepers-13-108-df84b4e8eb,Power Keepers,Slaking,13/108,89290,Slaking,LINKED
pkm-power-keepers-14-108-9f1d4318a5,Power Keepers,Dusclops,14/108,85027,Dusclops,LINKED
pkm-power-keepers-15-108-e538ff3e1a,Power Keepers,Lanturn,15/108,86607,Lanturn,LINKED
pkm-power-keepers-16-108-cccdbfa59f,Power Keepers,Magneton,16/108,87106,Magneton,LINKED
pkm-power-keepers-17-108-f10c94b931,Power Keepers,Mawile,17/108,87260,Mawile,LINKED
pkm-power-keepers-18-108-92a18f5b29,Power Keepers,Mightyena,18/108,87446,Mightyena,LINKED
pkm-power-keepers-19-108-4f89c3ab31,Power Keepers,Ninetales,19/108,87771,Ninetales,LINKED
pkm-power-keepers-20-108-e450beec37,Power Keepers,Omastar,20/108,87869,Omastar,LINKED
pkm-power-keepers-21-108-bd95f64aba,Power Keepers,Pichu,21/108,88017,Pichu,LINKED
pkm-power-keepers-22-108-c90b2b3682,Power Keepers,Sableye,22/108,88851,Sableye,LINKED
pkm-power-keepers-23-108-e83d505b1e,Power Keepers,Seviper,23/108,89085,Seviper,LINKED
pkm-power-keepers-24-108-52afd7ec8f,Power Keepers,Wobbuffet,24/108,90619,Wobbuffet,LINKED
pkm-power-keepers-25-108-1298e59661,Power Keepers,Zangoose,25/108,90705,Zangoose,LINKED
pkm-power-keepers-26-108-aecb9ee09a,Power Keepers,Anorith,26/108,83560,Anorith,LINKED
pkm-power-keepers-27-108-d212b7d098,Power Keepers,Cacturne,27/108,84079,Cacturne,LINKED
pkm-power-keepers-28-108-0ddac18d0f,Power Keepers,Charmeleon,28/108,84230,Charmeleon,LINKED
pkm-power-keepers-29-108-6b543d108d,Power Keepers,Combusken,29/108,84410,Combusken,LINKED
pkm-power-keepers-30-108-eb65b37253,Power Keepers,Glalie,30/108,85754,Glalie,LINKED
pkm-power-keepers-31-108-f4b76db211,Power Keepers,Kirlia,31/108,86465,Kirlia,LINKED
pkm-power-keepers-32-108-a2711f7d09,Power Keepers,Lairon,32/108,86579,Lairon,LINKED
pkm-power-keepers-33-108-462e59b90f,Power Keepers,Machoke,33/108,86980,Machoke,LINKED
pkm-power-keepers-34-108-a4e7b65486,Power Keepers,Medicham,34/108,87274,Medicham,LINKED
pkm-power-keepers-35-108-2353915ecb,Power Keepers,Metang,35/108,87377,Metang,LINKED
pkm-power-keepers-36-108-dadc151fcc,Power Keepers,Nuzleaf,36/108,87824,Nuzleaf,LINKED
pkm-power-keepers-37-108-70a33c088c,Power Keepers,Sealeo,37/108,89031,Sealeo,LINKED
pkm-power-keepers-38-108-c17779f2bc,Power Keepers,Sharpedo,38/108,89098,Sharpedo,LINKED
pkm-power-keepers-39-108-1604824b1b,Power Keepers,Shelgon,39/108,89126,Shelgon,LINKED
pkm-power-keepers-40-108-40646611a8,Power Keepers,Vibrava,40/108,90336,Vibrava,LINKED
pkm-power-keepers-41-108-e4b2b40b52,Power Keepers,Vigoroth,41/108,90369,Vigoroth,LINKED
pkm-power-keepers-42-108-1f1c4e1ab9,Power Keepers,Aron,42/108,83635,Aron,LINKED
pkm-power-keepers-43-108-09479e08bc,Power Keepers,Bagon,43/108,83696,Bagon,LINKED
pkm-power-keepers-44-108-ff7f7c23d6,Power Keepers,Baltoy,44/108,83715,Baltoy,LINKED
pkm-power-keepers-45-108-75f9b71f0a,Power Keepers,Beldum,45/108,83787,Beldum,LINKED
pkm-power-keepers-46-108-2a25c80fc0,Power Keepers,Cacnea,46/108,84074,Cacnea,LINKED
pkm-power-keepers-47-108-13334a20df,Power Keepers,Carvanha,47/108,84113,Carvanha,LINKED
pkm-power-keepers-48-108-f11c6b49a9,Power Keepers,Charmander,48/108,84214,Charmander,LINKED
pkm-power-keepers-49-108-ca9d2b3c83,Power Keepers,Chinchou,49/108,84307,Chinchou,LINKED
pkm-power-keepers-50-108-41fe2fe1df,Power Keepers,Duskull,50/108,85049,Duskull,LINKED
pkm-power-keepers-51-108-5c4a3ece59,Power Keepers,Kabuto,51/108,86385,Kabuto,LINKED
pkm-power-keepers-52-108-e7be948b4e,Power Keepers,Lileep,52/108,86788,Lileep,LINKED
pkm-power-keepers-53-108-fa320e16c2,Power Keepers,Machop,53/108,86994,Machop,LINKED
pkm-power-keepers-54-108-b28db16047,Power Keepers,Magnemite,54/108,87080,Magnemite,LINKED
pkm-power-keepers-55-108-901b28b442,Power Keepers,Meditite,55/108,87283,Meditite,LINKED
pkm-power-keepers-56-108-b0477b8e42,Power Keepers,Omanyte,56/108,87859,Omanyte,LINKED
pkm-power-keepers-57-108-1be272cc4d,Power Keepers,Pikachu,57/108,88084,Pikachu,LINKED
pkm-power-keepers-58-108-9c8804f99f,Power Keepers,Poochyena,58/108,88299,Poochyena,LINKED
pkm-power-keepers-59-108-82c1a595b0,Power Keepers,Ralts,59/108,88560,Ralts,LINKED
pkm-power-keepers-60-108-1703ea21c1,Power Keepers,Seedot,60/108,89042,Seedot,LINKED
pkm-power-keepers-61-108-effc26319b,Power Keepers,Shuppet,61/108,89199,Shuppet,LINKED
pkm-power-keepers-62-108-dbe3fb1cbd,Power Keepers,Skitty,62/108,89266,Skitty,LINKED
pkm-power-keepers-63-108-9312db5925,Power Keepers,Slakoth,63/108,89297,Slakoth,LINKED
pkm-power-keepers-64-108-a145e54b51,Power Keepers,Snorunt,64/108,89401,Snorunt,LINKED
pkm-power-keepers-65-108-dde060f8bb,Power Keepers,Spheal,65/108,89447,Spheal,LINKED
pkm-power-keepers-66-108-83dd5bbfc7,Power Keepers,Swablu,66/108,89656,Swablu,LINKED
pkm-power-keepers-67-108-0ff6228be5,Power Keepers,Torchic,67/108,89959,Torchic,LINKED
pkm-power-keepers-68-108-0092ec0597,Power Keepers,Trapinch,68/108,90022,Trapinch,LINKED
pkm-power-keepers-69-108-e312b652c9,Power Keepers,Vulpix,69/108,90440,Vulpix,LINKED
pkm-power-keepers-70-108-e32449394a,Power Keepers,Wynaut,70/108,90656,Wynaut,LINKED
pkm-power-keepers-71-108-bcfa4232c9,Power Keepers,Battle Frontier,71/108,83741,Battle Frontier,LINKED
pkm-power-keepers-72-108-0603c77382,Power Keepers,Drake's Stadium,72/108,84921,Drake's Stadium,LINKED
pkm-power-keepers-73-108-11e014b39e,Power Keepers,Energy Recycle System,73/108,85218,Energy Recycle System,LINKED
pkm-power-keepers-74-108-e1a012b5b9,Power Keepers,Energy Removal 2,74/108,85224,Energy Removal 2,LINKED
pkm-power-keepers-75-108-ae149b0004,Power Keepers,Energy Switch,75/108,85256,Energy Switch,LINKED
pkm-power-keepers-76-108-14ce1d14ef,Power Keepers,Glacia's Stadium,76/108,85751,Glacia's Stadium,LINKED
pkm-power-keepers-77-108-4726ea41cf,Power Keepers,Great Ball,77/108,85897,Great Ball,LINKED
pkm-power-keepers-78-108-cb195b22e2,Power Keepers,Master Ball,78/108,87255,Master Ball,LINKED
pkm-power-keepers-79-108-f75af99a0e,Power Keepers,Phoebe's Stadium,79/108,88010,Phoebe's Stadium,LINKED
pkm-power-keepers-80-108-a095adbb04,Power Keepers,Professor Birch,80/108,88383,Professor Birch,LINKED
pkm-power-keepers-81-108-c7e2912844,Power Keepers,Scott,81/108,88976,Scott,LINKED
pkm-power-keepers-82-108-8e7e37f5ce,Power Keepers,Sidney's Stadium,82/108,89203,Sidney's Stadium,LINKED
pkm-power-keepers-83-108-3e29b21636,Power Keepers,Steven's Advice,83/108,89568,Steven's Advice,LINKED
pkm-power-keepers-84-108-d13bed8751,Power Keepers,Claw Fossil,84/108,84331,Claw Fossil,LINKED
pkm-power-keepers-85-108-961e6254db,Power Keepers,Mysterious Fossil,85/108,87665,Mysterious Fossil,LINKED
pkm-power-keepers-86-108-bf84b7b113,Power Keepers,Root Fossil,86/108,88813,Root Fossil,LINKED
pkm-power-keepers-87-108-34ba04f22c,Power Keepers,Darkness Energy,87/108,84688,Darkness Energy (Special),LINKED
pkm-power-keepers-88-108-7a52fb502b,Power Keepers,Metal Energy,88/108,87361,Metal Energy (Special),LINKED
pkm-power-keepers-89-108-d83af943ee,Power Keepers,Multi Energy,89/108,87633,Multi Energy,LINKED
pkm-power-keepers-90-108-0c4c0f6cd8,Power Keepers,Cyclone Energy,90/108,84541,Cyclone Energy,LINKED
pkm-power-keepers-91-108-259916abb1,Power Keepers,Warp Energy,91/108,90474,Warp Energy,LINKED
pkm-power-keepers-92-108-e4ec67920d,Power Keepers,Absol ex,92/108,83456,Absol ex,LINKED
pkm-power-keepers-93-108-56bf3d2f3b,Power Keepers,Claydol ex,93/108,84340,Claydol ex,LINKED
pkm-power-keepers-94-108-48a22f4c54,Power Keepers,Flygon ex,94/108,85531,Flygon ex,LINKED
pkm-power-keepers-95-108-342d7ec987,Power Keepers,Metagross ex,95/108,87347,Metagross ex,LINKED
pkm-power-keepers-96-108-bf2cbfa673,Power Keepers,Salamence ex,96/108,88904,Salamence ex,LINKED
pkm-power-keepers-97-108-7a6bbe294d,Power Keepers,Shiftry ex,97/108,89161,Shiftry ex,LINKED
pkm-power-keepers-98-108-d763c74b5e,Power Keepers,Skarmory ex,98/108,89247,Skarmory ex,LINKED
pkm-power-keepers-99-108-2a515b0012,Power Keepers,Walrein ex,99/108,90471,Walrein ex,LINKED
pkm-power-keepers-100-108-6aa3e14067,Power Keepers,Flareon ★,100/108,85503,Flareon Star,SKIP_NAME_MISMATCH
pkm-power-keepers-101-108-2c4e20ee2b,Power Keepers,Jolteon ★,101/108,86351,Jolteon Star,SKIP_NAME_MISMATCH
pkm-power-keepers-102-108-8a8394829b,Power Keepers,Vaporeon ★,102/108,90292,Vaporeon Star,SKIP_NAME_MISMATCH
pkm-power-keepers-103-108-80de98b557,Power Keepers,Grass Energy,103/108,85877,Grass Energy,LINKED
pkm-power-keepers-104-108-ccc65dc868,Power Keepers,Fire Energy,104/108,85462,Fire Energy,LINKED
pkm-power-keepers-105-108-4ecb59abff,Power Keepers,Water Energy,105/108,90509,Water Energy,LINKED
pkm-power-keepers-106-108-40d1b4bf0d,Power Keepers,Lightning Energy,106/108,86766,Lightning Energy,LINKED
pkm-power-keepers-107-108-ab7b64b0fa,Power Keepers,Psychic Energy,107/108,88422,Psychic Energy,LINKED
pkm-ruby-and-sapphire-1-109-646e8b896f,Ruby and Sapphire,Aggron,1/109,83475,Aggron,LINKED
pkm-ruby-and-sapphire-2-109-1d730da1bf,Ruby and Sapphire,Beautifly,2/109,83755,Beautifly,LINKED
pkm-ruby-and-sapphire-3-109-34a805b454,Ruby and Sapphire,Blaziken,3/109,83903,Blaziken - 3/109,SKIP_NAME_MISMATCH
pkm-ruby-and-sapphire-4-109-e65fc08ae6,Ruby and Sapphire,Camerupt,4/109,84087,Camerupt,LINKED
pkm-ruby-and-sapphire-5-109-9020dad551,Ruby and Sapphire,Delcatty,5/109,84734,Delcatty - 5/109,SKIP_NAME_MISMATCH
pkm-ruby-and-sapphire-6-109-be0d7f9b02,Ruby and Sapphire,Dustox,6/109,85056,Dustox,LINKED
pkm-ruby-and-sapphire-7-109-6566daaec8,Ruby and Sapphire,Gardevoir,7/109,85632,Gardevoir,LINKED
pkm-ruby-and-sapphire-8-109-309243a937,Ruby and Sapphire,Hariyama,8/109,86010,Hariyama - 8/109,SKIP_NAME_MISMATCH
pkm-ruby-and-sapphire-9-109-60014c7591,Ruby and Sapphire,Manectric,9/109,87153,Manectric - 9/109,SKIP_NAME_MISMATCH
pkm-ruby-and-sapphire-10-109-e9d38f9792,Ruby and Sapphire,Mightyena,10/109,87443,Mightyena - 10/109,SKIP_NAME_MISMATCH
pkm-ruby-and-sapphire-11-109-7afdfc7849,Ruby and Sapphire,Sceptile,11/109,88944,Sceptile - 11/109,SKIP_NAME_MISMATCH
pkm-ruby-and-sapphire-12-109-3c445b4d56,Ruby and Sapphire,Slaking,12/109,89288,Slaking,LINKED
pkm-ruby-and-sapphire-13-109-9abed1d000,Ruby and Sapphire,Swampert,13/109,89675,Swampert - 13/109,SKIP_NAME_MISMATCH
pkm-ruby-and-sapphire-14-109-793791d835,Ruby and Sapphire,Wailord,14/109,90457,Wailord,LINKED
pkm-ruby-and-sapphire-15-109-0890bad9d5,Ruby and Sapphire,Blaziken,15/109,83904,Blaziken - 15/109,SKIP_NAME_MISMATCH
pkm-ruby-and-sapphire-16-109-a26874a16a,Ruby and Sapphire,Breloom,16/109,83953,Breloom,LINKED
pkm-ruby-and-sapphire-17-109-39af018e47,Ruby and Sapphire,Donphan,17/109,84871,Donphan,LINKED
pkm-ruby-and-sapphire-18-109-6b365f7f4b,Ruby and Sapphire,Nosepass,18/109,87797,Nosepass,LINKED
pkm-ruby-and-sapphire-19-109-daac64ea03,Ruby and Sapphire,Pelipper,19/109,87974,Pelipper,LINKED
pkm-ruby-and-sapphire-20-109-c0028d0d1c,Ruby and Sapphire,Sceptile,20/109,88945,Sceptile - 20/109,SKIP_NAME_MISMATCH
pkm-ruby-and-sapphire-21-109-dc5ed0341a,Ruby and Sapphire,Seaking,21/109,89021,Seaking,LINKED
pkm-ruby-and-sapphire-22-109-c6bbdd6cbd,Ruby and Sapphire,Sharpedo,22/109,89097,Sharpedo,LINKED
pkm-ruby-and-sapphire-23-109-a2492bb2a6,Ruby and Sapphire,Swampert,23/109,89676,Swampert - 23/109,SKIP_NAME_MISMATCH
pkm-ruby-and-sapphire-24-109-985a5b3a2a,Ruby and Sapphire,Weezing,24/109,90556,Weezing,LINKED
pkm-ruby-and-sapphire-25-109-2fdee83718,Ruby and Sapphire,Aron,25/109,83628,Aron - 25/109,SKIP_NAME_MISMATCH
pkm-ruby-and-sapphire-26-109-6ef39eb7a6,Ruby and Sapphire,Cascoon,26/109,84119,Cascoon,LINKED
pkm-ruby-and-sapphire-27-109-16179028d7,Ruby and Sapphire,Combusken,27/109,84400,Combusken - 27/109,SKIP_NAME_MISMATCH
pkm-ruby-and-sapphire-28-109-92d91fae8d,Ruby and Sapphire,Combusken,28/109,84401,Combusken - 28/109,SKIP_NAME_MISMATCH
pkm-ruby-and-sapphire-29-109-714f0c76cc,Ruby and Sapphire,Delcatty,29/109,84735,Delcatty - 29/109,SKIP_NAME_MISMATCH
pkm-ruby-and-sapphire-30-109-1c05ee961d,Ruby and Sapphire,Electrike,30/109,85128,Electrike - 30/109,SKIP_NAME_MISMATCH
pkm-ruby-and-sapphire-31-109-bceed9ee27,Ruby and Sapphire,Grovyle,31/109,85935,Grovyle - 31/109,SKIP_NAME_MISMATCH
pkm-ruby-and-sapphire-32-109-3f15e3a10a,Ruby and Sapphire,Grovyle,32/109,85936,Grovyle - 32/109,SKIP_NAME_MISMATCH
pkm-ruby-and-sapphire-33-109-c36a6716b5,Ruby and Sapphire,Hariyama,33/109,86011,Hariyama - 33/109,SKIP_NAME_MISMATCH
pkm-ruby-and-sapphire-34-109-f087393c17,Ruby and Sapphire,Kirlia,34/109,86459,Kirlia - 34/109,SKIP_NAME_MISMATCH
pkm-ruby-and-sapphire-35-109-445e86f389,Ruby and Sapphire,Kirlia,35/109,86460,Kirlia - 35/109,SKIP_NAME_MISMATCH
pkm-ruby-and-sapphire-36-109-7fed3bf03e,Ruby and Sapphire,Lairon,36/109,86573,Lairon - 36/109,SKIP_NAME_MISMATCH
pkm-ruby-and-sapphire-37-109-d123b9c5d5,Ruby and Sapphire,Lairon,37/109,86574,Lairon - 37/109,SKIP_NAME_MISMATCH
pkm-ruby-and-sapphire-38-109-2ce91bc576,Ruby and Sapphire,Linoone,38/109,86803,Linoone,LINKED
pkm-ruby-and-sapphire-39-109-5a11129b9f,Ruby and Sapphire,Manectric,39/109,87154,Manectric - 39/109,SKIP_NAME_MISMATCH
pkm-ruby-and-sapphire-40-109-cc4fb6c100,Ruby and Sapphire,Marshtomp,40/109,87232,Marshtomp - 40/109,SKIP_NAME_MISMATCH
pkm-ruby-and-sapphire-41-109-49381c463d,Ruby and Sapphire,Marshtomp,41/109,87233,Marshtomp - 41/109,SKIP_NAME_MISMATCH
pkm-ruby-and-sapphire-42-109-ce21ec6b70,Ruby and Sapphire,Mightyena,42/109,87444,Mightyena - 42/109,SKIP_NAME_MISMATCH
pkm-ruby-and-sapphire-43-109-3af0b25097,Ruby and Sapphire,Silcoon,43/109,89210,Silcoon,LINKED
pkm-ruby-and-sapphire-44-109-09700e9f0a,Ruby and Sapphire,Skitty,44/109,89259,Skitty - 44/109,SKIP_NAME_MISMATCH
pkm-ruby-and-sapphire-45-109-9170215e33,Ruby and Sapphire,Slakoth,45/109,89295,Slakoth,LINKED
pkm-ruby-and-sapphire-46-109-8f9c4bc062,Ruby and Sapphire,Swellow,46/109,89688,Swellow,LINKED
pkm-ruby-and-sapphire-47-109-6c1eb5fa84,Ruby and Sapphire,Vigoroth,47/109,90366,Vigoroth,LINKED
pkm-ruby-and-sapphire-48-109-75caff977b,Ruby and Sapphire,Wailmer,48/109,90450,Wailmer,LINKED
pkm-ruby-and-sapphire-49-109-207aeedb21,Ruby and Sapphire,Aron,49/109,83629,Aron - 49/109,SKIP_NAME_MISMATCH
pkm-ruby-and-sapphire-50-109-b2b2a1cffd,Ruby and Sapphire,Aron,50/109,83630,Aron - 50/109,SKIP_NAME_MISMATCH
pkm-ruby-and-sapphire-51-109-d5699fb8ad,Ruby and Sapphire,Carvanha,51/109,84111,Carvanha,LINKED
pkm-ruby-and-sapphire-52-109-1ff6e661b8,Ruby and Sapphire,Electrike,52/109,85129,Electrike - 52/109,SKIP_NAME_MISMATCH
pkm-ruby-and-sapphire-53-109-7ede32ce1c,Ruby and Sapphire,Electrike,53/109,85130,Electrike - 53/109,SKIP_NAME_MISMATCH
pkm-ruby-and-sapphire-54-109-5f12cff396,Ruby and Sapphire,Koffing,54/109,86490,Koffing,LINKED
pkm-ruby-and-sapphire-55-109-d8d035f2bf,Ruby and Sapphire,Goldeen,55/109,85803,Goldeen,LINKED
pkm-ruby-and-sapphire-56-109-558b4c1b0f,Ruby and Sapphire,Makuhita,56/109,87125,Makuhita - 56109,SKIP_NAME_MISMATCH
pkm-ruby-and-sapphire-57-109-10c7e72381,Ruby and Sapphire,Makuhita,57/109,87126,Makuhita - 57/109,SKIP_NAME_MISMATCH
pkm-ruby-and-sapphire-58-109-fc963b0305,Ruby and Sapphire,Makuhita,58/109,87127,Makuhita - 58/109,SKIP_NAME_MISMATCH
pkm-ruby-and-sapphire-59-109-31531c8a47,Ruby and Sapphire,Mudkip,59/109,87605,Mudkip - 59/109,SKIP_NAME_MISMATCH
pkm-ruby-and-sapphire-60-109-275917b7ee,Ruby and Sapphire,Mudkip,60/109,87606,Mudkip - 60/109,SKIP_NAME_MISMATCH
pkm-ruby-and-sapphire-61-109-e6f715a87c,Ruby and Sapphire,Numel,61/109,87805,Numel,LINKED
pkm-ruby-and-sapphire-62-109-60b6ef4d1c,Ruby and Sapphire,Phanpy,62/109,87996,Phanpy,LINKED
pkm-ruby-and-sapphire-63-109-9e576aa332,Ruby and Sapphire,Poochyena,63/109,88293,Poochyena - 63/109,SKIP_NAME_MISMATCH
pkm-ruby-and-sapphire-64-109-c108c7243b,Ruby and Sapphire,Poochyena,64/109,88294,Poochyena - 64/109,SKIP_NAME_MISMATCH
pkm-ruby-and-sapphire-65-109-4097f5c672,Ruby and Sapphire,Poochyena,65/109,88295,Poochyena - 65/109,SKIP_NAME_MISMATCH
pkm-ruby-and-sapphire-66-109-73513785e9,Ruby and Sapphire,Ralts,66/109,88554,Ralts - 66/109,SKIP_NAME_MISMATCH
pkm-ruby-and-sapphire-67-109-52e42aa376,Ruby and Sapphire,Ralts,67/109,88555,Ralts - 67/109,SKIP_NAME_MISMATCH
pkm-ruby-and-sapphire-68-109-bea8093912,Ruby and Sapphire,Ralts,68/109,88556,Ralts - 68/109,SKIP_NAME_MISMATCH
pkm-ruby-and-sapphire-69-109-3c76d3051e,Ruby and Sapphire,Shroomish,69/109,89181,Shroomish,LINKED
pkm-ruby-and-sapphire-70-109-8ecce238ef,Ruby and Sapphire,Skitty,70/109,89260,Skitty - 70/109,SKIP_NAME_MISMATCH
pkm-ruby-and-sapphire-71-109-41a0ded0ee,Ruby and Sapphire,Skitty,71/109,89261,Skitty - 71/109,SKIP_NAME_MISMATCH
pkm-ruby-and-sapphire-72-109-64be022972,Ruby and Sapphire,Taillow,72/109,89730,Taillow,LINKED
pkm-ruby-and-sapphire-73-109-04ff49c816,Ruby and Sapphire,Torchic,73/109,89949,Torchic - 73/109,SKIP_NAME_MISMATCH
pkm-ruby-and-sapphire-74-109-a914898ae8,Ruby and Sapphire,Torchic,74/109,89950,Torchic - 74/109,SKIP_NAME_MISMATCH
pkm-ruby-and-sapphire-75-109-49ffcb6bb7,Ruby and Sapphire,Treecko,75/109,90032,Treecko - 75/109,SKIP_NAME_MISMATCH
pkm-ruby-and-sapphire-76-109-60326d5813,Ruby and Sapphire,Treecko,76/109,90033,Treecko - 76/109,SKIP_NAME_MISMATCH
pkm-ruby-and-sapphire-77-109-4814d66e38,Ruby and Sapphire,Wingull,77/109,90605,Wingull,LINKED
pkm-ruby-and-sapphire-78-109-53fb1dc4c8,Ruby and Sapphire,Wurmple,78/109,90647,Wurmple,LINKED
pkm-ruby-and-sapphire-79-109-b54b69838b,Ruby and Sapphire,Zigzagoon,79/109,90744,Zigzagoon,LINKED
pkm-ruby-and-sapphire-80-109-dac519e64b,Ruby and Sapphire,Energy Removal 2,80/109,85220,Energy Removal 2,LINKED
pkm-ruby-and-sapphire-81-109-9fe5e6fd86,Ruby and Sapphire,Energy Restore,81/109,85225,Energy Restore,LINKED
pkm-ruby-and-sapphire-82-109-caa251c77d,Ruby and Sapphire,Energy Switch,82/109,85252,Energy Switch,LINKED
pkm-ruby-and-sapphire-84-109-f77904e194,Ruby and Sapphire,Lum Berry,84/109,86919,Lum Berry,LINKED
pkm-ruby-and-sapphire-85-109-1c18821a73,Ruby and Sapphire,Oran Berry,85/109,87888,Oran Berry,LINKED
pkm-ruby-and-sapphire-86-109-10e426db1b,Ruby and Sapphire,Poké Ball,86/109,88182,Poke Ball,SKIP_NAME_MISMATCH
pkm-ruby-and-sapphire-87-109-4ff8b89790,Ruby and Sapphire,Pokémon Reversal,87/109,88237,Pokemon Reversal,SKIP_NAME_MISMATCH
pkm-ruby-and-sapphire-88-109-bd32776a58,Ruby and Sapphire,PokéNav,88/109,88243,Pokenav,SKIP_NAME_MISMATCH
pkm-ruby-and-sapphire-89-109-16471a3dde,Ruby and Sapphire,Professor Birch,89/109,88381,Professor Birch,LINKED
pkm-ruby-and-sapphire-90-109-b4054c9095,Ruby and Sapphire,Energy Search,90/109,85237,Energy Search,LINKED
pkm-ruby-and-sapphire-91-109-9780428e37,Ruby and Sapphire,Potion,91/109,88330,Potion,LINKED
pkm-ruby-and-sapphire-92-109-332c6a1cda,Ruby and Sapphire,Switch,92/109,89709,Switch,LINKED
pkm-ruby-and-sapphire-93-109-f95e221bfc,Ruby and Sapphire,Darkness Energy,93/109,84683,Darkness Energy (Special),LINKED
pkm-ruby-and-sapphire-94-109-cdcbd06d84,Ruby and Sapphire,Metal Energy,94/109,87356,Metal Energy (Special),LINKED
pkm-ruby-and-sapphire-95-109-a7fc1fc586,Ruby and Sapphire,Rainbow Energy,95/109,88545,Rainbow Energy,LINKED
pkm-ruby-and-sapphire-96-109-8463373c1f,Ruby and Sapphire,Chansey ex,96/109,84180,Chansey ex,LINKED
pkm-ruby-and-sapphire-97-109-da5fa155b4,Ruby and Sapphire,Electabuzz ex,97/109,85120,Electabuzz ex,LINKED
pkm-ruby-and-sapphire-98-109-e92bda3754,Ruby and Sapphire,Hitmonchan ex,98/109,86099,Hitmonchan ex,LINKED
pkm-ruby-and-sapphire-99-109-7d427d4213,Ruby and Sapphire,Lapras ex,99/109,86626,Lapras ex,LINKED
pkm-ruby-and-sapphire-100-109-2861665a6e,Ruby and Sapphire,Magmar ex,100/109,87054,Magmar ex,LINKED
pkm-ruby-and-sapphire-101-109-1cf812a433,Ruby and Sapphire,Mewtwo ex,101/109,87428,Mewtwo ex,LINKED
pkm-ruby-and-sapphire-102-109-2acd6dabf5,Ruby and Sapphire,Scyther ex,102/109,89007,Scyther ex,LINKED
pkm-ruby-and-sapphire-103-109-349c6676f2,Ruby and Sapphire,Sneasel ex,103/109,89374,Sneasel ex,LINKED
pkm-ruby-and-sapphire-104-109-48e63bfce8,Ruby and Sapphire,Grass Energy,104/109,85874,Grass Energy,LINKED
pkm-ruby-and-sapphire-106-109-ee02609699,Ruby and Sapphire,Water Energy,106/109,90506,Water Energy,LINKED
pkm-ruby-and-sapphire-107-109-1e8bdcc6e7,Ruby and Sapphire,Psychic Energy,107/109,88418,Psychic Energy,LINKED
pkm-ruby-and-sapphire-108-109-4ede5cb5f8,Ruby and Sapphire,Fire Energy,108/109,85458,Fire Energy,LINKED
pkm-ruby-and-sapphire-109-109-1768976741,Ruby and Sapphire,Lightning Energy,109/109,86761,Lightning Energy,LINKED
pkm-sandstorm-1-100-605b91e3ee,Sandstorm,Armaldo,1/100,83619,Armaldo,LINKED
pkm-sandstorm-2-100-b531b9e0f8,Sandstorm,Cacturne,2/100,84078,Cacturne,LINKED
pkm-sandstorm-3-100-aed00939ed,Sandstorm,Cradily,3/100,84451,Cradily,LINKED
pkm-sandstorm-4-100-0c5faf5517,Sandstorm,Dusclops,4/100,85024,Dusclops,LINKED
pkm-sandstorm-5-100-4e3964061a,Sandstorm,Flareon,5/100,85489,Flareon,LINKED
pkm-sandstorm-6-100-a4c24ada40,Sandstorm,Jolteon,6/100,86336,Jolteon,LINKED
pkm-sandstorm-7-100-7a16580d65,Sandstorm,Ludicolo,7/100,86895,Ludicolo,LINKED
pkm-sandstorm-8-100-c387d393ff,Sandstorm,Lunatone,8/100,86923,Lunatone,LINKED
pkm-sandstorm-9-100-e916d9528c,Sandstorm,Mawile,9/100,87257,Mawile,LINKED
pkm-sandstorm-10-100-6540dbb4dc,Sandstorm,Sableye,10/100,88847,Sableye,LINKED
pkm-sandstorm-11-100-c49cabfec7,Sandstorm,Seviper,11/100,89082,Seviper,LINKED
pkm-sandstorm-12-100-ad7b3bf0ba,Sandstorm,Shiftry,12/100,89152,Shiftry - 12/100,SKIP_NAME_MISMATCH
pkm-sandstorm-13-100-654e28cea1,Sandstorm,Solrock,13/100,89425,Solrock,LINKED
pkm-sandstorm-14-100-5d63488758,Sandstorm,Zangoose,14/100,90702,Zangoose,LINKED
pkm-sandstorm-15-100-af449e212f,Sandstorm,Arcanine,15/100,83579,Arcanine,LINKED
pkm-sandstorm-16-100-073aa24f27,Sandstorm,Espeon,16/100,85319,Espeon,LINKED
pkm-sandstorm-17-100-28a469c955,Sandstorm,Golduck,17/100,85810,Golduck,LINKED
pkm-sandstorm-18-100-1221220c31,Sandstorm,Kecleon,18/100,86428,Kecleon,LINKED
pkm-sandstorm-19-100-01fe508f7c,Sandstorm,Omastar,19/100,87863,Omastar,LINKED
pkm-sandstorm-20-100-b374755dcd,Sandstorm,Pichu,20/100,88012,Pichu,LINKED
pkm-sandstorm-21-100-0bc5f3b5b2,Sandstorm,Sandslash,21/100,88928,Sandslash,LINKED
pkm-sandstorm-22-100-e512492f1e,Sandstorm,Shiftry,22/100,89153,Shiftry - 22/100,SKIP_NAME_MISMATCH
pkm-sandstorm-23-100-e01630d278,Sandstorm,Steelix,23/100,89556,Steelix,LINKED
pkm-sandstorm-24-100-116bccfde4,Sandstorm,Umbreon,24/100,90138,Umbreon,LINKED
pkm-sandstorm-25-100-c37ffe532f,Sandstorm,Vaporeon,25/100,90278,Vaporeon,LINKED
pkm-sandstorm-26-100-f0ec201224,Sandstorm,Wobbuffet,26/100,90613,Wobbuffet,LINKED
pkm-sandstorm-27-100-edaf8d5935,Sandstorm,Anorith,27/100,83557,Anorith - 27/100,SKIP_NAME_MISMATCH
pkm-sandstorm-28-100-49dfb00530,Sandstorm,Anorith,28/100,83558,Anorith - 28/100,SKIP_NAME_MISMATCH
pkm-sandstorm-29-100-e8278e6e91,Sandstorm,Arbok,29/100,83567,Arbok,LINKED
pkm-sandstorm-30-100-2bda3b6b48,Sandstorm,Azumarill,30/100,83679,Azumarill,LINKED
pkm-sandstorm-31-100-744cc8f5ad,Sandstorm,Azurill,31/100,83688,Azurill,LINKED
pkm-sandstorm-32-100-c24ca38adb,Sandstorm,Baltoy,32/100,83709,Baltoy,LINKED
pkm-sandstorm-33-100-6edd2b0036,Sandstorm,Breloom,33/100,83954,Breloom,LINKED
pkm-sandstorm-34-100-cdf8d096d5,Sandstorm,Delcatty,34/100,84736,Delcatty,LINKED
pkm-sandstorm-35-100-27b9f26c0c,Sandstorm,Electabuzz,35/100,85110,Electabuzz,LINKED
pkm-sandstorm-36-100-1ae35fb9d6,Sandstorm,Elekid,36/100,85169,Elekid,LINKED
pkm-sandstorm-37-100-f8818a47d5,Sandstorm,Fearow,37/100,85394,Fearow,LINKED
pkm-sandstorm-38-100-475ef1cb01,Sandstorm,Illumise,38/100,86264,Illumise,LINKED
pkm-sandstorm-39-100-e522389fe8,Sandstorm,Kabuto,39/100,86380,Kabuto,LINKED
pkm-sandstorm-40-100-21588cea61,Sandstorm,Kirlia,40/100,86461,Kirlia,LINKED
pkm-sandstorm-41-100-6a7a104277,Sandstorm,Lairon,41/100,86575,Lairon,LINKED
pkm-sandstorm-42-100-3c87fada4d,Sandstorm,Lileep,42/100,86785,Lileep - 42/100,SKIP_NAME_MISMATCH
pkm-sandstorm-43-100-957b2db9d6,Sandstorm,Lileep,43/100,86786,Lileep - 43/100,SKIP_NAME_MISMATCH
pkm-sandstorm-44-100-139f3a8546,Sandstorm,Linoone,44/100,86804,Linoone,LINKED
pkm-sandstorm-45-100-95433c7092,Sandstorm,Lombre,45/100,86814,Lombre - 45/100,SKIP_NAME_MISMATCH
pkm-sandstorm-46-100-7828776000,Sandstorm,Lombre,46/100,86815,Lombre - 46/100,SKIP_NAME_MISMATCH
pkm-sandstorm-47-100-5dfd814253,Sandstorm,Murkrow,47/100,87648,Murkrow,LINKED
pkm-sandstorm-48-100-bf88a7851c,Sandstorm,Nuzleaf,48/100,87818,Nuzleaf - 48/100,SKIP_NAME_MISMATCH
pkm-sandstorm-49-100-6ef67b8d3a,Sandstorm,Nuzleaf,49/100,87819,Nuzleaf - 49/100,SKIP_NAME_MISMATCH
pkm-sandstorm-50-100-9098353d39,Sandstorm,Pelipper,50/100,87975,Pelipper,LINKED
pkm-sandstorm-51-100-e6841b6406,Sandstorm,Quilava,51/100,88482,Quilava,LINKED
pkm-sandstorm-52-100-7a98cd04a9,Sandstorm,Vigoroth,52/100,90367,Vigoroth,LINKED
pkm-sandstorm-53-100-a75ec0247d,Sandstorm,Volbeat,53/100,90396,Volbeat,LINKED
pkm-sandstorm-54-100-37b8d43b74,Sandstorm,Wynaut,54/100,90654,Wynaut,LINKED
pkm-sandstorm-55-100-1b1080700c,Sandstorm,Xatu,55/100,90662,Xatu,LINKED
pkm-sandstorm-56-100-366c87f3ce,Sandstorm,Aron,56/100,83631,Aron,LINKED
pkm-sandstorm-57-100-4f52dd9f2a,Sandstorm,Cacnea,57/100,84069,Cacnea - 57/100,SKIP_NAME_MISMATCH
pkm-sandstorm-58-100-96fe704088,Sandstorm,Cacnea,58/100,84070,Cacnea - 58/100,SKIP_NAME_MISMATCH
pkm-sandstorm-59-100-7542fddfe1,Sandstorm,Cyndaquil,59/100,84545,Cyndaquil,LINKED
pkm-sandstorm-60-100-f313b1d58b,Sandstorm,Dunsparce,60/100,85008,Dunsparce,LINKED
pkm-sandstorm-61-100-49b6e3da75,Sandstorm,Duskull,61/100,85044,Duskull - 61/100,SKIP_NAME_MISMATCH
pkm-sandstorm-62-100-809e5cbc83,Sandstorm,Duskull,62/100,85045,Duskull - 62/100,SKIP_NAME_MISMATCH
pkm-sandstorm-63-100-07b70447b8,Sandstorm,Eevee,63/100,85073,Eevee,LINKED
pkm-sandstorm-64-100-0a1f020584,Sandstorm,Ekans,64/100,85100,Ekans,LINKED
pkm-sandstorm-65-100-d92321f946,Sandstorm,Growlithe,65/100,85951,Growlithe,LINKED
pkm-sandstorm-66-100-e0da61a3ac,Sandstorm,Lotad,66/100,86831,Lotad - 66/100,SKIP_NAME_MISMATCH
pkm-sandstorm-67-100-5c105b17d2,Sandstorm,Lotad,67/100,86832,Lotad - 67/100,SKIP_NAME_MISMATCH
pkm-sandstorm-68-100-440d4f2bed,Sandstorm,Marill,68/100,87214,Marill,LINKED
pkm-sandstorm-69-100-a54f028ae4,Sandstorm,Natu,69/100,87682,Natu,LINKED
pkm-sandstorm-70-100-930b0a1770,Sandstorm,Omanyte,70/100,87857,Omanyte,LINKED
pkm-sandstorm-71-100-44e1d38aa3,Sandstorm,Onix,71/100,87876,Onix,LINKED
pkm-sandstorm-72-100-4e04447869,Sandstorm,Pikachu,72/100,88073,Pikachu,LINKED
pkm-sandstorm-73-100-ad9ae32a29,Sandstorm,Psyduck,73/100,88432,Psyduck,LINKED
pkm-sandstorm-74-100-b7f33e0215,Sandstorm,Ralts,74/100,88553,Ralts,LINKED
pkm-sandstorm-75-100-4c2613e1ff,Sandstorm,Sandshrew,75/100,88919,Sandshrew,LINKED
pkm-sandstorm-76-100-6529788de0,Sandstorm,Seedot,76/100,89036,Seedot - 76/100,SKIP_NAME_MISMATCH
pkm-sandstorm-77-100-6e2562cb92,Sandstorm,Seedot,77/100,89037,Seedot - 77/100,SKIP_NAME_MISMATCH
pkm-sandstorm-78-100-40b003d99e,Sandstorm,Shroomish,78/100,89182,Shroomish,LINKED
pkm-sandstorm-79-100-1c818afbc9,Sandstorm,Skitty,79/100,89262,Skitty,LINKED
pkm-sandstorm-80-100-1a9ae3df55,Sandstorm,Slakoth,80/100,89294,Slakoth,LINKED
pkm-sandstorm-81-100-d1e3f747a5,Sandstorm,Spearow,81/100,89436,Spearow,LINKED
pkm-sandstorm-82-100-f10eb038ff,Sandstorm,Trapinch,82/100,90018,Trapinch,LINKED
pkm-sandstorm-83-100-c2cc37ea0e,Sandstorm,Wailmer,83/100,90451,Wailmer,LINKED
pkm-sandstorm-84-100-aabef3912d,Sandstorm,Wingull,84/100,90606,Wingull,LINKED
pkm-sandstorm-85-100-c9c4ceba36,Sandstorm,Zigzagoon,85/100,90745,Zigzagoon,LINKED
pkm-sandstorm-86-100-9199ebbf20,Sandstorm,Double Full Heal,86/100,84887,Double Full Heal,LINKED
pkm-sandstorm-87-100-f71c7c3085,Sandstorm,Lanette's Net Search,87/100,86597,Lanette's Net Search,LINKED
pkm-sandstorm-88-100-5700962ef5,Sandstorm,Rare Candy,88/100,88589,Rare Candy,LINKED
pkm-sandstorm-89-100-06f05bc73b,Sandstorm,Wally's Training,89/100,90464,Wally's Training,LINKED
pkm-sandstorm-90-100-8729adfe16,Sandstorm,Claw Fossil,90/100,84328,Claw Fossil,LINKED
pkm-sandstorm-91-100-8663990426,Sandstorm,Mysterious Fossil,91/100,87667,Mysterious Fossil,LINKED
pkm-sandstorm-92-100-bd126d83a3,Sandstorm,Root Fossil,92/100,88810,Root Fossil,LINKED
pkm-sandstorm-93-100-45ca4d0b42,Sandstorm,Multi Energy,93/100,87629,Multi Energy,LINKED
pkm-sandstorm-94-100-d8fe9db787,Sandstorm,Aerodactyl ex,94/100,83473,Aerodactyl ex,LINKED
pkm-sandstorm-95-100-17b46e3771,Sandstorm,Aggron ex,95/100,83483,Aggron ex,LINKED
pkm-sandstorm-96-100-40b902e176,Sandstorm,Gardevoir ex,96/100,85641,Gardevoir ex,LINKED
pkm-sandstorm-97-100-af3d7a6add,Sandstorm,Kabutops ex,97/100,86402,Kabutops ex,LINKED
pkm-sandstorm-98-100-ef029ee8a9,Sandstorm,Raichu ex,98/100,88525,Raichu ex,LINKED
pkm-sandstorm-99-100-26766ae7e5,Sandstorm,Typhlosion ex,99/100,90111,Typhlosion ex,LINKED
pkm-sandstorm-100-100-2d13393cdc,Sandstorm,Wailord ex,100/100,90463,Wailord ex,LINKED
pkm-team-magma-vs-team-aqua-1-95-d11f4b6562,Team Magma vs Team Aqua,Team Aqua's Cacturne,1/95,89775,Team Aqua's Cacturne,LINKED
pkm-team-magma-vs-team-aqua-2-95-66b5ed9709,Team Magma vs Team Aqua,Team Aqua's Crawdaunt,2/95,89783,Team Aqua's Crawdaunt - 2/95,SKIP_NAME_MISMATCH
pkm-team-magma-vs-team-aqua-3-95-2bff4b8b2d,Team Magma vs Team Aqua,Team Aqua's Kyogre,3/95,89788,Team Aqua's Kyogre,LINKED
pkm-team-magma-vs-team-aqua-4-95-85c55fe3d9,Team Magma vs Team Aqua,Team Aqua's Manectric,4/95,89790,Team Aqua's Manectric - 4/95,SKIP_NAME_MISMATCH
pkm-team-magma-vs-team-aqua-5-95-afe632769e,Team Magma vs Team Aqua,Team Aqua's Sharpedo,5/95,89799,Team Aqua's Sharpedo - 5/95,SKIP_NAME_MISMATCH
pkm-team-magma-vs-team-aqua-6-95-195e345d81,Team Magma vs Team Aqua,Team Aqua's Walrein,6/95,89803,Team Aqua's Walrein,LINKED
pkm-team-magma-vs-team-aqua-7-95-882feb3511,Team Magma vs Team Aqua,Team Magma's Aggron,7/95,89818,Team Magma's Aggron,LINKED
pkm-team-magma-vs-team-aqua-8-95-ab5f89b7b3,Team Magma vs Team Aqua,Team Magma's Claydol,8/95,89825,Team Magma's Claydol - 8/95,SKIP_NAME_MISMATCH
pkm-team-magma-vs-team-aqua-9-95-f2d943def6,Team Magma vs Team Aqua,Team Magma's Groudon,9/95,89827,Team Magma's Groudon,LINKED
pkm-team-magma-vs-team-aqua-10-95-82abd10714,Team Magma vs Team Aqua,Team Magma's Houndoom,10/95,89828,Team Magma's Houndoom - 10/95,SKIP_NAME_MISMATCH
pkm-team-magma-vs-team-aqua-11-95-944baf12db,Team Magma vs Team Aqua,Team Magma's Rhydon,11/95,89840,Team Magma's Rhydon - 11/95,SKIP_NAME_MISMATCH
pkm-team-magma-vs-team-aqua-12-95-5d779fa487,Team Magma vs Team Aqua,Team Magma's Torkoal,12/95,89845,Team Magma's Torkoal,LINKED
pkm-team-magma-vs-team-aqua-13-95-a2255b9aba,Team Magma vs Team Aqua,Raichu,13/95,88506,Raichu,LINKED
pkm-team-magma-vs-team-aqua-14-95-81129ae5be,Team Magma vs Team Aqua,Team Aqua's Crawdaunt,14/95,89784,Team Aqua's Crawdaunt - 14/95,SKIP_NAME_MISMATCH
pkm-team-magma-vs-team-aqua-15-95-ce98be25bd,Team Magma vs Team Aqua,Team Aqua's Mightyena,15/95,89792,Team Aqua's Mightyena - 15/95,SKIP_NAME_MISMATCH
pkm-team-magma-vs-team-aqua-16-95-b955b60075,Team Magma vs Team Aqua,Team Aqua's Sealeo,16/95,89796,Team Aqua's Sealeo - 16/95,SKIP_NAME_MISMATCH
pkm-team-magma-vs-team-aqua-17-95-ba4791dc54,Team Magma vs Team Aqua,Team Aqua's Seviper,17/95,89798,Team Aqua's Seviper,LINKED
pkm-team-magma-vs-team-aqua-18-95-3c67b2b12c,Team Magma vs Team Aqua,Team Aqua's Sharpedo,18/95,89800,Team Aqua's Sharpedo - 18/95,SKIP_NAME_MISMATCH
pkm-team-magma-vs-team-aqua-19-95-f6fbcb5773,Team Magma vs Team Aqua,Team Magma's Camerupt,19/95,89824,Team Magma's Camerupt,LINKED
pkm-team-magma-vs-team-aqua-20-95-36a54b82c2,Team Magma vs Team Aqua,Team Magma's Lairon,20/95,89833,Team Magma's Lairon - 20/95,SKIP_NAME_MISMATCH
pkm-team-magma-vs-team-aqua-21-95-8917e54201,Team Magma vs Team Aqua,Team Magma's Mightyena,21/95,89835,Team Magma's Mightyena - 21/95,SKIP_NAME_MISMATCH
pkm-team-magma-vs-team-aqua-22-95-0de226339c,Team Magma vs Team Aqua,Team Magma's Rhydon,22/95,89841,Team Magma's Rhydon - 22/95,SKIP_NAME_MISMATCH
pkm-team-magma-vs-team-aqua-23-95-674a84e03b,Team Magma vs Team Aqua,Team Magma's Zangoose,23/95,89846,Team Magma's Zangoose,LINKED
pkm-team-magma-vs-team-aqua-24-95-14078ad969,Team Magma vs Team Aqua,Team Aqua's Cacnea,24/95,89774,Team Aqua's Cacnea - 24/95,SKIP_NAME_MISMATCH
pkm-team-magma-vs-team-aqua-25-95-549ea4555e,Team Magma vs Team Aqua,Team Aqua's Carvanha,25/95,89776,Team Aqua's Carvanha - 25/95,SKIP_NAME_MISMATCH
pkm-team-magma-vs-team-aqua-26-95-7e1b3dfac2,Team Magma vs Team Aqua,Team Aqua's Corphish,26/95,89780,Team Aqua's Corphish - 26/95,SKIP_NAME_MISMATCH
pkm-team-magma-vs-team-aqua-27-95-0e9d6faf05,Team Magma vs Team Aqua,Team Aqua's Electrike,27/95,89785,Team Aqua's Electrike - 27/95,SKIP_NAME_MISMATCH
pkm-team-magma-vs-team-aqua-28-95-74ed0b1f5c,Team Magma vs Team Aqua,Team Aqua's Lanturn,28/95,89789,Team Aqua's Lanturn,LINKED
pkm-team-magma-vs-team-aqua-29-95-3376fa1410,Team Magma vs Team Aqua,Team Aqua's Manectric,29/95,89791,Team Aqua's Manectric - 29/95,SKIP_NAME_MISMATCH
pkm-team-magma-vs-team-aqua-30-95-fc67fcd3c5,Team Magma vs Team Aqua,Team Aqua's Mightyena,30/95,89793,Team Aqua's Mightyena - 30/95,SKIP_NAME_MISMATCH
pkm-team-magma-vs-team-aqua-31-95-ed0428e00f,Team Magma vs Team Aqua,Team Aqua's Sealeo,31/95,89797,Team Aqua's Sealeo - 31/95,SKIP_NAME_MISMATCH
pkm-team-magma-vs-team-aqua-32-95-3b9d9767c7,Team Magma vs Team Aqua,Team Magma's Baltoy,32/95,89821,Team Magma's Baltoy - 32/95,SKIP_NAME_MISMATCH
pkm-team-magma-vs-team-aqua-33-95-79bd5696d2,Team Magma vs Team Aqua,Team Magma's Claydol,33/95,89826,Team Magma's Claydol - 33/95,SKIP_NAME_MISMATCH
pkm-team-magma-vs-team-aqua-34-95-b3543f5f90,Team Magma vs Team Aqua,Team Magma's Houndoom,34/95,89829,Team Magma's Houndoom - 34/95,SKIP_NAME_MISMATCH
pkm-team-magma-vs-team-aqua-35-95-46b95a2664,Team Magma vs Team Aqua,Team Magma's Houndour,35/95,89830,Team Magma's Houndour - 35/95,SKIP_NAME_MISMATCH
pkm-team-magma-vs-team-aqua-36-95-3f57ac8503,Team Magma vs Team Aqua,Team Magma's Lairon,36/95,89834,Team Magma's Lairon - 36/95,SKIP_NAME_MISMATCH
pkm-team-magma-vs-team-aqua-37-95-eca029efa5,Team Magma vs Team Aqua,Team Magma's Mightyena,37/95,89836,Team Magma's Mightyena - 37/95,SKIP_NAME_MISMATCH
pkm-team-magma-vs-team-aqua-38-95-d2c2c09bed,Team Magma vs Team Aqua,Team Magma's Rhyhorn,38/95,89842,Team Magma's Rhyhorn - 38/95,SKIP_NAME_MISMATCH
pkm-team-magma-vs-team-aqua-39-95-4add4d1c59,Team Magma vs Team Aqua,Bulbasaur,39/95,84028,Bulbasaur,LINKED
pkm-team-magma-vs-team-aqua-40-95-496b2db188,Team Magma vs Team Aqua,Cubone,40/95,84530,Cubone,LINKED
pkm-team-magma-vs-team-aqua-41-95-845dfd59e8,Team Magma vs Team Aqua,Jigglypuff,41/95,86314,Jigglypuff,LINKED
pkm-team-magma-vs-team-aqua-42-95-3f7985cbf0,Team Magma vs Team Aqua,Meowth,42/95,87316,Meowth,LINKED
pkm-team-magma-vs-team-aqua-43-95-429c96bf26,Team Magma vs Team Aqua,Pikachu,43/95,88077,Pikachu,LINKED
pkm-team-magma-vs-team-aqua-44-95-fb1bbf2b01,Team Magma vs Team Aqua,Psyduck,44/95,88436,Psyduck,LINKED
pkm-team-magma-vs-team-aqua-45-95-049b639e2d,Team Magma vs Team Aqua,Slowpoke,45/95,89326,Slowpoke,LINKED
pkm-team-magma-vs-team-aqua-46-95-472628d831,Team Magma vs Team Aqua,Squirtle,46/95,89488,Squirtle,LINKED
pkm-team-magma-vs-team-aqua-47-95-0a55a19196,Team Magma vs Team Aqua,Team Aqua's Carvanha,47/95,89777,Team Aqua's Carvanha - 47/95,SKIP_NAME_MISMATCH
pkm-team-magma-vs-team-aqua-48-95-72adaaa41f,Team Magma vs Team Aqua,Team Aqua's Carvanha,48/95,89778,Team Aqua's Carvanha - 48/95,SKIP_NAME_MISMATCH
pkm-team-magma-vs-team-aqua-49-95-6e6a57f1bb,Team Magma vs Team Aqua,Team Aqua's Chinchou,49/95,89779,Team Aqua's Chinchou,LINKED
pkm-team-magma-vs-team-aqua-50-95-83a07df33c,Team Magma vs Team Aqua,Team Aqua's Corphish,50/95,89781,Team Aqua's Corphish - 50/95,SKIP_NAME_MISMATCH
pkm-team-magma-vs-team-aqua-51-95-3a7245e837,Team Magma vs Team Aqua,Team Aqua's Corphish,51/95,89782,Team Aqua's Corphish - 51/95,SKIP_NAME_MISMATCH
pkm-team-magma-vs-team-aqua-52-95-57df940d44,Team Magma vs Team Aqua,Team Aqua's Electrike,52/95,89786,Team Aqua's Electrike - 52/95,SKIP_NAME_MISMATCH
pkm-team-magma-vs-team-aqua-53-95-8c32f76287,Team Magma vs Team Aqua,Team Aqua's Electrike,53/95,89787,Team Aqua's Electrike - 53/95,SKIP_NAME_MISMATCH
pkm-team-magma-vs-team-aqua-54-95-41e5f16a71,Team Magma vs Team Aqua,Team Aqua's Poochyena,54/95,89794,Team Aqua's Poochyena - 54/95,SKIP_NAME_MISMATCH
pkm-team-magma-vs-team-aqua-55-95-faf673b41d,Team Magma vs Team Aqua,Team Aqua's Poochyena,55/95,89795,Team Aqua's Poochyena - 55/95,SKIP_NAME_MISMATCH
pkm-team-magma-vs-team-aqua-56-95-bf5757ca62,Team Magma vs Team Aqua,Team Aqua's Spheal,56/95,89801,Team Aqua's Spheal - 56/95,SKIP_NAME_MISMATCH
pkm-team-magma-vs-team-aqua-57-95-d183a3f8e0,Team Magma vs Team Aqua,Team Aqua's Spheal,57/95,89802,Team Aqua's Spheal - 57/95,SKIP_NAME_MISMATCH
pkm-team-magma-vs-team-aqua-58-95-797e7f7366,Team Magma vs Team Aqua,Team Magma's Aron,58/95,89819,Team Magma's Aron - 58/95,SKIP_NAME_MISMATCH
pkm-team-magma-vs-team-aqua-59-95-4866a6ccf8,Team Magma vs Team Aqua,Team Magma's Aron,59/95,89820,Team Magma's Aron - 59/95,SKIP_NAME_MISMATCH
pkm-team-magma-vs-team-aqua-60-95-59c8457ed9,Team Magma vs Team Aqua,Team Magma's Baltoy,60/95,89822,Team Magma's Baltoy - 60/95,SKIP_NAME_MISMATCH
pkm-team-magma-vs-team-aqua-61-95-0b54c04387,Team Magma vs Team Aqua,Team Magma's Baltoy,61/95,89823,Team Magma's Baltoy - 61/95,SKIP_NAME_MISMATCH
pkm-team-magma-vs-team-aqua-62-95-47174030c6,Team Magma vs Team Aqua,Team Magma's Houndour,62/95,89831,Team Magma's Houndour - 62/95,SKIP_NAME_MISMATCH
pkm-team-magma-vs-team-aqua-63-95-8d54367d7c,Team Magma vs Team Aqua,Team Magma's Houndour,63/95,89832,Team Magma's Houndour - 63/95,SKIP_NAME_MISMATCH
pkm-team-magma-vs-team-aqua-64-95-1ef936b24a,Team Magma vs Team Aqua,Team Magma's Numel,64/95,89837,Team Magma's Numel,LINKED
pkm-team-magma-vs-team-aqua-65-95-b829e34c05,Team Magma vs Team Aqua,Team Magma's Poochyena,65/95,89838,Team Magma's Poochyena - 65/95,SKIP_NAME_MISMATCH
pkm-team-magma-vs-team-aqua-66-95-7ea62bf2ee,Team Magma vs Team Aqua,Team Magma's Poochyena,66/95,89839,Team Magma's Poochyena - 66/95,SKIP_NAME_MISMATCH
pkm-team-magma-vs-team-aqua-67-95-66e88bf9ce,Team Magma vs Team Aqua,Team Magma's Rhyhorn,67/95,89843,Team Magma's Rhyhorn - 67/95,SKIP_NAME_MISMATCH
pkm-team-magma-vs-team-aqua-68-95-fed9eed6f8,Team Magma vs Team Aqua,Team Magma's Rhyhorn,68/95,89844,Team Magma's Rhyhorn - 68/95,SKIP_NAME_MISMATCH
pkm-team-magma-vs-team-aqua-69-95-0234b976a1,Team Magma vs Team Aqua,Team Aqua Schemer,69/95,89772,Team Aqua Schemer,LINKED
pkm-team-magma-vs-team-aqua-70-95-01b02d6869,Team Magma vs Team Aqua,Team Magma Schemer,70/95,89816,Team Magma Schemer,LINKED
pkm-team-magma-vs-team-aqua-71-95-51333945aa,Team Magma vs Team Aqua,Archie,71/95,83612,Archie,LINKED
pkm-team-magma-vs-team-aqua-72-95-d99378488c,Team Magma vs Team Aqua,Dual Ball,72/95,84985,Dual Ball,LINKED
pkm-team-magma-vs-team-aqua-73-95-a390abcb16,Team Magma vs Team Aqua,Maxie,73/95,87270,Maxie,LINKED
pkm-team-magma-vs-team-aqua-74-95-950645137e,Team Magma vs Team Aqua,Strength Charm,74/95,89578,Strength Charm,LINKED
pkm-team-magma-vs-team-aqua-75-95-3c3151c4b3,Team Magma vs Team Aqua,Team Aqua Ball,75/95,89768,Team Aqua Ball,LINKED
pkm-team-magma-vs-team-aqua-76-95-8e5b1c1f9d,Team Magma vs Team Aqua,Team Aqua Belt,76/95,89769,Team Aqua Belt,LINKED
pkm-team-magma-vs-team-aqua-77-95-6e0addb356,Team Magma vs Team Aqua,Team Aqua Conspirator,77/95,89770,Team Aqua Conspirator,LINKED
pkm-team-magma-vs-team-aqua-78-95-07be2293c5,Team Magma vs Team Aqua,Team Aqua Hideout,78/95,89771,Team Aqua Hideout,LINKED
pkm-team-magma-vs-team-aqua-79-95-57b1f3fb8d,Team Magma vs Team Aqua,Team Aqua Technical Machine 01,79/95,89773,Team Aqua Technical Machine 01,LINKED
pkm-team-magma-vs-team-aqua-80-95-606082af97,Team Magma vs Team Aqua,Team Magma Ball,80/95,89812,Team Magma Ball,LINKED
pkm-team-magma-vs-team-aqua-81-95-db1448ba36,Team Magma vs Team Aqua,Team Magma Belt,81/95,89813,Team Magma Belt,LINKED
pkm-team-magma-vs-team-aqua-82-95-741bd57ec1,Team Magma vs Team Aqua,Team Magma Conspirator,82/95,89814,Team Magma Conspirator,LINKED
pkm-team-magma-vs-team-aqua-83-95-0aa56c8cd4,Team Magma vs Team Aqua,Team Magma Hideout,83/95,89815,Team Magma Hideout,LINKED
pkm-team-magma-vs-team-aqua-84-95-bfe8d71204,Team Magma vs Team Aqua,Team Magma Technical Machine 01,84/95,89817,Team Magma Technical Machine 01,LINKED
pkm-team-magma-vs-team-aqua-85-95-d5765f1c42,Team Magma vs Team Aqua,Warp Point,85/95,90478,Warp Point,LINKED
pkm-team-magma-vs-team-aqua-86-95-fa92f08e89,Team Magma vs Team Aqua,Aqua Energy,86/95,83565,Aqua Energy,LINKED
pkm-team-magma-vs-team-aqua-87-95-27868c4a06,Team Magma vs Team Aqua,Magma Energy,87/95,87039,Magma Energy,LINKED
pkm-team-magma-vs-team-aqua-88-95-949ed3c037,Team Magma vs Team Aqua,Double Rainbow Energy,88/95,84895,Double Rainbow Energy,LINKED
pkm-team-magma-vs-team-aqua-89-95-64a294f66d,Team Magma vs Team Aqua,Blaziken ex,89/95,83912,Blaziken ex,LINKED
pkm-team-magma-vs-team-aqua-90-95-d3f48eb291,Team Magma vs Team Aqua,Cradily ex,90/95,84457,Cradily ex,LINKED
pkm-team-magma-vs-team-aqua-91-95-1bb96d02c5,Team Magma vs Team Aqua,Entei ex,91/95,85278,Entei ex,LINKED
pkm-team-magma-vs-team-aqua-92-95-0085d78628,Team Magma vs Team Aqua,Raikou ex,92/95,88540,Raikou ex,LINKED
pkm-team-magma-vs-team-aqua-93-95-8a754e5188,Team Magma vs Team Aqua,Sceptile ex,93/95,88954,Sceptile ex,LINKED
pkm-team-magma-vs-team-aqua-94-95-f31c9179e0,Team Magma vs Team Aqua,Suicune ex,94/95,89611,Suicune ex,LINKED
pkm-team-magma-vs-team-aqua-95-95-f48bd119e2,Team Magma vs Team Aqua,Swampert ex,95/95,89682,Swampert ex,LINKED
pkm-team-magma-vs-team-aqua-96-95-2a52ee8b46,Team Magma vs Team Aqua,Absol,96/95,83450,Absol,LINKED
pkm-team-magma-vs-team-aqua-97-95-58e960d522,Team Magma vs Team Aqua,Jirachi,97/95,86324,Jirachi,LINKED
pkm-team-rocket-returns-1-109-c80fe65981,Team Rocket Returns,Azumarill,1/109,83682,Azumarill,LINKED
pkm-team-rocket-returns-2-109-489840dcd3,Team Rocket Returns,Dark Ampharos,2/109,84562,Dark Ampharos,LINKED
pkm-team-rocket-returns-3-109-09cc6078b2,Team Rocket Returns,Dark Crobat,3/109,84577,Dark Crobat,LINKED
pkm-team-rocket-returns-4-109-cc49475244,Team Rocket Returns,Dark Electrode,4/109,84591,Dark Electrode,LINKED
pkm-team-rocket-returns-5-109-4ca480fb1a,Team Rocket Returns,Dark Houndoom,5/109,84611,Dark Houndoom - 005/109,SKIP_NAME_MISMATCH
pkm-team-rocket-returns-6-109-9a6434cf59,Team Rocket Returns,Dark Hypno,6/109,84615,Dark Hypno,LINKED
pkm-team-rocket-returns-7-109-42c12b0af0,Team Rocket Returns,Dark Marowak,7/109,84627,Dark Marowak,LINKED
pkm-team-rocket-returns-8-109-115584be94,Team Rocket Returns,Dark Octillery,8/109,84633,Dark Octillery,LINKED
pkm-team-rocket-returns-9-109-6235070bb1,Team Rocket Returns,Dark Slowking,9/109,84657,Dark Slowking,LINKED
pkm-team-rocket-returns-10-109-22cbf0faf8,Team Rocket Returns,Dark Steelix,10/109,84658,Dark Steelix,LINKED
pkm-team-rocket-returns-11-109-aa684b3fac,Team Rocket Returns,Jumpluff,11/109,86365,Jumpluff,LINKED
pkm-team-rocket-returns-12-109-e2a6350559,Team Rocket Returns,Kingdra,12/109,86445,Kingdra,LINKED
pkm-team-rocket-returns-13-109-238ca59b9d,Team Rocket Returns,Piloswine,13/109,88117,Piloswine,LINKED
pkm-team-rocket-returns-14-109-cf6a1816ea,Team Rocket Returns,Togetic,14/109,89942,Togetic,LINKED
pkm-team-rocket-returns-15-109-dc145e1997,Team Rocket Returns,Dark Dragonite,15/109,84587,Dark Dragonite,LINKED
pkm-team-rocket-returns-16-109-0888f9bb9b,Team Rocket Returns,Dark Muk,16/109,84631,Dark Muk,LINKED
pkm-team-rocket-returns-17-109-659e9da5d4,Team Rocket Returns,Dark Raticate,17/109,84650,Dark Raticate,LINKED
pkm-team-rocket-returns-18-109-7abaea8477,Team Rocket Returns,Dark Sandslash,18/109,84651,Dark Sandslash,LINKED
pkm-team-rocket-returns-19-109-d44a3950e3,Team Rocket Returns,Dark Tyranitar,19/109,84661,Dark Tyranitar - 019/109,SKIP_NAME_MISMATCH
pkm-team-rocket-returns-20-109-e13f9a65f2,Team Rocket Returns,Dark Tyranitar,20/109,84662,Dark Tyranitar - 020/109,SKIP_NAME_MISMATCH
pkm-team-rocket-returns-21-109-44587dd186,Team Rocket Returns,Delibird,21/109,84747,Delibird,LINKED
pkm-team-rocket-returns-22-109-a99344a12e,Team Rocket Returns,Furret,22/109,85591,Furret,LINKED
pkm-team-rocket-returns-23-109-5fabef7d3b,Team Rocket Returns,Ledian,23/109,86693,Ledian,LINKED
pkm-team-rocket-returns-24-109-1a408345d2,Team Rocket Returns,Magby,24/109,87003,Magby,LINKED
pkm-team-rocket-returns-25-109-206eaed625,Team Rocket Returns,Misdreavus,25/109,87504,Misdreavus,LINKED
pkm-team-rocket-returns-26-109-6bbd1ba5d3,Team Rocket Returns,Quagsire,26/109,88470,Quagsire,LINKED
pkm-team-rocket-returns-27-109-28f1e3d431,Team Rocket Returns,Qwilfish,27/109,88493,Qwilfish,LINKED
pkm-team-rocket-returns-28-109-c2c1e5d38f,Team Rocket Returns,Yanma,28/109,90683,Yanma,LINKED
pkm-team-rocket-returns-29-109-79a07f8c19,Team Rocket Returns,Dark Arbok,29/109,84565,Dark Arbok,LINKED
pkm-team-rocket-returns-30-109-021a227833,Team Rocket Returns,Dark Ariados,30/109,84567,Dark Ariados,LINKED
pkm-team-rocket-returns-31-109-704efcdf23,Team Rocket Returns,Dark Dragonair,31/109,84582,Dark Dragonair - 031/109,SKIP_NAME_MISMATCH
pkm-team-rocket-returns-32-109-8cd9f4ef7e,Team Rocket Returns,Dark Dragonair,32/109,84583,Dark Dragonair - 032/109,SKIP_NAME_MISMATCH
pkm-team-rocket-returns-33-109-582db0c2d9,Team Rocket Returns,Dark Flaaffy,33/109,84596,Dark Flaaffy,LINKED
pkm-team-rocket-returns-34-109-75d255b22e,Team Rocket Returns,Dark Golbat,34/109,84603,Dark Golbat,LINKED
pkm-team-rocket-returns-35-109-bbdfb75611,Team Rocket Returns,Dark Golduck,35/109,84605,Dark Golduck,LINKED
pkm-team-rocket-returns-36-109-c57cf5a899,Team Rocket Returns,Dark Gyarados,36/109,84608,Dark Gyarados,LINKED
pkm-team-rocket-returns-37-109-bc6d042e97,Team Rocket Returns,Dark Houndoom,37/109,84612,Dark Houndoom - 037/109,SKIP_NAME_MISMATCH
pkm-team-rocket-returns-38-109-60dacf6065,Team Rocket Returns,Dark Magcargo,38/109,84623,Dark Magcargo,LINKED
pkm-team-rocket-returns-39-109-036c7b8da7,Team Rocket Returns,Dark Magneton,39/109,84626,Dark Magneton,LINKED
pkm-team-rocket-returns-40-109-d6de2cc3bd,Team Rocket Returns,Dark Pupitar,40/109,84643,Dark Pupitar - 040/109,SKIP_NAME_MISMATCH
pkm-team-rocket-returns-41-109-bc034525b9,Team Rocket Returns,Dark Pupitar,41/109,84644,Dark Pupitar - 041/109,SKIP_NAME_MISMATCH
pkm-team-rocket-returns-42-109-30cad5221f,Team Rocket Returns,Dark Weezing,42/109,84673,Dark Weezing,LINKED
pkm-team-rocket-returns-43-109-4b7033e5f2,Team Rocket Returns,Heracross,43/109,86063,Heracross,LINKED
pkm-team-rocket-returns-44-109-ebea730148,Team Rocket Returns,Magmar,44/109,87045,Magmar,LINKED
pkm-team-rocket-returns-46-109-ae2496ec7c,Team Rocket Returns,Rocket's Meowth,46/109,88775,Rocket's Meowth,LINKED
pkm-team-rocket-returns-47-109-9cc8f0863d,Team Rocket Returns,Rocket's Wobbuffet,47/109,88799,Rocket's Wobbuffet,LINKED
pkm-team-rocket-returns-48-109-5537b2da9f,Team Rocket Returns,Seadra,48/109,89014,Seadra,LINKED
pkm-team-rocket-returns-49-109-4f93e66f9b,Team Rocket Returns,Skiploom,49/109,89255,Skiploom,LINKED
pkm-team-rocket-returns-50-109-ea3fbfee58,Team Rocket Returns,Togepi,50/109,89933,Togepi,LINKED
pkm-team-rocket-returns-51-109-bf97f640c2,Team Rocket Returns,Cubone,51/109,84532,Cubone,LINKED
pkm-team-rocket-returns-54-109-35942597b2,Team Rocket Returns,Drowzee,54/109,84974,Drowzee,LINKED
pkm-team-rocket-returns-55-109-11bd62e3e7,Team Rocket Returns,Ekans,55/109,85102,Ekans,LINKED
pkm-team-rocket-returns-56-109-48eb8cec45,Team Rocket Returns,Grimer,56/109,85909,Grimer,LINKED
pkm-team-rocket-returns-57-109-5b7f6e3325,Team Rocket Returns,Hoppip,57/109,86180,Hoppip,LINKED
pkm-team-rocket-returns-58-109-35a910a3f8,Team Rocket Returns,Horsea,58/109,86190,Horsea,LINKED
pkm-team-rocket-returns-59-109-deaffe4792,Team Rocket Returns,Houndour,59/109,86225,Houndour - 059/109,SKIP_NAME_MISMATCH
pkm-team-rocket-returns-60-109-c629f8bf58,Team Rocket Returns,Houndour,60/109,86226,Houndour - 060/109,SKIP_NAME_MISMATCH
pkm-team-rocket-returns-61-109-768c178898,Team Rocket Returns,Koffing,61/109,86493,Koffing,LINKED
pkm-team-rocket-returns-62-109-63cac84338,Team Rocket Returns,Larvitar,62/109,86637,Larvitar - 062/109,SKIP_NAME_MISMATCH
pkm-team-rocket-returns-63-109-794249c2b4,Team Rocket Returns,Larvitar,63/109,86638,Larvitar - 063/109,SKIP_NAME_MISMATCH
pkm-team-rocket-returns-64-109-b9f3a8982e,Team Rocket Returns,Ledyba,64/109,86703,Ledyba,LINKED
pkm-team-rocket-returns-65-109-745c25e45d,Team Rocket Returns,Magikarp,65/109,87027,Magikarp,LINKED
pkm-team-rocket-returns-66-109-25fe16b963,Team Rocket Returns,Magnemite,66/109,87077,Magnemite,LINKED
pkm-team-rocket-returns-67-109-11b56d32e2,Team Rocket Returns,Mareep,67/109,87198,Mareep,LINKED
pkm-team-rocket-returns-68-109-2e6a6b7945,Team Rocket Returns,Marill,68/109,87216,Marill,LINKED
pkm-team-rocket-returns-69-109-f2e4098367,Team Rocket Returns,Onix,69/109,87880,Onix,LINKED
pkm-team-rocket-returns-70-109-cf6916b33b,Team Rocket Returns,Psyduck,70/109,88437,Psyduck,LINKED
pkm-team-rocket-returns-71-109-7af0c61bee,Team Rocket Returns,Rattata,71/109,88616,Rattata - 071/109,SKIP_NAME_MISMATCH
pkm-team-rocket-returns-72-109-8c0693d780,Team Rocket Returns,Rattata,72/109,88617,Rattata - 072/109,SKIP_NAME_MISMATCH
pkm-team-rocket-returns-73-109-3603630944,Team Rocket Returns,Remoraid,73/109,88695,Remoraid,LINKED
pkm-team-rocket-returns-74-109-a95d82b970,Team Rocket Returns,Sandshrew,74/109,88922,Sandshrew,LINKED
pkm-team-rocket-returns-75-109-49bd7f2284,Team Rocket Returns,Sentret,75/109,89064,Sentret,LINKED
pkm-team-rocket-returns-76-109-0656ba04ee,Team Rocket Returns,Slowpoke,76/109,89328,Slowpoke,LINKED
pkm-team-rocket-returns-77-109-baf78de802,Team Rocket Returns,Slugma,77/109,89341,Slugma,LINKED
pkm-team-rocket-returns-78-109-aff452767c,Team Rocket Returns,Spinarak,78/109,89455,Spinarak,LINKED
pkm-team-rocket-returns-79-109-fb656f54e1,Team Rocket Returns,Swinub,79/109,89702,Swinub,LINKED
pkm-team-rocket-returns-80-109-734ba6c046,Team Rocket Returns,Voltorb,80/109,90415,Voltorb,LINKED
pkm-team-rocket-returns-81-109-31b2405dc6,Team Rocket Returns,Wooper,81/109,90634,Wooper,LINKED
pkm-team-rocket-returns-82-109-a9ed816790,Team Rocket Returns,Zubat,82/109,90771,Zubat,LINKED
pkm-team-rocket-returns-83-109-e82633cd19,Team Rocket Returns,Copycat,83/109,84424,Copycat,LINKED
pkm-team-rocket-returns-84-109-12553276d9,Team Rocket Returns,Pokémon Retriever,84/109,88234,Pokemon Retriever,SKIP_NAME_MISMATCH
pkm-team-rocket-returns-85-109-064a12dfaf,Team Rocket Returns,Pow! Hand Extension,85/109,88352,Pow! Hand Extension,LINKED
pkm-team-rocket-returns-86-109-91cd78d463,Team Rocket Returns,Rocket's Admin.,86/109,88767,Rocket's Admin.,LINKED
pkm-team-rocket-returns-87-109-50ad0649ef,Team Rocket Returns,Rocket's Hideout,87/109,88771,Rocket's Hideout,LINKED
pkm-team-rocket-returns-88-109-36b8ef96f9,Team Rocket Returns,Rocket's Mission,88/109,88780,Rocket's Mission,LINKED
pkm-team-rocket-returns-89-109-264718c1ee,Team Rocket Returns,Rocket's Poké Ball,89/109,88784,Rocket's Poke Ball,SKIP_NAME_MISMATCH
pkm-team-rocket-returns-90-109-54da24de29,Team Rocket Returns,Rocket's Tricky Gym,90/109,88798,Rocket's Tricky Gym,LINKED
pkm-team-rocket-returns-91-109-849472ce1a,Team Rocket Returns,Surprise! Time Machine,91/109,89645,Surprise! Time Machine,LINKED
pkm-team-rocket-returns-92-109-2a77175614,Team Rocket Returns,Swoop! Teleporter,92/109,89728,Swoop! Teleporter,LINKED
pkm-team-rocket-returns-93-109-24cf6b53b0,Team Rocket Returns,Venture Bomb,93/109,90310,Venture Bomb,LINKED
pkm-team-rocket-returns-94-109-ef6e1d008d,Team Rocket Returns,Dark Metal Energy,94/109,84628,Dark Metal Energy,LINKED
pkm-team-rocket-returns-95-109-a484066257,Team Rocket Returns,R Energy,95/109,88496,R Energy,LINKED
pkm-team-rocket-returns-96-109-ca8febfaed,Team Rocket Returns,Rocket's Articuno ex,96/109,88768,Rocket's Articuno ex,LINKED
pkm-team-rocket-returns-97-109-91028271be,Team Rocket Returns,Rocket's Entei ex,97/109,88769,Rocket's Entei ex,LINKED
pkm-team-rocket-returns-98-109-13f07745f1,Team Rocket Returns,Rocket's Hitmonchan ex,98/109,88774,Rocket's Hitmonchan ex,LINKED
pkm-team-rocket-returns-99-109-d9d61047eb,Team Rocket Returns,Rocket's Mewtwo ex,99/109,88778,Rocket's Mewtwo ex,LINKED
pkm-team-rocket-returns-100-109-26ca32fd8e,Team Rocket Returns,Rocket's Moltres ex,100/109,88782,Rocket's Moltres ex,LINKED
pkm-team-rocket-returns-101-109-8ba412c2ea,Team Rocket Returns,Rocket's Scizor ex,101/109,88787,Rocket's Scizor ex,LINKED
pkm-team-rocket-returns-102-109-5349c744cb,Team Rocket Returns,Rocket's Scyther ex,102/109,88789,Rocket's Scyther ex,LINKED
pkm-team-rocket-returns-103-109-e137688d25,Team Rocket Returns,Rocket's Sneasel ex,103/109,88794,Rocket's Sneasel ex,LINKED
pkm-team-rocket-returns-104-109-1c94906449,Team Rocket Returns,Rocket's Snorlax ex,104/109,88796,Rocket's Snorlax ex,LINKED
pkm-team-rocket-returns-105-109-99a8d4440c,Team Rocket Returns,Rocket's Suicune ex,105/109,88797,Rocket's Suicune ex,LINKED
pkm-team-rocket-returns-106-109-9fe5251d1f,Team Rocket Returns,Rocket's Zapdos ex,106/109,88801,Rocket's Zapdos ex,LINKED
pkm-team-rocket-returns-107-109-ca6ccdae6f,Team Rocket Returns,Mudkip ★,107/109,87616,Mudkip Star,SKIP_NAME_MISMATCH
pkm-team-rocket-returns-108-109-4b52fc3bee,Team Rocket Returns,Torchic ★,108/109,89965,Torchic Star,SKIP_NAME_MISMATCH
pkm-team-rocket-returns-109-109-9eff7534cf,Team Rocket Returns,Treecko ★,109/109,90046,Treecko Star,SKIP_NAME_MISMATCH
pkm-team-rocket-returns-110-109-0ae8634afd,Team Rocket Returns,Charmeleon,110/109,84227,Charmeleon,LINKED
pkm-team-rocket-returns-111-109-f2f8ce09cc,Team Rocket Returns,Here Comes Team Rocket!,111/109,86075,Here Comes Team Rocket!,LINKED
pkm-unseen-forces-1-115-481f46fbef,Unseen Forces,Ampharos,1/115,83540,Ampharos,LINKED
pkm-unseen-forces-2-115-ae8d34cb78,Unseen Forces,Ariados,2/115,83616,Ariados,LINKED
pkm-unseen-forces-3-115-a0f6f8eceb,Unseen Forces,Bellossom,3/115,83799,Bellossom,LINKED
pkm-unseen-forces-4-115-6a84f46293,Unseen Forces,Feraligatr,4/115,85417,Feraligatr,LINKED
pkm-unseen-forces-5-115-20d6ca3f8f,Unseen Forces,Flareon,5/115,85494,Flareon,LINKED
pkm-unseen-forces-6-115-9c328bd301,Unseen Forces,Forretress,6/115,85548,Forretress,LINKED
pkm-unseen-forces-7-115-dbdd604162,Unseen Forces,Houndoom,7/115,86206,Houndoom,LINKED
pkm-unseen-forces-8-115-6b29c0b34d,Unseen Forces,Jolteon,8/115,86341,Jolteon,LINKED
pkm-unseen-forces-9-115-b9d0869708,Unseen Forces,Meganium,9/115,87291,Meganium,LINKED
pkm-unseen-forces-10-115-a5fb41b804,Unseen Forces,Octillery,10/115,87831,Octillery,LINKED
pkm-unseen-forces-11-115-5281915837,Unseen Forces,Poliwrath,11/115,88277,Poliwrath,LINKED
pkm-unseen-forces-12-115-f88f51d644,Unseen Forces,Porygon2,12/115,88324,Porygon2,LINKED
pkm-unseen-forces-13-115-2c52983a8d,Unseen Forces,Slowbro,13/115,89305,Slowbro,LINKED
pkm-unseen-forces-14-115-bfe4c799a1,Unseen Forces,Slowking,14/115,89314,Slowking,LINKED
pkm-unseen-forces-15-115-23a3a415af,Unseen Forces,Sudowoodo,15/115,89593,Sudowoodo,LINKED
pkm-unseen-forces-16-115-5ca23495e8,Unseen Forces,Sunflora,16/115,89614,Sunflora,LINKED
pkm-unseen-forces-17-115-689ce68af7,Unseen Forces,Typhlosion,17/115,90103,Typhlosion,LINKED
pkm-unseen-forces-18-115-1d27c87693,Unseen Forces,Ursaring,18/115,90252,Ursaring,LINKED
pkm-unseen-forces-19-115-9523167cd6,Unseen Forces,Vaporeon,19/115,90282,Vaporeon,LINKED
pkm-unseen-forces-20-115-68772cb2b0,Unseen Forces,Chansey,20/115,84174,Chansey,LINKED
pkm-unseen-forces-21-115-4b32b37e5f,Unseen Forces,Cleffa,21/115,84365,Cleffa,LINKED
pkm-unseen-forces-22-115-c98de996f9,Unseen Forces,Electabuzz,22/115,85113,Electabuzz,LINKED
pkm-unseen-forces-23-115-bd253af502,Unseen Forces,Elekid,23/115,85170,Elekid,LINKED
pkm-unseen-forces-24-115-93f3bcbdc3,Unseen Forces,Hitmonchan,24/115,86092,Hitmonchan,LINKED
pkm-unseen-forces-25-115-e3f5448e9f,Unseen Forces,Hitmonlee,25/115,86105,Hitmonlee,LINKED
pkm-unseen-forces-26-115-742aea3163,Unseen Forces,Hitmontop,26/115,86114,Hitmontop,LINKED
pkm-unseen-forces-27-115-88df092fdb,Unseen Forces,Ho-Oh,27/115,86122,Ho-Oh,LINKED
pkm-unseen-forces-28-115-2526332b0c,Unseen Forces,Jynx,28/115,86375,Jynx,LINKED
pkm-unseen-forces-29-115-80f23b67d9,Unseen Forces,Lugia,29/115,86906,Lugia,LINKED
pkm-unseen-forces-30-115-28c394f7a8,Unseen Forces,Murkrow,30/115,87651,Murkrow,LINKED
pkm-unseen-forces-31-115-1d71c28c88,Unseen Forces,Smoochum,31/115,89361,Smoochum,LINKED
pkm-unseen-forces-32-115-b5806a2836,Unseen Forces,Stantler,32/115,89503,Stantler,LINKED
pkm-unseen-forces-33-115-41d12be6bd,Unseen Forces,Tyrogue,33/115,90129,Tyrogue,LINKED
pkm-unseen-forces-34-115-07bdc72a33,Unseen Forces,Aipom,34/115,83488,Aipom,LINKED
pkm-unseen-forces-35-115-d12e44cb6f,Unseen Forces,Bayleef,35/115,83746,Bayleef,LINKED
pkm-unseen-forces-36-115-64d0a637b8,Unseen Forces,Clefable,36/115,84345,Clefable,LINKED
pkm-unseen-forces-37-115-7b3e06bfe4,Unseen Forces,Corsola,37/115,84440,Corsola,LINKED
pkm-unseen-forces-38-115-8f1343081e,Unseen Forces,Croconaw,38/115,84498,Croconaw,LINKED
pkm-unseen-forces-39-115-cc59190c23,Unseen Forces,Granbull,39/115,85863,Granbull,LINKED
pkm-unseen-forces-40-115-aaeb946ad6,Unseen Forces,Lanturn,40/115,86605,Lanturn,LINKED
pkm-unseen-forces-41-115-fd9c41366e,Unseen Forces,Magcargo,41/115,87015,Magcargo,LINKED
pkm-unseen-forces-42-115-6746ece28e,Unseen Forces,Miltank,42/115,87463,Miltank,LINKED
pkm-unseen-forces-43-115-58f9d5b087,Unseen Forces,Noctowl,43/115,87792,Noctowl,LINKED
pkm-unseen-forces-44-115-3585916b10,Unseen Forces,Quagsire,44/115,88471,Quagsire,LINKED
pkm-unseen-forces-45-115-e1d4a72b7b,Unseen Forces,Quilava,45/115,88484,Quilava,LINKED
pkm-unseen-forces-46-115-61f71d2246,Unseen Forces,Scyther,46/115,88999,Scyther,LINKED
pkm-unseen-forces-47-115-6c91679032,Unseen Forces,Shuckle,47/115,89190,Shuckle,LINKED
pkm-unseen-forces-48-115-614612eb51,Unseen Forces,Smeargle,48/115,89354,Smeargle,LINKED
pkm-unseen-forces-49-115-8c6959e22c,Unseen Forces,Xatu,49/115,90664,Xatu,LINKED
pkm-unseen-forces-50-115-8d6d277f30,Unseen Forces,Yanma,50/115,90684,Yanma,LINKED
pkm-unseen-forces-51-115-3707a8a3fe,Unseen Forces,Chikorita,51/115,84277,Chikorita,LINKED
pkm-unseen-forces-52-115-fa98446934,Unseen Forces,Chinchou,52/115,84305,Chinchou,LINKED
pkm-unseen-forces-53-115-999020a566,Unseen Forces,Clefairy,53/115,84355,Clefairy,LINKED
pkm-unseen-forces-54-115-e8a05fb718,Unseen Forces,Cyndaquil,54/115,84550,Cyndaquil,LINKED
pkm-unseen-forces-55-115-e7dc35c852,Unseen Forces,Eevee,55/115,85081,Eevee,LINKED
pkm-unseen-forces-56-115-b935803bb3,Unseen Forces,Flaaffy,56/115,85478,Flaaffy,LINKED
pkm-unseen-forces-57-115-7a47e63394,Unseen Forces,Gligar,57/115,85765,Gligar,LINKED
pkm-unseen-forces-58-115-5704330a02,Unseen Forces,Gloom,58/115,85783,Gloom,LINKED
pkm-unseen-forces-59-115-e779d5ed3d,Unseen Forces,Hoothoot,59/115,86171,Hoothoot,LINKED
pkm-unseen-forces-60-115-3ee7f77558,Unseen Forces,Houndour,60/115,86227,Houndour,LINKED
pkm-unseen-forces-61-115-8c03a190b1,Unseen Forces,Larvitar,61/115,86640,Larvitar,LINKED
pkm-unseen-forces-62-115-52932651da,Unseen Forces,Mareep,62/115,87199,Mareep,LINKED
pkm-unseen-forces-63-115-4166d19543,Unseen Forces,Natu,63/115,87685,Natu,LINKED
pkm-unseen-forces-64-115-c5f6ca658a,Unseen Forces,Oddish,64/115,87842,Oddish,LINKED
pkm-unseen-forces-65-115-c11d35ba01,Unseen Forces,Onix,65/115,87881,Onix,LINKED
pkm-unseen-forces-66-115-adb45577f9,Unseen Forces,Pineco,66/115,88127,Pineco,LINKED
pkm-unseen-forces-67-115-d6ca88ccfc,Unseen Forces,Poliwag,67/115,88258,Poliwag,LINKED
pkm-unseen-forces-68-115-3530f94049,Unseen Forces,Poliwhirl,68/115,88266,Poliwhirl,LINKED
pkm-unseen-forces-69-115-8688ecf0db,Unseen Forces,Porygon,69/115,88309,Porygon,LINKED
pkm-unseen-forces-70-115-590b67ee9a,Unseen Forces,Pupitar,70/115,88449,Pupitar,LINKED
pkm-unseen-forces-71-115-1fd5d86bd6,Unseen Forces,Remoraid,71/115,88696,Remoraid,LINKED
pkm-unseen-forces-72-115-7584d189ff,Unseen Forces,Slowpoke,72/115,89329,Slowpoke,LINKED
pkm-unseen-forces-73-115-4966734ce4,Unseen Forces,Slugma,73/115,89344,Slugma,LINKED
pkm-unseen-forces-74-115-de3b92338b,Unseen Forces,Snubbull,74/115,89414,Snubbull,LINKED
pkm-unseen-forces-75-115-54bc20411a,Unseen Forces,Spinarak,75/115,89456,Spinarak,LINKED
pkm-unseen-forces-76-115-853b0d6dff,Unseen Forces,Sunkern,76/115,89620,Sunkern,LINKED
pkm-unseen-forces-77-115-1734b490b8,Unseen Forces,Teddiursa,77/115,89857,Teddiursa,LINKED
pkm-unseen-forces-78-115-9eff0d4cf0,Unseen Forces,Totodile,78/115,89997,Totodile,LINKED
pkm-unseen-forces-79-115-87c7b11768,Unseen Forces,Wooper,79/115,90635,Wooper,LINKED
pkm-unseen-forces-80-115-cd50e7d94a,Unseen Forces,Curse Powder,80/115,84537,Curse Powder,LINKED
pkm-unseen-forces-81-115-794250aba4,Unseen Forces,Energy Recycle System,81/115,85217,Energy Recycle System,LINKED
pkm-unseen-forces-82-115-818d6e8d8b,Unseen Forces,Energy Removal 2,82/115,85223,Energy Removal 2,LINKED
pkm-unseen-forces-83-115-acc6a66313,Unseen Forces,Energy Root,83/115,85235,Energy Root,LINKED
pkm-unseen-forces-84-115-88e4dbedcf,Unseen Forces,Energy Switch,84/115,85255,Energy Switch,LINKED
pkm-unseen-forces-85-115-18f819808e,Unseen Forces,Fluffy Berry,85/115,85520,Fluffy Berry,LINKED
pkm-unseen-forces-86-115-36b1afe160,Unseen Forces,Mary's Request,86/115,87243,Mary's Request,LINKED
pkm-unseen-forces-87-115-2aaa56f862,Unseen Forces,Poké Ball,87/115,88184,Poke Ball,SKIP_NAME_MISMATCH
pkm-unseen-forces-88-115-cf7a48afdb,Unseen Forces,Pokémon Reversal,88/115,88235,Pokemon Reversal,SKIP_NAME_MISMATCH
pkm-unseen-forces-89-115-c9aa04f950,Unseen Forces,Professor Elm's Training Method,89/115,88390,Professor Elm's Training Method,LINKED
pkm-unseen-forces-90-115-7548b73823,Unseen Forces,Protective Orb,90/115,88411,Protective Orb,LINKED
pkm-unseen-forces-91-115-9da4ba32b2,Unseen Forces,Sitrus Berry,91/115,89231,Sitrus Berry,LINKED
pkm-unseen-forces-92-115-d97596cd7e,Unseen Forces,Solid Rage,92/115,89419,Solid Rage,LINKED
pkm-unseen-forces-93-115-0fa97cb43f,Unseen Forces,Warp Point,93/115,90479,Warp Point,LINKED
pkm-unseen-forces-94-115-c57a6c4603,Unseen Forces,Energy Search,94/115,85241,Energy Search,LINKED
pkm-unseen-forces-95-115-23b3fa965d,Unseen Forces,Potion,95/115,88337,Potion,LINKED
pkm-unseen-forces-96-115-7460300f78,Unseen Forces,Darkness Energy,96/115,84685,Darkness Energy (Special),LINKED
pkm-unseen-forces-97-115-2b007016c9,Unseen Forces,Metal Energy,97/115,87358,Metal Energy (Special),LINKED
pkm-unseen-forces-98-115-5b5d540de4,Unseen Forces,Boost Energy,98/115,83939,Boost Energy,LINKED
pkm-unseen-forces-99-115-9015f6dc96,Unseen Forces,Cyclone Energy,99/115,84540,Cyclone Energy,LINKED
pkm-unseen-forces-100-115-9288032622,Unseen Forces,Warp Energy,100/115,90473,Warp Energy,LINKED
pkm-unseen-forces-101-115-62a63bb8fe,Unseen Forces,Blissey ex,101/115,83926,Blissey ex,LINKED
pkm-unseen-forces-102-115-b5cda4ceb6,Unseen Forces,Espeon ex,102/115,85331,Espeon ex,LINKED
pkm-unseen-forces-103-115-71c09a7053,Unseen Forces,Feraligatr ex,103/115,85424,Feraligatr ex,LINKED
pkm-unseen-forces-104-115-4abad89c48,Unseen Forces,Ho-Oh ex,104/115,86128,Ho-Oh ex,LINKED
pkm-unseen-forces-105-115-74aa1456a5,Unseen Forces,Lugia ex,105/115,86912,Lugia ex,LINKED
pkm-unseen-forces-106-115-6f2e08c0d4,Unseen Forces,Meganium ex,106/115,87298,Meganium ex,LINKED
pkm-unseen-forces-107-115-6bf16b0e26,Unseen Forces,Politoed ex,107/115,88252,Politoed ex,LINKED
pkm-unseen-forces-108-115-2d39482dbb,Unseen Forces,Scizor ex,108/115,88967,Scizor ex,LINKED
pkm-unseen-forces-109-115-f39c9e0b3e,Unseen Forces,Steelix ex,109/115,89566,Steelix ex,LINKED
pkm-unseen-forces-110-115-3f1e7ebaf8,Unseen Forces,Typhlosion ex,110/115,90112,Typhlosion ex,LINKED
pkm-unseen-forces-111-115-58065cc308,Unseen Forces,Tyranitar ex,111/115,90125,Tyranitar ex,LINKED
pkm-unseen-forces-112-115-8c70df5649,Unseen Forces,Umbreon ex,112/115,90154,Umbreon ex,LINKED
pkm-unseen-forces-113-115-7cb5e01016,Unseen Forces,Entei ★,113/115,85275,Entei Star,SKIP_NAME_MISMATCH
pkm-unseen-forces-114-115-4fbbc81f68,Unseen Forces,Raikou ★,114/115,88537,Raikou Star,SKIP_NAME_MISMATCH
pkm-unseen-forces-115-115-1b2a995fcd,Unseen Forces,Suicune ★,115/115,89608,Suicune Star,SKIP_NAME_MISMATCH
pkm-unseen-forces-116-115-781e842b36,Unseen Forces,Rocket's Persian ex,116/115,88783,Rocket's Persian ex,LINKED
pkm-unseen-forces-117-115-36b6b1bf68,Unseen Forces,Celebi ex,117/115,84150,Celebi ex,LINKED
pkm-unseen-forces-115-f759a3ce6a,Unseen Forces,Unown,!/115,90166,Unown (!),LINKED
pkm-unseen-forces-115-01f49b66a4,Unseen Forces,Unown,?/115,90167,Unown (?),LINKED
pkm-gym-challenge-1-132-68089ae365,Gym Challenge,Blaine's Arcanine,1/132,83860,Blaine's Arcanine,LINKED
pkm-gym-challenge-2-132-0f580b3598,Gym Challenge,Blaine's Charizard,2/132,83861,Blaine's Charizard,LINKED
pkm-gym-challenge-3-132-fc71d60f66,Gym Challenge,Brock's Ninetales,3/132,83973,Brock's Ninetales,LINKED
pkm-gym-challenge-4-132-34ab99f5fe,Gym Challenge,Erika's Venusaur,4/132,85307,Erika's Venusaur,LINKED
pkm-gym-challenge-5-132-501e4c7dcd,Gym Challenge,Giovanni's Gyarados,5/132,85710,Giovanni's Gyarados,LINKED
pkm-gym-challenge-6-132-22000bc279,Gym Challenge,Giovanni's Machamp,6/132,85712,Giovanni's Machamp,LINKED
pkm-gym-challenge-7-132-cd53b3d9e4,Gym Challenge,Giovanni's Nidoking,7/132,85718,Giovanni's Nidoking,LINKED
pkm-gym-challenge-8-132-114841a3ed,Gym Challenge,Giovanni's Persian,8/132,85724,Giovanni's Persian,LINKED
pkm-gym-challenge-9-132-06b9f83d14,Gym Challenge,Koga's Beedrill,9/132,86505,Koga's Beedrill,LINKED
pkm-gym-challenge-10-132-8c6d04c1b5,Gym Challenge,Koga's Ditto,10/132,86506,Koga's Ditto,LINKED
pkm-gym-challenge-11-132-ee66473ebe,Gym Challenge,Lt. Surge's Raichu,11/132,86861,Lt. Surge's Raichu,LINKED
pkm-gym-challenge-12-132-56b98035de,Gym Challenge,Misty's Golduck,12/132,87530,Misty's Golduck,LINKED
pkm-gym-challenge-13-132-95a220afde,Gym Challenge,Misty's Gyarados,13/132,87531,Misty's Gyarados,LINKED
pkm-gym-challenge-14-132-bf8da25aa2,Gym Challenge,Rocket's Mewtwo,14/132,88777,Rocket's Mewtwo,LINKED
pkm-gym-challenge-15-132-982377725e,Gym Challenge,Rocket's Zapdos,15/132,88800,Rocket's Zapdos,LINKED
pkm-gym-challenge-16-132-0b994b989c,Gym Challenge,Sabrina's Alakazam,16/132,88866,Sabrina's Alakazam,LINKED
pkm-gym-challenge-17-132-ca02cec18a,Gym Challenge,Blaine,17/132,83858,Blaine (17),LINKED
pkm-gym-challenge-18-132-e8a0ee42e7,Gym Challenge,Giovanni,18/132,85708,Giovanni (18),LINKED
pkm-gym-challenge-19-132-b2f3470bf4,Gym Challenge,Koga,19/132,86502,Koga (19),LINKED
pkm-gym-challenge-20-132-23c9cb48d3,Gym Challenge,Sabrina,20/132,88860,Sabrina (20),LINKED
pkm-gym-challenge-21-132-14bb6aaef6,Gym Challenge,Blaine's Ninetales,21/132,83876,Blaine's Ninetales,LINKED
pkm-gym-challenge-22-132-9c52d27109,Gym Challenge,Brock's Dugtrio,22/132,83962,Brock's Dugtrio,LINKED
pkm-gym-challenge-23-132-d84d2b3634,Gym Challenge,Giovanni's Nidoqueen,23/132,85719,Giovanni's Nidoqueen,LINKED
pkm-gym-challenge-24-132-db2457664c,Gym Challenge,Giovanni's Pinsir,24/132,85725,Giovanni's Pinsir,LINKED
pkm-gym-challenge-25-132-4fe324e98d,Gym Challenge,Koga's Arbok,25/132,86504,Koga's Arbok,LINKED
pkm-gym-challenge-26-132-54f3b81f94,Gym Challenge,Koga's Muk,26/132,86513,Koga's Muk,LINKED
pkm-gym-challenge-27-132-85c76c54e2,Gym Challenge,Koga's Pidgeotto,27/132,86515,Koga's Pidgeotto,LINKED
pkm-gym-challenge-28-132-16331a32ec,Gym Challenge,Lt. Surge's Jolteon,28/132,86855,Lt. Surge's Jolteon,LINKED
pkm-gym-challenge-29-132-8bd54e45fb,Gym Challenge,Sabrina's Gengar,29/132,88875,Sabrina's Gengar,LINKED
pkm-gym-challenge-30-132-81bd8b6955,Gym Challenge,Sabrina's Golduck,30/132,88876,Sabrina's Golduck,LINKED
pkm-gym-challenge-31-132-5c58e53f0c,Gym Challenge,Blaine's Charmeleon,31/132,83864,Blaine's Charmeleon,LINKED
pkm-gym-challenge-32-132-90191e1b93,Gym Challenge,Blaine's Dodrio,32/132,83865,Blaine's Dodrio,LINKED
pkm-gym-challenge-33-132-59bffc41c1,Gym Challenge,Blaine's Rapidash,33/132,83882,Blaine's Rapidash,LINKED
pkm-gym-challenge-34-132-0fe3980486,Gym Challenge,Brock's Graveler,34/132,83968,Brock's Graveler,LINKED
pkm-gym-challenge-35-132-eea07b7aec,Gym Challenge,Brock's Primeape,35/132,83976,Brock's Primeape,LINKED
pkm-gym-challenge-36-132-8b36450571,Gym Challenge,Brock's Sandslash,36/132,83984,Brock's Sandslash,LINKED
pkm-gym-challenge-37-132-e6fa0c8801,Gym Challenge,Brock's Vulpix,37/132,83986,Brock's Vulpix,LINKED
pkm-gym-challenge-38-132-d78a270f3b,Gym Challenge,Erika's Bellsprout,38/132,85283,Erika's Bellsprout,LINKED
pkm-gym-challenge-39-132-34061c93af,Gym Challenge,Erika's Bulbasaur,39/132,85286,Erika's Bulbasaur,LINKED
pkm-gym-challenge-40-132-b1e069d765,Gym Challenge,Erika's Clefairy,40/132,85289,Erika's Clefairy,LINKED
pkm-gym-challenge-41-132-6fa2585544,Gym Challenge,Erika's Ivysaur,41/132,85297,Erika's Ivysaur,LINKED
pkm-gym-challenge-42-132-bd04b324bd,Gym Challenge,Giovanni's Machoke,42/132,85713,Giovanni's Machoke,LINKED
pkm-gym-challenge-43-132-32986d4825,Gym Challenge,Giovanni's Meowth,43/132,85716,Giovanni's Meowth (43),LINKED
pkm-gym-challenge-44-132-05d09e5672,Gym Challenge,Giovanni's Nidorina,44/132,85722,Giovanni's Nidorina,LINKED
pkm-gym-challenge-45-132-c57b005215,Gym Challenge,Giovanni's Nidorino,45/132,85723,Giovanni's Nidorino,LINKED
pkm-gym-challenge-46-132-8dfad6dfcb,Gym Challenge,Koga's Golbat,46/132,86508,Koga's Golbat,LINKED
pkm-gym-challenge-47-132-26be2f0a4b,Gym Challenge,Koga's Kakuna,47/132,86510,Koga's Kakuna,LINKED
pkm-gym-challenge-48-132-1fe65f8a12,Gym Challenge,Koga's Koffing,48/132,86511,Koga's Koffing (48),LINKED
pkm-gym-challenge-49-132-a4323e192a,Gym Challenge,Koga's Pidgey,49/132,86516,Koga's Pidgey (49),LINKED
pkm-gym-challenge-50-132-44347d770b,Gym Challenge,Koga's Weezing,50/132,86520,Koga's Weezing,LINKED
pkm-gym-challenge-51-132-a8f7d9f21f,Gym Challenge,Lt. Surge's Eevee,51/132,86850,Lt. Surge's Eevee,LINKED
pkm-gym-challenge-52-132-d97fab5a3a,Gym Challenge,Lt. Surge's Electrode,52/132,86853,Lt. Surge's Electrode,LINKED
pkm-gym-challenge-53-132-016afb8573,Gym Challenge,Lt. Surge's Raticate,53/132,86864,Lt. Surge's Raticate,LINKED
pkm-gym-challenge-54-132-521b134ad1,Gym Challenge,Misty's Dewgong,54/132,87526,Misty's Dewgong,LINKED
pkm-gym-challenge-55-132-a24d104ab5,Gym Challenge,Sabrina's Haunter,55/132,88877,Sabrina's Haunter,LINKED
pkm-gym-challenge-56-132-5de1c22823,Gym Challenge,Sabrina's Hypno,56/132,88879,Sabrina's Hypno,LINKED
pkm-gym-challenge-57-132-6b0c0c5ae5,Gym Challenge,Sabrina's Jynx,57/132,88880,Sabrina's Jynx,LINKED
pkm-gym-challenge-58-132-63d87140b6,Gym Challenge,Sabrina's Kadabra,58/132,88882,Sabrina's Kadabra,LINKED
pkm-gym-challenge-59-132-6e0cac636c,Gym Challenge,Sabrina's Mr. Mime,59/132,88883,Sabrina's Mr. Mime,LINKED
pkm-gym-challenge-60-132-4b4a2d2168,Gym Challenge,Blaine's Charmander,60/132,83863,Blaine's Charmander,LINKED
pkm-gym-challenge-61-132-8a6bd1e997,Gym Challenge,Blaine's Doduo,61/132,83866,Blaine's Doduo,LINKED
pkm-gym-challenge-62-132-f3ff686939,Gym Challenge,Blaine's Growlithe,62/132,83870,Blaine's Growlithe,LINKED
pkm-gym-challenge-63-132-6632a34152,Gym Challenge,Blaine's Mankey,63/132,83874,Blaine's Mankey,LINKED
pkm-gym-challenge-64-132-d72a676ff4,Gym Challenge,Blaine's Ponyta,64/132,83878,Blaine's Ponyta,LINKED
pkm-gym-challenge-65-132-108efcebc8,Gym Challenge,Blaine's Rhyhorn,65/132,83883,Blaine's Rhyhorn,LINKED
pkm-gym-challenge-66-132-69e1a76f12,Gym Challenge,Blaine's Vulpix,66/132,83886,Blaine's Vulpix,LINKED
pkm-gym-challenge-67-132-58aa394193,Gym Challenge,Brock's Diglett,67/132,83961,Brock's Diglett,LINKED
pkm-gym-challenge-68-132-dbdf94a9dd,Gym Challenge,Brock's Geodude,68/132,83965,Brock's Geodude,LINKED
pkm-gym-challenge-69-132-e7202b12e1,Gym Challenge,Erika's Jigglypuff,69/132,85298,Erika's Jigglypuff,LINKED
pkm-gym-challenge-70-132-5666c554c1,Gym Challenge,Erika's Oddish,70/132,85302,Erika's Oddish,LINKED
pkm-gym-challenge-71-132-6f9e3b1a7a,Gym Challenge,Erika's Paras,71/132,85304,Erika's Paras,LINKED
pkm-gym-challenge-72-132-a65bf38752,Gym Challenge,Giovanni's Machop,72/132,85714,Giovanni's Machop,LINKED
pkm-gym-challenge-73-132-9c8446c80c,Gym Challenge,Giovanni's Magikarp,73/132,85715,Giovanni's Magikarp,LINKED
pkm-gym-challenge-74-132-4408b6441d,Gym Challenge,Giovanni's Meowth,74/132,85717,Giovanni's Meowth (74),LINKED
pkm-gym-challenge-75-132-497af2219a,Gym Challenge,Giovanni's Nidoran ♀,75/132,85720,Giovanni's Nidoran F,SKIP_NAME_MISMATCH
pkm-gym-challenge-76-132-49f935251b,Gym Challenge,Giovanni's Nidoran ♂,76/132,85721,Giovanni's Nidoran M,SKIP_NAME_MISMATCH
pkm-gym-challenge-77-132-c26d48a5fb,Gym Challenge,Koga's Ekans,77/132,86507,Koga's Ekans,LINKED
pkm-gym-challenge-78-132-e13e6267d3,Gym Challenge,Koga's Grimer,78/132,86509,Koga's Grimer,LINKED
pkm-gym-challenge-79-132-f43efba5cf,Gym Challenge,Koga's Koffing,79/132,86512,Koga's Koffing (79),LINKED
pkm-gym-challenge-80-132-50b3746e15,Gym Challenge,Koga's Pidgey,80/132,86517,Koga's Pidgey (80),LINKED
pkm-gym-challenge-81-132-374a2097a7,Gym Challenge,Koga's Tangela,81/132,86518,Koga's Tangela,LINKED
pkm-gym-challenge-82-132-aed7c122f3,Gym Challenge,Koga's Weedle,82/132,86519,Koga's Weedle,LINKED
pkm-gym-challenge-83-132-ad75f666b1,Gym Challenge,Koga's Zubat,83/132,86521,Koga's Zubat,LINKED
pkm-gym-challenge-84-132-310b4ee236,Gym Challenge,Lt. Surge's Pikachu,84/132,86860,Lt. Surge's Pikachu,LINKED
pkm-gym-challenge-85-132-5309c5fb25,Gym Challenge,Lt. Surge's Rattata,85/132,86866,Lt. Surge's Rattata,LINKED
pkm-gym-challenge-86-132-e368031210,Gym Challenge,Lt. Surge's Voltorb,86/132,86872,Lt. Surge's Voltorb,LINKED
pkm-gym-challenge-87-132-dbfeedd101,Gym Challenge,Misty's Horsea,87/132,87533,Misty's Horsea,LINKED
pkm-gym-challenge-88-132-eb11b322e4,Gym Challenge,Misty's Magikarp,88/132,87534,Misty's Magikarp,LINKED
pkm-gym-challenge-89-132-aa3321cc82,Gym Challenge,Misty's Poliwag,89/132,87536,Misty's Poliwag,LINKED
pkm-gym-challenge-90-132-f454b2245f,Gym Challenge,Misty's Psyduck,90/132,87540,Misty's Psyduck,LINKED
pkm-gym-challenge-91-132-a6ba4fd256,Gym Challenge,Misty's Seel,91/132,87544,Misty's Seel,LINKED
pkm-gym-challenge-92-132-ccd8d92f96,Gym Challenge,Misty's Staryu,92/132,87548,Misty's Staryu,LINKED
pkm-gym-challenge-93-132-ec093a2123,Gym Challenge,Sabrina's Abra,93/132,88864,Sabrina's Abra (93),LINKED
pkm-gym-challenge-94-132-bfff033f95,Gym Challenge,Sabrina's Abra,94/132,88865,Sabrina's Abra (94),LINKED
pkm-gym-challenge-95-132-1b045f0346,Gym Challenge,Sabrina's Drowzee,95/132,88868,Sabrina's Drowzee,LINKED
pkm-gym-challenge-96-132-045c397d7c,Gym Challenge,Sabrina's Gastly,96/132,88871,Sabrina's Gastly (96),LINKED
pkm-gym-challenge-97-132-ebda40befb,Gym Challenge,Sabrina's Gastly,97/132,88872,Sabrina's Gastly (97),LINKED
pkm-gym-challenge-98-132-7ad057ccbd,Gym Challenge,Sabrina's Porygon,98/132,88885,Sabrina's Porygon,LINKED
pkm-gym-challenge-99-132-fe420cff8f,Gym Challenge,Sabrina's Psyduck,99/132,88887,Sabrina's Psyduck,LINKED
pkm-gym-challenge-100-132-9e7713e2be,Gym Challenge,Blaine,100/132,83859,Blaine (100),LINKED
pkm-gym-challenge-101-132-79fdc82055,Gym Challenge,Brock's Protection,101/132,83977,Brock's Protection,LINKED
pkm-gym-challenge-102-132-f42eb45f03,Gym Challenge,Chaos Gym,102/132,84181,Chaos Gym,LINKED
pkm-gym-challenge-103-132-4a8f291914,Gym Challenge,Erika's Kindness,103/132,85299,Erika's Kindness,LINKED
pkm-gym-challenge-104-132-c4317d30aa,Gym Challenge,Giovanni,104/132,85709,Giovanni (104),LINKED
pkm-gym-challenge-105-132-0b1dcfe454,Gym Challenge,Giovanni's Last Resort,105/132,85711,Giovanni's Last Resort,LINKED
pkm-gym-challenge-106-132-d3db794a93,Gym Challenge,Koga,106/132,86503,Koga (106),LINKED
pkm-gym-challenge-107-132-1996ff2aa9,Gym Challenge,Lt. Surge's Secret Plan,107/132,86867,Lt. Surge's Secret Plan,LINKED
pkm-gym-challenge-108-132-9a4483e81e,Gym Challenge,Misty's Wish,108/132,87553,Misty's Wish,LINKED
pkm-gym-challenge-109-132-4170aee03e,Gym Challenge,Resistance Gym,109/132,88717,Resistance Gym,LINKED
pkm-gym-challenge-110-132-d0da3f84c0,Gym Challenge,Sabrina,110/132,88861,Sabrina (110),LINKED
pkm-gym-challenge-111-132-0379598d93,Gym Challenge,Blaine's Quiz #2,111/132,83880,Blaine's Quiz #2,LINKED
pkm-gym-challenge-112-132-b3ae067c09,Gym Challenge,Blaine's Quiz #3,112/132,83881,Blaine's Quiz #3,LINKED
pkm-gym-challenge-113-132-34529c1e06,Gym Challenge,Cinnabar City Gym,113/132,237278,______'s Chansey,SKIP_NAME_MISMATCH
pkm-gym-challenge-113-132-34529c1e06,Gym Challenge,Cinnabar City Gym,113/132,84322,Cinnabar City Gym,LINKED
pkm-gym-challenge-114-132-f6c912a746,Gym Challenge,Fuchsia City Gym,114/132,85578,Fuchsia City Gym,LINKED
pkm-gym-challenge-115-132-2a81dd95f0,Gym Challenge,Koga's Ninja Trick,115/132,86514,Koga's Ninja Trick,LINKED
pkm-gym-challenge-116-132-1cc10a5319,Gym Challenge,Master Ball,116/132,87251,Master Ball,LINKED
pkm-gym-challenge-117-132-e7895a6cca,Gym Challenge,Max Revive,117/132,87268,Max Revive,LINKED
pkm-gym-challenge-118-132-d0eef2fd31,Gym Challenge,Misty's Tears,118/132,87549,Misty's Tears,LINKED
pkm-gym-challenge-119-132-53dea8332d,Gym Challenge,Rocket's Minefield Gym,119/132,88779,Rocket's Minefield Gym,LINKED
pkm-gym-challenge-120-132-5fb413c771,Gym Challenge,Rocket's Secret Experiment,120/132,88790,Rocket's Secret Experiment,LINKED
pkm-gym-challenge-121-132-9707ff716c,Gym Challenge,Sabrina's Psychic Control,121/132,88886,Sabrina's Psychic Control,LINKED
pkm-gym-challenge-122-132-4db3780fdd,Gym Challenge,Saffron City Gym,122/132,88892,Saffron City Gym,LINKED
pkm-gym-challenge-123-132-493d97f171,Gym Challenge,Viridian City Gym,123/132,90386,Viridian City Gym,LINKED
pkm-gym-challenge-124-132-710cf3857b,Gym Challenge,Fervor,124/132,85430,Fervor,LINKED
pkm-gym-challenge-125-132-a3d83693f5,Gym Challenge,Transparent Walls,125/132,90017,Transparent Walls,LINKED
pkm-gym-challenge-126-132-eb3ee2b5bb,Gym Challenge,Warp Point,126/132,90476,Warp Point,LINKED
pkm-gym-challenge-128-132-3d2d12db70,Gym Challenge,Fire Energy,128/132,85455,Fire Energy,LINKED
pkm-gym-challenge-129-132-40f6348ec0,Gym Challenge,Grass Energy,129/132,85872,Grass Energy,LINKED
pkm-gym-challenge-130-132-15a527b5d2,Gym Challenge,Lightning Energy,130/132,86758,Lightning Energy,LINKED
pkm-gym-challenge-131-132-b9a14d66d9,Gym Challenge,Psychic Energy,131/132,88416,Psychic Energy,LINKED
pkm-gym-challenge-132-132-5c1547c56d,Gym Challenge,Water Energy,132/132,90504,Water Energy,LINKED
pkm-gym-heroes-1-132-c38e130b34,Gym Heroes,Blaine's Moltres,1/132,83875,Blaine's Moltres,LINKED
pkm-gym-heroes-2-132-176389e08d,Gym Heroes,Brock's Rhydon,2/132,83978,Brock's Rhydon,LINKED
pkm-gym-heroes-3-132-c4629bfe33,Gym Heroes,Erika's Clefable,3/132,85287,Erika's Clefable,LINKED
pkm-gym-heroes-4-132-11f6af034d,Gym Heroes,Erika's Dragonair,4/132,85290,Erika's Dragonair,LINKED
pkm-gym-heroes-5-132-ee81ce7fa3,Gym Heroes,Erika's Vileplume,5/132,85309,Erika's Vileplume,LINKED
pkm-gym-heroes-6-132-96c146bc89,Gym Heroes,Lt. Surge's Electabuzz,6/132,86851,Lt. Surge's Electabuzz (6),LINKED
pkm-gym-heroes-7-132-207b086a31,Gym Heroes,Lt. Surge's Fearow,7/132,86854,Lt. Surge's Fearow,LINKED
pkm-gym-heroes-8-132-a49865db11,Gym Heroes,Lt. Surge's Magneton,8/132,86858,Lt. Surge's Magneton,LINKED
pkm-gym-heroes-9-132-727c398ebe,Gym Heroes,Misty's Seadra,9/132,87541,Misty's Seadra,LINKED
pkm-gym-heroes-10-132-1f06ccced5,Gym Heroes,Misty's Tentacruel,10/132,87552,Misty's Tentacruel,LINKED
pkm-gym-heroes-11-132-9d750fa510,Gym Heroes,Rocket's Hitmonchan,11/132,88773,Rocket's Hitmonchan,LINKED
pkm-gym-heroes-12-132-8b09e74c82,Gym Heroes,Rocket's Moltres,12/132,88781,Rocket's Moltres,LINKED
pkm-gym-heroes-13-132-df459d8885,Gym Heroes,Rocket's Scyther,13/132,88788,Rocket's Scyther,LINKED
pkm-gym-heroes-14-132-bd5d8aa780,Gym Heroes,Sabrina's Gengar,14/132,88874,Sabrina's Gengar,LINKED
pkm-gym-heroes-15-132-94f776118b,Gym Heroes,Brock,15/132,83959,Brock (15),LINKED
pkm-gym-heroes-16-132-9b901eb5c3,Gym Heroes,Erika,16/132,85281,Erika (16),LINKED
pkm-gym-heroes-17-132-62cf57a225,Gym Heroes,Lt. Surge,17/132,86848,Lt. Surge (17),LINKED
pkm-gym-heroes-18-132-c9b1c3328b,Gym Heroes,Misty,18/132,87523,Misty (18),LINKED
pkm-gym-heroes-19-132-cd1d5578cd,Gym Heroes,The Rocket's Trap,19/132,89897,The Rocket's Trap,LINKED
pkm-gym-heroes-20-132-c085773bda,Gym Heroes,Brock's Golem,20/132,83967,Brock's Golem,LINKED
pkm-gym-heroes-21-132-6f1069f84e,Gym Heroes,Brock's Onix,21/132,83974,Brock's Onix (21),LINKED
pkm-gym-heroes-22-132-23e4cafc52,Gym Heroes,Brock's Rhyhorn,22/132,83979,Brock's Rhyhorn (22),LINKED
pkm-gym-heroes-23-132-46bbfb65df,Gym Heroes,Brock's Sandslash,23/132,83983,Brock's Sandslash,LINKED
pkm-gym-heroes-24-132-89abb104d4,Gym Heroes,Brock's Zubat,24/132,83988,Brock's Zubat (24),LINKED
pkm-gym-heroes-25-132-123b81b9c2,Gym Heroes,Erika's Clefairy,25/132,85288,Erika's Clefairy,LINKED
pkm-gym-heroes-26-132-ed8b3f12be,Gym Heroes,Erika's Victreebel,26/132,85308,Erika's Victreebel,LINKED
pkm-gym-heroes-27-132-6170ecba58,Gym Heroes,Lt. Surge's Electabuzz,27/132,86852,Lt. Surge's Electabuzz (27),LINKED
pkm-gym-heroes-28-132-4391c3b09c,Gym Heroes,Lt. Surge's Raichu,28/132,86862,Lt. Surge's Raichu,LINKED
pkm-gym-heroes-29-132-0e05792a96,Gym Heroes,Misty's Cloyster,29/132,87525,Misty's Cloyster,LINKED
pkm-gym-heroes-30-132-e2590f94e6,Gym Heroes,Misty's Goldeen,30/132,87528,Misty's Goldeen (30),LINKED
pkm-gym-heroes-31-132-0545441165,Gym Heroes,Misty's Poliwrath,31/132,87538,Misty's Poliwrath,LINKED
pkm-gym-heroes-32-132-c216c0b598,Gym Heroes,Misty's Tentacool,32/132,87550,Misty's Tentacool (32),LINKED
pkm-gym-heroes-33-132-a04ac2b736,Gym Heroes,Rocket's Snorlax,33/132,88795,Rocket's Snorlax,LINKED
pkm-gym-heroes-34-132-acce9a9469,Gym Heroes,Sabrina's Venomoth,34/132,88890,Sabrina's Venomoth,LINKED
pkm-gym-heroes-35-132-cec5244e59,Gym Heroes,Blaine's Growlithe,35/132,83868,Blaine's Growlithe (35),LINKED
pkm-gym-heroes-36-132-a24618f44c,Gym Heroes,Blaine's Kangaskhan,36/132,83871,Blaine's Kangaskhan,LINKED
pkm-gym-heroes-37-132-a3417b44db,Gym Heroes,Blaine's Magmar,37/132,83873,Blaine's Magmar,LINKED
pkm-gym-heroes-38-132-ee8edc75c4,Gym Heroes,Brock's Geodude,38/132,83963,Brock's Geodude (38),LINKED
pkm-gym-heroes-39-132-35bf0f991c,Gym Heroes,Brock's Golbat,39/132,83966,Brock's Golbat,LINKED
pkm-gym-heroes-40-132-4cfece9aa8,Gym Heroes,Brock's Graveler,40/132,83969,Brock's Graveler,LINKED
pkm-gym-heroes-41-132-0722814312,Gym Heroes,Brock's Lickitung,41/132,83970,Brock's Lickitung,LINKED
pkm-gym-heroes-43-132-c8c8d67830,Gym Heroes,Erika's Exeggcute,43/132,85292,Erika's Exeggcute (43),LINKED
pkm-gym-heroes-44-132-ef7c320cf8,Gym Heroes,Erika's Exeggutor,44/132,85294,Erika's Exeggutor,LINKED
pkm-gym-heroes-45-132-c2499dd611,Gym Heroes,Erika's Gloom,45/132,85295,Erika's Gloom (45),LINKED
pkm-gym-heroes-46-132-62ff0fb456,Gym Heroes,Erika's Gloom,46/132,85296,Erika's Gloom (46),LINKED
pkm-gym-heroes-47-132-bcece2fa72,Gym Heroes,Erika's Oddish,47/132,85301,Erika's Oddish (47),LINKED
pkm-gym-heroes-48-132-6265e1a594,Gym Heroes,Erika's Weepinbell,48/132,85310,Erika's Weepinbell (48),LINKED
pkm-gym-heroes-49-132-29a3a489be,Gym Heroes,Erika's Weepinbell,49/132,85311,Erika's Weepinbell (49),LINKED
pkm-gym-heroes-50-132-42d0f91851,Gym Heroes,Lt. Surge's Magnemite,50/132,86856,Lt. Surge's Magnemite (50),LINKED
pkm-gym-heroes-51-132-9a0f35e5bb,Gym Heroes,Lt. Surge's Raticate,51/132,86863,Lt. Surge's Raticate,LINKED
pkm-gym-heroes-52-132-b99b7d1e37,Gym Heroes,Lt. Surge's Spearow,52/132,86868,Lt. Surge's Spearow (52),LINKED
pkm-gym-heroes-53-132-f259a17605,Gym Heroes,Misty's Poliwhirl,53/132,87537,Misty's Poliwhirl,LINKED
pkm-gym-heroes-54-132-62849d76b8,Gym Heroes,Misty's Psyduck,54/132,87539,Misty's Psyduck,LINKED
pkm-gym-heroes-55-132-8b49f9fbae,Gym Heroes,Misty's Seaking,55/132,87542,Misty's Seaking,LINKED
pkm-gym-heroes-56-132-04682dbf80,Gym Heroes,Misty's Starmie,56/132,87546,Misty's Starmie,LINKED
pkm-gym-heroes-57-132-ec40e8a0d2,Gym Heroes,Misty's Tentacool,57/132,87551,Misty's Tentacool (57),LINKED
pkm-gym-heroes-58-132-da3f38aa34,Gym Heroes,Sabrina's Haunter,58/132,88878,Sabrina's Haunter,LINKED
pkm-gym-heroes-59-132-780c31a9e6,Gym Heroes,Sabrina's Jynx,59/132,88881,Sabrina's Jynx,LINKED
pkm-gym-heroes-60-132-8d4b010075,Gym Heroes,Sabrina's Slowbro,60/132,88888,Sabrina's Slowbro,LINKED
pkm-gym-heroes-61-132-3a15f9289f,Gym Heroes,Blaine's Charmander,61/132,83862,Blaine's Charmander,LINKED
pkm-gym-heroes-62-132-a8a5a80567,Gym Heroes,Blaine's Growlithe,62/132,83869,Blaine's Growlithe (62),LINKED
pkm-gym-heroes-63-132-48af0a3990,Gym Heroes,Blaine's Ponyta,63/132,83877,Blaine's Ponyta,LINKED
pkm-gym-heroes-64-132-755fdbe5dd,Gym Heroes,Blaine's Tauros,64/132,83884,Blaine's Tauros,LINKED
pkm-gym-heroes-65-132-19347c1feb,Gym Heroes,Blaine's Vulpix,65/132,83885,Blaine's Vulpix,LINKED
pkm-gym-heroes-66-132-183a839ac0,Gym Heroes,Brock's Geodude,66/132,83964,Brock's Geodude (66),LINKED
pkm-gym-heroes-67-132-7f0e4d68e6,Gym Heroes,Brock's Mankey,67/132,83971,Brock's Mankey (67),LINKED
pkm-gym-heroes-68-132-457811818a,Gym Heroes,Brock's Mankey,68/132,83972,Brock's Mankey (68),LINKED
pkm-gym-heroes-69-132-f51738a813,Gym Heroes,Brock's Onix,69/132,83975,Brock's Onix (69),LINKED
pkm-gym-heroes-70-132-d0d0e9d4f9,Gym Heroes,Brock's Rhyhorn,70/132,83980,Brock's Rhyhorn (70),LINKED
pkm-gym-heroes-71-132-0a1314d62b,Gym Heroes,Brock's Sandshrew,71/132,83981,Brock's Sandshrew (71),LINKED
pkm-gym-heroes-72-132-7571821801,Gym Heroes,Brock's Sandshrew,72/132,83982,Brock's Sandshrew (72),LINKED
pkm-gym-heroes-73-132-f503d56f1f,Gym Heroes,Brock's Vulpix,73/132,83987,Brock's Vulpix,LINKED
pkm-gym-heroes-74-132-38d7052d2c,Gym Heroes,Brock's Zubat,74/132,83989,Brock's Zubat (74),LINKED
pkm-gym-heroes-75-132-53108d7c81,Gym Heroes,Erika's Bellsprout,75/132,85284,Erika's Bellsprout (75),LINKED
pkm-gym-heroes-76-132-d3bf16f046,Gym Heroes,Erika's Bellsprout,76/132,85285,Erika's Bellsprout (76),LINKED
pkm-gym-heroes-77-132-1b20d5e6c6,Gym Heroes,Erika's Exeggcute,77/132,85293,Erika's Exeggcute (77),LINKED
pkm-gym-heroes-78-132-963a75a5b3,Gym Heroes,Erika's Oddish,78/132,85303,Erika's Oddish (78),LINKED
pkm-gym-heroes-79-132-814516cc9f,Gym Heroes,Erika's Tangela,79/132,85306,Erika's Tangela,LINKED
pkm-gym-heroes-80-132-9e69e73488,Gym Heroes,Lt. Surge's Magnemite,80/132,86857,Lt. Surge's Magnemite (80),LINKED
pkm-gym-heroes-81-132-be39410f72,Gym Heroes,Lt. Surge's Pikachu,81/132,86859,Lt. Surge's Pikachu,LINKED
pkm-gym-heroes-82-132-15fd67501c,Gym Heroes,Lt. Surge's Rattata,82/132,86865,Lt. Surge's Rattata,LINKED
pkm-gym-heroes-83-132-e87724578d,Gym Heroes,Lt. Surge's Spearow,83/132,86869,Lt. Surge's Spearow (83),LINKED
pkm-gym-heroes-84-132-bd9eb4e86e,Gym Heroes,Lt. Surge's Voltorb,84/132,86871,Lt. Surge's Voltorb,LINKED
pkm-gym-heroes-85-132-356d034cad,Gym Heroes,Misty's Goldeen,85/132,87529,Misty's Goldeen (85),LINKED
pkm-gym-heroes-86-132-f6f20e726e,Gym Heroes,Misty's Horsea,86/132,87532,Misty's Horsea,LINKED
pkm-gym-heroes-87-132-f266b5d26b,Gym Heroes,Misty's Poliwag,87/132,87535,Misty's Poliwag,LINKED
pkm-gym-heroes-88-132-f532f242a4,Gym Heroes,Misty's Seel,88/132,87543,Misty's Seel,LINKED
pkm-gym-heroes-89-132-77a39d2b1d,Gym Heroes,Misty's Shellder,89/132,87545,Misty's Shellder,LINKED
pkm-gym-heroes-90-132-6273980005,Gym Heroes,Misty's Staryu,90/132,87547,Misty's Staryu,LINKED
pkm-gym-heroes-91-132-b47754ada7,Gym Heroes,Sabrina's Abra,91/132,88863,Sabrina's Abra,LINKED
pkm-gym-heroes-92-132-742390fa06,Gym Heroes,Sabrina's Drowzee,92/132,88867,Sabrina's Drowzee,LINKED
pkm-gym-heroes-93-132-bd6173400a,Gym Heroes,Sabrina's Gastly,93/132,88870,Sabrina's Gastly,LINKED
pkm-gym-heroes-94-132-48052cc3b3,Gym Heroes,Sabrina's Mr. Mime,94/132,88884,Sabrina's Mr. Mime,LINKED
pkm-gym-heroes-95-132-98d2736c59,Gym Heroes,Sabrina's Slowpoke,95/132,88889,Sabrina's Slowpoke,LINKED
pkm-gym-heroes-96-132-9631d07c45,Gym Heroes,Sabrina's Venonat,96/132,88891,Sabrina's Venonat,LINKED
pkm-gym-heroes-97-132-7486c37cae,Gym Heroes,Blaine's Quiz #1,97/132,83879,Blaine's Quiz #1,LINKED
pkm-gym-heroes-98-132-60d961a269,Gym Heroes,Brock,98/132,83960,Brock (98),LINKED
pkm-gym-heroes-99-132-f3ec8f3eaa,Gym Heroes,Charity,99/132,84182,Charity,LINKED
pkm-gym-heroes-100-132-249625bd44,Gym Heroes,Erika,100/132,85282,Erika (100),LINKED
pkm-gym-heroes-101-132-8c864e5eb2,Gym Heroes,Lt. Surge,101/132,86849,Lt. Surge (101),LINKED
pkm-gym-heroes-102-132-192aff5d53,Gym Heroes,Misty,102/132,87524,Misty (102),LINKED
pkm-gym-heroes-103-132-9b00d27b3f,Gym Heroes,No Removal Gym,103/132,87789,No Removal Gym,LINKED
pkm-gym-heroes-104-132-95492197d4,Gym Heroes,The Rocket's Training Gym,104/132,89896,The Rocket's Training Gym,LINKED
pkm-gym-heroes-105-132-be363ab5eb,Gym Heroes,Blaine's Last Resort,105/132,83872,Blaine's Last Resort,LINKED
pkm-gym-heroes-106-132-4e4926ac5b,Gym Heroes,Brock's Training Method,106/132,83985,Brock's Training Method,LINKED
pkm-gym-heroes-107-132-6a67307482,Gym Heroes,Celadon City Gym,107/132,84140,Celadon City Gym,LINKED
pkm-gym-heroes-108-132-a1cfdaae40,Gym Heroes,Cerulean City Gym,108/132,84157,Cerulean City Gym,LINKED
pkm-gym-heroes-109-132-0edc1d6210,Gym Heroes,Erika's Maids,109/132,85300,Erika's Maids,LINKED
pkm-gym-heroes-110-132-ea7a8b2653,Gym Heroes,Erika's Perfume,110/132,85305,Erika's Perfume,LINKED
pkm-gym-heroes-111-132-2eead1825a,Gym Heroes,Good Manners,111/132,85839,Good Manners,LINKED
pkm-gym-heroes-112-132-3e0c3f9e0e,Gym Heroes,Lt. Surge's Treaty,112/132,86870,Lt. Surge's Treaty,LINKED
pkm-gym-heroes-113-132-1229da5b57,Gym Heroes,Minion of Team Rocket,113/132,87480,Minion of Team Rocket,LINKED
pkm-gym-heroes-114-132-d7d17f8dc3,Gym Heroes,Misty's Wrath,114/132,87554,Misty's Wrath,LINKED
pkm-gym-heroes-115-132-1d8ebad186,Gym Heroes,Pewter City Gym,115/132,87994,Pewter City Gym,LINKED
pkm-gym-heroes-116-132-05d96fcc72,Gym Heroes,Recall,116/132,88650,Recall,LINKED
pkm-gym-heroes-117-132-2058def36b,Gym Heroes,Sabrina's ESP,117/132,88869,Sabrina's ESP,LINKED
pkm-gym-heroes-118-132-607ffe88ff,Gym Heroes,Secret Mission,118/132,89035,Secret Mission,LINKED
pkm-gym-heroes-119-132-efbb943a6b,Gym Heroes,Tickling Machine,119/132,89910,Tickling Machine,LINKED
pkm-gym-heroes-120-132-7b35f6ccb0,Gym Heroes,Vermilion City Gym,120/132,90326,Vermilion City Gym,LINKED
pkm-gym-heroes-121-132-4052e0b586,Gym Heroes,Blaine's Gamble,121/132,83867,Blaine's Gamble,LINKED
pkm-gym-heroes-122-132-a53040d029,Gym Heroes,Energy Flow,122/132,85213,Energy Flow,LINKED
pkm-gym-heroes-123-132-79fda73ebd,Gym Heroes,Misty's Duel,123/132,87527,Misty's Duel,LINKED
pkm-gym-heroes-124-132-6e948408a6,Gym Heroes,Narrow Gym,124/132,87679,Narrow Gym,LINKED
pkm-gym-heroes-125-132-c8def0d7e8,Gym Heroes,Sabrina's Gaze,125/132,88873,Sabrina's Gaze,LINKED
pkm-gym-heroes-126-132-cb922b0d99,Gym Heroes,Trash Exchange,126/132,90029,Trash Exchange,LINKED
pkm-gym-heroes-128-132-1599c84f74,Gym Heroes,Fire Energy,128/132,85454,Fire Energy,LINKED
pkm-gym-heroes-129-132-c329fc80f7,Gym Heroes,Grass Energy,129/132,85871,Grass Energy,LINKED
pkm-gym-heroes-130-132-653680b580,Gym Heroes,Lightning Energy,130/132,86757,Lightning Energy,LINKED
pkm-gym-heroes-131-132-b8beec8ad2,Gym Heroes,Psychic Energy,131/132,88415,Psychic Energy,LINKED
pkm-gym-heroes-132-132-818ea647a6,Gym Heroes,Water Energy,132/132,90503,Water Energy,LINKED
pkm-call-of-legends-1-95-c097dad398,Call of Legends,Clefable,1/95,84348,Clefable,LINKED
pkm-call-of-legends-2-95-2988a88491,Call of Legends,Deoxys,2/95,84757,Deoxys,LINKED
pkm-call-of-legends-3-95-8f7c4d0dcf,Call of Legends,Dialga,3/95,84806,Dialga,LINKED
pkm-call-of-legends-4-95-9849f9d65e,Call of Legends,Espeon,4/95,85324,Espeon,LINKED
pkm-call-of-legends-5-95-9788ef01bf,Call of Legends,Forretress,5/95,85553,Forretress,LINKED
pkm-call-of-legends-6-95-c92614de27,Call of Legends,Groudon,6/95,85925,Groudon,LINKED
pkm-call-of-legends-7-95-43a283bd77,Call of Legends,Gyarados,7/95,85999,Gyarados,LINKED
pkm-call-of-legends-8-95-5ae1bc086b,Call of Legends,Hitmontop,8/95,86117,Hitmontop,LINKED
pkm-call-of-legends-9-95-c0dd89e8bd,Call of Legends,Ho-Oh,9/95,86126,Ho-Oh,LINKED
pkm-call-of-legends-10-95-062d9c4c94,Call of Legends,Houndoom,10/95,86211,Houndoom,LINKED
pkm-call-of-legends-11-95-7736d9aad0,Call of Legends,Jirachi,11/95,86331,Jirachi,LINKED
pkm-call-of-legends-12-95-72372413c3,Call of Legends,Kyogre,12/95,86550,Kyogre,LINKED
pkm-call-of-legends-13-95-bb54ebbe75,Call of Legends,Leafeon,13/95,86681,Leafeon,LINKED
pkm-call-of-legends-14-95-b0a418b1bb,Call of Legends,Lucario,14/95,86881,Lucario,LINKED
pkm-call-of-legends-15-95-cb4d52b0ba,Call of Legends,Lugia,15/95,86910,Lugia,LINKED
pkm-call-of-legends-16-95-e649d212a4,Call of Legends,Magmortar,16/95,87061,Magmortar,LINKED
pkm-call-of-legends-17-95-a6d9477f32,Call of Legends,Ninetales,17/95,87777,Ninetales,LINKED
pkm-call-of-legends-18-95-4ee54c506c,Call of Legends,Pachirisu,18/95,87904,Pachirisu,LINKED
pkm-call-of-legends-19-95-1586b6c103,Call of Legends,Palkia,19/95,87911,Palkia,LINKED
pkm-call-of-legends-20-95-f92e12dfef,Call of Legends,Rayquaza,20/95,88628,Rayquaza,LINKED
pkm-call-of-legends-21-95-fb4b4223bf,Call of Legends,Smeargle,21/95,89357,Smeargle,LINKED
pkm-call-of-legends-22-95-4fcf4eb09f,Call of Legends,Umbreon,22/95,90147,Umbreon,LINKED
pkm-call-of-legends-23-95-d796966828,Call of Legends,Ampharos,23/95,83546,Ampharos,LINKED
pkm-call-of-legends-24-95-a1098f7f27,Call of Legends,Cleffa,24/95,84369,Cleffa,LINKED
pkm-call-of-legends-25-95-421a884afd,Call of Legends,Feraligatr,25/95,85422,Feraligatr,LINKED
pkm-call-of-legends-26-95-c75e6605fb,Call of Legends,Granbull,26/95,85866,Granbull,LINKED
pkm-call-of-legends-27-95-cfb91e7956,Call of Legends,Meganium,27/95,87296,Meganium,LINKED
pkm-call-of-legends-28-95-7ee7cd701a,Call of Legends,Mismagius,28/95,87519,Mismagius,LINKED
pkm-call-of-legends-29-95-29518453f5,Call of Legends,Mr. Mime,29/95,87594,Mr. Mime,LINKED
pkm-call-of-legends-30-95-828010d44c,Call of Legends,Pidgeot,30/95,88035,Pidgeot,LINKED
pkm-call-of-legends-31-95-73daa2953b,Call of Legends,Skarmory,31/95,89243,Skarmory,LINKED
pkm-call-of-legends-32-95-d83da191ac,Call of Legends,Slowking,32/95,89319,Slowking,LINKED
pkm-call-of-legends-33-95-c425dd908a,Call of Legends,Snorlax,33/95,89392,Snorlax,LINKED
pkm-call-of-legends-34-95-f7de2e77b6,Call of Legends,Tangrowth,34/95,89754,Tangrowth,LINKED
pkm-call-of-legends-35-95-2833920acb,Call of Legends,Typhlosion,35/95,90109,Typhlosion,LINKED
pkm-call-of-legends-36-95-cd30076de5,Call of Legends,Tyrogue,36/95,90132,Tyrogue,LINKED
pkm-call-of-legends-37-95-e903460f07,Call of Legends,Ursaring,37/95,90256,Ursaring,LINKED
pkm-call-of-legends-38-95-4c9a2e0295,Call of Legends,Weezing,38/95,90565,Weezing,LINKED
pkm-call-of-legends-39-95-d8e3faf773,Call of Legends,Zangoose,39/95,90708,Zangoose,LINKED
pkm-call-of-legends-40-95-0a7e466a8a,Call of Legends,Bayleef,40/95,83749,Bayleef,LINKED
pkm-call-of-legends-41-95-185040e396,Call of Legends,Croconaw,41/95,84503,Croconaw,LINKED
pkm-call-of-legends-42-95-5b6b10d8d0,Call of Legends,Donphan,42/95,84879,Donphan,LINKED
pkm-call-of-legends-43-95-42640e9d83,Call of Legends,Flaaffy,43/95,85485,Flaaffy,LINKED
pkm-call-of-legends-44-95-b70ce00f39,Call of Legends,Flareon,44/95,85499,Flareon,LINKED
pkm-call-of-legends-45-95-5cf176cbf6,Call of Legends,Jolteon,45/95,86346,Jolteon,LINKED
pkm-call-of-legends-46-95-3e64228927,Call of Legends,Magby,46/95,87007,Magby,LINKED
pkm-call-of-legends-47-95-9a41febea2,Call of Legends,Mime Jr.,47/95,87472,Mime Jr.,LINKED
pkm-call-of-legends-48-95-688e6e7377,Call of Legends,Pidgeotto,48/95,88043,Pidgeotto,LINKED
pkm-call-of-legends-49-95-73e20bdece,Call of Legends,Quilava,49/95,88487,Quilava,LINKED
pkm-call-of-legends-50-95-1b94efbad4,Call of Legends,Riolu,50/95,88758,Riolu,LINKED
pkm-call-of-legends-51-95-84be8ac0bf,Call of Legends,Seviper,51/95,89088,Seviper,LINKED
pkm-call-of-legends-52-95-7e6a3215e1,Call of Legends,Vaporeon,52/95,90287,Vaporeon,LINKED
pkm-call-of-legends-53-95-ac28322bb0,Call of Legends,Chikorita,53/95,84280,Chikorita,LINKED
pkm-call-of-legends-54-95-112c9f72d5,Call of Legends,Clefairy,54/95,84359,Clefairy,LINKED
pkm-call-of-legends-55-95-678c230cd4,Call of Legends,Cyndaquil,55/95,84553,Cyndaquil,LINKED
pkm-call-of-legends-56-95-04b919a720,Call of Legends,Eevee,56/95,85089,Eevee,LINKED
pkm-call-of-legends-57-95-97da5ee1e5,Call of Legends,Hitmonchan,57/95,86096,Hitmonchan,LINKED
pkm-call-of-legends-58-95-722d59d8f9,Call of Legends,Hitmonlee,58/95,86108,Hitmonlee,LINKED
pkm-call-of-legends-59-95-690e8442a3,Call of Legends,Houndour,59/95,86232,Houndour,LINKED
pkm-call-of-legends-60-95-d955fcd32c,Call of Legends,Koffing,60/95,86499,Koffing,LINKED
pkm-call-of-legends-61-95-048197e454,Call of Legends,Magikarp,61/95,87035,Magikarp,LINKED
pkm-call-of-legends-62-95-c64a56b24a,Call of Legends,Magmar,62/95,87052,Magmar,LINKED
pkm-call-of-legends-63-95-96452da060,Call of Legends,Mareep,63/95,87207,Mareep,LINKED
pkm-call-of-legends-64-95-dc94dd9383,Call of Legends,Mawile,64/95,87264,Mawile,LINKED
pkm-call-of-legends-65-95-eb5c01425a,Call of Legends,Misdreavus,65/95,87512,Misdreavus,LINKED
pkm-call-of-legends-66-95-7fdaeb466d,Call of Legends,Phanpy,66/95,88004,Phanpy,LINKED
pkm-call-of-legends-67-95-4e7c2e9f2c,Call of Legends,Pidgey,67/95,88052,Pidgey,LINKED
pkm-call-of-legends-68-95-5025d66da4,Call of Legends,Pineco,68/95,88131,Pineco,LINKED
pkm-call-of-legends-69-95-7a1356f058,Call of Legends,Relicanth,69/95,88690,Relicanth,LINKED
pkm-call-of-legends-70-95-0abaa5d4d3,Call of Legends,Slowpoke,70/95,89334,Slowpoke,LINKED
pkm-call-of-legends-71-95-d5cc29f93a,Call of Legends,Snubbull,71/95,89417,Snubbull,LINKED
pkm-call-of-legends-72-95-dd609b8d9c,Call of Legends,Tangela,72/95,89748,Tangela,LINKED
pkm-call-of-legends-73-95-43b74114f8,Call of Legends,Teddiursa,73/95,89860,Teddiursa,LINKED
pkm-call-of-legends-74-95-109b592cf1,Call of Legends,Totodile,74/95,90003,Totodile,LINKED
pkm-call-of-legends-75-95-f8c2d84afe,Call of Legends,Vulpix,75/95,90446,Vulpix,LINKED
pkm-call-of-legends-76-95-1622dc089d,Call of Legends,Cheerleader's Cheer,76/95,84247,Cheerleader's Cheer,LINKED
pkm-call-of-legends-77-95-892bdb34dd,Call of Legends,Copycat,77/95,84428,Copycat,LINKED
pkm-call-of-legends-78-95-361c5871bf,Call of Legends,Dual Ball,78/95,84989,Dual Ball,LINKED
pkm-call-of-legends-79-95-7c4549fed1,Call of Legends,Interviewer's Questions,79/95,86287,Interviewer's Questions,LINKED
pkm-call-of-legends-80-95-4baa018a96,Call of Legends,Lost Remover,80/95,86829,Lost Remover,LINKED
pkm-call-of-legends-81-95-b89a27bb04,Call of Legends,Lost World,81/95,86830,Lost World,LINKED
pkm-call-of-legends-82-95-d7531b8ec7,Call of Legends,Professor Elm's Training Method,82/95,88394,Professor Elm's Training Method,LINKED
pkm-call-of-legends-83-95-149794215d,Call of Legends,Professor Oak's New Theory,83/95,88401,Professor Oak's New Theory,LINKED
pkm-call-of-legends-84-95-a15f68126c,Call of Legends,Research Record,84/95,88703,Research Record,LINKED
pkm-call-of-legends-85-95-00b0c53507,Call of Legends,Sage's Training,85/95,88894,Sage's Training,LINKED
pkm-call-of-legends-86-95-4c2f3410a1,Call of Legends,Darkness Energy,86/95,84694,Darkness Energy (Special),LINKED
pkm-call-of-legends-87-95-2ae66ad006,Call of Legends,Metal Energy,87/95,87367,Metal Energy (Special),LINKED
pkm-call-of-legends-88-95-34d9c96b81,Call of Legends,Grass Energy,88/95,85880,Grass Energy,LINKED
pkm-call-of-legends-89-95-8db3779ad1,Call of Legends,Fire Energy,89/95,85465,Fire Energy,LINKED
pkm-call-of-legends-90-95-f69208a931,Call of Legends,Water Energy,90/95,90525,Water Energy,LINKED
pkm-call-of-legends-91-95-794b13caa7,Call of Legends,Lightning Energy,91/95,86781,Lightning Energy,LINKED
pkm-call-of-legends-92-95-a9cfe038f7,Call of Legends,Psychic Energy,92/95,88425,Psychic Energy,LINKED
pkm-call-of-legends-94-95-55f15a0c57,Call of Legends,Darkness Energy,94/95,84678,Darkness Energy (Basic),LINKED
pkm-call-of-legends-95-95-37b82a9cbf,Call of Legends,Metal Energy,95/95,87351,Metal Energy (Basic),LINKED
pkm-neo-destiny-1-105-cff511c5d7,Neo Destiny,Dark Ampharos,1/105,84561,Dark Ampharos,LINKED
pkm-neo-destiny-2-105-049c545e47,Neo Destiny,Dark Crobat,2/105,84576,Dark Crobat,LINKED
pkm-neo-destiny-3-105-371d7cad33,Neo Destiny,Dark Donphan,3/105,84579,Dark Donphan,LINKED
pkm-neo-destiny-4-105-759086577a,Neo Destiny,Dark Espeon,4/105,84592,Dark Espeon,LINKED
pkm-neo-destiny-5-105-671b640056,Neo Destiny,Dark Feraligatr,5/105,84594,Dark Feraligatr,LINKED
pkm-neo-destiny-6-105-1d168e7376,Neo Destiny,Dark Gengar,6/105,84599,Dark Gengar,LINKED
pkm-neo-destiny-7-105-f21848426d,Neo Destiny,Dark Houndoom,7/105,84610,Dark Houndoom,LINKED
pkm-neo-destiny-8-105-5c3e1d9683,Neo Destiny,Dark Porygon2,8/105,84640,Dark Porygon2,LINKED
pkm-neo-destiny-9-105-a33ed2e52b,Neo Destiny,Dark Scizor,9/105,84652,Dark Scizor,LINKED
pkm-neo-destiny-10-105-43b7159dfa,Neo Destiny,Dark Typhlosion,10/105,84659,Dark Typhlosion,LINKED
pkm-neo-destiny-11-105-84b7ba9197,Neo Destiny,Dark Tyranitar,11/105,84660,Dark Tyranitar,LINKED
pkm-neo-destiny-12-105-7247e31812,Neo Destiny,Light Arcanine,12/105,86734,Light Arcanine,LINKED
pkm-neo-destiny-13-105-06282cb0e3,Neo Destiny,Light Azumarill,13/105,86735,Light Azumarill,LINKED
pkm-neo-destiny-14-105-e7dab22e39,Neo Destiny,Light Dragonite,14/105,86738,Light Dragonite,LINKED
pkm-neo-destiny-15-105-6909e9636a,Neo Destiny,Light Togetic,15/105,86750,Light Togetic,LINKED
pkm-neo-destiny-16-105-70042fdbf1,Neo Destiny,Miracle Energy,16/105,87496,Miracle Energy,LINKED
pkm-neo-destiny-17-105-cccd01553e,Neo Destiny,Dark Ariados,17/105,84566,Dark Ariados,LINKED
pkm-neo-destiny-18-105-d4fc437370,Neo Destiny,Dark Magcargo,18/105,84622,Dark Magcargo,LINKED
pkm-neo-destiny-19-105-07b684d365,Neo Destiny,Dark Omastar,19/105,84635,Dark Omastar,LINKED
pkm-neo-destiny-20-105-e089c90b2c,Neo Destiny,Dark Slowking,20/105,84656,Dark Slowking,LINKED
pkm-neo-destiny-21-105-28c5ee1588,Neo Destiny,Dark Ursaring,21/105,84663,Dark Ursaring,LINKED
pkm-neo-destiny-22-105-300f51005e,Neo Destiny,Light Dragonair,22/105,86737,Light Dragonair,LINKED
pkm-neo-destiny-23-105-d9d3ab5150,Neo Destiny,Light Lanturn,23/105,86742,Light Lanturn,LINKED
pkm-neo-destiny-24-105-2697b436b2,Neo Destiny,Light Ledian,24/105,86743,Light Ledian,LINKED
pkm-neo-destiny-25-105-b17b18e297,Neo Destiny,Light Machamp,25/105,86744,Light Machamp,LINKED
pkm-neo-destiny-26-105-cad30be316,Neo Destiny,Light Piloswine,26/105,86747,Light Piloswine,LINKED
pkm-neo-destiny-27-105-485615fbb1,Neo Destiny,Unown [G],27/105,90209,Unown [G],LINKED
pkm-neo-destiny-28-105-77e2407e46,Neo Destiny,Unown [H],28/105,90211,Unown [H],LINKED
pkm-neo-destiny-29-105-b7a36a8436,Neo Destiny,Unown [W],29/105,90240,Unown [W],LINKED
pkm-neo-destiny-30-105-a337eb0c7e,Neo Destiny,Unown [X],30/105,90242,Unown [X],LINKED
pkm-neo-destiny-31-105-b7c879dce6,Neo Destiny,Chansey,31/105,84170,Chansey,LINKED
pkm-neo-destiny-32-105-76efa56d0b,Neo Destiny,Dark Croconaw,32/105,84578,Dark Croconaw,LINKED
pkm-neo-destiny-33-105-75d7986c1a,Neo Destiny,Dark Exeggutor,33/105,84593,Dark Exeggcutor,SKIP_NAME_MISMATCH
pkm-neo-destiny-34-105-d9f9f1aca7,Neo Destiny,Dark Flaaffy,34/105,84595,Dark Flaaffy,LINKED
pkm-neo-destiny-35-105-eca1feaebf,Neo Destiny,Dark Forretress,35/105,84598,Dark Forretress,LINKED
pkm-neo-destiny-36-105-c0622743d5,Neo Destiny,Dark Haunter,36/105,84609,Dark Haunter,LINKED
pkm-neo-destiny-37-105-f2100a7dd2,Neo Destiny,Dark Omanyte,37/105,84634,Dark Omanyte,LINKED
pkm-neo-destiny-38-105-8af1935c6a,Neo Destiny,Dark Pupitar,38/105,84642,Dark Pupitar,LINKED
pkm-neo-destiny-39-105-e16feba706,Neo Destiny,Dark Quilava,39/105,84645,Dark Quilava,LINKED
pkm-neo-destiny-40-105-bf80397051,Neo Destiny,Dark Wigglytuff,40/105,84674,Dark Wigglytuff,LINKED
pkm-neo-destiny-41-105-03ca620b15,Neo Destiny,Heracross,41/105,86060,Heracross,LINKED
pkm-neo-destiny-42-105-1aef51d979,Neo Destiny,Hitmonlee,42/105,86103,Hitmonlee,LINKED
pkm-neo-destiny-43-105-4558d1eb08,Neo Destiny,Houndour,43/105,86219,Houndour,LINKED
pkm-neo-destiny-44-105-96af72b872,Neo Destiny,Jigglypuff,44/105,86311,Jigglypuff,LINKED
pkm-neo-destiny-45-105-6a15ea2d7d,Neo Destiny,Light Dewgong,45/105,86736,Light Dewgong,LINKED
pkm-neo-destiny-46-105-253c69a782,Neo Destiny,Light Flareon,46/105,86739,Light Flareon,LINKED
pkm-neo-destiny-47-105-21eacf1512,Neo Destiny,Light Golduck,47/105,86740,Light Golduck,LINKED
pkm-neo-destiny-48-105-c87ce4713c,Neo Destiny,Light Jolteon,48/105,86741,Light Jolteon,LINKED
pkm-neo-destiny-49-105-7c5da4e8fd,Neo Destiny,Light Machoke,49/105,86745,Light Machoke,LINKED
pkm-neo-destiny-50-105-631406bd2c,Neo Destiny,Light Ninetales,50/105,86746,Light Ninetales,LINKED
pkm-neo-destiny-51-105-4330af97fe,Neo Destiny,Light Slowbro,51/105,86748,Light Slowbro,LINKED
pkm-neo-destiny-52-105-399fdae220,Neo Destiny,Light Vaporeon,52/105,86751,Light Vaporeon,LINKED
pkm-neo-destiny-53-105-d39b13aaeb,Neo Destiny,Light Venomoth,53/105,86752,Light Venomoth,LINKED
pkm-neo-destiny-54-105-4fafa7384e,Neo Destiny,Light Wigglytuff,54/105,86753,Light Wigglytuff,LINKED
pkm-neo-destiny-55-105-8fbaf6fb94,Neo Destiny,Scyther,55/105,88995,Scyther,LINKED
pkm-neo-destiny-56-105-312b58303f,Neo Destiny,Togepi,56/105,89930,Togepi,LINKED
pkm-neo-destiny-57-105-6c367b12cd,Neo Destiny,Unown [C],57/105,90201,Unown [C],LINKED
pkm-neo-destiny-58-105-e516f1d99c,Neo Destiny,Unown [P],58/105,90227,Unown [P],LINKED
pkm-neo-destiny-59-105-ce30e40af2,Neo Destiny,Unown [Q],59/105,90229,Unown [Q],LINKED
pkm-neo-destiny-60-105-aa73267362,Neo Destiny,Unown [Z],60/105,90246,Unown [Z],LINKED
pkm-neo-destiny-61-105-b1d322631f,Neo Destiny,Cyndaquil,61/105,84546,Cyndaquil,LINKED
pkm-neo-destiny-62-105-f84360b012,Neo Destiny,Dark Octillery,62/105,84632,Dark Octillery,LINKED
pkm-neo-destiny-64-105-fe49b5607d,Neo Destiny,Exeggcute,64/105,85342,Exeggcute,LINKED
pkm-neo-destiny-65-105-f7fefee418,Neo Destiny,Gastly,65/105,85647,Gastly,LINKED
pkm-neo-destiny-66-105-5f8ab2ce7a,Neo Destiny,Girafarig,66/105,85728,Girafarig,LINKED
pkm-neo-destiny-67-105-8c48c57dbd,Neo Destiny,Gligar,67/105,85762,Gligar,LINKED
pkm-neo-destiny-68-105-46e0e93550,Neo Destiny,Growlithe,68/105,85952,Growlithe,LINKED
pkm-neo-destiny-69-105-0d25626e5f,Neo Destiny,Hitmonchan,69/105,86090,Hitmonchan,LINKED
pkm-neo-destiny-70-105-28ca625aa0,Neo Destiny,Larvitar,70/105,86633,Larvitar,LINKED
pkm-neo-destiny-71-105-26ffd165a2,Neo Destiny,Ledyba,71/105,86700,Ledyba,LINKED
pkm-neo-destiny-72-105-499e9974d5,Neo Destiny,Light Sunflora,72/105,86749,Light Sunflora,LINKED
pkm-neo-destiny-73-105-aa816fd6eb,Neo Destiny,Machop,73/105,86988,Machop,LINKED
pkm-neo-destiny-75-105-1b8a446608,Neo Destiny,Mareep,75/105,87194,Mareep,LINKED
pkm-neo-destiny-76-105-aa54a80721,Neo Destiny,Phanpy,76/105,87997,Phanpy,LINKED
pkm-neo-destiny-77-105-00fb00ff13,Neo Destiny,Pineco,77/105,88123,Pineco,LINKED
pkm-neo-destiny-78-105-d1c436e592,Neo Destiny,Porygon,78/105,88305,Porygon,LINKED
pkm-neo-destiny-79-105-f07de1a6b8,Neo Destiny,Psyduck,79/105,88433,Psyduck,LINKED
pkm-neo-destiny-80-105-c33a6e58db,Neo Destiny,Remoraid,80/105,88693,Remoraid,LINKED
pkm-neo-destiny-81-105-ecc270f78b,Neo Destiny,Seel,81/105,89048,Seel,LINKED
pkm-neo-destiny-82-105-319234a320,Neo Destiny,Slugma,82/105,89337,Slugma,LINKED
pkm-neo-destiny-83-105-d9db040a59,Neo Destiny,Sunkern,83/105,89618,Sunkern,LINKED
pkm-neo-destiny-84-105-d2b1f43cc7,Neo Destiny,Swinub,84/105,89699,Swinub,LINKED
pkm-neo-destiny-85-105-e161a1bdda,Neo Destiny,Totodile,85/105,89993,Totodile,LINKED
pkm-neo-destiny-86-105-400b683d44,Neo Destiny,Unown [L],86/105,90219,Unown [L],LINKED
pkm-neo-destiny-87-105-39da0a8c7a,Neo Destiny,Unown [S],87/105,90232,Unown [S],LINKED
pkm-neo-destiny-88-105-6b5e23bd0c,Neo Destiny,Unown [T],88/105,90234,Unown [T],LINKED
pkm-neo-destiny-89-105-d2b94db2cf,Neo Destiny,Unown [V],89/105,90238,Unown [V],LINKED
pkm-neo-destiny-90-105-aebb497485,Neo Destiny,Venonat,90/105,90305,Venonat,LINKED
pkm-neo-destiny-91-105-ed4a2140c0,Neo Destiny,Vulpix,91/105,90433,Vulpix,LINKED
pkm-neo-destiny-92-105-61575a2402,Neo Destiny,Broken Ground Gym,92/105,83990,Broken Ground Gym,LINKED
pkm-neo-destiny-93-105-f4adf5691d,Neo Destiny,EXP.ALL,93/105,85367,EXP.ALL,LINKED
pkm-neo-destiny-94-105-e296675e69,Neo Destiny,Impostor Professor Oak's Invention,94/105,86272,Impostor Professor Oak's Invention,LINKED
pkm-neo-destiny-95-105-3e7aede17f,Neo Destiny,Radio Tower,95/105,88497,Radio Tower,LINKED
pkm-neo-destiny-96-105-2fa542ec37,Neo Destiny,Thought Wave Machine,96/105,89898,Thought Wave Machine (Rocket's Secret Machine),LINKED
pkm-neo-destiny-97-105-50cbcd5db6,Neo Destiny,Counterattack Claws,97/105,84448,Counterattack Claws,LINKED
pkm-neo-destiny-98-105-dc91679c6c,Neo Destiny,Energy Amplifier,98/105,85208,Energy Amplifier,LINKED
pkm-neo-destiny-99-105-5c300e824e,Neo Destiny,Energy Stadium,99/105,85251,Energy Stadium,LINKED
pkm-neo-destiny-100-105-b5246c63fc,Neo Destiny,Lucky Stadium,100/105,86893,Lucky Stadium,LINKED
pkm-neo-destiny-101-105-ab7ab2a727,Neo Destiny,Magnifier,101/105,87122,Magnifier,LINKED
pkm-neo-destiny-102-105-e78651c284,Neo Destiny,Pokémon Personality Test,102/105,88232,Pokemon Personality Test,SKIP_NAME_MISMATCH
pkm-neo-destiny-103-105-58aa21dafc,Neo Destiny,Team Rocket's Evil Deeds,103/105,89850,Team Rocket's Evil Deeds,LINKED
pkm-neo-destiny-104-105-ed0ac391cb,Neo Destiny,Heal Powder,104/105,86039,Heal Powder,LINKED
pkm-neo-destiny-105-105-864fa973fc,Neo Destiny,Mail from Bill,105/105,87123,Mail from Bill,LINKED
pkm-neo-destiny-106-105-985a24179c,Neo Destiny,Shining Celebi,106/105,89162,Shining Celebi,LINKED
pkm-neo-destiny-107-105-70fae29255,Neo Destiny,Shining Charizard,107/105,89163,Shining Charizard,LINKED
pkm-neo-destiny-108-105-9123ce151c,Neo Destiny,Shining Kabutops,108/105,89165,Shining Kabutops,LINKED
pkm-neo-destiny-109-105-291b4dbdf8,Neo Destiny,Shining Mewtwo,109/105,89167,Shining Mewtwo,LINKED
pkm-neo-destiny-110-105-c4c362921d,Neo Destiny,Shining Noctowl,110/105,89168,Shining Noctowl,LINKED
pkm-neo-destiny-111-105-c66b77c1c8,Neo Destiny,Shining Raichu,111/105,89169,Shining Raichu,LINKED
pkm-neo-destiny-112-105-3e07d8301d,Neo Destiny,Shining Steelix,112/105,89170,Shining Steelix,LINKED
pkm-neo-destiny-113-105-534649e51d,Neo Destiny,Shining Tyranitar,113/105,89171,Shining Tyranitar,LINKED
pkm-neo-discovery-1-75-c46854745d,Neo Discovery,Espeon,1/75,85316,Espeon (1),LINKED
pkm-neo-discovery-2-75-3317eba902,Neo Discovery,Forretress,2/75,85542,Forretress (2),LINKED
pkm-neo-discovery-3-75-dc8853db6a,Neo Discovery,Hitmontop,3/75,86110,Hitmontop (3),LINKED
pkm-neo-discovery-4-75-e0b92b8ae5,Neo Discovery,Houndoom,4/75,86197,Houndoom (4),LINKED
pkm-neo-discovery-5-75-54b0af9520,Neo Discovery,Houndour,5/75,86216,Houndour (5),LINKED
pkm-neo-discovery-6-75-3d5268af3f,Neo Discovery,Kabutops,6/75,86389,Kabutops (6),LINKED
pkm-neo-discovery-7-75-04ff548d38,Neo Discovery,Magnemite,7/75,87064,Magnemite (7),LINKED
pkm-neo-discovery-8-75-45907cfac7,Neo Discovery,Politoed,8/75,88246,Politoed (8),LINKED
pkm-neo-discovery-9-75-0c5429881b,Neo Discovery,Poliwrath,9/75,88269,Poliwrath (9),LINKED
pkm-neo-discovery-10-75-9b9182c061,Neo Discovery,Scizor,10/75,88956,Scizor (10),LINKED
pkm-neo-discovery-11-75-666e7ba2a2,Neo Discovery,Smeargle,11/75,89350,Smeargle (11),LINKED
pkm-neo-discovery-12-75-21b0b8b960,Neo Discovery,Tyranitar,12/75,90113,Tyranitar (12),LINKED
pkm-neo-discovery-13-75-347b799b7e,Neo Discovery,Umbreon,13/75,90137,Umbreon (13),LINKED
pkm-neo-discovery-14-75-9198c2f04e,Neo Discovery,Unown [A],14/75,90196,Unown [A] (14),LINKED
pkm-neo-discovery-15-75-a7fcb4513e,Neo Discovery,Ursaring,15/75,90249,Ursaring (15),LINKED
pkm-neo-discovery-16-75-aa5b691256,Neo Discovery,Wobbuffet,16/75,90612,Wobbuffet (16),LINKED
pkm-neo-discovery-17-75-f5ddc96954,Neo Discovery,Yanma,17/75,90680,Yanma (17),LINKED
pkm-neo-discovery-18-75-2ae6fee720,Neo Discovery,Beedrill,18/75,83767,Beedrill,LINKED
pkm-neo-discovery-19-75-b62fdf693b,Neo Discovery,Butterfree,19/75,84061,Butterfree,LINKED
pkm-neo-discovery-20-75-7e88b61f47,Neo Discovery,Espeon,20/75,85320,Espeon (20),LINKED
pkm-neo-discovery-21-75-c11a6e0de9,Neo Discovery,Forretress,21/75,85545,Forretress (21),LINKED
pkm-neo-discovery-22-75-bb3e0d304b,Neo Discovery,Hitmontop,22/75,86111,Hitmontop (22),LINKED
pkm-neo-discovery-23-75-3bc0934153,Neo Discovery,Houndoom,23/75,86204,Houndoom (23),LINKED
pkm-neo-discovery-24-75-1fea2c556b,Neo Discovery,Houndour,24/75,86217,Houndour (24),LINKED
pkm-neo-discovery-25-75-5cf62473f1,Neo Discovery,Kabutops,25/75,86394,Kabutops (25),LINKED
pkm-neo-discovery-26-75-b753dbd162,Neo Discovery,Magnemite,26/75,87065,Magnemite (26),LINKED
pkm-neo-discovery-27-75-e5edac1cde,Neo Discovery,Politoed,27/75,88249,Politoed (27),LINKED
pkm-neo-discovery-28-75-59c24b0f32,Neo Discovery,Poliwrath,28/75,88274,Poliwrath (28),LINKED
pkm-neo-discovery-29-75-d0d58e7854,Neo Discovery,Scizor,29/75,88958,Scizor (29),LINKED
pkm-neo-discovery-30-75-d3b256a3a5,Neo Discovery,Smeargle,30/75,89351,Smeargle (30),LINKED
pkm-neo-discovery-31-75-5615d4b17d,Neo Discovery,Tyranitar,31/75,90116,Tyranitar (31),LINKED
pkm-neo-discovery-32-75-251624d8a0,Neo Discovery,Umbreon,32/75,90142,Umbreon (32),LINKED
pkm-neo-discovery-33-75-c4931ba67c,Neo Discovery,Unown [A],33/75,90197,Unown [A] (33),LINKED
pkm-neo-discovery-34-75-1cb782fa99,Neo Discovery,Ursaring,34/75,90250,Ursaring (34),LINKED
pkm-neo-discovery-35-75-8042e02b30,Neo Discovery,Wobbuffet,35/75,90614,Wobbuffet (35),LINKED
pkm-neo-discovery-36-75-ae305e12ad,Neo Discovery,Yanma,36/75,90681,Yanma (36),LINKED
pkm-neo-discovery-37-75-1207fc087e,Neo Discovery,Corsola,37/75,84437,Corsola,LINKED
pkm-neo-discovery-38-75-3c4d789d06,Neo Discovery,Eevee,38/75,85075,Eevee,LINKED
pkm-neo-discovery-39-75-3e2e0adafe,Neo Discovery,Houndour,39/75,86218,Houndour (39),LINKED
pkm-neo-discovery-40-75-77fdfbc864,Neo Discovery,Igglybuff,40/75,86257,Igglybuff,LINKED
pkm-neo-discovery-41-75-3fa7e9c509,Neo Discovery,Kakuna,41/75,86408,Kakuna,LINKED
pkm-neo-discovery-42-75-e2944da0e2,Neo Discovery,Metapod,42/75,87385,Metapod,LINKED
pkm-neo-discovery-43-75-7513cd5a75,Neo Discovery,Omastar,43/75,87866,Omastar,LINKED
pkm-neo-discovery-44-75-2504a3625e,Neo Discovery,Poliwhirl,44/75,88262,Poliwhirl,LINKED
pkm-neo-discovery-45-75-72ef3139da,Neo Discovery,Pupitar,45/75,88445,Pupitar,LINKED
pkm-neo-discovery-46-75-711092d8b6,Neo Discovery,Scyther,46/75,88994,Scyther,LINKED
pkm-neo-discovery-47-75-5e711e2639,Neo Discovery,Unown [D],47/75,90203,Unown [D],LINKED
pkm-neo-discovery-48-75-43269c2470,Neo Discovery,Unown [F],48/75,90207,Unown [F],LINKED
pkm-neo-discovery-49-75-3f729a862b,Neo Discovery,Unown [M],49/75,90221,Unown [M],LINKED
pkm-neo-discovery-50-75-569bff2263,Neo Discovery,Unown [N],50/75,90223,Unown [N],LINKED
pkm-neo-discovery-51-75-19c4927596,Neo Discovery,Unown [U],51/75,90236,Unown [U],LINKED
pkm-neo-discovery-52-75-6f3cfe472f,Neo Discovery,Xatu,52/75,90660,Xatu,LINKED
pkm-neo-discovery-53-75-0d07dc71e8,Neo Discovery,Caterpie,53/75,84133,Caterpie,LINKED
pkm-neo-discovery-54-75-0d35308efb,Neo Discovery,Dunsparce,54/75,85007,Dunsparce,LINKED
pkm-neo-discovery-55-75-3cf221e42b,Neo Discovery,Hoppip,55/75,86176,Hoppip,LINKED
pkm-neo-discovery-56-75-c59f80c90c,Neo Discovery,Kabuto,56/75,86383,Kabuto,LINKED
pkm-neo-discovery-57-75-9b29dff1e9,Neo Discovery,Larvitar,57/75,86632,Larvitar,LINKED
pkm-neo-discovery-58-75-434a859741,Neo Discovery,Mareep,58/75,87192,Mareep,LINKED
pkm-neo-discovery-59-75-41e7924081,Neo Discovery,Natu,59/75,87680,Natu,LINKED
pkm-neo-discovery-60-75-2d6b9f8a84,Neo Discovery,Omanyte,60/75,87856,Omanyte,LINKED
pkm-neo-discovery-61-75-3b8c5580ed,Neo Discovery,Pineco,61/75,88122,Pineco,LINKED
pkm-neo-discovery-62-75-99b480a77a,Neo Discovery,Poliwag,62/75,88254,Poliwag,LINKED
pkm-neo-discovery-63-75-0cca5f7a47,Neo Discovery,Sentret,63/75,89061,Sentret,LINKED
pkm-neo-discovery-64-75-3b07ad14f3,Neo Discovery,Spinarak,64/75,89452,Spinarak,LINKED
pkm-neo-discovery-65-75-a809a836b3,Neo Discovery,Teddiursa,65/75,89855,Teddiursa,LINKED
pkm-neo-discovery-66-75-af4ea83258,Neo Discovery,Tyrogue,66/75,90128,Tyrogue,LINKED
pkm-neo-discovery-67-75-8e1c1555ef,Neo Discovery,Unown [E],67/75,90205,Unown [E],LINKED
pkm-neo-discovery-68-75-c5dae9bc64,Neo Discovery,Unown [I],68/75,90213,Unown [I],LINKED
pkm-neo-discovery-69-75-a1b94793b6,Neo Discovery,Unown [O],69/75,90225,Unown [O],LINKED
pkm-neo-discovery-70-75-2dde1204cf,Neo Discovery,Weedle,70/75,90538,Weedle,LINKED
pkm-neo-discovery-71-75-d5e77e6a56,Neo Discovery,Wooper,71/75,90631,Wooper,LINKED
pkm-neo-discovery-72-75-66eeae27a8,Neo Discovery,Fossil Egg,72/75,85555,Fossil Egg,LINKED
pkm-neo-discovery-73-75-35e98770e3,Neo Discovery,Hyper Devolution Spray,73/75,86245,Hyper Devolution Spray,LINKED
pkm-neo-discovery-74-75-7ebbd1fe8d,Neo Discovery,Ruin Wall,74/75,88845,Ruin Wall,LINKED
pkm-neo-discovery-75-75-57a1cc792c,Neo Discovery,Energy Ark,75/75,85209,Energy Ark,LINKED
pkm-neo-genesis-1-111-fff69d01d1,Neo Genesis,Ampharos,1/111,83534,Ampharos,LINKED
pkm-neo-genesis-2-111-19c981f3bd,Neo Genesis,Azumarill,2/111,83678,Azumarill,LINKED
pkm-neo-genesis-3-111-0c13aca9b4,Neo Genesis,Bellossom,3/111,83795,Bellossom,LINKED
pkm-neo-genesis-4-111-23041d8f91,Neo Genesis,Feraligatr,4/111,85412,Feraligatr (4),LINKED
pkm-neo-genesis-5-111-f126968d18,Neo Genesis,Feraligatr,5/111,85413,Feraligatr (5),LINKED
pkm-neo-genesis-6-111-f125be73a6,Neo Genesis,Heracross,6/111,86059,Heracross,LINKED
pkm-neo-genesis-7-111-2b421eeceb,Neo Genesis,Jumpluff,7/111,86361,Jumpluff,LINKED
pkm-neo-genesis-8-111-05f33898fa,Neo Genesis,Kingdra,8/111,86440,Kingdra,LINKED
pkm-neo-genesis-9-111-e4c5b32e56,Neo Genesis,Lugia,9/111,86903,Lugia,LINKED
pkm-neo-genesis-10-111-507d6855ab,Neo Genesis,Meganium,10/111,87286,Meganium (10),LINKED
pkm-neo-genesis-11-111-5938308038,Neo Genesis,Meganium,11/111,87287,Meganium (11),LINKED
pkm-neo-genesis-12-111-2e528cd9e0,Neo Genesis,Pichu,12/111,88011,Pichu,LINKED
pkm-neo-genesis-13-111-9d0f958420,Neo Genesis,Skarmory,13/111,89232,Skarmory,LINKED
pkm-neo-genesis-14-111-b88a8b895b,Neo Genesis,Slowking,14/111,89311,Slowking,LINKED
pkm-neo-genesis-15-111-ecd82b9a04,Neo Genesis,Steelix,15/111,89555,Steelix,LINKED
pkm-neo-genesis-16-111-635091feec,Neo Genesis,Togetic,16/111,89939,Togetic,LINKED
pkm-neo-genesis-17-111-f55a3eed7c,Neo Genesis,Typhlosion,17/111,90098,Typhlosion (17),LINKED
pkm-neo-genesis-18-111-b26a9edc94,Neo Genesis,Typhlosion,18/111,90099,Typhlosion (18),LINKED
pkm-neo-genesis-19-111-0de99deec0,Neo Genesis,Metal Energy,19/111,87368,Metal Energy,LINKED
pkm-neo-genesis-20-111-5532606715,Neo Genesis,Cleffa,20/111,84362,Cleffa,LINKED
pkm-neo-genesis-21-111-b24838d0c2,Neo Genesis,Donphan,21/111,84872,Donphan,LINKED
pkm-neo-genesis-22-111-6820505109,Neo Genesis,Elekid,22/111,85168,Elekid,LINKED
pkm-neo-genesis-23-111-e353e703be,Neo Genesis,Magby,23/111,87001,Magby,LINKED
pkm-neo-genesis-24-111-2d055aa931,Neo Genesis,Murkrow,24/111,87646,Murkrow,LINKED
pkm-neo-genesis-25-111-8d36d6baf5,Neo Genesis,Sneasel,25/111,89367,Sneasel,LINKED
pkm-neo-genesis-26-111-afc699a245,Neo Genesis,Aipom,26/111,83485,Aipom,LINKED
pkm-neo-genesis-27-111-eaa89cdbbd,Neo Genesis,Ariados,27/111,83615,Ariados,LINKED
pkm-neo-genesis-28-111-cd6dd6d0f4,Neo Genesis,Bayleef,28/111,83743,Bayleef (28),LINKED
pkm-neo-genesis-29-111-72169072f7,Neo Genesis,Bayleef,29/111,83744,Bayleef (29),LINKED
pkm-neo-genesis-30-111-85af6c9856,Neo Genesis,Clefairy,30/111,84352,Clefairy,LINKED
pkm-neo-genesis-31-111-603c636adc,Neo Genesis,Croconaw,31/111,84495,Croconaw (31),LINKED
pkm-neo-genesis-32-111-5de7601b29,Neo Genesis,Croconaw,32/111,84496,Croconaw (32),LINKED
pkm-neo-genesis-33-111-323cadb1c5,Neo Genesis,Electabuzz,33/111,85109,Electabuzz,LINKED
pkm-neo-genesis-34-111-2a22d990db,Neo Genesis,Flaaffy,34/111,85474,Flaaffy,LINKED
pkm-neo-genesis-35-111-d11a33bf56,Neo Genesis,Furret,35/111,85589,Furret,LINKED
pkm-neo-genesis-36-111-e545e1d0fe,Neo Genesis,Gloom,36/111,85778,Gloom,LINKED
pkm-neo-genesis-37-111-77d2b1ff08,Neo Genesis,Granbull,37/111,85861,Granbull,LINKED
pkm-neo-genesis-38-111-9dded8c262,Neo Genesis,Lanturn,38/111,86603,Lanturn,LINKED
pkm-neo-genesis-39-111-3c10bb678e,Neo Genesis,Ledian,39/111,86692,Ledian,LINKED
pkm-neo-genesis-40-111-6d66eb173f,Neo Genesis,Magmar,40/111,87042,Magmar,LINKED
pkm-neo-genesis-41-111-3bc48c2c73,Neo Genesis,Miltank,41/111,87461,Miltank,LINKED
pkm-neo-genesis-42-111-8d079b913a,Neo Genesis,Noctowl,42/111,87791,Noctowl,LINKED
pkm-neo-genesis-43-111-612c741718,Neo Genesis,Phanpy,43/111,87995,Phanpy,LINKED
pkm-neo-genesis-44-111-87b21a4657,Neo Genesis,Piloswine,44/111,88116,Piloswine,LINKED
pkm-neo-genesis-45-111-6e22b46152,Neo Genesis,Quagsire,45/111,88468,Quagsire,LINKED
pkm-neo-genesis-46-111-22af989089,Neo Genesis,Quilava,46/111,88480,Quilava (46),LINKED
pkm-neo-genesis-47-111-2cfa80be85,Neo Genesis,Quilava,47/111,88481,Quilava (47),LINKED
pkm-neo-genesis-48-111-b192717621,Neo Genesis,Seadra,48/111,89009,Seadra,LINKED
pkm-neo-genesis-49-111-57e2054351,Neo Genesis,Skiploom,49/111,89252,Skiploom,LINKED
pkm-neo-genesis-50-111-be43326098,Neo Genesis,Sunflora,50/111,89612,Sunflora,LINKED
pkm-neo-genesis-51-111-6ace6ef050,Neo Genesis,Togepi,51/111,89929,Togepi,LINKED
pkm-neo-genesis-52-111-3cb33b7ff8,Neo Genesis,Xatu,52/111,90661,Xatu,LINKED
pkm-neo-genesis-53-111-b8a34b6e67,Neo Genesis,Chikorita,53/111,84272,Chikorita (53),LINKED
pkm-neo-genesis-54-111-0b31bad534,Neo Genesis,Chikorita,54/111,84273,Chikorita (54),LINKED
pkm-neo-genesis-55-111-936e62f632,Neo Genesis,Chinchou,55/111,84300,Chinchou,LINKED
pkm-neo-genesis-56-111-5fde76a944,Neo Genesis,Cyndaquil,56/111,84543,Cyndaquil (56),LINKED
pkm-neo-genesis-57-111-89a3e6d84c,Neo Genesis,Cyndaquil,57/111,84544,Cyndaquil (57),LINKED
pkm-neo-genesis-58-111-fa15aa51bc,Neo Genesis,Girafarig,58/111,85726,Girafarig,LINKED
pkm-neo-genesis-59-111-a088ada9a6,Neo Genesis,Gligar,59/111,85764,Gligar,LINKED
pkm-neo-genesis-60-111-1831c17a2a,Neo Genesis,Hoothoot,60/111,86169,Hoothoot,LINKED
pkm-neo-genesis-61-111-2617e44691,Neo Genesis,Hoppip,61/111,86177,Hoppip,LINKED
pkm-neo-genesis-62-111-0160b8ff27,Neo Genesis,Horsea,62/111,86185,Horsea,LINKED
pkm-neo-genesis-63-111-5e64f911e0,Neo Genesis,Ledyba,63/111,86699,Ledyba,LINKED
pkm-neo-genesis-65-111-075c2807d6,Neo Genesis,Mareep,65/111,87193,Mareep,LINKED
pkm-neo-genesis-66-111-bca8fc3ebe,Neo Genesis,Marill,66/111,87213,Marill,LINKED
pkm-neo-genesis-67-111-d2336bce08,Neo Genesis,Natu,67/111,87681,Natu,LINKED
pkm-neo-genesis-68-111-709a989cc3,Neo Genesis,Oddish,68/111,87838,Oddish,LINKED
pkm-neo-genesis-69-111-0aa78b7cb0,Neo Genesis,Onix,69/111,87875,Onix,LINKED
pkm-neo-genesis-70-111-cea465630d,Neo Genesis,Pikachu,70/111,88072,Pikachu,LINKED
pkm-neo-genesis-71-111-9f9f66eea5,Neo Genesis,Sentret,71/111,89062,Sentret,LINKED
pkm-neo-genesis-72-111-f6014c7232,Neo Genesis,Shuckle,72/111,89188,Shuckle,LINKED
pkm-neo-genesis-73-111-75d668fd5d,Neo Genesis,Slowpoke,73/111,89323,Slowpoke,LINKED
pkm-neo-genesis-74-111-14e466d429,Neo Genesis,Snubbull,74/111,89412,Snubbull,LINKED
pkm-neo-genesis-75-111-1adce7c286,Neo Genesis,Spinarak,75/111,89453,Spinarak,LINKED
pkm-neo-genesis-76-111-b144f31d2c,Neo Genesis,Stantler,76/111,89501,Stantler,LINKED
pkm-neo-genesis-77-111-bb777288f9,Neo Genesis,Sudowoodo,77/111,89592,Sudowoodo,LINKED
pkm-neo-genesis-78-111-682033ef8c,Neo Genesis,Sunkern,78/111,89617,Sunkern,LINKED
pkm-neo-genesis-79-111-e55fac5b71,Neo Genesis,Swinub,79/111,89698,Swinub,LINKED
pkm-neo-genesis-80-111-6db4c6a630,Neo Genesis,Totodile,80/111,89991,Totodile (80),LINKED
pkm-neo-genesis-81-111-bb672a2290,Neo Genesis,Totodile,81/111,89992,Totodile (81),LINKED
pkm-neo-genesis-82-111-fa21be521f,Neo Genesis,Wooper,82/111,90632,Wooper,LINKED
pkm-neo-genesis-83-111-bea214e9d9,Neo Genesis,Arcade Game,83/111,83573,Arcade Game (Goldenrod Game Corner),LINKED
pkm-neo-genesis-84-111-ffa91bdaa4,Neo Genesis,Ecogym,84/111,85066,Ecogym,LINKED
pkm-neo-genesis-85-111-be8dfc8309,Neo Genesis,Energy Charge,85/111,85210,Energy Charge,LINKED
pkm-neo-genesis-86-111-4d9a1bb76f,Neo Genesis,Focus Band,86/111,85536,Focus Band,LINKED
pkm-neo-genesis-87-111-12117ca2a5,Neo Genesis,Mary,87/111,87241,Mary,LINKED
pkm-neo-genesis-88-111-b79a880c01,Neo Genesis,PokéGear,88/111,88204,PokeGear,SKIP_NAME_MISMATCH
pkm-neo-genesis-89-111-719fe75b0c,Neo Genesis,Super Energy Retrieval,89/111,89628,Super Energy Retrieval,LINKED
pkm-neo-genesis-90-111-65412a111b,Neo Genesis,Time Capsule,90/111,89918,Time Capsule,LINKED
pkm-neo-genesis-91-111-09da6ee09e,Neo Genesis,Bill's Teleporter,91/111,83841,Bill's Teleporter,LINKED
pkm-neo-genesis-92-111-f295f50bcb,Neo Genesis,Card-Flip Game,92/111,84098,Card-Flip Game (Goldenrod Game Corner),LINKED
pkm-neo-genesis-93-111-aa0a617c87,Neo Genesis,Gold Berry,93/111,85799,Gold Berry,LINKED
pkm-neo-genesis-94-111-1223894b4d,Neo Genesis,Miracle Berry,94/111,87495,Miracle Berry,LINKED
pkm-neo-genesis-95-111-1c9c693e55,Neo Genesis,New Pokédex,95/111,87690,New Pokedex,SKIP_NAME_MISMATCH
pkm-neo-genesis-96-111-012773e8e8,Neo Genesis,Professor Elm,96/111,88388,Professor Elm,LINKED
pkm-neo-genesis-97-111-80830d40c6,Neo Genesis,Sprout Tower,97/111,89482,Sprout Tower,LINKED
pkm-neo-genesis-98-111-b2ef5ac8cb,Neo Genesis,Super Scoop Up,98/111,89634,Super Scoop Up,LINKED
pkm-neo-genesis-99-111-bc74adb52d,Neo Genesis,Berry,99/111,83812,Berry,LINKED
pkm-neo-genesis-100-111-a8fc945edd,Neo Genesis,Double Gust,100/111,84891,Double Gust,LINKED
pkm-neo-genesis-101-111-480900f927,Neo Genesis,Moo-Moo Milk,101/111,87574,Moo-Moo Milk,LINKED
pkm-neo-genesis-102-111-7f9452b82b,Neo Genesis,Pokémon March,102/111,88228,Pokemon March,SKIP_NAME_MISMATCH
pkm-neo-genesis-103-111-95db047966,Neo Genesis,Super Rod,103/111,89633,Super Rod,LINKED
pkm-neo-genesis-104-111-ed4f155c63,Neo Genesis,Darkness Energy,104/111,84695,Darkness Energy,LINKED
pkm-neo-genesis-105-111-bc2c04b94c,Neo Genesis,Recycle Energy,105/111,88654,Recycle Energy,LINKED
pkm-neo-genesis-107-111-ed22ec2bae,Neo Genesis,Fire Energy,107/111,85453,Fire Energy,LINKED
pkm-neo-genesis-108-111-f35be65214,Neo Genesis,Grass Energy,108/111,85870,Grass Energy,LINKED
pkm-neo-genesis-109-111-d877aa913a,Neo Genesis,Lightning Energy,109/111,86756,Lightning Energy,LINKED
pkm-neo-genesis-110-111-b5d48fd453,Neo Genesis,Psychic Energy,110/111,88414,Psychic Energy,LINKED
pkm-neo-genesis-111-111-e88cbef401,Neo Genesis,Water Energy,111/111,90502,Water Energy,LINKED
pkm-neo-revelation-1-64-2bc322a299,Neo Revelation,Ampharos,1/64,83535,Ampharos,LINKED
pkm-neo-revelation-2-64-bae456abaf,Neo Revelation,Blissey,2/64,83918,Blissey,LINKED
pkm-neo-revelation-3-64-5ee0ce1efd,Neo Revelation,Celebi,3/64,84141,Celebi (3),LINKED
pkm-neo-revelation-4-64-297d868488,Neo Revelation,Crobat,4/64,84482,Crobat,LINKED
pkm-neo-revelation-5-64-8c7a8b24ca,Neo Revelation,Delibird,5/64,84745,Delibird,LINKED
pkm-neo-revelation-6-64-03e4966876,Neo Revelation,Entei,6/64,85266,Entei (6),LINKED
pkm-neo-revelation-7-64-d568394a43,Neo Revelation,Ho-oh,7/64,86118,Ho-oh (7),LINKED
pkm-neo-revelation-8-64-d896221af0,Neo Revelation,Houndoom,8/64,86198,Houndoom,LINKED
pkm-neo-revelation-9-64-c12f48b93e,Neo Revelation,Jumpluff,9/64,86362,Jumpluff,LINKED
pkm-neo-revelation-10-64-e5b37f7106,Neo Revelation,Magneton,10/64,87092,Magneton,LINKED
pkm-neo-revelation-11-64-2aa8db8d80,Neo Revelation,Misdreavus,11/64,87501,Misdreavus,LINKED
pkm-neo-revelation-12-64-893841bda1,Neo Revelation,Porygon2,12/64,88322,Porygon2,LINKED
pkm-neo-revelation-13-64-26ff99ba83,Neo Revelation,Raikou,13/64,88529,Raikou (13),LINKED
pkm-neo-revelation-14-64-4a0050ebb5,Neo Revelation,Suicune,14/64,89597,Suicune (14),LINKED
pkm-neo-revelation-15-64-4f1a342d1b,Neo Revelation,Aerodactyl,15/64,83466,Aerodactyl,LINKED
pkm-neo-revelation-16-64-d1e27061cd,Neo Revelation,Celebi,16/64,84142,Celebi (16),LINKED
pkm-neo-revelation-17-64-2338c32f00,Neo Revelation,Entei,17/64,85269,Entei (17),LINKED
pkm-neo-revelation-18-64-da6e06f42c,Neo Revelation,Ho-oh,18/64,86119,Ho-oh (18),LINKED
pkm-neo-revelation-19-64-a5a9319826,Neo Revelation,Kingdra,19/64,86442,Kingdra,LINKED
pkm-neo-revelation-20-64-dd895364e7,Neo Revelation,Lugia,20/64,86904,Lugia,LINKED
pkm-neo-revelation-21-64-1914ee25ed,Neo Revelation,Raichu,21/64,88500,Raichu,LINKED
pkm-neo-revelation-22-64-031f579792,Neo Revelation,Raikou,22/64,88530,Raikou (22),LINKED
pkm-neo-revelation-23-64-8cd731e896,Neo Revelation,Skarmory,23/64,89233,Skarmory,LINKED
pkm-neo-revelation-24-64-99d73c9673,Neo Revelation,Sneasel,24/64,89366,Sneasel,LINKED
pkm-neo-revelation-25-64-d6b8fec639,Neo Revelation,Starmie,25/64,89527,Starmie,LINKED
pkm-neo-revelation-26-64-01baf698b0,Neo Revelation,Sudowoodo,26/64,89590,Sudowoodo,LINKED
pkm-neo-revelation-27-64-6d454f6acd,Neo Revelation,Suicune,27/64,89599,Suicune (27),LINKED
pkm-neo-revelation-28-64-e3adc59055,Neo Revelation,Flaaffy,28/64,85473,Flaaffy,LINKED
pkm-neo-revelation-29-64-0c5c44df65,Neo Revelation,Golbat,29/64,85790,Golbat,LINKED
pkm-neo-revelation-30-64-58909295a0,Neo Revelation,Graveler,30/64,85885,Graveler,LINKED
pkm-neo-revelation-31-64-a1e3b425cc,Neo Revelation,Jynx,31/64,86373,Jynx,LINKED
pkm-neo-revelation-32-64-076919991a,Neo Revelation,Lanturn,32/64,86602,Lanturn,LINKED
pkm-neo-revelation-33-64-c45542068a,Neo Revelation,Magcargo,33/64,87012,Magcargo,LINKED
pkm-neo-revelation-34-64-5168b9d179,Neo Revelation,Octillery,34/64,87830,Octillery,LINKED
pkm-neo-revelation-35-64-2591fdd2a2,Neo Revelation,Parasect,35/64,87955,Parasect,LINKED
pkm-neo-revelation-36-64-c3c871c24b,Neo Revelation,Piloswine,36/64,88114,Piloswine,LINKED
pkm-neo-revelation-37-64-b94b336a37,Neo Revelation,Seaking,37/64,89022,Seaking,LINKED
pkm-neo-revelation-38-64-cff372a707,Neo Revelation,Stantler,38/64,89500,Stantler,LINKED
pkm-neo-revelation-39-64-7179f172e0,Neo Revelation,Unown [B],39/64,90199,Unown [B],LINKED
pkm-neo-revelation-40-64-c36f3d4475,Neo Revelation,Unown [Y],40/64,90244,Unown [Y],LINKED
pkm-neo-revelation-41-64-62c7eda488,Neo Revelation,Aipom,41/64,83486,Aipom,LINKED
pkm-neo-revelation-42-64-75a487b39e,Neo Revelation,Chinchou,42/64,84299,Chinchou,LINKED
pkm-neo-revelation-43-64-39a0942f35,Neo Revelation,Farfetch'd,43/64,85382,Farfetch'd,LINKED
pkm-neo-revelation-44-64-9f8d5fdebd,Neo Revelation,Geodude,44/64,85683,Geodude,LINKED
pkm-neo-revelation-45-64-e691b7f424,Neo Revelation,Goldeen,45/64,85801,Goldeen,LINKED
pkm-neo-revelation-46-64-e1bf7938be,Neo Revelation,Murkrow,46/64,87647,Murkrow,LINKED
pkm-neo-revelation-47-64-30067773de,Neo Revelation,Paras,47/64,87947,Paras,LINKED
pkm-neo-revelation-48-64-270333a2bc,Neo Revelation,Quagsire,48/64,88469,Quagsire,LINKED
pkm-neo-revelation-49-64-a95a5ad29e,Neo Revelation,Qwilfish,49/64,88492,Qwilfish,LINKED
pkm-neo-revelation-50-64-b8760a3959,Neo Revelation,Remoraid,50/64,88692,Remoraid,LINKED
pkm-neo-revelation-51-64-83860b7b51,Neo Revelation,Shuckle,51/64,89187,Shuckle,LINKED
pkm-neo-revelation-52-64-23da615a34,Neo Revelation,Skiploom,52/64,89253,Skiploom,LINKED
pkm-neo-revelation-53-64-b89d479f8f,Neo Revelation,Slugma,53/64,89336,Slugma,LINKED
pkm-neo-revelation-54-64-b73edb393e,Neo Revelation,Smoochum,54/64,89359,Smoochum,LINKED
pkm-neo-revelation-55-64-75acce7bf8,Neo Revelation,Snubbull,55/64,89411,Snubbull,LINKED
pkm-neo-revelation-56-64-da8f77a27f,Neo Revelation,Staryu,56/64,89542,Staryu,LINKED
pkm-neo-revelation-57-64-1d422a4cbd,Neo Revelation,Swinub,57/64,89697,Swinub,LINKED
pkm-neo-revelation-58-64-3ca35f6ea2,Neo Revelation,Unown [K],58/64,90217,Unown [K],LINKED
pkm-neo-revelation-59-64-7f307f7357,Neo Revelation,Zubat,59/64,90766,Zubat,LINKED
pkm-neo-revelation-60-64-ed3ab63419,Neo Revelation,Balloon Berry,60/64,83707,Balloon Berry,LINKED
pkm-neo-revelation-61-64-004b946214,Neo Revelation,Healing Field,61/64,86041,Healing Field,LINKED
pkm-neo-revelation-62-64-f0066672a6,Neo Revelation,Pokémon Breeder Fields,62/64,88208,Pokemon Breeder Fields,SKIP_NAME_MISMATCH
pkm-neo-revelation-63-64-6fc601698c,Neo Revelation,Rocket's Hideout,63/64,88770,Rocket's Hideout,LINKED
pkm-neo-revelation-64-64-10f78c5c37,Neo Revelation,Old Rod,64/64,87851,Old Rod,LINKED
pkm-neo-revelation-65-64-a70f33363f,Neo Revelation,Shining Gyarados,65/64,89164,Shining Gyarados,LINKED
pkm-neo-revelation-66-64-8d24cff151,Neo Revelation,Shining Magikarp,66/64,89166,Shining Magikarp,LINKED
pkm-legendary-collection-1-110-024ba5eb44,Legendary Collection,Alakazam,1/110,83496,Alakazam,LINKED
pkm-legendary-collection-2-110-470fbfc608,Legendary Collection,Articuno,2/110,83643,Articuno,LINKED
pkm-legendary-collection-3-110-2052c7b3ba,Legendary Collection,Charizard,3/110,84196,Charizard,LINKED
pkm-legendary-collection-4-110-cfbedc20f5,Legendary Collection,Dark Blastoise,4/110,84569,Dark Blastoise,LINKED
pkm-legendary-collection-5-110-b4a2dc0153,Legendary Collection,Dark Dragonite,5/110,84585,Dark Dragonite,LINKED
pkm-legendary-collection-6-110-7919873f31,Legendary Collection,Dark Persian,6/110,84637,Dark Persian,LINKED
pkm-legendary-collection-7-110-bc1faa0cd3,Legendary Collection,Dark Raichu,7/110,84646,Dark Raichu,LINKED
pkm-legendary-collection-8-110-a0d33b262e,Legendary Collection,Dark Slowbro,8/110,84653,Dark Slowbro,LINKED
pkm-legendary-collection-9-110-92b940667b,Legendary Collection,Dark Vaporeon,9/110,84664,Dark Vaporeon,LINKED
pkm-legendary-collection-10-110-45ba5726bf,Legendary Collection,Flareon,10/110,85492,Flareon,LINKED
pkm-legendary-collection-11-110-ee424d8073,Legendary Collection,Gengar,11/110,85670,Gengar,LINKED
pkm-legendary-collection-12-110-81ff72be72,Legendary Collection,Gyarados,12/110,85989,Gyarados,LINKED
pkm-legendary-collection-13-110-a95b6ad150,Legendary Collection,Hitmonlee,13/110,86101,Hitmonlee,LINKED
pkm-legendary-collection-14-110-b27941be65,Legendary Collection,Jolteon,14/110,86339,Jolteon,LINKED
pkm-legendary-collection-15-110-7f4cbc5e0e,Legendary Collection,Machamp,15/110,86957,Machamp,LINKED
pkm-legendary-collection-16-110-23b8c0b29b,Legendary Collection,Muk,16/110,87618,Muk,LINKED
pkm-legendary-collection-17-110-0047a0d02f,Legendary Collection,Ninetales,17/110,87764,Ninetales,LINKED
pkm-legendary-collection-18-110-aaa4825067,Legendary Collection,Venusaur,18/110,90313,Venusaur,LINKED
pkm-legendary-collection-19-110-655ff8ffb2,Legendary Collection,Zapdos,19/110,90712,Zapdos,LINKED
pkm-legendary-collection-20-110-b97aa156d7,Legendary Collection,Beedrill,20/110,83768,Beedrill,LINKED
pkm-legendary-collection-21-110-0570a143e1,Legendary Collection,Butterfree,21/110,84062,Butterfree,LINKED
pkm-legendary-collection-22-110-cba1011a7c,Legendary Collection,Electrode,22/110,85151,Electrode,LINKED
pkm-legendary-collection-23-110-63f205bc8e,Legendary Collection,Exeggutor,23/110,85357,Exeggutor,LINKED
pkm-legendary-collection-24-110-1d52b16c15,Legendary Collection,Golem,24/110,85822,Golem,LINKED
pkm-legendary-collection-25-110-219438c7dd,Legendary Collection,Hypno,25/110,86251,Hypno,LINKED
pkm-legendary-collection-26-110-490222148d,Legendary Collection,Jynx,26/110,86371,Jynx,LINKED
pkm-legendary-collection-27-110-8673d218e3,Legendary Collection,Kabutops,27/110,86395,Kabutops,LINKED
pkm-legendary-collection-28-110-4d140df258,Legendary Collection,Magneton,28/110,87099,Magneton,LINKED
pkm-legendary-collection-29-110-b4d7e33c9b,Legendary Collection,Mewtwo,29/110,87419,Mewtwo,LINKED
pkm-legendary-collection-30-110-29316df265,Legendary Collection,Moltres,30/110,87560,Moltres,LINKED
pkm-legendary-collection-31-110-063ddf03e5,Legendary Collection,Nidoking,31/110,87694,Nidoking,LINKED
pkm-legendary-collection-32-110-4adddd2544,Legendary Collection,Nidoqueen,32/110,87706,Nidoqueen,LINKED
pkm-legendary-collection-33-110-d10e8746fc,Legendary Collection,Pidgeot,33/110,88028,Pidgeot,LINKED
pkm-legendary-collection-34-110-684d1d7818,Legendary Collection,Pidgeotto,34/110,88038,Pidgeotto,LINKED
pkm-legendary-collection-35-110-1a52954af9,Legendary Collection,Rhydon,35/110,88730,Rhydon,LINKED
pkm-legendary-collection-36-110-226dfa34fb,Legendary Collection,Arcanine,36/110,83581,Arcanine,LINKED
pkm-legendary-collection-37-110-71c9113d8f,Legendary Collection,Charmeleon,37/110,84223,Charmeleon,LINKED
pkm-legendary-collection-38-110-f35a6aaf01,Legendary Collection,Dark Dragonair,38/110,84581,Dark Dragonair,LINKED
pkm-legendary-collection-39-110-4e110143ec,Legendary Collection,Dark Wartortle,39/110,84669,Dark Wartortle,LINKED
pkm-legendary-collection-40-110-6b10d28e94,Legendary Collection,Dewgong,40/110,84788,Dewgong,LINKED
pkm-legendary-collection-41-110-d7ec09ef7f,Legendary Collection,Dodrio,41/110,84847,Dodrio,LINKED
pkm-legendary-collection-42-110-7323eed28c,Legendary Collection,Fearow,42/110,85395,Fearow,LINKED
pkm-legendary-collection-43-110-7fc5a44e6e,Legendary Collection,Golduck,43/110,85812,Golduck,LINKED
pkm-legendary-collection-44-110-3772136cee,Legendary Collection,Graveler,44/110,85887,Graveler,LINKED
pkm-legendary-collection-45-110-d4c1ec6dbf,Legendary Collection,Growlithe,45/110,85948,Growlithe,LINKED
pkm-legendary-collection-46-110-71af68791d,Legendary Collection,Haunter,46/110,86022,Haunter,LINKED
pkm-legendary-collection-47-110-a234dd3c4e,Legendary Collection,Ivysaur,47/110,86295,Ivysaur,LINKED
pkm-legendary-collection-48-110-9d66806ba3,Legendary Collection,Kabuto,48/110,86381,Kabuto,LINKED
pkm-legendary-collection-49-110-541b71e2c5,Legendary Collection,Kadabra,49/110,86404,Kadabra,LINKED
pkm-legendary-collection-50-110-d0a1dcbe15,Legendary Collection,Kakuna,50/110,86409,Kakuna,LINKED
pkm-legendary-collection-51-110-5103972d0c,Legendary Collection,Machoke,51/110,86976,Machoke,LINKED
pkm-legendary-collection-52-110-2ece6af555,Legendary Collection,Magikarp,52/110,87022,Magikarp,LINKED
pkm-legendary-collection-53-110-9a5cf0c5ac,Legendary Collection,Meowth,53/110,87311,Meowth,LINKED
pkm-legendary-collection-54-110-0d118a3c6d,Legendary Collection,Metapod,54/110,87387,Metapod,LINKED
pkm-legendary-collection-55-110-0fdeebc9f9,Legendary Collection,Nidorina,55/110,87733,Nidorina,LINKED
pkm-legendary-collection-56-110-1425616e7d,Legendary Collection,Nidorino,56/110,87743,Nidorino,LINKED
pkm-legendary-collection-57-110-4ebd740d77,Legendary Collection,Omanyte,57/110,87855,Omanyte,LINKED
pkm-legendary-collection-58-110-470aefff84,Legendary Collection,Omastar,58/110,87867,Omastar,LINKED
pkm-legendary-collection-59-110-40a69f9d12,Legendary Collection,Primeape,59/110,88361,Primeape,LINKED
pkm-legendary-collection-60-110-80e81b0f53,Legendary Collection,Rapidash,60/110,88579,Rapidash,LINKED
pkm-legendary-collection-61-110-bd0f323de0,Legendary Collection,Raticate,61/110,88601,Raticate,LINKED
pkm-legendary-collection-62-110-2898805d3f,Legendary Collection,Sandslash,62/110,88930,Sandslash,LINKED
pkm-legendary-collection-63-110-31a2d8200e,Legendary Collection,Seadra,63/110,89011,Seadra,LINKED
pkm-legendary-collection-64-110-dc0dab3add,Legendary Collection,Snorlax,64/110,89386,Snorlax,LINKED
pkm-legendary-collection-65-110-77c991a10a,Legendary Collection,Tauros,65/110,89759,Tauros,LINKED
pkm-legendary-collection-66-110-96dddd4dbe,Legendary Collection,Tentacruel,66/110,89874,Tentacruel,LINKED
pkm-legendary-collection-67-110-152a5c153d,Legendary Collection,Abra,67/110,83446,Abra,LINKED
pkm-legendary-collection-68-110-c96e608c12,Legendary Collection,Bulbasaur,68/110,84025,Bulbasaur,LINKED
pkm-legendary-collection-69-110-653e1cceaa,Legendary Collection,Caterpie,69/110,84134,Caterpie,LINKED
pkm-legendary-collection-70-110-350405a2b6,Legendary Collection,Charmander,70/110,84205,Charmander,LINKED
pkm-legendary-collection-71-110-4144494400,Legendary Collection,Doduo,71/110,84858,Doduo,LINKED
pkm-legendary-collection-73-110-91a0f8f34e,Legendary Collection,Drowzee,73/110,84970,Drowzee,LINKED
pkm-legendary-collection-74-110-21a91fb45d,Legendary Collection,Eevee,74/110,85079,Eevee,LINKED
pkm-legendary-collection-75-110-c765ae4378,Legendary Collection,Exeggcute,75/110,85343,Exeggcute,LINKED
pkm-legendary-collection-76-110-23de2bb745,Legendary Collection,Gastly,76/110,85648,Gastly,LINKED
pkm-legendary-collection-77-110-1ce629508d,Legendary Collection,Geodude,77/110,85685,Geodude,LINKED
pkm-legendary-collection-78-110-18a5976171,Legendary Collection,Grimer,78/110,85906,Grimer,LINKED
pkm-legendary-collection-79-110-8d4e104bf9,Legendary Collection,Machop,79/110,86990,Machop,LINKED
pkm-legendary-collection-80-110-4d262683e7,Legendary Collection,Magnemite,80/110,87070,Magnemite,LINKED
pkm-legendary-collection-81-110-ff73b7505b,Legendary Collection,Mankey,81/110,87171,Mankey,LINKED
pkm-legendary-collection-82-110-7861a29fbf,Legendary Collection,Nidoran ♀,82/110,87715,Nidoran F,SKIP_NAME_MISMATCH
pkm-legendary-collection-83-110-ebda385ab6,Legendary Collection,Nidoran ♂,83/110,87724,Nidoran M,SKIP_NAME_MISMATCH
pkm-legendary-collection-84-110-907edf8b6f,Legendary Collection,Onix,84/110,87877,Onix,LINKED
pkm-legendary-collection-85-110-8e0a28dba4,Legendary Collection,Pidgey,85/110,88046,Pidgey,LINKED
pkm-legendary-collection-86-110-caa6cebbd6,Legendary Collection,Pikachu,86/110,88075,Pikachu,LINKED
pkm-legendary-collection-87-110-393603e325,Legendary Collection,Ponyta,87/110,88282,Ponyta,LINKED
pkm-legendary-collection-88-110-7aa3b0ae85,Legendary Collection,Psyduck,88/110,88434,Psyduck,LINKED
pkm-legendary-collection-89-110-14bd9acb92,Legendary Collection,Rattata,89/110,88612,Rattata,LINKED
pkm-legendary-collection-90-110-07a67e5918,Legendary Collection,Rhyhorn,90/110,88738,Rhyhorn,LINKED
pkm-legendary-collection-91-110-312722a85f,Legendary Collection,Sandshrew,91/110,88920,Sandshrew,LINKED
pkm-legendary-collection-92-110-b3b584563d,Legendary Collection,Seel,92/110,89049,Seel,LINKED
pkm-legendary-collection-93-110-cf2c87bd68,Legendary Collection,Slowpoke,93/110,89324,Slowpoke,LINKED
pkm-legendary-collection-94-110-cd17ba7455,Legendary Collection,Spearow,94/110,89437,Spearow,LINKED
pkm-legendary-collection-95-110-a155d62047,Legendary Collection,Squirtle,95/110,89485,Squirtle,LINKED
pkm-legendary-collection-96-110-443ef195db,Legendary Collection,Tentacool,96/110,89864,Tentacool,LINKED
pkm-legendary-collection-97-110-6bb534fc08,Legendary Collection,Voltorb,97/110,90410,Voltorb,LINKED
pkm-legendary-collection-98-110-ee44e2d5d9,Legendary Collection,Vulpix,98/110,90434,Vulpix,LINKED
pkm-legendary-collection-99-110-8d01907922,Legendary Collection,Weedle,99/110,90539,Weedle,LINKED
pkm-legendary-collection-100-110-ece69189ba,Legendary Collection,Full Heal Energy,100/110,85585,Full Heal Energy,LINKED
pkm-legendary-collection-101-110-4fb379dc91,Legendary Collection,Potion Energy,101/110,88351,Potion Energy,LINKED
pkm-legendary-collection-102-110-5f0568282f,Legendary Collection,Pokémon Breeder,102/110,88207,Pokemon Breeder,SKIP_NAME_MISMATCH
pkm-legendary-collection-103-110-f6d9a025de,Legendary Collection,Pokémon Trader,103/110,88242,Pokemon Trader,SKIP_NAME_MISMATCH
pkm-legendary-collection-104-110-ec82db9145,Legendary Collection,Scoop Up,104/110,88973,Scoop Up,LINKED
pkm-legendary-collection-105-110-405af3bf31,Legendary Collection,The Boss's Way,105/110,89895,The Boss's Way,LINKED
pkm-legendary-collection-106-110-fe90fc772e,Legendary Collection,Challenge!,106/110,84160,Challenge!,LINKED
pkm-legendary-collection-107-110-d29341396e,Legendary Collection,Energy Retrieval,107/110,85233,Energy Retrieval,LINKED
pkm-legendary-collection-108-110-48ebfb6e9c,Legendary Collection,Bill,108/110,83836,Bill,LINKED
pkm-legendary-collection-109-110-0f90abb985,Legendary Collection,Mysterious Fossil,109/110,87668,Mysterious Fossil,LINKED
pkm-legendary-collection-110-110-ed01177629,Legendary Collection,Potion,110/110,88332,Potion,LINKED
pkm-rumble-1-16-5981faa1a2,Rumble,Venusaur,1/16,90320,Venusaur,LINKED
pkm-rumble-2-16-e4790c52f4,Rumble,Cherrim,2/16,84256,Cherrim,LINKED
pkm-rumble-3-16-4866515b32,Rumble,Ninetales,3/16,87775,Ninetales,LINKED
pkm-rumble-4-16-f476409477,Rumble,Heatran,4/16,86051,Heatran,LINKED
pkm-rumble-5-16-d001c14d36,Rumble,Starmie,5/16,89537,Starmie,LINKED
pkm-rumble-6-16-456425280a,Rumble,Gyarados,6/16,85996,Gyarados,LINKED
pkm-rumble-7-16-5c1d084339,Rumble,Pikachu,7/16,88096,Pikachu,LINKED
pkm-rumble-8-16-b4d086ad52,Rumble,Zapdos,8/16,90720,Zapdos,LINKED
pkm-rumble-9-16-3c892a6b07,Rumble,Mewtwo,9/16,87423,Mewtwo,LINKED
pkm-rumble-10-16-d54facaa68,Rumble,Mew,10/16,87404,Mew,LINKED
pkm-rumble-11-16-ff36fbfb3e,Rumble,Diglett,11/16,84825,Diglett,LINKED
pkm-rumble-12-16-4c6000cd25,Rumble,Lucario,12/16,86879,Lucario,LINKED
pkm-rumble-13-16-8cce7a3f63,Rumble,Skuntank,13/16,89281,Skuntank,LINKED
pkm-rumble-14-16-a9a6b2be55,Rumble,Bastiodon,14/16,83737,Bastiodon,LINKED
pkm-rumble-15-16-48f5438f8d,Rumble,Rattata,15/16,88620,Rattata,LINKED
pkm-rumble-16-16-11cdc9f6cc,Rumble,Bibarel,16/16,83820,Bibarel,LINKED
pkm-southern-islands-1-18-69160ba100,Southern Islands,Mew,1/18,46466,Mew,LINKED
pkm-southern-islands-2-18-55376e064d,Southern Islands,Pidgeot,2/18,46476,Pidgeot,LINKED
pkm-southern-islands-3-18-1b1804f1fa,Southern Islands,Onix,3/18,46477,Onix,LINKED
pkm-southern-islands-4-18-c30aa26026,Southern Islands,Togepi,4/18,46478,Togepi,LINKED
pkm-southern-islands-5-18-f4f3ad95fb,Southern Islands,Ivysaur,5/18,46479,Ivysaur,LINKED
pkm-southern-islands-6-18-28a409d74d,Southern Islands,Raticate,6/18,46480,Raticate,LINKED
pkm-southern-islands-7-18-5824db6f26,Southern Islands,Ledyba,7/18,46481,Ledyba,LINKED
pkm-southern-islands-8-18-cc37d4a50e,Southern Islands,Jigglypuff,8/18,46482,Jigglypuff,LINKED
pkm-southern-islands-9-18-5cb128bc39,Southern Islands,Butterfree,9/18,46483,Butterfree,LINKED
pkm-southern-islands-10-18-e7242b0a42,Southern Islands,Tentacruel,10/18,46467,Tentacruel,LINKED
pkm-southern-islands-11-18-21186cb5d3,Southern Islands,Marill,11/18,46468,Marill,LINKED
pkm-southern-islands-12-18-bcb7f0b0c5,Southern Islands,Lapras,12/18,46469,Lapras,LINKED
pkm-southern-islands-13-18-852a50abbb,Southern Islands,Exeggutor,13/18,46470,Exeggutor,LINKED
pkm-southern-islands-14-18-fcf003a4d3,Southern Islands,Slowking,14/18,46471,Slowking,LINKED
pkm-southern-islands-15-18-16b0790d4b,Southern Islands,Wartortle,15/18,46472,Wartortle,LINKED
pkm-southern-islands-16-18-816371cd0e,Southern Islands,Lickitung,16/18,46473,Lickitung,LINKED
pkm-southern-islands-17-18-e929bd3893,Southern Islands,Vileplume,17/18,46474,Vileplume,LINKED
pkm-southern-islands-18-18-ca2145462b,Southern Islands,Primeape,18/18,46475,Primeape,LINKED
pkm-arceus-1-99-cbad1b562f,Arceus,Charizard,1/99,84191,Charizard,LINKED
pkm-arceus-2-99-4e5c72dd6a,Arceus,Froslass,2/99,85573,Froslass,LINKED
pkm-arceus-3-99-75715fa224,Arceus,Heatran,3/99,86050,Heatran,LINKED
pkm-arceus-4-99-a0488f98b3,Arceus,Kabutops,4/99,86400,Kabutops,LINKED
pkm-arceus-5-99-6341e95c17,Arceus,Luxray,5/99,86949,Luxray,LINKED
pkm-arceus-6-99-7310d4a923,Arceus,Mothim,6/99,87583,Mothim,LINKED
pkm-arceus-7-99-afdb1beb62,Arceus,Probopass,7/99,88378,Probopass,LINKED
pkm-arceus-8-99-645f102486,Arceus,Salamence,8/99,88899,Salamence,LINKED
pkm-arceus-9-99-360bf64105,Arceus,Swalot,9/99,89674,Swalot,LINKED
pkm-arceus-10-99-59b6bd25e0,Arceus,Tangrowth,10/99,89753,Tangrowth,LINKED
pkm-arceus-11-99-aa4eb7641e,Arceus,Toxicroak,11/99,90009,Toxicroak,LINKED
pkm-arceus-12-99-c2f4f9d32b,Arceus,Zapdos G,12/99,90726,Zapdos G,LINKED
pkm-arceus-13-99-9f3e574d82,Arceus,Aerodactyl,13/99,83470,Aerodactyl,LINKED
pkm-arceus-14-99-4fb452fdf9,Arceus,Bronzong,14/99,83995,Bronzong (14),LINKED
pkm-arceus-15-99-34ce3e8663,Arceus,Cherrim,15/99,84255,Cherrim,LINKED
pkm-arceus-16-99-cb2beee53b,Arceus,Gengar,16/99,85677,Gengar (16),LINKED
pkm-arceus-17-99-698036469e,Arceus,Gengar,17/99,85678,Gengar (17),LINKED
pkm-arceus-18-99-a1082e6495,Arceus,Glalie,18/99,85756,Glalie,LINKED
pkm-arceus-19-99-3a94975142,Arceus,Golem,19/99,85829,Golem,LINKED
pkm-arceus-20-99-6d4ac819b7,Arceus,Hariyama,20/99,86015,Hariyama,LINKED
pkm-arceus-21-99-1cf530911c,Arceus,Lopunny,21/99,86827,Lopunny,LINKED
pkm-arceus-22-99-dac841024b,Arceus,Manectric,22/99,87163,Manectric (22),LINKED
pkm-arceus-23-99-c0ad6c7dd1,Arceus,Omastar,23/99,87871,Omastar,LINKED
pkm-arceus-24-99-119660aa77,Arceus,Pelipper,24/99,87978,Pelipper (24),LINKED
pkm-arceus-25-99-71b6f609a4,Arceus,Pichu,25/99,88021,Pichu,LINKED
pkm-arceus-26-99-c49a83de3b,Arceus,Porygon-Z G,26/99,88320,Porygon-Z G,LINKED
pkm-arceus-27-99-91c6a47fb5,Arceus,Raichu,27/99,88516,Raichu,LINKED
pkm-arceus-28-99-ead7dc8f21,Arceus,Rapidash,28/99,88585,Rapidash (28),LINKED
pkm-arceus-29-99-950a0e8d6c,Arceus,Raticate,29/99,88605,Raticate,LINKED
pkm-arceus-30-99-d8995480a4,Arceus,Sceptile,30/99,88951,Sceptile (30),LINKED
pkm-arceus-31-99-449e4f853e,Arceus,Sceptile,31/99,88952,Sceptile (31),LINKED
pkm-arceus-32-99-39604b5430,Arceus,Spiritomb,32/99,89466,Spiritomb,LINKED
pkm-arceus-33-99-b42b8a2e66,Arceus,Bronzong,33/99,83996,Bronzong (33),LINKED
pkm-arceus-34-99-0f7581c81b,Arceus,Bronzor,34/99,84004,Bronzor (34),LINKED
pkm-arceus-35-99-50a76214b2,Arceus,Charmeleon,35/99,84233,Charmeleon,LINKED
pkm-arceus-36-99-567f43d0de,Arceus,Gastly,36/99,85654,Gastly (36),LINKED
pkm-arceus-37-99-bcdd67c09d,Arceus,Graveler,37/99,85894,Graveler,LINKED
pkm-arceus-38-99-6d9032e140,Arceus,Grovyle,38/99,85943,Grovyle (38),LINKED
pkm-arceus-39-99-2102678b04,Arceus,Grovyle,39/99,85944,Grovyle (39),LINKED
pkm-arceus-40-99-55a7825437,Arceus,Gulpin,40/99,85978,Gulpin (40),LINKED
pkm-arceus-41-99-7f44145206,Arceus,Haunter,41/99,86029,Haunter (41),LINKED
pkm-arceus-42-99-f3eeed4764,Arceus,Haunter,42/99,86030,Haunter (42),LINKED
pkm-arceus-43-99-be8ef5e571,Arceus,Luxio,43/99,86942,Luxio,LINKED
pkm-arceus-44-99-f1f33c9b1c,Arceus,Manectric,44/99,87164,Manectric (44),LINKED
pkm-arceus-45-99-5c69251b6d,Arceus,Pelipper,45/99,87979,Pelipper (45),LINKED
pkm-arceus-46-99-a995d5243b,Arceus,Ponyta,46/99,88289,Ponyta (46),LINKED
pkm-arceus-47-99-f71e75e1c5,Arceus,Rapidash,47/99,88586,Rapidash (47),LINKED
pkm-arceus-48-99-f7409cd520,Arceus,Shelgon,48/99,89129,Shelgon,LINKED
pkm-arceus-49-99-f80ad525bd,Arceus,Wormadam Plant Cloak,49/99,90641,Wormadam Plant Cloak,LINKED
pkm-arceus-50-99-2cec96af52,Arceus,Wormadam Sandy Cloak,50/99,90644,Wormadam Sandy Cloak,LINKED
pkm-arceus-51-99-55258fa88c,Arceus,Wormadam Trash Cloak,51/99,90646,Wormadam Trash Cloak,LINKED
pkm-arceus-52-99-b765861636,Arceus,Bagon,52/99,83699,Bagon,LINKED
pkm-arceus-53-99-1abd70539c,Arceus,Beedrill G,53/99,83776,Beedrill G,LINKED
pkm-arceus-54-99-76eeb89214,Arceus,Bronzor,54/99,84005,Bronzor (54),LINKED
pkm-arceus-55-99-29dc614eb7,Arceus,Buneary,55/99,84044,Buneary,LINKED
pkm-arceus-56-99-92b11d51f6,Arceus,Burmy Plant Cloak,56/99,84051,Burmy Plant Cloak,LINKED
pkm-arceus-57-99-3ea4b95ed9,Arceus,Burmy Sandy Cloak,57/99,84055,Burmy Sandy Cloak,LINKED
pkm-arceus-58-99-15e0db5476,Arceus,Burmy Trash Cloak,58/99,84057,Burmy Trash Cloak,LINKED
pkm-arceus-59-99-307258fe7f,Arceus,Charmander,59/99,84217,Charmander,LINKED
pkm-arceus-60-99-4ddd759e92,Arceus,Cherubi,60/99,84263,Cherubi,LINKED
pkm-arceus-61-99-4a547f9b77,Arceus,Croagunk,61/99,84478,Croagunk,LINKED
pkm-arceus-62-99-b9ee3e76e5,Arceus,Electrike,62/99,85142,Electrike (62),LINKED
pkm-arceus-63-99-f9e9713720,Arceus,Electrike,63/99,85143,Electrike (63),LINKED
pkm-arceus-64-99-29bd3de4d0,Arceus,Gastly,64/99,85655,Gastly (64),LINKED
pkm-arceus-65-99-2e6a938962,Arceus,Geodude,65/99,85693,Geodude,LINKED
pkm-arceus-66-99-6ae20ac040,Arceus,Gulpin,66/99,85979,Gulpin (66),LINKED
pkm-arceus-67-99-4d97fbaf64,Arceus,Kabuto,67/99,86387,Kabuto,LINKED
pkm-arceus-68-99-2b0d627a3b,Arceus,Makuhita,68/99,87132,Makuhita,LINKED
pkm-arceus-69-99-bc57e8aa56,Arceus,Nosepass,69/99,87803,Nosepass,LINKED
pkm-arceus-70-99-dfc41a8a96,Arceus,Omanyte,70/99,87861,Omanyte,LINKED
pkm-arceus-71-99-b7b66d9e65,Arceus,Pikachu,71/99,88094,Pikachu,LINKED
pkm-arceus-72-99-23f1d198cc,Arceus,Ponyta,72/99,88290,Ponyta (72),LINKED
pkm-arceus-73-99-5e91788785,Arceus,Rattata,73/99,88619,Rattata,LINKED
pkm-arceus-74-99-aedec232e4,Arceus,Shinx,74/99,89177,Shinx,LINKED
pkm-arceus-75-99-b52b29fd17,Arceus,Snorunt,75/99,89403,Snorunt,LINKED
pkm-arceus-76-99-c9915830d6,Arceus,Tangela,76/99,89746,Tangela (76),LINKED
pkm-arceus-77-99-39a7391531,Arceus,Tangela,77/99,89747,Tangela (77),LINKED
pkm-arceus-78-99-0f4c5b0dcc,Arceus,Treecko,78/99,90041,Treecko (78),LINKED
pkm-arceus-79-99-f7f947d539,Arceus,Treecko,79/99,90042,Treecko (79),LINKED
pkm-arceus-80-99-0c8d337c54,Arceus,Wingull,80/99,90610,Wingull (80),LINKED
pkm-arceus-81-99-2876cc0ef7,Arceus,Wingull,81/99,90611,Wingull (81),LINKED
pkm-arceus-82-99-4e1887f30e,Arceus,Beginning Door,82/99,83777,Beginning Door,LINKED
pkm-arceus-83-99-3471998bd9,Arceus,Bench Shield,83/99,83811,Bench Shield,LINKED
pkm-arceus-84-99-7bef2f3ab0,Arceus,Buffer Piece,84/99,84014,Buffer Piece,LINKED
pkm-arceus-85-99-73e673356b,Arceus,Department Store Girl,85/99,84780,Department Store Girl,LINKED
pkm-arceus-86-99-d3d83b0c29,Arceus,Energy Restore,86/99,85229,Energy Restore,LINKED
pkm-arceus-87-99-b81c431764,Arceus,Expert Belt,87/99,85369,Expert Belt,LINKED
pkm-arceus-88-99-b6fdccd2da,Arceus,Lucky Egg,88/99,86892,Lucky Egg,LINKED
pkm-arceus-89-99-411ffdbeee,Arceus,Old Amber,89/99,87849,Old Amber,LINKED
pkm-arceus-90-99-9796e1a685,Arceus,Professor Oak's Visit,90/99,88406,Professor Oak's Visit,LINKED
pkm-arceus-91-99-443df9ec28,Arceus,Ultimate Zone,91/99,90133,Ultimate Zone,LINKED
pkm-arceus-92-99-7177cd3e08,Arceus,Dome Fossil,92/99,84869,Dome Fossil,LINKED
pkm-arceus-93-99-ab3a2f922c,Arceus,Helix Fossil,93/99,86058,Helix Fossil,LINKED
pkm-arceus-94-99-d85b77fbe9,Arceus,Arceus LV.X,94/99,83602,Arceus Lv.X (94),LINKED
pkm-arceus-95-99-cf61166348,Arceus,Arceus LV.X,95/99,83603,Arceus Lv.X (95),LINKED
pkm-arceus-96-99-4bf93e521d,Arceus,Arceus LV.X,96/99,83604,Arceus Lv.X (96),LINKED
pkm-arceus-97-99-c0a9988d32,Arceus,Gengar LV.X,97/99,85682,Gengar Lv.X,LINKED
pkm-arceus-98-99-036933c122,Arceus,Salamence LV.X,98/99,88906,Salamence Lv.X,LINKED
pkm-arceus-99-99-da2d178bcc,Arceus,Tangrowth LV.X,99/99,89757,Tangrowth Lv.X,LINKED
pkm-platinum-1-127-7db0f51acc,Platinum,Ampharos,1/127,83543,Ampharos,LINKED
pkm-platinum-2-127-4940b80de7,Platinum,Blastoise,2/127,83894,Blastoise,LINKED
pkm-platinum-3-127-a0d2a66e60,Platinum,Blaziken,3/127,83910,Blaziken,LINKED
pkm-platinum-4-127-fb899da1f4,Platinum,Delcatty,4/127,84741,Delcatty,LINKED
pkm-platinum-5-127-a7222e3761,Platinum,Dialga,5/127,84804,Dialga (5),LINKED
pkm-platinum-6-127-f9fef031bc,Platinum,Dialga,6/127,84803,Dialga (6),LINKED
pkm-platinum-7-127-cd84200e30,Platinum,Dialga G,7/127,84810,Dialga G,LINKED
pkm-platinum-8-127-8a97613327,Platinum,Gardevoir,8/127,85636,Gardevoir,LINKED
pkm-platinum-11-127-7b95c1107e,Platinum,Manectric,11/127,87162,Manectric,LINKED
pkm-platinum-12-127-2056de732e,Platinum,Palkia G,12/127,87917,Palkia G,LINKED
pkm-platinum-13-127-0a54e7b3de,Platinum,Rampardos,13/127,88571,Rampardos,LINKED
pkm-platinum-14-127-ea6d6d98cf,Platinum,Shaymin,14/127,89108,Shaymin (14),LINKED
pkm-platinum-15-127-8b952b9927,Platinum,Shaymin,15/127,89107,Shaymin (15),LINKED
pkm-platinum-16-127-5bc0f6c741,Platinum,Slaking,16/127,89292,Slaking,LINKED
pkm-platinum-17-127-cd823663da,Platinum,Weavile G,17/127,90536,Weavile G,LINKED
pkm-platinum-18-127-dd6d8f6ed5,Platinum,Altaria,18/127,83517,Altaria,LINKED
pkm-platinum-19-127-caeea43afe,Platinum,Banette,19/127,83723,Banette,LINKED
pkm-platinum-20-127-56f19f913e,Platinum,Bastiodon,20/127,83736,Bastiodon,LINKED
pkm-platinum-21-127-63580423e1,Platinum,Beautifly,21/127,83759,Beautifly,LINKED
pkm-platinum-22-127-c08285ba1f,Platinum,Blissey,22/127,83922,Blissey,LINKED
pkm-platinum-23-127-679430479a,Platinum,Dialga,23/127,84802,Dialga (23),LINKED
pkm-platinum-24-127-ce8f8e61c2,Platinum,Dugtrio,24/127,85003,Dugtrio,LINKED
pkm-platinum-25-127-bc18347e23,Platinum,Dustox,25/127,85058,Dustox,LINKED
pkm-platinum-26-127-c36a2670c0,Platinum,Empoleon,26/127,85200,Empoleon,LINKED
pkm-platinum-29-127-e4a4cb9347,Platinum,Golduck,29/127,85816,Golduck,LINKED
pkm-platinum-30-127-282e71d470,Platinum,Gyarados G,30/127,86005,Gyarados G,LINKED
pkm-platinum-31-127-e91a727d61,Platinum,Infernape,31/127,86277,Infernape,LINKED
pkm-platinum-32-127-d01abaa7b6,Platinum,Kricketune,32/127,86533,Kricketune,LINKED
pkm-platinum-33-127-02e02639cb,Platinum,Lickilicky,33/127,86713,Lickilicky,LINKED
pkm-platinum-34-127-4ae36b8746,Platinum,Ludicolo,34/127,86900,Ludicolo,LINKED
pkm-platinum-35-127-6920f46c96,Platinum,Luvdisc,35/127,86937,Luvdisc,LINKED
pkm-platinum-36-127-41cb991f9b,Platinum,Ninetales,36/127,87773,Ninetales,LINKED
pkm-platinum-37-127-fda464f5fb,Platinum,Palkia,37/127,87910,Palkia,LINKED
pkm-platinum-38-127-f4bf6c978b,Platinum,Shaymin,38/127,89106,Shaymin (38),LINKED
pkm-platinum-39-127-19245a1d6c,Platinum,Torterra,39/127,89986,Torterra,LINKED
pkm-platinum-40-127-3775abe089,Platinum,Toxicroak G,40/127,90012,Toxicroak G,LINKED
pkm-platinum-41-127-7613eba4c8,Platinum,Bronzong G,41/127,84000,Bronzong G,LINKED
pkm-platinum-42-127-a000c16646,Platinum,Cacturne,42/127,84081,Cacturne,LINKED
pkm-platinum-43-127-ac863a7d05,Platinum,Carnivine,43/127,84102,Carnivine (43),LINKED
pkm-platinum-44-127-41b12036f3,Platinum,Cascoon,44/127,84122,Cascoon,LINKED
pkm-platinum-45-127-0ee9921cf2,Platinum,Combusken,45/127,84412,Combusken,LINKED
pkm-platinum-46-127-e6492d7755,Platinum,Cranidos,46/127,84460,Cranidos,LINKED
pkm-platinum-47-127-8bcc08decc,Platinum,Crobat G,47/127,84494,Crobat G,LINKED
pkm-platinum-48-127-56a78bc1b0,Platinum,Flaaffy,48/127,85481,Flaaffy,LINKED
pkm-platinum-49-127-794b55054d,Platinum,Grotle,49/127,85918,Grotle,LINKED
pkm-platinum-50-127-eb1882fb47,Platinum,Houndoom G,50/127,86215,Houndoom G,LINKED
pkm-platinum-51-127-1bb2ade2a4,Platinum,Kirlia,51/127,86468,Kirlia,LINKED
pkm-platinum-52-127-1b284c42b7,Platinum,Lombre,52/127,86820,Lombre,LINKED
pkm-platinum-53-127-9c54395fb6,Platinum,Lucario,53/127,86878,Lucario,LINKED
pkm-platinum-54-127-bbc820ded1,Platinum,Mightyena,54/127,87448,Mightyena,LINKED
pkm-platinum-55-127-d446f13b2f,Platinum,Mismagius,55/127,87516,Mismagius,LINKED
pkm-platinum-56-127-8f4912db15,Platinum,Monferno,56/127,87572,Monferno,LINKED
pkm-platinum-57-127-17c2f3b62e,Platinum,Muk,57/127,87624,Muk,LINKED
pkm-platinum-58-127-fcf5484c09,Platinum,Octillery,58/127,87833,Octillery,LINKED
pkm-platinum-59-127-106b1be487,Platinum,Prinplup,59/127,88371,Prinplup,LINKED
pkm-platinum-60-127-c4b5590493,Platinum,Probopass,60/127,88377,Probopass,LINKED
pkm-platinum-61-127-a62901b5ba,Platinum,Seviper,61/127,89087,Seviper,LINKED
pkm-platinum-62-127-17770f1542,Platinum,Shieldon,62/127,89151,Shieldon,LINKED
pkm-platinum-63-127-28cd637e86,Platinum,Silcoon,63/127,89213,Silcoon,LINKED
pkm-platinum-64-127-f05482ef35,Platinum,Vigoroth,64/127,90371,Vigoroth,LINKED
pkm-platinum-65-127-84b977dd52,Platinum,Wartortle,65/127,90490,Wartortle,LINKED
pkm-platinum-66-127-e8ba1fcef0,Platinum,Zangoose,66/127,90707,Zangoose,LINKED
pkm-platinum-67-127-f11ac1ad04,Platinum,Cacnea,67/127,84076,Cacnea,LINKED
pkm-platinum-68-127-beca5a1cc3,Platinum,Carnivine,68/127,84101,Carnivine (68),LINKED
pkm-platinum-69-127-45dcbd8897,Platinum,Chansey,69/127,84176,Chansey,LINKED
pkm-platinum-70-127-7bf7f5958e,Platinum,Chimchar,70/127,84288,Chimchar,LINKED
pkm-platinum-71-127-a5ef4fdc33,Platinum,Combee,71/127,84395,Combee,LINKED
pkm-platinum-72-127-a0cad0f154,Platinum,Diglett,72/127,84824,Diglett,LINKED
pkm-platinum-73-127-69bc9157ee,Platinum,Dunsparce,73/127,85011,Dunsparce,LINKED
pkm-platinum-74-127-2013092085,Platinum,Electrike,74/127,85141,Electrike,LINKED
pkm-platinum-75-127-b173913708,Platinum,Grimer,75/127,85912,Grimer,LINKED
pkm-platinum-76-127-da2951b390,Platinum,Happiny,76/127,86008,Happiny,LINKED
pkm-platinum-77-127-c002f34306,Platinum,Honchkrow G,77/127,86164,Honchkrow G,LINKED
pkm-platinum-78-127-ded999ca11,Platinum,Kricketot,78/127,86528,Kricketot,LINKED
pkm-platinum-79-127-b0eadd4198,Platinum,Lapras,79/127,86619,Lapras,LINKED
pkm-platinum-80-127-f4b7896b0f,Platinum,Lickitung,80/127,86722,Lickitung,LINKED
pkm-platinum-81-127-c9148d35fe,Platinum,Lotad,81/127,86837,Lotad,LINKED
pkm-platinum-82-127-4db3cae928,Platinum,Mareep,82/127,87203,Mareep,LINKED
pkm-platinum-83-127-0648b7bc00,Platinum,Misdreavus,83/127,87509,Misdreavus,LINKED
pkm-platinum-84-127-9b4081e08f,Platinum,Nosepass,84/127,87802,Nosepass,LINKED
pkm-platinum-85-127-2e54d37685,Platinum,Piplup,85/127,88149,Piplup,LINKED
pkm-platinum-86-127-0210e189cd,Platinum,Poochyena,86/127,88301,Poochyena,LINKED
pkm-platinum-87-127-506aa5abde,Platinum,Psyduck,87/127,88439,Psyduck,LINKED
pkm-platinum-88-127-176363fe55,Platinum,Purugly G,88/127,88466,Purugly G,LINKED
pkm-platinum-89-127-a7e61a772f,Platinum,Ralts,89/127,88563,Ralts,LINKED
pkm-platinum-90-127-304e82992c,Platinum,Remoraid,90/127,88698,Remoraid,LINKED
pkm-platinum-91-127-761a0fec3b,Platinum,Riolu,91/127,88756,Riolu,LINKED
pkm-platinum-92-127-4a1e405e67,Platinum,Shuppet,92/127,89201,Shuppet,LINKED
pkm-platinum-93-127-968cd30bc4,Platinum,Skitty,93/127,89268,Skitty,LINKED
pkm-platinum-94-127-2a0c7ceea0,Platinum,Skuntank G,94/127,89284,Skuntank G,LINKED
pkm-platinum-95-127-ad2fdebd29,Platinum,Slakoth,95/127,89299,Slakoth,LINKED
pkm-platinum-96-127-985e63fd21,Platinum,Squirtle,96/127,89495,Squirtle,LINKED
pkm-platinum-97-127-f3278eef83,Platinum,Swablu,97/127,89658,Swablu,LINKED
pkm-platinum-98-127-41c75c75b3,Platinum,Tauros,98/127,89765,Tauros,LINKED
pkm-platinum-99-127-c5e2b30e1d,Platinum,Torchic,99/127,89961,Torchic,LINKED
pkm-platinum-100-127-0e30110c75,Platinum,Torkoal,100/127,89971,Torkoal,LINKED
pkm-platinum-101-127-c30ee65526,Platinum,Turtwig,101/127,90077,Turtwig,LINKED
pkm-platinum-102-127-4ef101bf76,Platinum,Vulpix,102/127,90442,Vulpix,LINKED
pkm-platinum-103-127-b676f6915e,Platinum,Wurmple,103/127,90652,Wurmple,LINKED
pkm-platinum-104-127-200154b5ad,Platinum,Broken Time-Space,104/127,83991,Broken Time-Space,LINKED
pkm-platinum-105-127-39aecb7f33,Platinum,Cyrus's Conspiracy,105/127,84557,Cyrus's Conspiracy,LINKED
pkm-platinum-106-127-5894b2a57d,Platinum,Galactic HQ,106/127,85603,Galactic HQ,LINKED
pkm-platinum-107-127-327517c67d,Platinum,Level Max,107/127,86711,Level Max,LINKED
pkm-platinum-108-127-3c32943eec,Platinum,Life Herb,108/127,86732,Life Herb,LINKED
pkm-platinum-109-127-dd192ece4a,Platinum,Looker's Investigation,109/127,86822,Looker's Investigation,LINKED
pkm-platinum-110-127-c72983f7bf,Platinum,Memory Berry,110/127,87306,Memory Berry,LINKED
pkm-platinum-111-127-4273794718,Platinum,Miasma Valley,111/127,87435,Miasma Valley,LINKED
pkm-platinum-112-127-d24d920209,Platinum,PlusPower,112/127,88178,PlusPower,LINKED
pkm-platinum-113-127-20ebff4808,Platinum,Poké Ball,113/127,88188,Poke Ball,SKIP_NAME_MISMATCH
pkm-platinum-114-127-4f28f4d175,Platinum,Pokédex HANDY910is,114/127,88203,Pokedex HANDY910is,SKIP_NAME_MISMATCH
pkm-platinum-115-127-8a48e27256,Platinum,Pokémon Rescue,115/127,88233,Pokemon Rescue,SKIP_NAME_MISMATCH
pkm-platinum-116-127-81dfea460a,Platinum,Team Galactic's Invention G-101 Energy Gain,116/127,89805,Team Galactic's Invention G-101 Energy Gain,LINKED
pkm-platinum-117-127-a8cbbc6ad6,Platinum,Team Galactic's Invention G-103 Power Spray,117/127,89806,Team Galactic's Invention G-103 Power Spray,LINKED
pkm-platinum-118-127-ac474d0c55,Platinum,Team Galactic's Invention G-105 Poké Turn,118/127,89807,Team Galactic's Invention G-105 Poke Turn,SKIP_NAME_MISMATCH
pkm-platinum-119-127-e837d7c513,Platinum,Armor Fossil,119/127,83626,Armor Fossil,LINKED
pkm-platinum-120-127-c8c9ebaafa,Platinum,Skull Fossil,120/127,89278,Skull Fossil,LINKED
pkm-platinum-121-127-d32d88f53e,Platinum,Rainbow Energy,121/127,88547,Rainbow Energy,LINKED
pkm-platinum-122-127-b7ca66a63e,Platinum,Dialga G LV.X,122/127,84811,Dialga G LV.X,LINKED
pkm-platinum-123-127-4cdd9ce327,Platinum,Drapion LV.X,123/127,84926,Drapion LV.X,LINKED
pkm-platinum-125-127-0d56716aac,Platinum,Palkia G LV.X,125/127,87918,Palkia G Lv.X,LINKED
pkm-platinum-126-127-50dfd263a9,Platinum,Shaymin LV.X,126/127,89114,Shaymin Lv.X (Land Forme),LINKED
pkm-platinum-127-127-fd5e5d8c50,Platinum,Shaymin LV.X,127/127,89115,Shaymin Lv.X (Sky Forme),LINKED
pkm-platinum-128-127-07658c5641,Platinum,Electabuzz,128/127,85116,Electabuzz,LINKED
pkm-platinum-129-127-7f731ad9c2,Platinum,Hitmonchan,129/127,86094,Hitmonchan,LINKED
pkm-platinum-130-127-b50ffd0160,Platinum,Scyther,130/127,89002,Scyther,LINKED
pkm-rising-rivals-1-111-7969aaf098,Rising Rivals,Arcanine,1/111,83585,Arcanine,LINKED
pkm-rising-rivals-2-111-dd25dbef32,Rising Rivals,Bastiodon GL,2/111,83738,Bastiodon GL,LINKED
pkm-rising-rivals-3-111-2dddb11acc,Rising Rivals,Darkrai G,3/111,84710,Darkrai G,LINKED
pkm-rising-rivals-4-111-55a3bce23e,Rising Rivals,Floatzel GL,4/111,85517,Floatzel GL,LINKED
pkm-rising-rivals-5-111-3dba1625a7,Rising Rivals,Flygon,5/111,85526,Flygon,LINKED
pkm-rising-rivals-6-111-3d72806dc3,Rising Rivals,Froslass GL,6/111,85575,Froslass GL,LINKED
pkm-rising-rivals-7-111-4d423e8c82,Rising Rivals,Jirachi,7/111,86329,Jirachi,LINKED
pkm-rising-rivals-8-111-3cad709092,Rising Rivals,Lucario GL,8/111,86888,Lucario GL,LINKED
pkm-rising-rivals-9-111-91c8279fa9,Rising Rivals,Luxray GL,9/111,86951,Luxray GL,LINKED
pkm-rising-rivals-10-111-2b1b8d8483,Rising Rivals,Mismagius GL,10/111,87521,Mismagius GL,LINKED
pkm-rising-rivals-11-111-d57fa64fb6,Rising Rivals,Rampardos GL,11/111,88572,Rampardos GL,LINKED
pkm-rising-rivals-12-111-322a942f19,Rising Rivals,Roserade GL,12/111,88834,Roserade GL,LINKED
pkm-rising-rivals-13-111-7d5a61c511,Rising Rivals,Shiftry,13/111,89158,Shiftry,LINKED
pkm-rising-rivals-14-111-da8dd38274,Rising Rivals,Aggron,14/111,83479,Aggron,LINKED
pkm-rising-rivals-15-111-d5017dd3c1,Rising Rivals,Beedrill,15/111,83771,Beedrill,LINKED
pkm-rising-rivals-16-111-e8120ad9e9,Rising Rivals,Bronzong E4,16/111,83999,Bronzong E4,LINKED
pkm-rising-rivals-17-111-e7beab8231,Rising Rivals,Drapion E4,17/111,84925,Drapion E4,LINKED
pkm-rising-rivals-18-111-7efdeaba8d,Rising Rivals,Espeon E4,18/111,85330,Espeon E4,LINKED
pkm-rising-rivals-19-111-9a9caa2916,Rising Rivals,Flareon,19/111,85497,Flareon,LINKED
pkm-rising-rivals-20-111-6995f58a86,Rising Rivals,Gallade E4,20/111,85608,Gallade E4,LINKED
pkm-rising-rivals-21-111-ac3c614cef,Rising Rivals,Gastrodon East Sea,21/111,85658,Gastrodon East Sea,LINKED
pkm-rising-rivals-22-111-5abcc36bd1,Rising Rivals,Gastrodon West Sea,22/111,85660,Gastrodon West Sea,LINKED
pkm-rising-rivals-23-111-edb527e4ba,Rising Rivals,Golem E4,23/111,85830,Golem E4,LINKED
pkm-rising-rivals-24-111-19bebfab97,Rising Rivals,Heracross E4,24/111,86068,Heracross E4,LINKED
pkm-rising-rivals-25-111-eb5d290ff6,Rising Rivals,Hippowdon,25/111,86085,Hippowdon,LINKED
pkm-rising-rivals-26-111-15e97d543d,Rising Rivals,Jolteon,26/111,86344,Jolteon,LINKED
pkm-rising-rivals-27-111-0f71defd96,Rising Rivals,Mamoswine GL,27/111,87142,Mamoswine GL,LINKED
pkm-rising-rivals-28-111-21a777613b,Rising Rivals,Mr. Mime E4,28/111,87597,Mr. Mime E4,LINKED
pkm-rising-rivals-29-111-fb1903f632,Rising Rivals,Nidoking,29/111,87698,Nidoking,LINKED
pkm-rising-rivals-30-111-8ad6928860,Rising Rivals,Nidoqueen,30/111,87709,Nidoqueen,LINKED
pkm-rising-rivals-31-111-f496c6127d,Rising Rivals,Raichu GL,31/111,88527,Raichu GL,LINKED
pkm-rising-rivals-32-111-9ccce2983b,Rising Rivals,Rhyperior E4,32/111,88748,Rhyperior E4,LINKED
pkm-rising-rivals-33-111-58205b00a9,Rising Rivals,Snorlax,33/111,89390,Snorlax (33),LINKED
pkm-rising-rivals-34-111-94e8076b9c,Rising Rivals,Vaporeon,34/111,90285,Vaporeon,LINKED
pkm-rising-rivals-35-111-c658a5b7cf,Rising Rivals,Vespiquen E4,35/111,90331,Vespiquen E4,LINKED
pkm-rising-rivals-36-111-885d5a776e,Rising Rivals,Walrein,36/111,90468,Walrein,LINKED
pkm-rising-rivals-37-111-4e4f4e66a4,Rising Rivals,Yanmega E4,37/111,90696,Yanmega E4,LINKED
pkm-rising-rivals-38-111-1ded963d42,Rising Rivals,Alakazam E4,38/111,83503,Alakazam E4,LINKED
pkm-rising-rivals-39-111-b13c023f79,Rising Rivals,Electrode G,39/111,85166,Electrode G,LINKED
pkm-rising-rivals-40-111-20d00d2917,Rising Rivals,Gengar GL,40/111,85681,Gengar GL,LINKED
pkm-rising-rivals-41-111-f4b09504a5,Rising Rivals,Glaceon,41/111,85746,Glaceon,LINKED
pkm-rising-rivals-42-111-ba577da37f,Rising Rivals,Hippowdon E4,42/111,86087,Hippowdon E4,LINKED
pkm-rising-rivals-43-111-ee0b88ecab,Rising Rivals,Infernape E4,43/111,86279,Infernape E4,LINKED
pkm-rising-rivals-44-111-121bff19d9,Rising Rivals,Lairon,44/111,86581,Lairon,LINKED
pkm-rising-rivals-45-111-058917ce09,Rising Rivals,Leafeon,45/111,86679,Leafeon,LINKED
pkm-rising-rivals-46-111-f1c60bac6e,Rising Rivals,Machamp GL,46/111,86972,Machamp GL,LINKED
pkm-rising-rivals-47-111-9b69576aa2,Rising Rivals,Rapidash E4,47/111,88588,Rapidash E4,LINKED
pkm-rising-rivals-48-111-d5e3c49aec,Rising Rivals,Scizor E4,48/111,88966,Scizor E4,LINKED
pkm-rising-rivals-49-111-1c45c0a7df,Rising Rivals,Sharpedo,49/111,89100,Sharpedo,LINKED
pkm-rising-rivals-50-111-45f7d3a02b,Rising Rivals,Starmie,50/111,89535,Starmie,LINKED
pkm-rising-rivals-51-111-3040d4f13c,Rising Rivals,Steelix GL,51/111,89567,Steelix GL,LINKED
pkm-rising-rivals-52-111-414b9dc95a,Rising Rivals,Tropius,52/111,90060,Tropius,LINKED
pkm-rising-rivals-53-111-d1003bb156,Rising Rivals,Vibrava,53/111,90338,Vibrava,LINKED
pkm-rising-rivals-54-111-607c316e7d,Rising Rivals,Whiscash E4,54/111,90578,Whiscash E4,LINKED
pkm-rising-rivals-55-111-b02a90c7bb,Rising Rivals,Aerodactyl GL,55/111,83474,Aerodactyl GL,LINKED
pkm-rising-rivals-56-111-0b8c9f75e1,Rising Rivals,Ambipom G,56/111,83530,Ambipom G,LINKED
pkm-rising-rivals-57-111-362a754689,Rising Rivals,Aron,57/111,83637,Aron,LINKED
pkm-rising-rivals-58-111-791867d3ae,Rising Rivals,Carvanha,58/111,84115,Carvanha,LINKED
pkm-rising-rivals-59-111-6479dc9a1a,Rising Rivals,Eevee,59/111,85086,Eevee,LINKED
pkm-rising-rivals-60-111-d26f78fe42,Rising Rivals,Flareon E4,60/111,85504,Flareon E4,LINKED
pkm-rising-rivals-61-111-a9f4e0aba6,Rising Rivals,Forretress G,61/111,85554,Forretress G,LINKED
pkm-rising-rivals-62-111-069f84dc32,Rising Rivals,Gliscor E4,62/111,85776,Gliscor E4,LINKED
pkm-rising-rivals-63-111-8585df64ba,Rising Rivals,Growlithe,63/111,85958,Growlithe,LINKED
pkm-rising-rivals-64-111-67cad8001d,Rising Rivals,Hippopotas,64/111,86080,Hippopotas,LINKED
pkm-rising-rivals-65-111-5551bc4905,Rising Rivals,Houndoom E4,65/111,86214,Houndoom E4,LINKED
pkm-rising-rivals-66-111-aea1365144,Rising Rivals,Kakuna,66/111,86414,Kakuna,LINKED
pkm-rising-rivals-67-111-896fac85d3,Rising Rivals,Kecleon,67/111,86431,Kecleon,LINKED
pkm-rising-rivals-68-111-08bde8f71d,Rising Rivals,Koffing,68/111,86497,Koffing,LINKED
pkm-rising-rivals-69-111-f01e9c6cb2,Rising Rivals,Munchlax,69/111,87639,Munchlax (69),LINKED
pkm-rising-rivals-70-111-26aac64fa7,Rising Rivals,Munchlax,70/111,87640,Munchlax (70),LINKED
pkm-rising-rivals-71-111-57659821a0,Rising Rivals,Nidoran ♀,71/111,87719,Nidoran F,SKIP_NAME_MISMATCH
pkm-rising-rivals-72-111-30b253360b,Rising Rivals,Nidoran ♂,72/111,87728,Nidoran M,SKIP_NAME_MISMATCH
pkm-rising-rivals-73-111-20c8bfefbb,Rising Rivals,Nidorina,73/111,87737,Nidorina,LINKED
pkm-rising-rivals-74-111-67b1f1ec36,Rising Rivals,Nidorino,74/111,87746,Nidorino,LINKED
pkm-rising-rivals-75-111-b6d75ca862,Rising Rivals,Nuzleaf,75/111,87826,Nuzleaf,LINKED
pkm-rising-rivals-76-111-b2e4a3c21a,Rising Rivals,Quagsire GL,76/111,88476,Quagsire GL,LINKED
pkm-rising-rivals-77-111-1f73bff69e,Rising Rivals,Sealeo,77/111,89033,Sealeo,LINKED
pkm-rising-rivals-78-111-a62612e77e,Rising Rivals,Seedot,78/111,89044,Seedot,LINKED
pkm-rising-rivals-79-111-ca64fa1eba,Rising Rivals,Shellos East Sea,79/111,89143,Shellos East Sea,LINKED
pkm-rising-rivals-80-111-da86e3718c,Rising Rivals,Shellos West Sea,80/111,89145,Shellos West Sea,LINKED
pkm-rising-rivals-81-111-2e47bc02e8,Rising Rivals,Snorlax,81/111,89391,Snorlax (81),LINKED
pkm-rising-rivals-82-111-9539d88c84,Rising Rivals,Spheal,82/111,89449,Spheal,LINKED
pkm-rising-rivals-83-111-eef0c8ad76,Rising Rivals,Staryu,83/111,89551,Staryu,LINKED
pkm-rising-rivals-84-111-1aadc5f22a,Rising Rivals,Trapinch,84/111,90024,Trapinch,LINKED
pkm-rising-rivals-85-111-73bf18b7d7,Rising Rivals,Turtwig GL,85/111,90082,Turtwig GL,LINKED
pkm-rising-rivals-86-111-26337363c4,Rising Rivals,Weedle,86/111,90545,Weedle,LINKED
pkm-rising-rivals-87-111-2ea864b365,Rising Rivals,Weezing,87/111,90563,Weezing,LINKED
pkm-rising-rivals-89-111-f07f47f853,Rising Rivals,Bebe's Search,89/111,83763,Bebe's Search,LINKED
pkm-rising-rivals-90-111-9c755bc559,Rising Rivals,Bertha's Warmth,90/111,83813,Bertha's Warmth,LINKED
pkm-rising-rivals-91-111-0817b8057d,Rising Rivals,Flint's Willpower,91/111,85509,Flint's Willpower,LINKED
pkm-rising-rivals-92-111-0761db1e44,Rising Rivals,Lucian's Assignment,92/111,86891,Lucian's Assignment,LINKED
pkm-rising-rivals-93-111-6f2b058259,Rising Rivals,Pokémon Contest Hall,93/111,88224,Pokemon Contest Hall,SKIP_NAME_MISMATCH
pkm-rising-rivals-94-111-c4e4afa06d,Rising Rivals,Sunyshore City Gym,94/111,89625,Sunyshore City Gym,LINKED
pkm-rising-rivals-95-111-756cbecd10,Rising Rivals,Team Galactic's Invention G-107 Technical Machine G,95/111,89808,Team Galactic's Invention G-107 Technical Mach. G,SKIP_NAME_MISMATCH
pkm-rising-rivals-96-111-c4e6352b02,Rising Rivals,Team Galactic's Invention G-109 SP Radar,96/111,89809,Team Galactic's Invention G-109 SP Radar,LINKED
pkm-rising-rivals-97-111-0fdd32dff0,Rising Rivals,Underground Expedition,97/111,90156,Underground Expedition,LINKED
pkm-rising-rivals-98-111-3eca562996,Rising Rivals,Volkner's Philosophy,98/111,90406,Volkner's Philosophy,LINKED
pkm-rising-rivals-99-111-54211152b8,Rising Rivals,Darkness Energy,99/111,84692,Darkness Energy (Special),LINKED
pkm-rising-rivals-100-111-90b2a9adf6,Rising Rivals,Metal Energy,100/111,87365,Metal Energy (Special),LINKED
pkm-rising-rivals-101-111-13fbe3c70f,Rising Rivals,SP Energy,101/111,89433,SP Energy,LINKED
pkm-rising-rivals-102-111-f422c70b5d,Rising Rivals,Upper Energy,102/111,90248,Upper Energy,LINKED
pkm-rising-rivals-103-111-912dae92c1,Rising Rivals,Alakazam E4 LV.X,103/111,83504,Alakazam E4 Lv.X,LINKED
pkm-rising-rivals-104-111-3655c181b7,Rising Rivals,Floatzel GL LV.X,104/111,85518,Floatzel GL Lv.X,LINKED
pkm-rising-rivals-105-111-c947e71399,Rising Rivals,Flygon LV.X,105/111,85533,Flygon Lv.X,LINKED
pkm-rising-rivals-106-111-c904582242,Rising Rivals,Gallade E4 LV.X,106/111,85609,Gallade E4 Lv.X,LINKED
pkm-rising-rivals-107-111-5d1c492b5e,Rising Rivals,Hippowdon LV.X,107/111,86088,Hippowdon Lv.X,LINKED
pkm-rising-rivals-108-111-73cdd29b08,Rising Rivals,Infernape E4 LV.X,108/111,86280,Infernape E4 Lv.X,LINKED
pkm-rising-rivals-109-111-ff79361dcf,Rising Rivals,Luxray GL LV.X,109/111,86952,Luxray GL Lv.X,LINKED
pkm-rising-rivals-110-111-379a7b9bbc,Rising Rivals,Mismagius GL LV.X,110/111,87522,Mismagius GL Lv.X,LINKED
pkm-rising-rivals-111-111-80f980a716,Rising Rivals,Snorlax LV.X,111/111,89397,Snorlax Lv.X,LINKED
pkm-rising-rivals-112-111-19d92bd71c,Rising Rivals,Pikachu,112/111,88091,Pikachu,LINKED
pkm-rising-rivals-113-111-8a91b8d19e,Rising Rivals,Flying Pikachu,113/111,85535,Flying Pikachu,LINKED
pkm-rising-rivals-114-111-88057a3589,Rising Rivals,Surfing Pikachu,114/111,89644,Surfing Pikachu,LINKED
pkm-supreme-victors-1-147-18b5fe87a7,Supreme Victors,Absol G,1/147,83457,Absol G,LINKED
pkm-supreme-victors-2-147-7146c27c1e,Supreme Victors,Blaziken FB,2/147,83914,Blaziken FB,LINKED
pkm-supreme-victors-3-147-7b769a74ba,Supreme Victors,Drifblim FB,3/147,84952,Drifblim FB,LINKED
pkm-supreme-victors-4-147-168db2a373,Supreme Victors,Electivire FB,4/147,85125,Electivire FB,LINKED
pkm-supreme-victors-5-147-375a393347,Supreme Victors,Garchomp,5/147,85623,Garchomp,LINKED
pkm-supreme-victors-6-147-fe1950f490,Supreme Victors,Magmortar,6/147,87058,Magmortar,LINKED
pkm-supreme-victors-7-147-b7c565e008,Supreme Victors,Metagross,7/147,87339,Metagross,LINKED
pkm-supreme-victors-8-147-493b8d460b,Supreme Victors,Rayquaza C,8/147,88639,Rayquaza C,LINKED
pkm-supreme-victors-9-147-d54949dcb5,Supreme Victors,Regigigas FB,9/147,88668,Regigigas FB,LINKED
pkm-supreme-victors-10-147-95cd796e08,Supreme Victors,Rhyperior,10/147,88746,Rhyperior,LINKED
pkm-supreme-victors-11-147-745a1c1f71,Supreme Victors,Staraptor FB,11/147,89511,Staraptor FB,LINKED
pkm-supreme-victors-12-147-8c848243f4,Supreme Victors,Swampert,12/147,89681,Swampert,LINKED
pkm-supreme-victors-13-147-5708b37fe3,Supreme Victors,Venusaur,13/147,90321,Venusaur,LINKED
pkm-supreme-victors-14-147-1436265eeb,Supreme Victors,Yanmega,14/147,90692,Yanmega,LINKED
pkm-supreme-victors-15-147-fe90c77578,Supreme Victors,Arcanine G,15/147,83591,Arcanine G,LINKED
pkm-supreme-victors-16-147-53dffab2e6,Supreme Victors,Articuno,16/147,83650,Articuno (16),LINKED
pkm-supreme-victors-17-147-02f70ae14c,Supreme Victors,Butterfree FB,17/147,84068,Butterfree FB,LINKED
pkm-supreme-victors-18-147-e88d521e2c,Supreme Victors,Camerupt,18/147,84094,Camerupt,LINKED
pkm-supreme-victors-19-147-b2d2987c2c,Supreme Victors,Camerupt G,19/147,84097,Camerupt G,LINKED
pkm-supreme-victors-20-147-6cd97fe884,Supreme Victors,Charizard G,20/147,84200,Charizard G,LINKED
pkm-supreme-victors-21-147-4380439d49,Supreme Victors,Chimecho,21/147,84296,Chimecho,LINKED
pkm-supreme-victors-22-147-2d48d26360,Supreme Victors,Claydol,22/147,84338,Claydol,LINKED
pkm-supreme-victors-23-147-73dc492b5d,Supreme Victors,Crawdaunt G,23/147,84466,Crawdaunt G,LINKED
pkm-supreme-victors-24-147-1f8e777daf,Supreme Victors,Dewgong,24/147,84791,Dewgong,LINKED
pkm-supreme-victors-25-147-5d44afd50f,Supreme Victors,Dodrio,25/147,84853,Dodrio,LINKED
pkm-supreme-victors-26-147-e8a4ba2ed6,Supreme Victors,Dusknoir FB,26/147,85042,Dusknoir FB,LINKED
pkm-supreme-victors-27-147-44d02cb664,Supreme Victors,Empoleon FB,27/147,85205,Empoleon FB,LINKED
pkm-supreme-victors-28-147-8506639456,Supreme Victors,Exploud,28/147,85373,Exploud,LINKED
pkm-supreme-victors-29-147-bbec608475,Supreme Victors,Honchkrow,29/147,86160,Honchkrow,LINKED
pkm-supreme-victors-30-147-0389196809,Supreme Victors,Lickilicky C,30/147,86715,Lickilicky C,LINKED
pkm-supreme-victors-31-147-f734471800,Supreme Victors,Lucario C,31/147,86887,Lucario C,LINKED
pkm-supreme-victors-32-147-f8810774cb,Supreme Victors,Lunatone,32/147,86927,Lunatone,LINKED
pkm-supreme-victors-33-147-e25cc9fb6f,Supreme Victors,Mawile,33/147,87262,Mawile,LINKED
pkm-supreme-victors-34-147-6cebafeb53,Supreme Victors,Medicham,34/147,87276,Medicham,LINKED
pkm-supreme-victors-35-147-13ac68b709,Supreme Victors,Milotic C,35/147,87459,Milotic C,LINKED
pkm-supreme-victors-36-147-30923f7d7e,Supreme Victors,Moltres,36/147,87562,Moltres (36),LINKED
pkm-supreme-victors-37-147-c2afc0fd78,Supreme Victors,Mr. Mime,37/147,87593,Mr. Mime,LINKED
pkm-supreme-victors-38-147-7b03a7a8a1,Supreme Victors,Parasect,38/147,87959,Parasect,LINKED
pkm-supreme-victors-39-147-be7f31a468,Supreme Victors,Primeape,39/147,88364,Primeape,LINKED
pkm-supreme-victors-40-147-870caa925f,Supreme Victors,Roserade C,40/147,88833,Roserade C,LINKED
pkm-supreme-victors-41-147-55fa91f743,Supreme Victors,Sableye G,41/147,88859,Sableye G,LINKED
pkm-supreme-victors-42-147-0022220cf8,Supreme Victors,Sandslash,42/147,88933,Sandslash,LINKED
pkm-supreme-victors-43-147-c2a5d46508,Supreme Victors,Seaking,43/147,89028,Seaking,LINKED
pkm-supreme-victors-44-147-a8198d5906,Supreme Victors,Shedinja,44/147,89120,Shedinja,LINKED
pkm-supreme-victors-45-147-99cecd43e2,Supreme Victors,Solrock,45/147,89429,Solrock,LINKED
pkm-supreme-victors-46-147-1fc992dc23,Supreme Victors,Spinda,46/147,89463,Spinda,LINKED
pkm-supreme-victors-47-147-cc8799ba15,Supreme Victors,Wailord,47/147,90460,Wailord,LINKED
pkm-supreme-victors-48-147-5b78962817,Supreme Victors,Zapdos,48/147,90718,Zapdos (48),LINKED
pkm-supreme-victors-49-147-5ad2922586,Supreme Victors,Altaria C,49/147,83523,Altaria C,LINKED
pkm-supreme-victors-50-147-ae944d8b2f,Supreme Victors,Arcanine,50/147,83587,Arcanine,LINKED
pkm-supreme-victors-51-147-7c8391cc3c,Supreme Victors,Bibarel,51/147,83819,Bibarel,LINKED
pkm-supreme-victors-52-147-df7fe897fa,Supreme Victors,Breloom,52/147,83958,Breloom,LINKED
pkm-supreme-victors-53-147-0606625b5e,Supreme Victors,Carnivine,53/147,84103,Carnivine,LINKED
pkm-supreme-victors-54-147-aa53d4d966,Supreme Victors,Chatot G,54/147,84245,Chatot G,LINKED
pkm-supreme-victors-55-147-4b3f15f7a1,Supreme Victors,Cherrim,55/147,84254,Cherrim,LINKED
pkm-supreme-victors-56-147-fdb00efd7d,Supreme Victors,Dragonite FB,56/147,84920,Dragonite FB,LINKED
pkm-supreme-victors-57-147-5a1bf44730,Supreme Victors,Drifblim,57/147,84947,Drifblim,LINKED
pkm-supreme-victors-58-147-bf5718b253,Supreme Victors,Floatzel,58/147,85514,Floatzel,LINKED
pkm-supreme-victors-59-147-66e68e4085,Supreme Victors,Gabite,59/147,85599,Gabite,LINKED
pkm-supreme-victors-60-147-0375fa74b2,Supreme Victors,Garchomp C,60/147,85628,Garchomp C,LINKED
pkm-supreme-victors-61-147-c6feb300bb,Supreme Victors,Hippopotas,61/147,86081,Hippopotas,LINKED
pkm-supreme-victors-62-147-9d61418491,Supreme Victors,Ivysaur,62/147,86303,Ivysaur,LINKED
pkm-supreme-victors-63-147-dbb722c186,Supreme Victors,Lopunny,63/147,86826,Lopunny,LINKED
pkm-supreme-victors-64-147-8e80705b10,Supreme Victors,Loudred,64/147,86844,Loudred,LINKED
pkm-supreme-victors-65-147-284ab7a1e7,Supreme Victors,Magmar,65/147,87049,Magmar,LINKED
pkm-supreme-victors-66-147-6a993731e8,Supreme Victors,Manectric G,66/147,87168,Manectric G,LINKED
pkm-supreme-victors-67-147-2dfec64bfe,Supreme Victors,Marshtomp,67/147,87240,Marshtomp,LINKED
pkm-supreme-victors-68-147-07b36ec6f8,Supreme Victors,Masquerain,68/147,87249,Masquerain,LINKED
pkm-supreme-victors-69-147-563f14b53a,Supreme Victors,Metang,69/147,87380,Metang,LINKED
pkm-supreme-victors-70-147-cf40f3d0f8,Supreme Victors,Milotic,70/147,87455,Milotic,LINKED
pkm-supreme-victors-71-147-e1c852c898,Supreme Victors,Minun,71/147,87490,Minun,LINKED
pkm-supreme-victors-72-147-8f5d6b2c8a,Supreme Victors,Murkrow,72/147,87654,Murkrow,LINKED
pkm-supreme-victors-73-147-96c5ffa098,Supreme Victors,Ninjask,73/147,87787,Ninjask,LINKED
pkm-supreme-victors-74-147-db35ae6463,Supreme Victors,Numel,74/147,87815,Numel,LINKED
pkm-supreme-victors-75-147-2d02bd498e,Supreme Victors,Pinsir,75/147,88138,Pinsir,LINKED
pkm-supreme-victors-76-147-40460548fa,Supreme Victors,Plusle,76/147,88170,Plusle,LINKED
pkm-supreme-victors-77-147-016a079144,Supreme Victors,Raichu,77/147,88515,Raichu,LINKED
pkm-supreme-victors-78-147-e8414d3c1a,Supreme Victors,Raticate G,78/147,88609,Raticate G,LINKED
pkm-supreme-victors-79-147-d1845be2f4,Supreme Victors,Relicanth,79/147,88688,Relicanth,LINKED
pkm-supreme-victors-80-147-6a46d65efd,Supreme Victors,Rhydon,80/147,88735,Rhydon,LINKED
pkm-supreme-victors-81-147-0bc5265c7a,Supreme Victors,Roserade,81/147,88829,Roserade,LINKED
pkm-supreme-victors-82-147-e8766c776a,Supreme Victors,Rotom,82/147,88838,Rotom,LINKED
pkm-supreme-victors-83-147-f7128c37a4,Supreme Victors,Skarmory FB,83/147,89250,Skarmory FB,LINKED
pkm-supreme-victors-84-147-5d772a28e8,Supreme Victors,Spiritomb C,84/147,89469,Spiritomb C,LINKED
pkm-supreme-victors-85-147-bd505a2df1,Supreme Victors,Staravia,85/147,89517,Staravia,LINKED
pkm-supreme-victors-86-147-5cb2802935,Supreme Victors,Togekiss C,86/147,89926,Togekiss C,LINKED
pkm-supreme-victors-87-147-41615515dc,Supreme Victors,Wailmer,87/147,90454,Wailmer,LINKED
pkm-supreme-victors-88-147-8dc693033d,Supreme Victors,Yanma,88/147,90686,Yanma,LINKED
pkm-supreme-victors-89-147-09751a1f0a,Supreme Victors,Baltoy,89/147,83717,Baltoy,LINKED
pkm-supreme-victors-90-147-97f90a8f37,Supreme Victors,Beldum,90/147,83790,Beldum,LINKED
pkm-supreme-victors-91-147-63afb0a49f,Supreme Victors,Bidoof,91/147,83828,Bidoof,LINKED
pkm-supreme-victors-92-147-652bd676e4,Supreme Victors,Buizel,92/147,84021,Buizel,LINKED
pkm-supreme-victors-93-147-3f80f3061b,Supreme Victors,Bulbasaur,93/147,84035,Bulbasaur,LINKED
pkm-supreme-victors-94-147-de458116bd,Supreme Victors,Buneary,94/147,84043,Buneary,LINKED
pkm-supreme-victors-95-147-f3cd6d5534,Supreme Victors,Chatot,95/147,84242,Chatot,LINKED
pkm-supreme-victors-96-147-d40ab4c857,Supreme Victors,Cherubi,96/147,84262,Cherubi,LINKED
pkm-supreme-victors-97-147-f171ea8a05,Supreme Victors,Chimchar,97/147,84290,Chimchar,LINKED
pkm-supreme-victors-98-147-cbbc37149f,Supreme Victors,Chingling,98/147,84315,Chingling,LINKED
pkm-supreme-victors-99-147-5ca1bc96ac,Supreme Victors,Combee,99/147,84396,Combee,LINKED
pkm-supreme-victors-100-147-c7b5567bbc,Supreme Victors,Corphish,100/147,84436,Corphish,LINKED
pkm-supreme-victors-101-147-daff5db5bc,Supreme Victors,Croagunk,101/147,84477,Croagunk,LINKED
pkm-supreme-victors-102-147-b018ae6134,Supreme Victors,Doduo,102/147,84864,Doduo,LINKED
pkm-supreme-victors-103-147-bbb44a04d7,Supreme Victors,Drifloon,103/147,84959,Drifloon,LINKED
pkm-supreme-victors-104-147-79a462cfe1,Supreme Victors,Feebas,104/147,85405,Feebas,LINKED
pkm-supreme-victors-105-147-f6fd4eac61,Supreme Victors,Geodude,105/147,85692,Geodude,LINKED
pkm-supreme-victors-106-147-ee03102cbb,Supreme Victors,Gible,106/147,85701,Gible,LINKED
pkm-supreme-victors-107-147-d62774dd52,Supreme Victors,Goldeen,107/147,85809,Goldeen,LINKED
pkm-supreme-victors-108-147-502c3655e3,Supreme Victors,Growlithe,108/147,85959,Growlithe,LINKED
pkm-supreme-victors-109-147-b9ca36907e,Supreme Victors,Kricketot,109/147,86529,Kricketot,LINKED
pkm-supreme-victors-110-147-d1ed17445e,Supreme Victors,Magikarp,110/147,87031,Magikarp,LINKED
pkm-supreme-victors-111-147-e07730ae57,Supreme Victors,Magnemite,111/147,87084,Magnemite,LINKED
pkm-supreme-victors-112-147-34fb780996,Supreme Victors,Mankey,112/147,87175,Mankey,LINKED
pkm-supreme-victors-113-147-2a81adf399,Supreme Victors,Meditite,113/147,87285,Meditite,LINKED
pkm-supreme-victors-114-147-fa713b0753,Supreme Victors,Meowth,114/147,87321,Meowth,LINKED
pkm-supreme-victors-115-147-b777c67a25,Supreme Victors,Mime Jr.,115/147,87471,Mime Jr.,LINKED
pkm-supreme-victors-116-147-a92680c1c2,Supreme Victors,Mudkip,116/147,87615,Mudkip,LINKED
pkm-supreme-victors-117-147-3a76b903d0,Supreme Victors,Nincada,117/147,87761,Nincada,LINKED
pkm-supreme-victors-118-147-3ec9cf7399,Supreme Victors,Pachirisu,118/147,87903,Pachirisu,LINKED
pkm-supreme-victors-119-147-da4d74d01e,Supreme Victors,Paras,119/147,87952,Paras,LINKED
pkm-supreme-victors-120-147-77b1be7c73,Supreme Victors,Pikachu,120/147,88093,Pikachu,LINKED
pkm-supreme-victors-121-147-531ab6f62f,Supreme Victors,Piplup,121/147,88151,Piplup,LINKED
pkm-supreme-victors-122-147-51e39b748e,Supreme Victors,Rhyhorn,122/147,88743,Rhyhorn,LINKED
pkm-supreme-victors-123-147-44959d4c3d,Supreme Victors,Roselia,123/147,88822,Roselia,LINKED
pkm-supreme-victors-124-147-c8eda1b89e,Supreme Victors,Sandshrew,124/147,88925,Sandshrew,LINKED
pkm-supreme-victors-125-147-8b9be202de,Supreme Victors,Seel,125/147,89054,Seel,LINKED
pkm-supreme-victors-126-147-1ee3c5c60f,Supreme Victors,Shinx,126/147,89176,Shinx,LINKED
pkm-supreme-victors-127-147-235415402d,Supreme Victors,Shroomish,127/147,89186,Shroomish,LINKED
pkm-supreme-victors-128-147-0b56ba4081,Supreme Victors,Skorupi,128/147,89275,Skorupi,LINKED
pkm-supreme-victors-129-147-ad4fddf97f,Supreme Victors,Starly,129/147,89525,Starly,LINKED
pkm-supreme-victors-130-147-9bdbb5c071,Supreme Victors,Surskit,130/147,89651,Surskit,LINKED
pkm-supreme-victors-131-147-8ee0e48777,Supreme Victors,Turtwig,131/147,90079,Turtwig,LINKED
pkm-supreme-victors-132-147-fed1440ad5,Supreme Victors,Whismur,132/147,90584,Whismur,LINKED
pkm-supreme-victors-133-147-2caef50cee,Supreme Victors,Zubat,133/147,90775,Zubat,LINKED
pkm-supreme-victors-134-147-2f620686a1,Supreme Victors,Battle Tower,134/147,83742,Battle Tower,LINKED
pkm-supreme-victors-135-147-4a930a8fe0,Supreme Victors,Champion's Room,135/147,84161,Champion's Room,LINKED
pkm-supreme-victors-136-147-2903bb92d7,Supreme Victors,Cynthia's Guidance,136/147,84556,Cynthia's Guidance,LINKED
pkm-supreme-victors-137-147-3b9f8d1bec,Supreme Victors,Cyrus's Initiative,137/147,84558,Cyrus's Initiative,LINKED
pkm-supreme-victors-138-147-a11992aab4,Supreme Victors,Night Teleporter,138/147,87754,Night Teleporter,LINKED
pkm-supreme-victors-139-147-15154beb90,Supreme Victors,Palmer's Contribution,139/147,87921,Palmer's Contribution,LINKED
pkm-supreme-victors-140-147-d24cc58075,Supreme Victors,VS Seeker,140/147,90427,VS Seeker,LINKED
pkm-supreme-victors-141-147-82c1133242,Supreme Victors,Absol G LV.X,141/147,83458,Absol G Lv.X,LINKED
pkm-supreme-victors-142-147-41800358fb,Supreme Victors,Blaziken FB LV.X,142/147,83915,Blaziken FB Lv.X,LINKED
pkm-supreme-victors-143-147-d794034b6e,Supreme Victors,Charizard G LV.X,143/147,84201,Charizard G Lv.X,LINKED
pkm-supreme-victors-144-147-21eef5c811,Supreme Victors,Electivire FB LV.X,144/147,85126,Electivire FB Lv.X,LINKED
pkm-supreme-victors-145-147-82e746ae5c,Supreme Victors,Garchomp C LV.X,145/147,85629,Garchomp C Lv.X,LINKED
pkm-supreme-victors-146-147-d4b8d17b5c,Supreme Victors,Rayquaza C LV.X,146/147,88640,Rayquaza C Lv.X,LINKED
pkm-supreme-victors-147-147-97f9ee70ce,Supreme Victors,Staraptor FB LV.X,147/147,89512,Staraptor FB Lv.X,LINKED
pkm-supreme-victors-148-147-1d26a2fc98,Supreme Victors,Articuno,148/147,83651,Articuno (148),LINKED
pkm-supreme-victors-149-147-ddba5aa1ab,Supreme Victors,Moltres,149/147,87563,Moltres (149),LINKED
pkm-supreme-victors-150-147-8c6765daa7,Supreme Victors,Zapdos,150/147,90719,Zapdos (150),LINKED
pkm-pop-series-1-1-17-cbb0a0a183,POP Series 1,Blaziken,1/17,83905,Blaziken,LINKED
pkm-pop-series-1-2-17-77a3f54fad,POP Series 1,Metagross,2/17,87336,Metagross,LINKED
pkm-pop-series-1-3-17-1949cd50c2,POP Series 1,Rayquaza,3/17,88624,Rayquaza,LINKED
pkm-pop-series-1-4-17-2e3d25b0b1,POP Series 1,Sceptile,4/17,88946,Sceptile,LINKED
pkm-pop-series-1-5-17-ee92414ded,POP Series 1,Swampert,5/17,89677,Swampert,LINKED
pkm-pop-series-1-6-17-65272762a5,POP Series 1,Beautifly,6/17,83756,Beautifly,LINKED
pkm-pop-series-1-7-17-478b41aa85,POP Series 1,Masquerain,7/17,87245,Masquerain,LINKED
pkm-pop-series-1-8-17-9c3267f173,POP Series 1,Murkrow,8/17,87650,Murkrow,LINKED
pkm-pop-series-1-9-17-7f325163a6,POP Series 1,Pupitar,9/17,88448,Pupitar,LINKED
pkm-pop-series-1-10-17-969351c146,POP Series 1,Torkoal,10/17,89967,Torkoal,LINKED
pkm-pop-series-1-11-17-22b3108868,POP Series 1,Larvitar,11/17,86636,Larvitar,LINKED
pkm-pop-series-1-12-17-c543a1291d,POP Series 1,Minun,12/17,87483,Minun,LINKED
pkm-pop-series-1-13-17-86fd59f747,POP Series 1,Plusle,13/17,88163,Plusle,LINKED
pkm-pop-series-1-14-17-e59448c90f,POP Series 1,Surskit,14/17,89647,Surskit,LINKED
pkm-pop-series-1-15-17-a8c7dbbe58,POP Series 1,Swellow,15/17,89690,Swellow,LINKED
pkm-pop-series-1-16-17-b081c768d3,POP Series 1,Armaldo ex,16/17,97806,Armaldo ex (Holo),LINKED
pkm-pop-series-1-16-17-b081c768d3,POP Series 1,Armaldo ex,16/17,83623,Armaldo ex (Non-Holo),LINKED
pkm-pop-series-1-17-17-ea5eec6c7c,POP Series 1,Tyranitar ex,17/17,90124,Tyranitar ex (Holo),LINKED
pkm-pop-series-1-17-17-ea5eec6c7c,POP Series 1,Tyranitar ex,17/17,97807,Tyranitar ex (Non-Holo),LINKED
pkm-pop-series-2-1-17-974cb586ac,POP Series 2,Entei,1/17,85271,Entei,LINKED
pkm-pop-series-2-2-17-1d73329352,POP Series 2,Pidgeot,2/17,88032,Pidgeot,LINKED
pkm-pop-series-2-3-17-0f055cef7d,POP Series 2,Raikou,3/17,88533,Raikou,LINKED
pkm-pop-series-2-4-17-0e8842d9ba,POP Series 2,Suicune,4/17,89602,Suicune,LINKED
pkm-pop-series-2-5-17-ac523df49a,POP Series 2,Tauros,5/17,89762,Tauros,LINKED
pkm-pop-series-2-6-17-455f67b4ef,POP Series 2,Venusaur,6/17,90317,Venusaur,LINKED
pkm-pop-series-2-7-17-24baea68a0,POP Series 2,Ivysaur,7/17,86298,Ivysaur,LINKED
pkm-pop-series-2-8-17-fb8ab5d67d,POP Series 2,Mr. Briney's Compassion,8/17,87586,Mr. Briney's Compassion,LINKED
pkm-pop-series-2-9-17-843fed0f87,POP Series 2,Multi Technical Machine 01,9/17,87636,Multi Technical Machine 01,LINKED
pkm-pop-series-2-10-17-9f0b2da5dc,POP Series 2,Pokémon Park,10/17,88231,Pokemon Park,SKIP_NAME_MISMATCH
pkm-pop-series-2-11-17-c2055351ab,POP Series 2,TV Reporter,11/17,90084,TV Reporter,LINKED
pkm-pop-series-2-12-17-df3dbc1906,POP Series 2,Bulbasaur,12/17,84031,Bulbasaur,LINKED
pkm-pop-series-2-13-17-a43d7ce8cd,POP Series 2,Cacnea,13/17,84072,Cacnea,LINKED
pkm-pop-series-2-14-17-dcee2d0ca0,POP Series 2,Luvdisc,14/17,86934,Luvdisc,LINKED
pkm-pop-series-2-15-17-1148e00612,POP Series 2,Phanpy,15/17,88000,Phanpy,LINKED
pkm-pop-series-2-16-17-6374e65503,POP Series 2,Pikachu,16/17,88081,Pikachu,LINKED
pkm-pop-series-2-17-17-e6ce33512c,POP Series 2,Celebi ex,17/17,97808,Celebi ex (Holo),LINKED
pkm-pop-series-2-17-17-e6ce33512c,POP Series 2,Celebi ex,17/17,84151,Celebi ex (Non-Holo),LINKED
pkm-pop-series-3-1-17-5237764c61,POP Series 3,Blastoise,1/17,83891,Blastoise,LINKED
pkm-pop-series-3-2-17-f7aac501bc,POP Series 3,Flareon,2/17,85495,Flareon,LINKED
pkm-pop-series-3-3-17-1ca13b1815,POP Series 3,Jolteon,3/17,86342,Jolteon,LINKED
pkm-pop-series-3-4-17-385eba64d2,POP Series 3,Minun,4/17,87487,Minun,LINKED
pkm-pop-series-3-5-17-12316bc0d0,POP Series 3,Plusle,5/17,88167,Plusle,LINKED
pkm-pop-series-3-6-17-126bf06e91,POP Series 3,Vaporeon,6/17,90283,Vaporeon,LINKED
pkm-pop-series-3-7-17-1f13fa3f58,POP Series 3,Combusken,7/17,84405,Combusken,LINKED
pkm-pop-series-3-8-17-af726b5f0a,POP Series 3,Donphan,8/17,84874,Donphan,LINKED
pkm-pop-series-3-9-17-5c6f51dc5d,POP Series 3,Forretress,9/17,85549,Forretress,LINKED
pkm-pop-series-3-10-17-b28c830e62,POP Series 3,High Pressure System,10/17,86077,High Pressure System,LINKED
pkm-pop-series-3-11-17-e52e6c5dce,POP Series 3,Low Pressure System,11/17,86847,Low Pressure System,LINKED
pkm-pop-series-3-12-17-aab54e4563,POP Series 3,Ditto,12/17,84842,Ditto,LINKED
pkm-pop-series-3-13-17-0db3226824,POP Series 3,Eevee,13/17,85083,Eevee,LINKED
pkm-pop-series-3-14-17-bfc30b1206,POP Series 3,Ivysaur,14/17,86299,Ivysaur,LINKED
pkm-pop-series-3-15-17-45031b70bb,POP Series 3,Marshtomp,15/17,87236,Marshtomp,LINKED
pkm-pop-series-3-16-17-e4475024f1,POP Series 3,Pichu Bros.,16/17,88024,Pichu Bros.,LINKED
pkm-pop-series-3-17-17-a84750cb84,POP Series 3,Ho-Oh ex,17/17,97809,Ho-Oh ex (Holo),LINKED
pkm-pop-series-3-17-17-a84750cb84,POP Series 3,Ho-Oh ex,17/17,86129,Ho-Oh ex (Non-Holo),LINKED
pkm-pop-series-4-1-17-e9600da674,POP Series 4,Chimecho δ,1/17,84298,Chimecho (Delta Species),LINKED
pkm-pop-series-4-2-17-4c391497de,POP Series 4,Deoxys δ,2/17,84765,Deoxys (Delta Species),LINKED
pkm-pop-series-4-3-17-92d7982c7e,POP Series 4,Flygon,3/17,85524,Flygon,LINKED
pkm-pop-series-4-4-17-ed42c7df77,POP Series 4,Mew,4/17,87401,Mew,LINKED
pkm-pop-series-4-5-17-f0daf8d994,POP Series 4,Sceptile,5/17,88948,Sceptile,LINKED
pkm-pop-series-4-6-17-1459ddf391,POP Series 4,Combusken,6/17,84409,Combusken,LINKED
pkm-pop-series-4-7-17-d2c8785a75,POP Series 4,Grovyle,7/17,85940,Grovyle,LINKED
pkm-pop-series-4-8-17-04301ce4c1,POP Series 4,Heal Energy,8/17,86038,Heal Energy,LINKED
pkm-pop-series-4-9-17-9acdddc167,POP Series 4,Pokémon Fan Club,9/17,88226,Pokemon Fan Club,SKIP_NAME_MISMATCH
pkm-pop-series-4-10-17-ac185c7cff,POP Series 4,Scramble Energy,10/17,88988,Scramble Energy,LINKED
pkm-pop-series-4-11-17-76b100dbde,POP Series 4,Mudkip,11/17,87613,Mudkip,LINKED
pkm-pop-series-4-12-17-93a0288025,POP Series 4,Pidgey,12/17,88049,Pidgey,LINKED
pkm-pop-series-4-13-17-abb99d641c,POP Series 4,Pikachu,13/17,88083,Pikachu,LINKED
pkm-pop-series-4-14-17-7b38663919,POP Series 4,Squirtle,14/17,89493,Squirtle,LINKED
pkm-pop-series-4-15-17-0a9aa3724e,POP Series 4,Treecko δ,15/17,90045,Treecko (Delta Species),LINKED
pkm-pop-series-4-16-17-ee98bc1a79,POP Series 4,Wobbuffet,16/17,90618,Wobbuffet,LINKED
pkm-pop-series-4-17-17-d9fad35101,POP Series 4,Deoxys ex,17/17,84774,Deoxys ex,LINKED
pkm-pop-series-5-1-17-ed8d69995d,POP Series 5,Ho-Oh,1/17,86123,Ho-Oh,LINKED
pkm-pop-series-5-2-17-73ef221a1f,POP Series 5,Lugia,2/17,86907,Lugia,LINKED
pkm-pop-series-5-3-17-324570eef8,POP Series 5,Mew δ,3/17,87407,Mew (Delta Species),LINKED
pkm-pop-series-5-4-17-1c11304c8c,POP Series 5,Double Rainbow Energy,4/17,84894,Double Rainbow Energy,LINKED
pkm-pop-series-5-5-17-bd3ddec052,POP Series 5,Charmeleon δ,5/17,84237,Charmeleon (Delta Species),LINKED
pkm-pop-series-5-6-17-4ca5518c76,POP Series 5,Bill's Maintenance,6/17,83840,Bill's Maintenance,LINKED
pkm-pop-series-5-7-17-248618b5e8,POP Series 5,Rare Candy,7/17,88592,Rare Candy,LINKED
pkm-pop-series-5-8-17-5538ac62eb,POP Series 5,Boost Energy,8/17,83941,Boost Energy,LINKED
pkm-pop-series-5-9-17-f1367eb125,POP Series 5,δ Rainbow Energy,9/17,84756,Delta Rainbow Energy,SKIP_NAME_MISMATCH
pkm-pop-series-5-10-17-d00cad47a1,POP Series 5,Charmander δ,10/17,84221,Charmander (Delta Species),LINKED
pkm-pop-series-5-11-17-c3cfd1300a,POP Series 5,Meowth δ,11/17,87330,Meowth (Delta Species),LINKED
pkm-pop-series-5-12-17-24040bd118,POP Series 5,Pikachu,12/17,88085,Pikachu,LINKED
pkm-pop-series-5-13-17-d5b4e42eac,POP Series 5,Pikachu δ,13/17,88110,Pikachu (Delta Species),LINKED
pkm-pop-series-5-14-17-df06c5033b,POP Series 5,Pelipper δ,14/17,87981,Pelipper (Delta Species),LINKED
pkm-pop-series-5-15-17-843ad620f1,POP Series 5,Zangoose δ,15/17,90709,Zangoose (Delta Species),LINKED
pkm-pop-series-5-16-17-9494d65a0c,POP Series 5,Espeon ★,16/17,85329,Espeon Star,SKIP_NAME_MISMATCH
pkm-pop-series-5-17-17-fefd712ccb,POP Series 5,Umbreon ★,17/17,90153,Umbreon Star,SKIP_NAME_MISMATCH
pkm-pop-series-6-1-17-f9209b3d80,POP Series 6,Bastiodon,1/17,83735,Bastiodon,LINKED
pkm-pop-series-6-2-17-ead84c5fdd,POP Series 6,Lucario,2/17,86874,Lucario,LINKED
pkm-pop-series-6-3-17-b1c9e2c5d3,POP Series 6,Manaphy,3/17,87144,Manaphy,LINKED
pkm-pop-series-6-4-17-3c983a6a59,POP Series 6,Pachirisu,4/17,87898,Pachirisu,LINKED
pkm-pop-series-6-5-17-8396e3806c,POP Series 6,Rampardos,5/17,88570,Rampardos,LINKED
pkm-pop-series-6-6-17-dddd098f8d,POP Series 6,Drifloon,6/17,84954,Drifloon,LINKED
pkm-pop-series-6-7-17-ab8f64e31c,POP Series 6,Gible,7/17,85699,Gible,LINKED
pkm-pop-series-6-8-17-0ad208b093,POP Series 6,Riolu,8/17,88752,Riolu,LINKED
pkm-pop-series-6-9-17-365cd6ca05,POP Series 6,Pikachu,9/17,88087,Pikachu,LINKED
pkm-pop-series-6-9-17-365cd6ca05,POP Series 6,Pikachu,9/17,276377,Pikachu (Pokemon Day Stamped),LINKED
pkm-pop-series-6-10-17-c8ef708171,POP Series 6,Staravia,10/17,89514,Staravia,LINKED
pkm-pop-series-6-11-17-5a91cff14b,POP Series 6,Bidoof,11/17,83826,Bidoof,LINKED
pkm-pop-series-6-12-17-da962e28db,POP Series 6,Buneary,12/17,84038,Buneary,LINKED
pkm-pop-series-6-13-17-b3fb51e6de,POP Series 6,Cherubi,13/17,84260,Cherubi,LINKED
pkm-pop-series-6-14-17-fbf3f25d90,POP Series 6,Chimchar,14/17,84283,Chimchar,LINKED
pkm-pop-series-6-15-17-c3001131f3,POP Series 6,Piplup,15/17,88143,Piplup,LINKED
pkm-pop-series-6-16-17-c480aba7c3,POP Series 6,Starly,16/17,89521,Starly,LINKED
pkm-pop-series-6-17-17-dfe2707ee6,POP Series 6,Turtwig,17/17,90072,Turtwig,LINKED
pkm-pop-series-7-1-17-3b34d88119,POP Series 7,Ampharos,1/17,83542,Ampharos,LINKED
pkm-pop-series-7-2-17-c99c96307c,POP Series 7,Gallade,2/17,85605,Gallade,LINKED
pkm-pop-series-7-3-17-d241892fef,POP Series 7,Latias,3/17,86652,Latias,LINKED
pkm-pop-series-7-4-17-90489f281e,POP Series 7,Latios,4/17,86666,Latios,LINKED
pkm-pop-series-7-5-17-1c592879d2,POP Series 7,Mothim,5/17,87581,Mothim,LINKED
pkm-pop-series-7-6-17-706d3aac20,POP Series 7,Delibird,6/17,84749,Delibird,LINKED
pkm-pop-series-7-7-17-0e93bb8ceb,POP Series 7,Flaaffy,7/17,85480,Flaaffy,LINKED
pkm-pop-series-7-8-17-9fb6cf1fc9,POP Series 7,Kirlia,8/17,86467,Kirlia,LINKED
pkm-pop-series-7-9-17-da3fed52a3,POP Series 7,Stantler,9/17,89505,Stantler,LINKED
pkm-pop-series-7-10-17-5641df69c7,POP Series 7,Wormadam Sandy Cloak,10/17,90643,Wormadam Sandy Cloak,LINKED
pkm-pop-series-7-11-17-3e1bf6a163,POP Series 7,Burmy Plant Cloak,11/17,84050,Burmy Plant Cloak,LINKED
pkm-pop-series-7-12-17-90daab9b1a,POP Series 7,Burmy Sandy Cloak,12/17,84053,Burmy Sandy Cloak,LINKED
pkm-pop-series-7-13-17-9a0b31c15d,POP Series 7,Corsola,13/17,84442,Corsola,LINKED
pkm-pop-series-7-14-17-6f6330d1ee,POP Series 7,Mareep,14/17,87202,Mareep,LINKED
pkm-pop-series-7-15-17-56f153b659,POP Series 7,Ralts,15/17,88562,Ralts,LINKED
pkm-pop-series-7-16-17-8fca174fbc,POP Series 7,Sentret,16/17,89067,Sentret,LINKED
pkm-pop-series-7-17-17-0487a3b22d,POP Series 7,Spinda,17/17,89462,Spinda,LINKED
pkm-pop-series-8-1-17-29cff41944,POP Series 8,Heatran,1/17,86049,Heatran,LINKED
pkm-pop-series-8-2-17-c8288a2ec7,POP Series 8,Lucario,2/17,86877,Lucario,LINKED
pkm-pop-series-8-3-17-290244a57a,POP Series 8,Luxray,3/17,86948,Luxray,LINKED
pkm-pop-series-8-4-17-b154d9b0e0,POP Series 8,Probopass,4/17,88376,Probopass,LINKED
pkm-pop-series-8-5-17-09e83b8033,POP Series 8,Yanmega,5/17,90691,Yanmega,LINKED
pkm-pop-series-8-6-17-2860685da2,POP Series 8,Cherrim,6/17,84253,Cherrim,LINKED
pkm-pop-series-8-7-17-3395a78710,POP Series 8,Carnivine,7/17,84100,Carnivine,LINKED
pkm-pop-series-8-8-17-d5acee9c44,POP Series 8,Luxio,8/17,86941,Luxio,LINKED
pkm-pop-series-8-9-17-8051123af3,POP Series 8,Night Maintenance,9/17,87752,Night Maintenance,LINKED
pkm-pop-series-8-10-17-d349a35367,POP Series 8,Rare Candy,10/17,88594,Rare Candy,LINKED
pkm-pop-series-8-11-17-4e74210516,POP Series 8,Roseanne's Research,11/17,88816,Roseanne's Research,LINKED
pkm-pop-series-8-12-17-c065fa26d3,POP Series 8,Chimchar,12/17,84287,Chimchar,LINKED
pkm-pop-series-8-12-17-c065fa26d3,POP Series 8,Chimchar,12/17,616999,Chimchar (Cracked Ice Holo),LINKED
pkm-pop-series-8-13-17-db6fd55a01,POP Series 8,Croagunk,13/17,84475,Croagunk,LINKED
pkm-pop-series-8-14-17-11ecb2203a,POP Series 8,Happiny,14/17,86007,Happiny,LINKED
pkm-pop-series-8-15-17-8914330672,POP Series 8,Piplup,15/17,88148,Piplup,LINKED
pkm-pop-series-8-16-17-850b2690b7,POP Series 8,Riolu,16/17,88755,Riolu,LINKED
pkm-pop-series-8-17-17-57e90c74a5,POP Series 8,Turtwig,17/17,90076,Turtwig,LINKED
pkm-pop-series-9-1-17-2e1badea42,POP Series 9,Garchomp,1/17,85622,Garchomp,LINKED
pkm-pop-series-9-2-17-e596c36266,POP Series 9,Manaphy,2/17,87147,Manaphy,LINKED
pkm-pop-series-9-3-17-6f9aedba15,POP Series 9,Raichu,3/17,88514,Raichu,LINKED
pkm-pop-series-9-4-17-98cc950a9d,POP Series 9,Regigigas,4/17,88664,Regigigas,LINKED
pkm-pop-series-9-5-17-87391c1f53,POP Series 9,Rotom,5/17,88837,Rotom,LINKED
pkm-pop-series-9-6-17-e547e493f0,POP Series 9,Buizel,6/17,84020,Buizel,LINKED
pkm-pop-series-9-7-17-10ed0cbb9b,POP Series 9,Croagunk,7/17,84476,Croagunk,LINKED
pkm-pop-series-9-8-17-44308430ad,POP Series 9,Gabite,8/17,85598,Gabite,LINKED
pkm-pop-series-9-9-17-628e518bba,POP Series 9,Lopunny,9/17,86825,Lopunny,LINKED
pkm-pop-series-9-10-17-e3eac1f1e0,POP Series 9,Pachirisu,10/17,87902,Pachirisu,LINKED
pkm-pop-series-9-11-17-0e0afedc9f,POP Series 9,Pichu,11/17,88020,Pichu,LINKED
pkm-pop-series-9-12-17-802b03904d,POP Series 9,Buneary,12/17,84042,Buneary,LINKED
pkm-pop-series-9-13-17-39897186e3,POP Series 9,Chimchar,13/17,84289,Chimchar,LINKED
pkm-pop-series-9-14-17-d8b3cf958d,POP Series 9,Gible,14/17,85700,Gible,LINKED
pkm-pop-series-9-15-17-9830b00cdc,POP Series 9,Pikachu,15/17,88092,Pikachu,LINKED
pkm-pop-series-9-16-17-3001b86c71,POP Series 9,Piplup,16/17,88150,Piplup,LINKED
pkm-pop-series-9-17-17-996407fd3a,POP Series 9,Turtwig,17/17,90078,Turtwig,LINKED
pkm-detective-pikachu-1-18-87111ed7f7,Detective Pikachu,Bulbasaur,1/18,186001,Bulbasaur (Holo Common),LINKED
pkm-detective-pikachu-2-18-00088fa327,Detective Pikachu,Ludicolo,2/18,186003,Ludicolo,LINKED
pkm-detective-pikachu-3-18-02fbd21ba1,Detective Pikachu,Morelull,3/18,186004,Morelull (Holo Common),LINKED
pkm-detective-pikachu-4-18-45c20b1098,Detective Pikachu,Charmander,4/18,186005,Charmander (Holo Common),LINKED
pkm-detective-pikachu-5-18-0bbcfda466,Detective Pikachu,Charizard,5/18,186007,Charizard,LINKED
pkm-detective-pikachu-6-18-4df4ece4ed,Detective Pikachu,Arcanine,6/18,186009,Arcanine,LINKED
pkm-detective-pikachu-7-18-46136abd9a,Detective Pikachu,Psyduck,7/18,186010,Psyduck (Holo Common),LINKED
pkm-detective-pikachu-8-18-c2ea075ac2,Detective Pikachu,Magikarp,8/18,186012,Magikarp (Holo Common),LINKED
pkm-detective-pikachu-9-18-f1e033641b,Detective Pikachu,Greninja,9/18,186013,Greninja,LINKED
pkm-detective-pikachu-10-18-13cc091fcb,Detective Pikachu,Detective Pikachu,10/18,186015,Detective Pikachu,LINKED
pkm-detective-pikachu-11-18-9105b5d9e8,Detective Pikachu,Mr. Mime,11/18,186019,Mr. Mime,LINKED
pkm-detective-pikachu-12-18-27e5bc6868,Detective Pikachu,Mewtwo,12/18,186020,Mewtwo,LINKED
pkm-detective-pikachu-13-18-60fb5d32ce,Detective Pikachu,Machamp,13/18,186021,Machamp,LINKED
pkm-detective-pikachu-14-18-071e08fb25,Detective Pikachu,Jigglypuff,14/18,186022,Jigglypuff (Holo Common),LINKED
pkm-detective-pikachu-15-18-09c3af9caa,Detective Pikachu,Snubbull,15/18,186023,Snubbull (Holo Common),LINKED
pkm-detective-pikachu-16-18-e0431dafc5,Detective Pikachu,Lickitung,16/18,186024,Lickitung (Holo Common),LINKED
pkm-detective-pikachu-17-18-a16606bf64,Detective Pikachu,Ditto,17/18,186025,Ditto,LINKED
pkm-detective-pikachu-18-18-9aeea1a8de,Detective Pikachu,Slaking,18/18,186026,Slaking,LINKED
pkm-dragon-majesty-1-70-e3027162f6,Dragon Majesty,Charmander,1/70,175263,Charmander,LINKED
pkm-dragon-majesty-2-70-62ad606263,Dragon Majesty,Charmeleon,2/70,175269,Charmeleon,LINKED
pkm-dragon-majesty-3-70-4755e5d4e1,Dragon Majesty,Charizard,3/70,175270,Charizard,LINKED
pkm-dragon-majesty-4-70-2506268d5b,Dragon Majesty,Torchic,4/70,175272,Torchic,LINKED
pkm-dragon-majesty-5-70-f2d1a6279e,Dragon Majesty,Combusken,5/70,175273,Combusken,LINKED
pkm-dragon-majesty-6-70-6b43fb5014,Dragon Majesty,Blaziken,6/70,175274,Blaziken,LINKED
pkm-dragon-majesty-8-70-420a293031,Dragon Majesty,Darumaka,8/70,175276,Darumaka,LINKED
pkm-dragon-majesty-9-70-59536bcf7c,Dragon Majesty,Darmanitan,9/70,175277,Darmanitan,LINKED
pkm-dragon-majesty-10-70-7e13ad56cb,Dragon Majesty,Heatmor,10/70,175312,Heatmor,LINKED
pkm-dragon-majesty-11-70-4dceb56321,Dragon Majesty,Reshiram-GX,11/70,175347,Reshiram GX,LINKED
pkm-dragon-majesty-12-70-6012e724bc,Dragon Majesty,Litten,12/70,175348,Litten,LINKED
pkm-dragon-majesty-13-70-997352f597,Dragon Majesty,Salandit,13/70,175365,Salandit,LINKED
pkm-dragon-majesty-14-70-cea43a204c,Dragon Majesty,Salazzle,14/70,175366,Salazzle,LINKED
pkm-dragon-majesty-15-70-08981079be,Dragon Majesty,Horsea,15/70,175369,Horsea (15),LINKED
pkm-dragon-majesty-16-70-e8d5bc652b,Dragon Majesty,Horsea,16/70,175371,Horsea (16),LINKED
pkm-dragon-majesty-17-70-fa3dffca9b,Dragon Majesty,Seadra,17/70,175379,Seadra,LINKED
pkm-dragon-majesty-18-70-a4417361f4,Dragon Majesty,Kingdra-GX,18/70,175380,Kingdra GX,LINKED
pkm-dragon-majesty-19-70-9479d23236,Dragon Majesty,Magikarp,19/70,175381,Magikarp,LINKED
pkm-dragon-majesty-20-70-ccb8072ac2,Dragon Majesty,Gyarados,20/70,175382,Gyarados,LINKED
pkm-dragon-majesty-21-70-6d257e632a,Dragon Majesty,Lapras,21/70,175383,Lapras,LINKED
pkm-dragon-majesty-22-70-b82dc4e61b,Dragon Majesty,Totodile,22/70,175384,Totodile,LINKED
pkm-dragon-majesty-23-70-d307fd7798,Dragon Majesty,Croconaw,23/70,175385,Croconaw,LINKED
pkm-dragon-majesty-24-70-f0722dab1e,Dragon Majesty,Feraligatr,24/70,175386,Feraligatr,LINKED
pkm-dragon-majesty-25-70-e7a85f125b,Dragon Majesty,Wooper,25/70,175387,Wooper,LINKED
pkm-dragon-majesty-26-70-86a2f264e4,Dragon Majesty,Quagsire,26/70,175392,Quagsire,LINKED
pkm-dragon-majesty-27-70-f3b93ec5db,Dragon Majesty,Corsola,27/70,175400,Corsola,LINKED
pkm-dragon-majesty-28-70-62d44d2195,Dragon Majesty,Feebas,28/70,175403,Feebas,LINKED
pkm-dragon-majesty-29-70-0db7d0871c,Dragon Majesty,Milotic,29/70,175412,Milotic,LINKED
pkm-dragon-majesty-30-70-916fff2f63,Dragon Majesty,Phione,30/70,175416,Phione,LINKED
pkm-dragon-majesty-31-70-be1d6fa881,Dragon Majesty,Wishiwashi,31/70,175417,Wishiwashi,LINKED
pkm-dragon-majesty-32-70-0754cf8ea6,Dragon Majesty,Trapinch,32/70,175425,Trapinch,LINKED
pkm-dragon-majesty-33-70-c0a1d1e0f2,Dragon Majesty,Hydreigon,33/70,175431,Hydreigon,LINKED
pkm-dragon-majesty-36-70-c0713b966b,Dragon Majesty,Dragonair,36/70,175441,Dragonair,LINKED
pkm-dragon-majesty-37-70-3d870e4981,Dragon Majesty,Dragonite-GX,37/70,175450,Dragonite GX,LINKED
pkm-dragon-majesty-38-70-895911ea6e,Dragon Majesty,Vibrava,38/70,175451,Vibrava,LINKED
pkm-dragon-majesty-39-70-de2fbef08d,Dragon Majesty,Flygon,39/70,175456,Flygon,LINKED
pkm-dragon-majesty-40-70-53f8a012b3,Dragon Majesty,Altaria,40/70,175459,Altaria,LINKED
pkm-dragon-majesty-41-70-467662f8d0,Dragon Majesty,Altaria-GX,41/70,175467,Altaria GX,LINKED
pkm-dragon-majesty-42-70-f065a3e35d,Dragon Majesty,Bagon,42/70,175468,Bagon,LINKED
pkm-dragon-majesty-43-70-66b2dc9f02,Dragon Majesty,Shelgon,43/70,175469,Shelgon,LINKED
pkm-dragon-majesty-44-70-9717a6e6bb,Dragon Majesty,Salamence-GX,44/70,175472,Salamence GX,LINKED
pkm-dragon-majesty-45-70-550ba5bb41,Dragon Majesty,Druddigon,45/70,175473,Druddigon,LINKED
pkm-dragon-majesty-46-70-b4f75f56fe,Dragon Majesty,Zekrom,46/70,175476,Zekrom,LINKED
pkm-dragon-majesty-47-70-f213884c6b,Dragon Majesty,Kyurem,47/70,175477,Kyurem,LINKED
pkm-dragon-majesty-48-70-a53446098b,Dragon Majesty,White Kyurem-GX,48/70,175478,White Kyurem GX,LINKED
pkm-dragon-majesty-49-70-454d16612e,Dragon Majesty,Zygarde,49/70,175479,Zygarde,LINKED
pkm-dragon-majesty-50-70-c2ac717b29,Dragon Majesty,Turtonator,50/70,175480,Turtonator,LINKED
pkm-dragon-majesty-51-70-4d3ad372fe,Dragon Majesty,Drampa,51/70,175481,Drampa,LINKED
pkm-dragon-majesty-52-70-89dfc34380,Dragon Majesty,Jangmo-o,52/70,175482,Jangmo-o,LINKED
pkm-dragon-majesty-53-70-f3559d7dc7,Dragon Majesty,Hakamo-o,53/70,175483,Hakamo-o,LINKED
pkm-dragon-majesty-54-70-3bc8be7be9,Dragon Majesty,Kommo-o,54/70,175484,Kommo-o,LINKED
pkm-dragon-majesty-55-70-99cff8f9e0,Dragon Majesty,Kangaskhan,55/70,175485,Kangaskhan,LINKED
pkm-dragon-majesty-56-70-b362e0ab6b,Dragon Majesty,Swablu,56/70,175486,Swablu (56),LINKED
pkm-dragon-majesty-57-70-9337eb7b95,Dragon Majesty,Swablu,57/70,175487,Swablu (57),LINKED
pkm-dragon-majesty-58-70-bcf3161ce0,Dragon Majesty,Blaine's Last Stand,58/70,175488,Blaine's Last Stand,LINKED
pkm-dragon-majesty-59-70-0f9b0cfb2d,Dragon Majesty,Dragon Talon,59/70,175489,Dragon Talon,LINKED
pkm-dragon-majesty-60-70-c327492cda,Dragon Majesty,Fiery Flint,60/70,175490,Fiery Flint,LINKED
pkm-dragon-majesty-61-70-9f592d24cc,Dragon Majesty,Lance ◇,61/70,175491,Lance Prism Star,SKIP_NAME_MISMATCH
pkm-dragon-majesty-62-70-05bb808bf8,Dragon Majesty,Switch Raft,62/70,175492,Switch Raft,LINKED
pkm-dragon-majesty-63-70-6f929c2c6b,Dragon Majesty,Wela Volcano Park,63/70,175493,Wela Volcano Park,LINKED
pkm-dragon-majesty-64-70-b270a9800c,Dragon Majesty,Zinnia,64/70,175494,Zinnia,LINKED
pkm-dragon-majesty-65-70-4948633cae,Dragon Majesty,Reshiram-GX,65/70,175495,Reshiram GX (Full Art),LINKED
pkm-dragon-majesty-66-70-e5243d312a,Dragon Majesty,Kingdra-GX,66/70,175496,Kingdra GX (Full Art),LINKED
pkm-dragon-majesty-67-70-8c73964a9f,Dragon Majesty,Dragonite-GX,67/70,175497,Dragonite GX (Full Art),LINKED
pkm-dragon-majesty-68-70-648528ec98,Dragon Majesty,Altaria-GX,68/70,175498,Altaria GX (Full Art),LINKED
pkm-dragon-majesty-69-70-997062c1d6,Dragon Majesty,Blaine's Last Stand,69/70,175499,Blaine's Last Stand (Full Art),LINKED
pkm-dragon-majesty-70-70-adc4c28151,Dragon Majesty,Zinnia,70/70,175500,Zinnia (Full Art),LINKED
pkm-dragon-majesty-71-70-21f979722d,Dragon Majesty,Reshiram-GX,71/70,175501,Reshiram GX (Secret),LINKED
pkm-dragon-majesty-72-70-40f2ac4840,Dragon Majesty,Altaria-GX,72/70,175502,Altaria GX (Secret),LINKED
pkm-dragon-majesty-73-70-b69b54c21e,Dragon Majesty,Salamence-GX,73/70,175503,Salamence GX (Secret),LINKED
pkm-dragon-majesty-74-70-153588527e,Dragon Majesty,White Kyurem-GX,74/70,175504,White Kyurem GX (Secret),LINKED
pkm-dragon-majesty-75-70-116ef095e9,Dragon Majesty,Dragon Talon,75/70,175505,Dragon Talon (Secret),LINKED
pkm-dragon-majesty-76-70-9f16a8adbc,Dragon Majesty,Fiery Flint,76/70,175506,Fiery Flint (Secret),LINKED
pkm-dragon-majesty-77-70-08e9e9d212,Dragon Majesty,Switch Raft,77/70,175507,Switch Raft (Secret),LINKED
pkm-dragon-majesty-78-70-66a21ca27b,Dragon Majesty,Ultra Necrozma-GX,78/70,175508,Ultra Necrozma GX (Secret),LINKED
pkm-hidden-fates-1-68-ece2ec183a,Hidden Fates,Caterpie,1/68,197643,Caterpie,LINKED
pkm-hidden-fates-2-68-4cb65291a7,Hidden Fates,Metapod,2/68,197644,Metapod,LINKED
pkm-hidden-fates-3-68-31a4517cad,Hidden Fates,Butterfree,3/68,197645,Butterfree,LINKED
pkm-hidden-fates-4-68-af89a44226,Hidden Fates,Paras,4/68,197646,Paras,LINKED
pkm-hidden-fates-5-68-1d8144ec9d,Hidden Fates,Scyther,5/68,197647,Scyther,LINKED
pkm-hidden-fates-6-68-b6c893c1c0,Hidden Fates,Pinsir-GX,6/68,197648,Pinsir GX,LINKED
pkm-hidden-fates-7-68-b6abd2e112,Hidden Fates,Charmander,7/68,197649,Charmander,LINKED
pkm-hidden-fates-8-68-02f3fdfaa9,Hidden Fates,Charmeleon,8/68,197650,Charmeleon,LINKED
pkm-hidden-fates-9-68-e2743e5dda,Hidden Fates,Charizard-GX,9/68,197651,Charizard GX,LINKED
pkm-hidden-fates-10-68-fe80eb458a,Hidden Fates,Magmar,10/68,197652,Magmar,LINKED
pkm-hidden-fates-11-68-54c244da5d,Hidden Fates,Psyduck,11/68,197653,Psyduck,LINKED
pkm-hidden-fates-12-68-912cc0b94f,Hidden Fates,Slowpoke,12/68,197654,Slowpoke,LINKED
pkm-hidden-fates-13-68-db09c9306a,Hidden Fates,Staryu,13/68,197657,Staryu,LINKED
pkm-hidden-fates-14-68-c6e8b24e83,Hidden Fates,Starmie-GX,14/68,197658,Starmie GX,LINKED
pkm-hidden-fates-15-68-86fa9b14d4,Hidden Fates,Magikarp,15/68,197659,Magikarp,LINKED
pkm-hidden-fates-16-68-49d96fe13c,Hidden Fates,Gyarados-GX,16/68,197660,Gyarados GX,LINKED
pkm-hidden-fates-17-68-2d461c8b38,Hidden Fates,Lapras,17/68,197661,Lapras,LINKED
pkm-hidden-fates-18-68-657de67c89,Hidden Fates,Vaporeon,18/68,197662,Vaporeon,LINKED
pkm-hidden-fates-19-68-0ade179459,Hidden Fates,Pikachu,19/68,197663,Pikachu,LINKED
pkm-hidden-fates-20-68-419f4ba402,Hidden Fates,Raichu-GX,20/68,197664,Raichu GX,LINKED
pkm-hidden-fates-21-68-287acaf845,Hidden Fates,Voltorb,21/68,197665,Voltorb,LINKED
pkm-hidden-fates-22-68-9293344d49,Hidden Fates,Electrode,22/68,197666,Electrode,LINKED
pkm-hidden-fates-23-68-86f206db0d,Hidden Fates,Jolteon,23/68,197667,Jolteon,LINKED
pkm-hidden-fates-24-68-de7cbd1c40,Hidden Fates,Zapdos,24/68,197668,Zapdos,LINKED
pkm-hidden-fates-25-68-038937f962,Hidden Fates,Ekans,25/68,197669,Ekans (25),LINKED
pkm-hidden-fates-26-68-d94a925258,Hidden Fates,Ekans,26/68,197670,Ekans (26),LINKED
pkm-hidden-fates-27-68-8a83142016,Hidden Fates,Arbok,27/68,197671,Arbok,LINKED
pkm-hidden-fates-28-68-e744ac6634,Hidden Fates,Koffing,28/68,197672,Koffing,LINKED
pkm-hidden-fates-29-68-12af568d98,Hidden Fates,Weezing,29/68,197673,Weezing,LINKED
pkm-hidden-fates-30-68-ef07bdf23d,Hidden Fates,Jynx,30/68,197674,Jynx,LINKED
pkm-hidden-fates-31-68-14ceb9ee0c,Hidden Fates,Mewtwo-GX,31/68,197675,Mewtwo GX,LINKED
pkm-hidden-fates-32-68-8c65e1132f,Hidden Fates,Mew,32/68,197676,Mew,LINKED
pkm-hidden-fates-33-68-c86fb58b95,Hidden Fates,Geodude,33/68,197677,Geodude,LINKED
pkm-hidden-fates-34-68-aa8538091a,Hidden Fates,Graveler,34/68,197678,Graveler,LINKED
pkm-hidden-fates-35-68-ac38a7ef16,Hidden Fates,Golem,35/68,197679,Golem,LINKED
pkm-hidden-fates-36-68-1398105c2a,Hidden Fates,Onix-GX,36/68,197680,Onix GX,LINKED
pkm-hidden-fates-37-68-79e44e5147,Hidden Fates,Cubone,37/68,197681,Cubone,LINKED
pkm-hidden-fates-38-68-403b8c45ee,Hidden Fates,Clefairy,38/68,197682,Clefairy (38),LINKED
pkm-hidden-fates-39-68-4e880e6782,Hidden Fates,Clefairy,39/68,197683,Clefairy (39),LINKED
pkm-hidden-fates-40-68-1538505eb9,Hidden Fates,Clefable,40/68,197684,Clefable,LINKED
pkm-hidden-fates-41-68-d93d14537f,Hidden Fates,Jigglypuff,41/68,197685,Jigglypuff,LINKED
pkm-hidden-fates-42-68-f28a73e766,Hidden Fates,Wigglytuff-GX,42/68,197686,Wigglytuff GX,LINKED
pkm-hidden-fates-43-68-7d2245d3a9,Hidden Fates,Mr. Mime,43/68,197687,Mr. Mime,LINKED
pkm-hidden-fates-44-68-f430edaeef,Hidden Fates,Moltres & Zapdos & Articuno-GX,44/68,197688,Moltres & Zapdos & Articuno GX,LINKED
pkm-hidden-fates-45-68-33269a79ee,Hidden Fates,Farfetch'd,45/68,197689,Farfetch'd,LINKED
pkm-hidden-fates-46-68-16b5d15e4b,Hidden Fates,Chansey,46/68,197691,Chansey,LINKED
pkm-hidden-fates-47-68-21dd6aa796,Hidden Fates,Kangaskhan,47/68,197692,Kangaskhan,LINKED
pkm-hidden-fates-48-68-e4ea48eff2,Hidden Fates,Eevee,48/68,197693,Eevee (48),LINKED
pkm-hidden-fates-49-68-5328c18873,Hidden Fates,Eevee,49/68,197694,Eevee (49),LINKED
pkm-hidden-fates-50-68-235852ac8c,Hidden Fates,Snorlax,50/68,197696,Snorlax,LINKED
pkm-hidden-fates-51-68-2c0349ff88,Hidden Fates,Bill's Analysis,51/68,197697,Bill's Analysis,LINKED
pkm-hidden-fates-52-68-f6855ebe6a,Hidden Fates,Blaine's Last Stand,52/68,197699,Blaine's Last Stand,LINKED
pkm-hidden-fates-53-68-5262e3ed31,Hidden Fates,Brock's Grit,53/68,197700,Brock's Grit,LINKED
pkm-hidden-fates-54-68-f7d82c8e1e,Hidden Fates,Brock's Pewter City Gym,54/68,197702,Brock's Pewter City Gym,LINKED
pkm-hidden-fates-55-68-0785204ceb,Hidden Fates,Brock's Training,55/68,197704,Brock's Training,LINKED
pkm-hidden-fates-56-68-5ab51020bd,Hidden Fates,Erika's Hospitality,56/68,197706,Erika's Hospitality,LINKED
pkm-hidden-fates-57-68-dffadd9e35,Hidden Fates,Giovanni's Exile,57/68,197709,Giovanni's Exile,LINKED
pkm-hidden-fates-58-68-04f8031249,Hidden Fates,Jessie & James,58/68,197711,Jessie & James,LINKED
pkm-hidden-fates-59-68-82a3e097de,Hidden Fates,Koga's Trap,59/68,197712,Koga's Trap,LINKED
pkm-hidden-fates-60-68-589f912a13,Hidden Fates,Lt. Surge's Strategy,60/68,197714,Lt. Surge's Strategy,LINKED
pkm-hidden-fates-61-68-45e6ffa1df,Hidden Fates,Misty's Cerulean City Gym,61/68,197716,Misty's Cerulean City Gym,LINKED
pkm-hidden-fates-62-68-fe949532e1,Hidden Fates,Misty's Determination,62/68,197717,Misty's Determination,LINKED
pkm-hidden-fates-63-68-1e8c65195a,Hidden Fates,Misty's Water Command,63/68,197720,Misty's Water Command,LINKED
pkm-hidden-fates-64-68-3be1a86f54,Hidden Fates,Pokémon Center Lady,64/68,197724,Pokemon Center Lady,SKIP_NAME_MISMATCH
pkm-hidden-fates-65-68-17efcc2fed,Hidden Fates,Sabrina's Suggestion,65/68,197725,Sabrina's Suggestion,LINKED
pkm-hidden-fates-66-68-ffbd1bdf5d,Hidden Fates,Moltres & Zapdos & Articuno-GX,66/68,197726,Moltres & Zapdos & Articuno GX (Full Art),LINKED
pkm-hidden-fates-67-68-a4f4d6f345,Hidden Fates,Giovanni's Exile,67/68,197730,Giovanni's Exile (Full Art),LINKED
pkm-hidden-fates-68-68-5793f53acb,Hidden Fates,Jessie & James,68/68,197732,Jessie & James (Full Art),LINKED
pkm-hidden-fates-69-68-a8f01203ce,Hidden Fates,Moltres & Zapdos & Articuno-GX,69/68,197728,Moltres & Zapdos & Articuno GX (Secret),LINKED
pkm-shining-legends-1-73-0581e50209,Shining Legends,Bulbasaur,1/73,146653,Bulbasaur,LINKED
pkm-shining-legends-2-73-4bfbe9532a,Shining Legends,Ivysaur,2/73,146654,Ivysaur,LINKED
pkm-shining-legends-3-73-a73b6082d1,Shining Legends,Venusaur,3/73,146655,Venusaur,LINKED
pkm-shining-legends-4-73-69ac074744,Shining Legends,Shroomish,4/73,146656,Shroomish,LINKED
pkm-shining-legends-5-73-f04d8b4efd,Shining Legends,Breloom,5/73,146657,Breloom,LINKED
pkm-shining-legends-6-73-5960a4ecb1,Shining Legends,Carnivine,6/73,146658,Carnivine,LINKED
pkm-shining-legends-7-73-3ded48af7a,Shining Legends,Shaymin,7/73,146659,Shaymin,LINKED
pkm-shining-legends-8-73-ea1ba5865a,Shining Legends,Virizion,8/73,146660,Virizion,LINKED
pkm-shining-legends-9-73-b459b44392,Shining Legends,Shining Genesect,9/73,146661,Shining Genesect,LINKED
pkm-shining-legends-10-73-bff3665c8f,Shining Legends,Entei-GX,10/73,146663,Entei GX,LINKED
pkm-shining-legends-11-73-09937c2246,Shining Legends,Torkoal,11/73,146664,Torkoal,LINKED
pkm-shining-legends-12-73-cfd335c7fb,Shining Legends,Larvesta,12/73,146665,Larvesta,LINKED
pkm-shining-legends-13-73-1bd2dc6629,Shining Legends,Volcarona,13/73,146666,Volcarona,LINKED
pkm-shining-legends-14-73-51bc359f7c,Shining Legends,Reshiram,14/73,146667,Reshiram,LINKED
pkm-shining-legends-15-73-287dd2938b,Shining Legends,Litten,15/73,146668,Litten,LINKED
pkm-shining-legends-16-73-cd4e1e753d,Shining Legends,Torracat,16/73,146669,Torracat,LINKED
pkm-shining-legends-17-73-f2d20e6ca9,Shining Legends,Incineroar,17/73,146670,Incineroar,LINKED
pkm-shining-legends-18-73-b9405e8d06,Shining Legends,Totodile,18/73,146671,Totodile,LINKED
pkm-shining-legends-19-73-8d36123cff,Shining Legends,Croconaw,19/73,146672,Croconaw,LINKED
pkm-shining-legends-20-73-e2282eafd7,Shining Legends,Feraligatr,20/73,146673,Feraligatr,LINKED
pkm-shining-legends-21-73-07df129c3e,Shining Legends,Qwilfish,21/73,146674,Qwilfish,LINKED
pkm-shining-legends-22-73-8190d914a3,Shining Legends,Buizel,22/73,146675,Buizel,LINKED
pkm-shining-legends-23-73-09e19acb94,Shining Legends,Floatzel,23/73,146676,Floatzel,LINKED
pkm-shining-legends-24-73-00eebf3027,Shining Legends,Palkia,24/73,146678,Palkia,LINKED
pkm-shining-legends-25-73-e1a86bd05c,Shining Legends,Manaphy,25/73,146679,Manaphy,LINKED
pkm-shining-legends-26-73-797f966bd2,Shining Legends,Keldeo,26/73,146680,Keldeo,LINKED
pkm-shining-legends-27-73-c72fd0312d,Shining Legends,Shining Volcanion,27/73,146681,Shining Volcanion,LINKED
pkm-shining-legends-28-73-b216673e03,Shining Legends,Pikachu,28/73,146682,Pikachu,LINKED
pkm-shining-legends-29-73-dfcf9ea058,Shining Legends,Raichu-GX,29/73,146687,Raichu GX,LINKED
pkm-shining-legends-30-73-0896d539ef,Shining Legends,Voltorb,30/73,146683,Voltorb,LINKED
pkm-shining-legends-31-73-fc35f6be33,Shining Legends,Electrode,31/73,146684,Electrode,LINKED
pkm-shining-legends-32-73-60bfcfee4a,Shining Legends,Raikou,32/73,146688,Raikou,LINKED
pkm-shining-legends-33-73-ad2aac85cc,Shining Legends,Plusle,33/73,146685,Plusle,LINKED
pkm-shining-legends-34-73-080f3bcc87,Shining Legends,Minun,34/73,146686,Minun,LINKED
pkm-shining-legends-35-73-772495d3f3,Shining Legends,Zekrom,35/73,146692,Zekrom,LINKED
pkm-shining-legends-36-73-8d3b1bdcd9,Shining Legends,Ekans,36/73,146703,Ekans,LINKED
pkm-shining-legends-37-73-4df2f08652,Shining Legends,Arbok,37/73,146705,Arbok,LINKED
pkm-shining-legends-38-73-367a032821,Shining Legends,Jynx,38/73,146706,Jynx,LINKED
pkm-shining-legends-39-73-914a3268e8,Shining Legends,Mewtwo-GX,39/73,146695,Mewtwo GX,LINKED
pkm-shining-legends-40-73-1e3fb4f929,Shining Legends,Shining Mew,40/73,146699,Shining Mew,LINKED
pkm-shining-legends-41-73-ba7c8ecba3,Shining Legends,Latios,41/73,146700,Latios,LINKED
pkm-shining-legends-42-73-fc5b00f300,Shining Legends,Shining Jirachi,42/73,146701,Shining Jirachi,LINKED
pkm-shining-legends-43-73-e0f84f463c,Shining Legends,Golett,43/73,146707,Golett,LINKED
pkm-shining-legends-44-73-3b8fc3907d,Shining Legends,Golurk,44/73,146708,Golurk,LINKED
pkm-shining-legends-45-73-443b411a10,Shining Legends,Marshadow,45/73,146702,Marshadow,LINKED
pkm-shining-legends-46-73-7b293a69f5,Shining Legends,Stunfisk,46/73,147026,Stunfisk,LINKED
pkm-shining-legends-47-73-f9eabae1d5,Shining Legends,Spiritomb,47/73,146709,Spiritomb,LINKED
pkm-shining-legends-48-73-fdc98db583,Shining Legends,Purrloin,48/73,146710,Purrloin,LINKED
pkm-shining-legends-49-73-5d7737ce69,Shining Legends,Liepard,49/73,146711,Liepard,LINKED
pkm-shining-legends-50-73-30986caa4f,Shining Legends,Scraggy,50/73,146712,Scraggy,LINKED
pkm-shining-legends-51-73-e1e40e0589,Shining Legends,Scrafty,51/73,146713,Scrafty,LINKED
pkm-shining-legends-52-73-0581d8530b,Shining Legends,Zorua,52/73,146714,Zorua,LINKED
pkm-shining-legends-53-73-949e5d6994,Shining Legends,Zoroark-GX,53/73,146715,Zoroark GX,LINKED
pkm-shining-legends-54-73-e2b7d923ac,Shining Legends,Yveltal,54/73,146717,Yveltal,LINKED
pkm-shining-legends-55-73-2c0e2d39d7,Shining Legends,Hoopa,55/73,146718,Hoopa,LINKED
pkm-shining-legends-56-73-79afdbe369,Shining Legends,Shining Rayquaza,56/73,146719,Shining Rayquaza,LINKED
pkm-shining-legends-57-73-e254ea65fe,Shining Legends,Shining Arceus,57/73,146720,Shining Arceus,LINKED
pkm-shining-legends-58-73-8c16d9fd0c,Shining Legends,Damage Mover,58/73,146721,Damage Mover,LINKED
pkm-shining-legends-59-73-8b9b203d0a,Shining Legends,Energy Retrieval,59/73,146722,Energy Retrieval,LINKED
pkm-shining-legends-60-73-722bd6b58d,Shining Legends,Great Ball,60/73,146723,Great Ball,LINKED
pkm-shining-legends-61-73-f1060abcaa,Shining Legends,Hau,61/73,146728,Hau,LINKED
pkm-shining-legends-62-73-fd1fbde4b4,Shining Legends,Lillie,62/73,146729,Lillie,LINKED
pkm-shining-legends-63-73-98b5131df0,Shining Legends,Pokémon Breeder,63/73,146730,Pokemon Breeder,SKIP_NAME_MISMATCH
pkm-shining-legends-64-73-dabf009f23,Shining Legends,Pokémon Catcher,64/73,146724,Pokemon Catcher,SKIP_NAME_MISMATCH
pkm-shining-legends-65-73-b2852b607f,Shining Legends,Sophocles,65/73,146732,Sophocles,LINKED
pkm-shining-legends-66-73-9b31f8236f,Shining Legends,Super Scoop Up,66/73,146725,Super Scoop Up,LINKED
pkm-shining-legends-67-73-6ba7043e03,Shining Legends,Switch,67/73,146726,Switch,LINKED
pkm-shining-legends-68-73-4423734b4e,Shining Legends,Ultra Ball,68/73,146727,Ultra Ball,LINKED
pkm-shining-legends-69-73-d5ccc992c1,Shining Legends,Double Colorless Energy,69/73,146733,Double Colorless Energy,LINKED
pkm-shining-legends-70-73-0ff40f5076,Shining Legends,Warp Energy,70/73,146734,Warp Energy,LINKED
pkm-shining-legends-71-73-1fd2096503,Shining Legends,Entei-GX,71/73,146736,Entei GX (Full Art),LINKED
pkm-shining-legends-72-73-26d989bda5,Shining Legends,Mewtwo-GX,72/73,146696,Mewtwo GX (Full Art),LINKED
pkm-shining-legends-73-73-664f19cf29,Shining Legends,Pokémon Breeder,73/73,146731,Pokemon Breeder (Full Art),SKIP_NAME_MISMATCH
pkm-shining-legends-74-73-78ef9699f4,Shining Legends,Entei-GX,74/73,146735,Entei GX (Secret),LINKED
pkm-shining-legends-75-73-94e51a0fb6,Shining Legends,Raichu-GX,75/73,146737,Raichu GX (Secret),LINKED
pkm-shining-legends-76-73-b4490d856b,Shining Legends,Mewtwo-GX,76/73,146697,Mewtwo GX (Secret),LINKED
pkm-shining-legends-77-73-9eba43d137,Shining Legends,Zoroark-GX,77/73,146716,Zoroark GX (Secret),LINKED
pkm-shining-legends-78-73-00395eb0e8,Shining Legends,Mewtwo-GX,78/73,146698,Mewtwo GX (Secret Shining),LINKED
pkm-double-crisis-1-34-38cdcbf7dc,Double Crisis,Team Magma's Numel,1/34,97047,Team Magma's Numel,LINKED
pkm-double-crisis-2-34-fd57c146ed,Double Crisis,Team Magma's Camerupt,2/34,97048,Team Magma's Camerupt,LINKED
pkm-double-crisis-3-34-29ee107131,Double Crisis,Team Aqua's Spheal,3/34,97049,Team Aqua's Spheal,LINKED
pkm-double-crisis-4-34-bcf260e704,Double Crisis,Team Aqua's Sealeo,4/34,97050,Team Aqua's Sealeo,LINKED
pkm-double-crisis-5-34-b7040f3644,Double Crisis,Team Aqua's Walrein,5/34,97051,Team Aqua's Walrein,LINKED
pkm-double-crisis-6-34-05d4f36298,Double Crisis,Team Aqua's Kyogre-EX,6/34,97052,Team Aqua's Kyogre EX,LINKED
pkm-double-crisis-7-34-a8505204ce,Double Crisis,Team Aqua's Grimer,7/34,97053,Team Aqua's Grimer,LINKED
pkm-double-crisis-8-34-8032b7cd4b,Double Crisis,Team Aqua's Muk,8/34,97054,Team Aqua's Muk,LINKED
pkm-double-crisis-9-34-5cdba0c131,Double Crisis,Team Aqua's Seviper,9/34,97055,Team Aqua's Seviper,LINKED
pkm-double-crisis-10-34-cc53422a6b,Double Crisis,Team Magma's Baltoy,10/34,97056,Team Magma's Baltoy,LINKED
pkm-double-crisis-11-34-5b308b3978,Double Crisis,Team Magma's Claydol,11/34,97057,Team Magma's Claydol,LINKED
pkm-double-crisis-12-34-8672aee7d7,Double Crisis,Team Magma's Aron,12/34,97058,Team Magma's Aron,LINKED
pkm-double-crisis-13-34-f30f198716,Double Crisis,Team Magma's Lairon,13/34,97059,Team Magma's Lairon,LINKED
pkm-double-crisis-14-34-507b747ce3,Double Crisis,Team Magma's Aggron,14/34,97060,Team Magma's Aggron,LINKED
pkm-double-crisis-15-34-7c7a329dd4,Double Crisis,Team Magma's Groudon-EX,15/34,97061,Team Magma's Groudon EX,LINKED
pkm-double-crisis-16-34-bec21e5849,Double Crisis,Team Aqua's Poochyena,16/34,97063,Team Aqua's Poochyena,LINKED
pkm-double-crisis-17-34-1d30673eb7,Double Crisis,Team Magma's Poochyena,17/34,97062,Team Magma's Poochyena,LINKED
pkm-double-crisis-18-34-bf2111b655,Double Crisis,Team Aqua's Mightyena,18/34,97064,Team Aqua's Mightyena,LINKED
pkm-double-crisis-19-34-6efc0b3348,Double Crisis,Team Magma's Mightyena,19/34,97065,Team Magma's Mightyena,LINKED
pkm-double-crisis-20-34-5edec52d7d,Double Crisis,Team Aqua's Carvanha,20/34,97066,Team Aqua's Carvanha,LINKED
pkm-double-crisis-21-34-238c8d0f96,Double Crisis,Team Aqua's Sharpedo,21/34,97067,Team Aqua's Sharpedo,LINKED
pkm-double-crisis-22-34-84ef448080,Double Crisis,Team Magma's Zangoose,22/34,97068,Team Magma's Zangoose,LINKED
pkm-double-crisis-23-34-c4680e7171,Double Crisis,Aqua Diffuser,23/34,97069,Aqua Diffuser,LINKED
pkm-double-crisis-24-34-45dbffbcf2,Double Crisis,Magma Pointer,24/34,97070,Magma Pointer,LINKED
pkm-double-crisis-25-34-4bdf5622de,Double Crisis,Team Aqua Admin,25/34,97071,Team Aqua Admin,LINKED
pkm-double-crisis-26-34-1c7007f3af,Double Crisis,Team Aqua Grunt,26/34,97072,Team Aqua Grunt,LINKED
pkm-double-crisis-27-34-7bbe5941b0,Double Crisis,Team Aqua's Great Ball,27/34,97073,Team Aqua's Great Ball,LINKED
pkm-double-crisis-28-34-258cf7d035,Double Crisis,Team Aqua's Secret Base,28/34,97074,Team Aqua's Secret Base,LINKED
pkm-double-crisis-29-34-15ff01921d,Double Crisis,Team Magma Admin,29/34,97075,Team Magma Admin,LINKED
pkm-double-crisis-30-34-72ceb75647,Double Crisis,Team Magma Grunt,30/34,97076,Team Magma Grunt,LINKED
pkm-double-crisis-31-34-2d6634071e,Double Crisis,Team Magma's Great Ball,31/34,97077,Team Magma's Great Ball,LINKED
pkm-double-crisis-32-34-c02bd6891f,Double Crisis,Team Magma's Secret Base,32/34,97078,Team Magma's Secret Base,LINKED
pkm-double-crisis-33-34-25bbb6a3b1,Double Crisis,Double Aqua Energy,33/34,97079,Double Aqua Energy,LINKED
pkm-double-crisis-34-34-d08d8d853b,Double Crisis,Double Magma Energy,34/34,97080,Double Magma Energy,LINKED
pkm-generations-1-83-ec6250cdcf,Generations,Venusaur-EX,1/83,113659,Venusaur EX,LINKED
pkm-generations-2-83-82924e2301,Generations,M Venusaur-EX,2/83,113660,M Venusaur EX,LINKED
pkm-generations-3-83-ed2730c5e3,Generations,Caterpie,3/83,113661,Caterpie,LINKED
pkm-generations-4-83-62a3be475a,Generations,Metapod,4/83,113662,Metapod,LINKED
pkm-generations-5-83-65d2b51a9e,Generations,Butterfree,5/83,113663,Butterfree,LINKED
pkm-generations-6-83-fe58d13f9d,Generations,Paras,6/83,113664,Paras,LINKED
pkm-generations-7-83-d4887f2f69,Generations,Parasect,7/83,113665,Parasect,LINKED
pkm-generations-8-83-424e1159a5,Generations,Tangela,8/83,113666,Tangela,LINKED
pkm-generations-9-83-6761373683,Generations,Pinsir,9/83,113667,Pinsir,LINKED
pkm-generations-10-83-6039b267eb,Generations,Leafeon-EX,10/83,113668,Leafeon EX,LINKED
pkm-generations-11-83-1095284932,Generations,Charizard-EX,11/83,113669,Charizard EX,LINKED
pkm-generations-12-83-98a07cf2da,Generations,M Charizard-EX,12/83,113670,M Charizard EX,LINKED
pkm-generations-13-83-006f8848fa,Generations,Ninetales-EX,13/83,113671,Ninetales EX,LINKED
pkm-generations-14-83-39387e1def,Generations,Ponyta,14/83,113672,Ponyta,LINKED
pkm-generations-15-83-a707f61967,Generations,Rapidash,15/83,113673,Rapidash,LINKED
pkm-generations-16-83-30f5ec3fbd,Generations,Magmar,16/83,113674,Magmar,LINKED
pkm-generations-17-83-1beab55e88,Generations,Blastoise-EX,17/83,113675,Blastoise EX,LINKED
pkm-generations-18-83-50a907016a,Generations,M Blastoise-EX,18/83,113676,M Blastoise EX,LINKED
pkm-generations-19-83-ec16329125,Generations,Shellder,19/83,113677,Shellder,LINKED
pkm-generations-20-83-981ec144c7,Generations,Cloyster,20/83,113678,Cloyster,LINKED
pkm-generations-21-83-aaa78be6df,Generations,Krabby,21/83,113679,Krabby,LINKED
pkm-generations-22-83-42f37aec21,Generations,Magikarp,22/83,113680,Magikarp,LINKED
pkm-generations-23-83-ed701bd8da,Generations,Gyarados,23/83,113681,Gyarados,LINKED
pkm-generations-24-83-118360f2c0,Generations,Vaporeon-EX,24/83,113682,Vaporeon EX,LINKED
pkm-generations-25-83-2fcd095b61,Generations,Articuno,25/83,113683,Articuno,LINKED
pkm-generations-26-83-f65e47fcda,Generations,Pikachu,26/83,113684,Pikachu,LINKED
pkm-generations-27-83-66fc4c46b7,Generations,Raichu,27/83,113685,Raichu,LINKED
pkm-generations-28-83-4075fe64f6,Generations,Jolteon-EX,28/83,113686,Jolteon EX,LINKED
pkm-generations-29-83-4bc6b32e3e,Generations,Zapdos,29/83,113687,Zapdos,LINKED
pkm-generations-30-83-27a944b768,Generations,Zubat,30/83,113688,Zubat,LINKED
pkm-generations-31-83-44bad85461,Generations,Golbat,31/83,113689,Golbat,LINKED
pkm-generations-32-83-08af594b11,Generations,Slowpoke,32/83,113690,Slowpoke,LINKED
pkm-generations-33-83-c16f4fe78a,Generations,Gastly,33/83,113691,Gastly,LINKED
pkm-generations-34-83-ec608837ed,Generations,Haunter,34/83,113692,Haunter,LINKED
pkm-generations-35-83-cd0800b9ec,Generations,Gengar,35/83,113693,Gengar,LINKED
pkm-generations-36-83-359727d63e,Generations,Jynx,36/83,113694,Jynx,LINKED
pkm-generations-37-83-e03727e399,Generations,Meowstic-EX,37/83,113695,Meowstic EX,LINKED
pkm-generations-38-83-7b2ba78981,Generations,Diglett,38/83,113696,Diglett,LINKED
pkm-generations-39-83-b69d26d67b,Generations,Dugtrio,39/83,113697,Dugtrio,LINKED
pkm-generations-40-83-141f1f2c9a,Generations,Machop,40/83,113698,Machop,LINKED
pkm-generations-41-83-e4739018ad,Generations,Machoke,41/83,113699,Machoke,LINKED
pkm-generations-42-83-08a173a095,Generations,Machamp,42/83,113700,Machamp,LINKED
pkm-generations-43-83-1b53518d40,Generations,Geodude,43/83,600060,Geodude (Stamped),LINKED
pkm-generations-43-83-1b53518d40,Generations,Geodude,43/83,113701,Geodude,LINKED
pkm-generations-44-83-ca16fbcde0,Generations,Graveler,44/83,113702,Graveler,LINKED
pkm-generations-45-83-f44dbe2896,Generations,Golem,45/83,113703,Golem,LINKED
pkm-generations-46-83-387702e929,Generations,Golem-EX,46/83,113704,Golem EX,LINKED
pkm-generations-47-83-8aef6049b6,Generations,Hitmonlee,47/83,113705,Hitmonlee,LINKED
pkm-generations-48-83-b60711b495,Generations,Hitmonchan,48/83,113706,Hitmonchan,LINKED
pkm-generations-49-83-6afa337481,Generations,Rhyhorn,49/83,113707,Rhyhorn,LINKED
pkm-generations-50-83-9a96f9c5f1,Generations,Clefairy,50/83,113708,Clefairy,LINKED
pkm-generations-51-83-c687c45db7,Generations,Clefable,51/83,113709,Clefable,LINKED
pkm-generations-52-83-c5dca244d6,Generations,Mr. Mime,52/83,113710,Mr. Mime,LINKED
pkm-generations-53-83-7e83bab7bb,Generations,Meowth,53/83,113711,Meowth,LINKED
pkm-generations-54-83-b2e0815878,Generations,Persian,54/83,113712,Persian,LINKED
pkm-generations-55-83-aec68d769d,Generations,Doduo,55/83,113713,Doduo,LINKED
pkm-generations-56-83-e4b9ac3b5c,Generations,Dodrio,56/83,113714,Dodrio,LINKED
pkm-generations-57-83-358d5ba91d,Generations,Tauros,57/83,113715,Tauros,LINKED
pkm-generations-58-83-1690bf9051,Generations,Snorlax,58/83,113716,Snorlax,LINKED
pkm-generations-59-83-ecf61a76fb,Generations,Clemont,59/83,113717,Clemont,LINKED
pkm-generations-60-83-2196ca9f1d,Generations,Crushing Hammer,60/83,113718,Crushing Hammer,LINKED
pkm-generations-61-83-2cbd264025,Generations,Energy Switch,61/83,113719,Energy Switch,LINKED
pkm-generations-62-83-348bb15f18,Generations,Evosoda,62/83,113720,Evosoda,LINKED
pkm-generations-63-83-e1ba39fe86,Generations,Imakuni?,63/83,113721,Imakuni?,LINKED
pkm-generations-64-83-56861cb144,Generations,Maintenance,64/83,113722,Maintenance,LINKED
pkm-generations-65-83-97979a22bd,Generations,Max Revive,65/83,113723,Max Revive,LINKED
pkm-generations-66-83-55af7cd273,Generations,Olympia,66/83,113724,Olympia,LINKED
pkm-generations-67-83-152b4b3d18,Generations,Poké Ball,67/83,113725,Poke Ball,SKIP_NAME_MISMATCH
pkm-generations-68-83-24cabb9bd1,Generations,Pokémon Center Lady,68/83,113726,Pokemon Center Lady,SKIP_NAME_MISMATCH
pkm-generations-69-83-a58c128c5d,Generations,Pokémon Fan Club,69/83,113727,Pokemon Fan Club,SKIP_NAME_MISMATCH
pkm-generations-70-83-e640eb5306,Generations,Revitalizer,70/83,113728,Revitalizer,LINKED
pkm-generations-71-83-8ac9e1f04e,Generations,Red Card,71/83,113729,Red Card,LINKED
pkm-generations-72-83-d6b57e2a5f,Generations,Shauna,72/83,113730,Shauna,LINKED
pkm-generations-73-83-96a2d03069,Generations,Team Flare Grunt,73/83,113731,Team Flare Grunt,LINKED
pkm-generations-74-83-3031482d18,Generations,Double Colorless Energy,74/83,113732,Double Colorless Energy,LINKED
pkm-generations-75-83-decfa6a902,Generations,Grass Energy,75/83,113733,Grass Energy,LINKED
pkm-generations-76-83-799584084f,Generations,Fire Energy,76/83,113734,Fire Energy,LINKED
pkm-generations-77-83-64feb04563,Generations,Water Energy,77/83,113735,Water Energy,LINKED
pkm-generations-78-83-29f2c21ac3,Generations,Lightning Energy,78/83,113736,Lightning Energy,LINKED
pkm-generations-79-83-aca00b6787,Generations,Psychic Energy,79/83,113737,Psychic Energy,LINKED
pkm-generations-81-83-1d8a9aab21,Generations,Darkness Energy,81/83,113739,Darkness Energy,LINKED
pkm-generations-82-83-2036db9012,Generations,Metal Energy,82/83,113740,Metal Energy,LINKED
pkm-generations-83-83-5ce057755c,Generations,Fairy Energy,83/83,113741,Fairy Energy,LINKED
pkm-kalos-starter-set-1-39-6dec02df5c,Kalos Starter Set,Weedle,1/39,90549,Weedle,LINKED
pkm-kalos-starter-set-2-39-a22eaca1c4,Kalos Starter Set,Pansage,2/39,87939,Pansage,LINKED
pkm-kalos-starter-set-3-39-78a6ef101b,Kalos Starter Set,Chespin,3/39,84271,Chespin,LINKED
pkm-kalos-starter-set-4-39-c93738fa95,Kalos Starter Set,Quilladin,4/39,88490,Quilladin,LINKED
pkm-kalos-starter-set-5-39-6a0cbb9a68,Kalos Starter Set,Chesnaught,5/39,84268,Chesnaught,LINKED
pkm-kalos-starter-set-6-39-8b8e319556,Kalos Starter Set,Slugma,6/39,89348,Slugma,LINKED
pkm-kalos-starter-set-7-39-70841f2c37,Kalos Starter Set,Pansear,7/39,87946,Pansear,LINKED
pkm-kalos-starter-set-8-39-243d754a78,Kalos Starter Set,Fennekin,8/39,85411,Fennekin,LINKED
pkm-kalos-starter-set-9-39-7abdf82ddd,Kalos Starter Set,Braixen,9/39,83949,Braixen,LINKED
pkm-kalos-starter-set-10-39-d88f8e8459,Kalos Starter Set,Delphox,10/39,84753,Delphox,LINKED
pkm-kalos-starter-set-11-39-b69f999aad,Kalos Starter Set,Panpour,11/39,87931,Panpour,LINKED
pkm-kalos-starter-set-12-39-013c26edf9,Kalos Starter Set,Froakie,12/39,85569,Froakie,LINKED
pkm-kalos-starter-set-13-39-a69c8f77ca,Kalos Starter Set,Frogadier,13/39,85571,Frogadier,LINKED
pkm-kalos-starter-set-14-39-322f7a26ad,Kalos Starter Set,Greninja,14/39,85903,Greninja,LINKED
pkm-kalos-starter-set-15-39-ccb139b8a7,Kalos Starter Set,Clauncher,15/39,84326,Clauncher,LINKED
pkm-kalos-starter-set-16-39-d64f8c60be,Kalos Starter Set,Poochyena,16/39,88302,Poochyena,LINKED
pkm-kalos-starter-set-17-39-d68becd8a7,Kalos Starter Set,Mightyena,17/39,87449,Mightyena,LINKED
pkm-kalos-starter-set-18-39-92b30c5fc3,Kalos Starter Set,Inkay,18/39,86285,Inkay,LINKED
pkm-kalos-starter-set-19-39-2f436ce7ea,Kalos Starter Set,Pawniard,19/39,87973,Pawniard,LINKED
pkm-kalos-starter-set-20-39-64e9b14819,Kalos Starter Set,Bisharp,20/39,83847,Bisharp,LINKED
pkm-kalos-starter-set-21-39-c254634aaa,Kalos Starter Set,Honedge,21/39,86167,Honedge,LINKED
pkm-kalos-starter-set-22-39-21560b365c,Kalos Starter Set,Snubbull,22/39,89418,Snubbull,LINKED
pkm-kalos-starter-set-23-39-cf3a70e134,Kalos Starter Set,Granbull,23/39,85867,Granbull,LINKED
pkm-kalos-starter-set-24-39-f216e93df5,Kalos Starter Set,Swirlix,24/39,89708,Swirlix,LINKED
pkm-kalos-starter-set-25-39-c1c49ff96e,Kalos Starter Set,Farfetch'd,25/39,85390,Farfetch'd,LINKED
pkm-kalos-starter-set-26-39-37b572a32d,Kalos Starter Set,Snorlax,26/39,89394,Snorlax,LINKED
pkm-kalos-starter-set-27-39-9668b3df72,Kalos Starter Set,Miltank,27/39,87468,Miltank,LINKED
pkm-kalos-starter-set-28-39-8793d6b6fd,Kalos Starter Set,Skitty,28/39,89272,Skitty,LINKED
pkm-kalos-starter-set-29-39-1248126989,Kalos Starter Set,Bidoof,29/39,83831,Bidoof,LINKED
pkm-kalos-starter-set-30-39-c2b5f5d81e,Kalos Starter Set,Bunnelby,30/39,84047,Bunnelby,LINKED
pkm-kalos-starter-set-31-39-f26f56f349,Kalos Starter Set,Fletchling,31/39,85508,Fletchling,LINKED
pkm-kalos-starter-set-32-39-6e193fc9ac,Kalos Starter Set,Furfrou,32/39,85587,Furfrou (32),LINKED
pkm-kalos-starter-set-33-39-d01693dd14,Kalos Starter Set,Furfrou,33/39,85588,Furfrou (33),LINKED
pkm-kalos-starter-set-34-39-084d945af9,Kalos Starter Set,Crushing Hammer,34/39,84507,Crushing Hammer,LINKED
pkm-kalos-starter-set-35-39-3a90fde8b0,Kalos Starter Set,Poké Ball,35/39,88194,Poke Ball,SKIP_NAME_MISMATCH
pkm-kalos-starter-set-36-39-0ffce13e50,Kalos Starter Set,Pokémon Catcher,36/39,88211,Pokemon Catcher,SKIP_NAME_MISMATCH
pkm-kalos-starter-set-37-39-1cce7fd3b2,Kalos Starter Set,Potion,37/39,88349,Potion,LINKED
pkm-kalos-starter-set-38-39-38cde03de8,Kalos Starter Set,Switch,38/39,89723,Switch,LINKED
pkm-kalos-starter-set-39-39-22d4f54705,Kalos Starter Set,Tierno,39/39,89911,Tierno,LINKED
