putnam_card_id,catalog_set,card_name,printed_number,product_id,product_name,status,score
pkm-swsh-black-star-promos-swsh001-307-3427e49df3,SWSH Black Star Promos,Grookey,SWSH001/307,200300,Grookey - SWSH001,SKIP_NAME_MISMATCH,0.50
pkm-swsh-black-star-promos-swsh002-307-813fcac39d,SWSH Black Star Promos,Scorbunny,SWSH002/307,200301,Scorbunny - SWSH002,SKIP_NAME_MISMATCH,0.50
pkm-swsh-black-star-promos-swsh003-307-169ed20311,SWSH Black Star Promos,Sobble,SWSH003/307,200302,Sobble - SWSH003,SKIP_NAME_MISMATCH,0.50
pkm-swsh-black-star-promos-swsh004-307-db92bc625f,SWSH Black Star Promos,Meowth V,SWSH004/307,205465,Meowth V - SWSH004,SKIP_NAME_MISMATCH,0.67
pkm-swsh-black-star-promos-swsh005-307-7ff8bc479f,SWSH Black Star Promos,Meowth VMAX,SWSH005/307,205466,Meowth VMAX - SWSH005,SKIP_NAME_MISMATCH,0.67
pkm-swsh-black-star-promos-swsh006-307-da58fbe6c3,SWSH Black Star Promos,Rillaboom,SWSH006/307,208261,Rillaboom - SWSH006 (Prerelease),SKIP_NAME_MISMATCH,0.50
pkm-swsh-black-star-promos-swsh006-307-da58fbe6c3,SWSH Black Star Promos,Rillaboom,SWSH006/307,208260,Rillaboom - SWSH006 (Prerelease) [Staff],SKIP_NAME_MISMATCH,0.50
pkm-swsh-black-star-promos-swsh007-307-020c95d270,SWSH Black Star Promos,Frosmoth,SWSH007/307,208262,Frosmoth - SWSH007 (Prerelease),SKIP_NAME_MISMATCH,0.50
pkm-swsh-black-star-promos-swsh007-307-020c95d270,SWSH Black Star Promos,Frosmoth,SWSH007/307,208263,Frosmoth - SWSH007 (Prerelease) [Staff],SKIP_NAME_MISMATCH,0.50
pkm-swsh-black-star-promos-swsh008-307-09631d3068,SWSH Black Star Promos,Galarian Perrserker,SWSH008/307,208265,Galarian Perrserker - SWSH008 (Prerelease),SKIP_NAME_MISMATCH,0.67
pkm-swsh-black-star-promos-swsh008-307-09631d3068,SWSH Black Star Promos,Galarian Perrserker,SWSH008/307,208264,Galarian Perrserker - SWSH008 (Prerelease) [Staff],SKIP_NAME_MISMATCH,0.67
pkm-swsh-black-star-promos-swsh009-307-d283536c87,SWSH Black Star Promos,Cinccino,SWSH009/307,208266,Cinccino - SWSH009 (Prerelease),SKIP_NAME_MISMATCH,0.50
pkm-swsh-black-star-promos-swsh009-307-d283536c87,SWSH Black Star Promos,Cinccino,SWSH009/307,208267,Cinccino - SWSH009 (Prerelease) [Staff],SKIP_NAME_MISMATCH,0.50
pkm-swsh-black-star-promos-swsh010-307-d0b6198f9d,SWSH Black Star Promos,Gossifleur,SWSH010/307,206429,Gossifleur - SWSH010,SKIP_NAME_MISMATCH,0.50
pkm-swsh-black-star-promos-swsh011-307-f9d7d5bf50,SWSH Black Star Promos,Wooloo,SWSH011/307,206427,Wooloo - SWSH011,SKIP_NAME_MISMATCH,0.50
pkm-swsh-black-star-promos-swsh012-307-32644c2cb0,SWSH Black Star Promos,Morpeko,SWSH012/307,206428,Morpeko - SWSH012,SKIP_NAME_MISMATCH,0.50
pkm-swsh-black-star-promos-swsh013-307-2acdb14502,SWSH Black Star Promos,Galarian Ponyta,SWSH013/307,206430,Galarian Ponyta - SWSH013,SKIP_NAME_MISMATCH,0.67
pkm-swsh-black-star-promos-swsh014-307-e2d97db323,SWSH Black Star Promos,Rillaboom V,SWSH014/307,206421,Rillaboom V - SWSH014,SKIP_NAME_MISMATCH,0.67
pkm-swsh-black-star-promos-swsh015-307-cff1d99ff8,SWSH Black Star Promos,Cinderace V,SWSH015/307,206419,Cinderace V - SWSH015,SKIP_NAME_MISMATCH,0.67
pkm-swsh-black-star-promos-swsh016-307-7cdc444aec,SWSH Black Star Promos,Inteleon V,SWSH016/307,206418,Inteleon V - SWSH016,SKIP_NAME_MISMATCH,0.67
pkm-swsh-black-star-promos-swsh017-307-717f0cde46,SWSH Black Star Promos,Toxtricity V,SWSH017/307,206425,Toxtricity V - SWSH017,SKIP_NAME_MISMATCH,0.67
pkm-swsh-black-star-promos-swsh018-307-99ed30277a,SWSH Black Star Promos,Zacian V,SWSH018/307,214233,Zacian V - SWSH018,SKIP_NAME_MISMATCH,0.67
pkm-swsh-black-star-promos-swsh019-307-a90daf2f9d,SWSH Black Star Promos,Zamazenta V,SWSH019/307,214234,Zamazenta V - SWSH019,SKIP_NAME_MISMATCH,0.67
pkm-swsh-black-star-promos-swsh020-307-f62ddc77d4,SWSH Black Star Promos,Pikachu,SWSH020/307,214241,Pikachu - SWSH020,SKIP_NAME_MISMATCH,0.50
pkm-swsh-black-star-promos-swsh021-307-236bb149b5,SWSH Black Star Promos,Polteageist V,SWSH021/307,214235,Polteageist V - SWSH021,SKIP_NAME_MISMATCH,0.67
pkm-swsh-black-star-promos-swsh022-307-0b62c8f680,SWSH Black Star Promos,Flapple,SWSH022/307,213096,Flapple - SWSH022 (Prerelease),SKIP_NAME_MISMATCH,0.50
pkm-swsh-black-star-promos-swsh022-307-0b62c8f680,SWSH Black Star Promos,Flapple,SWSH022/307,213097,Flapple - SWSH022 (Prerelease) [Staff],SKIP_NAME_MISMATCH,0.50
pkm-swsh-black-star-promos-swsh023-307-fd5a535841,SWSH Black Star Promos,Luxray,SWSH023/307,213144,Luxray - SWSH023 (Prerelease),SKIP_NAME_MISMATCH,0.50
pkm-swsh-black-star-promos-swsh023-307-fd5a535841,SWSH Black Star Promos,Luxray,SWSH023/307,213145,Luxray - SWSH023 (Prerelease) [Staff],SKIP_NAME_MISMATCH,0.50
pkm-swsh-black-star-promos-swsh024-307-9d276e92d4,SWSH Black Star Promos,Coalossal,SWSH024/307,213196,Coalossal - SWSH024 (Prerelease),SKIP_NAME_MISMATCH,0.50
pkm-swsh-black-star-promos-swsh024-307-9d276e92d4,SWSH Black Star Promos,Coalossal,SWSH024/307,213197,Coalossal - SWSH024 (Prerelease) [Staff],SKIP_NAME_MISMATCH,0.50
pkm-swsh-black-star-promos-swsh025-307-eaf96e6c15,SWSH Black Star Promos,Garbodor,SWSH025/307,213211,Garbodor - SWSH025 (Prerelease),SKIP_NAME_MISMATCH,0.50
pkm-swsh-black-star-promos-swsh025-307-eaf96e6c15,SWSH Black Star Promos,Garbodor,SWSH025/307,213212,Garbodor - SWSH025 (Prerelease) [Staff],SKIP_NAME_MISMATCH,0.50
pkm-swsh-black-star-promos-swsh026-307-e1f95e00ff,SWSH Black Star Promos,Mantine,SWSH026/307,,,NO_CANDIDATE,
pkm-swsh-black-star-promos-swsh027-307-299e0077f0,SWSH Black Star Promos,Noctowl,SWSH027/307,214238,Noctowl - SWSH027,SKIP_NAME_MISMATCH,0.50
pkm-swsh-black-star-promos-swsh028-307-b1c61312b9,SWSH Black Star Promos,Duraludon,SWSH028/307,214239,Duraludon - SWSH028,SKIP_NAME_MISMATCH,0.50
pkm-swsh-black-star-promos-swsh029-307-26cb3068b7,SWSH Black Star Promos,Rayquaza,SWSH029/307,214240,Rayquaza - SWSH029,SKIP_NAME_MISMATCH,0.50
pkm-swsh-black-star-promos-swsh030-307-d7f1cc3833,SWSH Black Star Promos,Copperajah V,SWSH030/307,214228,Copperajah V - SWSH030,SKIP_NAME_MISMATCH,0.67
pkm-swsh-black-star-promos-swsh031-307-54d40ce1df,SWSH Black Star Promos,Morpeko,SWSH031/307,210579,Morpeko - SWSH031,SKIP_NAME_MISMATCH,0.50
pkm-swsh-black-star-promos-swsh032-307-d0698a0a37,SWSH Black Star Promos,Snorlax,SWSH032/307,210578,Snorlax - SWSH032,SKIP_NAME_MISMATCH,0.50
pkm-swsh-black-star-promos-swsh033-307-45fe28c866,SWSH Black Star Promos,Zacian,SWSH033/307,220313,Zacian - SWSH033,SKIP_NAME_MISMATCH,0.50
pkm-swsh-black-star-promos-swsh034-307-eb98f1029a,SWSH Black Star Promos,Zamazenta,SWSH034/307,220314,Zamazenta - SWSH034,SKIP_NAME_MISMATCH,0.50
pkm-swsh-black-star-promos-swsh035-307-f92dc19f07,SWSH Black Star Promos,Decidueye,SWSH035/307,218579,Decidueye - SWSH035 (Prerelease),SKIP_NAME_MISMATCH,0.50
pkm-swsh-black-star-promos-swsh035-307-f92dc19f07,SWSH Black Star Promos,Decidueye,SWSH035/307,218578,Decidueye - SWSH035 (Prerelease) [Staff],SKIP_NAME_MISMATCH,0.50
pkm-swsh-black-star-promos-swsh036-307-651205b30f,SWSH Black Star Promos,Arctozolt,SWSH036/307,218580,Arctozolt - SWSH036 (Prerelease),SKIP_NAME_MISMATCH,0.50
pkm-swsh-black-star-promos-swsh036-307-651205b30f,SWSH Black Star Promos,Arctozolt,SWSH036/307,218581,Arctozolt - SWSH036 (Prerelease) [Staff],SKIP_NAME_MISMATCH,0.50
pkm-swsh-black-star-promos-swsh037-307-ac3d206154,SWSH Black Star Promos,Hydreigon,SWSH037/307,218583,Hydreigon - SWSH037 (Prerelease),SKIP_NAME_MISMATCH,0.50
pkm-swsh-black-star-promos-swsh037-307-ac3d206154,SWSH Black Star Promos,Hydreigon,SWSH037/307,218582,Hydreigon - SWSH037 (Prerelease) [Staff],SKIP_NAME_MISMATCH,0.50
pkm-swsh-black-star-promos-swsh038-307-87aa596689,SWSH Black Star Promos,Kangaskhan,SWSH038/307,218574,Kangaskhan - SWSH038 (Prerelease),SKIP_NAME_MISMATCH,0.50
pkm-swsh-black-star-promos-swsh038-307-87aa596689,SWSH Black Star Promos,Kangaskhan,SWSH038/307,218576,Kangaskhan - SWSH038 (Prerelease) [Staff],SKIP_NAME_MISMATCH,0.50
pkm-swsh-black-star-promos-swsh039-307-542ff75edb,SWSH Black Star Promos,Pikachu,SWSH039/307,220268,Pikachu - SWSH039,SKIP_NAME_MISMATCH,0.50
pkm-swsh-black-star-promos-swsh040-307-f8d44c377e,SWSH Black Star Promos,Hatenna,SWSH040/307,220269,Hatenna - SWSH040,SKIP_NAME_MISMATCH,0.50
pkm-swsh-black-star-promos-swsh041-307-e6be820d4a,SWSH Black Star Promos,Flareon,SWSH041/307,220270,Flareon - SWSH041,SKIP_NAME_MISMATCH,0.50
pkm-swsh-black-star-promos-swsh042-307-8fac8e15cb,SWSH Black Star Promos,Eevee,SWSH042/307,220271,Eevee - SWSH042,SKIP_NAME_MISMATCH,0.50
pkm-swsh-black-star-promos-swsh043-307-9ecf8e8451,SWSH Black Star Promos,Galarian Sirfetch'd V,SWSH043/307,220273,Galarian Sirfetch'd V - SWSH043,LINKED,0.92
pkm-swsh-black-star-promos-swsh044-307-79057dec76,SWSH Black Star Promos,Eternatus V,SWSH044/307,220279,Eternatus V - SWSH044,SKIP_NAME_MISMATCH,0.67
pkm-swsh-black-star-promos-swsh045-307-b8a319507a,SWSH Black Star Promos,Eternatus VMAX,SWSH045/307,220281,Eternatus VMAX - SWSH045,SKIP_NAME_MISMATCH,0.67
pkm-swsh-black-star-promos-swsh046-307-86b30af025,SWSH Black Star Promos,Eldegoss,SWSH046/307,223751,Eldegoss - SWSH046,SKIP_NAME_MISMATCH,0.50
pkm-swsh-black-star-promos-swsh047-307-386b2efc8e,SWSH Black Star Promos,Drednaw,SWSH047/307,223750,Drednaw - SWSH047,SKIP_NAME_MISMATCH,0.50
pkm-swsh-black-star-promos-swsh048-307-6d42d89a50,SWSH Black Star Promos,Centiskorch,SWSH048/307,223749,Centiskorch - SWSH048,SKIP_NAME_MISMATCH,0.50
pkm-swsh-black-star-promos-swsh049-307-fc9c852a22,SWSH Black Star Promos,Dubwool V,SWSH049/307,223752,Dubwool V - SWSH049,SKIP_NAME_MISMATCH,0.67
pkm-swsh-black-star-promos-swsh050-307-13e0bd909c,SWSH Black Star Promos,Charizard V,SWSH050/307,223754,Charizard V - SWSH050,SKIP_NAME_MISMATCH,0.67
pkm-swsh-black-star-promos-swsh051-307-c3d4efb63c,SWSH Black Star Promos,Lapras,SWSH051/307,222071,Lapras - SWSH051,SKIP_NAME_MISMATCH,0.50
pkm-swsh-black-star-promos-swsh052-307-465b3afbd1,SWSH Black Star Promos,Gengar,SWSH052/307,222072,Gengar - SWSH052,SKIP_NAME_MISMATCH,0.50
pkm-swsh-black-star-promos-swsh053-307-8f79665088,SWSH Black Star Promos,Machamp,SWSH053/307,222073,Machamp - SWSH053,SKIP_NAME_MISMATCH,0.50
pkm-swsh-black-star-promos-swsh054-307-1fdf5d381d,SWSH Black Star Promos,Coalossal,SWSH054/307,222074,Coalossal - SWSH054,SKIP_NAME_MISMATCH,0.50
pkm-swsh-black-star-promos-swsh055-307-ad11476c92,SWSH Black Star Promos,Hatterene V,SWSH055/307,223755,Hatterene V - SWSH055,SKIP_NAME_MISMATCH,0.67
pkm-swsh-black-star-promos-swsh056-307-0d6105c223,SWSH Black Star Promos,Morpeko V,SWSH056/307,223757,Morpeko V - SWSH056,SKIP_NAME_MISMATCH,0.67
pkm-swsh-black-star-promos-swsh057-307-1790804501,SWSH Black Star Promos,Grimmsnarl V,SWSH057/307,223758,Grimmsnarl V - SWSH057,SKIP_NAME_MISMATCH,0.67
pkm-swsh-black-star-promos-swsh058-307-08d6e2cf60,SWSH Black Star Promos,Alcremie,SWSH058/307,227029,Alcremie - SWSH058,SKIP_NAME_MISMATCH,0.50
pkm-swsh-black-star-promos-swsh059-307-319d03e624,SWSH Black Star Promos,Galarian Obstagoon,SWSH059/307,227030,Galarian Obstagoon - SWSH059,SKIP_NAME_MISMATCH,0.67
pkm-swsh-black-star-promos-swsh060-307-25c58eec48,SWSH Black Star Promos,Duraludon,SWSH060/307,227031,Duraludon - SWSH060,SKIP_NAME_MISMATCH,0.50
pkm-swsh-black-star-promos-swsh061-307-aceec5b31d,SWSH Black Star Promos,Pikachu V,SWSH061/307,232434,Pikachu V - SWSH061,SKIP_NAME_MISMATCH,0.67
pkm-swsh-black-star-promos-swsh062-307-aafd68eec2,SWSH Black Star Promos,Pikachu VMAX,SWSH062/307,251086,Pikachu VMAX - SWSH062,SKIP_NAME_MISMATCH,0.67
pkm-swsh-black-star-promos-swsh063-307-a116838666,SWSH Black Star Promos,Pikachu V,SWSH063/307,220315,Pikachu V - SWSH063,SKIP_NAME_MISMATCH,0.67
pkm-swsh-black-star-promos-swsh064-307-320b5ee4d0,SWSH Black Star Promos,Eternatus V,SWSH064/307,220316,Eternatus V - SWSH064,SKIP_NAME_MISMATCH,0.67
pkm-swsh-black-star-promos-swsh065-307-1d2a0fae32,SWSH Black Star Promos,Eevee V,SWSH065/307,220317,Eevee V - SWSH065,SKIP_NAME_MISMATCH,0.67
pkm-swsh-black-star-promos-swsh066-307-7276bf182c,SWSH Black Star Promos,Charizard,SWSH066/307,224365,Charizard - SWSH066 (Prerelease),SKIP_NAME_MISMATCH,0.50
pkm-swsh-black-star-promos-swsh066-307-7276bf182c,SWSH Black Star Promos,Charizard,SWSH066/307,224366,Charizard - SWSH066 (Prerelease) [Staff],SKIP_NAME_MISMATCH,0.50
pkm-swsh-black-star-promos-swsh067-307-704936ae76,SWSH Black Star Promos,Donphan,SWSH067/307,224368,Donphan - SWSH067 (Prerelease),SKIP_NAME_MISMATCH,0.50
pkm-swsh-black-star-promos-swsh067-307-704936ae76,SWSH Black Star Promos,Donphan,SWSH067/307,224367,Donphan - SWSH067 (Prerelease) [Staff],SKIP_NAME_MISMATCH,0.50
pkm-swsh-black-star-promos-swsh068-307-07f0f48616,SWSH Black Star Promos,Snorlax,SWSH068/307,224361,Snorlax - SWSH068 (Prerelease),SKIP_NAME_MISMATCH,0.50
pkm-swsh-black-star-promos-swsh068-307-07f0f48616,SWSH Black Star Promos,Snorlax,SWSH068/307,224362,Snorlax - SWSH068 (Prerelease) [Staff],SKIP_NAME_MISMATCH,0.50
pkm-swsh-black-star-promos-swsh069-307-8e55dc8d39,SWSH Black Star Promos,Lugia,SWSH069/307,224364,Lugia - SWSH069 (Prerelease),SKIP_NAME_MISMATCH,0.50
pkm-swsh-black-star-promos-swsh069-307-8e55dc8d39,SWSH Black Star Promos,Lugia,SWSH069/307,224363,Lugia - SWSH069 (Prerelease) [Staff],SKIP_NAME_MISMATCH,0.50
pkm-swsh-black-star-promos-swsh070-307-779b85947a,SWSH Black Star Promos,Grookey,SWSH070/307,227028,Grookey - SWSH070,SKIP_NAME_MISMATCH,0.50
pkm-swsh-black-star-promos-swsh071-307-62fe50c528,SWSH Black Star Promos,Scorbunny,SWSH071/307,227027,Scorbunny - SWSH071,SKIP_NAME_MISMATCH,0.50
pkm-swsh-black-star-promos-swsh072-307-d1648583c0,SWSH Black Star Promos,Vaporeon,SWSH072/307,221753,Vaporeon - SWSH072,SKIP_NAME_MISMATCH,0.50
pkm-swsh-black-star-promos-swsh073-307-6264d386c4,SWSH Black Star Promos,Sobble,SWSH073/307,221754,Sobble - SWSH073,SKIP_NAME_MISMATCH,0.50
pkm-swsh-black-star-promos-swsh074-307-942f1e5b69,SWSH Black Star Promos,Special Delivery Pikachu,SWSH074/307,227646,Special Delivery Pikachu - SWSH074,LINKED,0.91
pkm-swsh-black-star-promos-swsh075-307-673add0fdf,SWSH Black Star Promos,Special Delivery Charizard,SWSH075/307,282259,Special Delivery Charizard - SWSH075,LINKED,0.91
pkm-swsh-black-star-promos-swsh076-307-0060d20372,SWSH Black Star Promos,Zacian V,SWSH076/307,228595,Zacian V - SWSH076,SKIP_NAME_MISMATCH,0.67
pkm-swsh-black-star-promos-swsh077-307-233f8bcb0b,SWSH Black Star Promos,Zamazenta V,SWSH077/307,228596,Zamazenta V - SWSH077,SKIP_NAME_MISMATCH,0.67
pkm-swsh-black-star-promos-swsh078-307-2c20f41987,SWSH Black Star Promos,Orbeetle V,SWSH078/307,227025,Orbeetle V - SWSH078,SKIP_NAME_MISMATCH,0.67
pkm-swsh-black-star-promos-swsh079-307-bc4ada8d68,SWSH Black Star Promos,Galarian Mr. Rime,SWSH079/307,232450,Galarian Mr. Rime - SWSH079,LINKED,0.91
pkm-swsh-black-star-promos-swsh080-307-71d20c4739,SWSH Black Star Promos,Dedenne,SWSH080/307,232453,Dedenne - SWSH080,SKIP_NAME_MISMATCH,0.50
pkm-swsh-black-star-promos-swsh081-307-be1888f08f,SWSH Black Star Promos,Polteageist,SWSH081/307,232458,Polteageist - SWSH081,SKIP_NAME_MISMATCH,0.50
pkm-swsh-black-star-promos-swsh082-307-f96ac7d7da,SWSH Black Star Promos,Bunnelby,SWSH082/307,232461,Bunnelby - SWSH082,SKIP_NAME_MISMATCH,0.50
pkm-swsh-black-star-promos-swsh083-307-6c768081bf,SWSH Black Star Promos,Alakazam V,SWSH083/307,228980,Alakazam V - SWSH083,SKIP_NAME_MISMATCH,0.67
pkm-swsh-black-star-promos-swsh084-307-b920791af4,SWSH Black Star Promos,Eldegoss V,SWSH084/307,232481,Eldegoss V - SWSH084,SKIP_NAME_MISMATCH,0.67
pkm-swsh-black-star-promos-swsh085-307-c055ecdad4,SWSH Black Star Promos,Boltund V,SWSH085/307,232499,Boltund V - SWSH085,SKIP_NAME_MISMATCH,0.67
pkm-swsh-black-star-promos-swsh086-307-71c06d2a7c,SWSH Black Star Promos,Cramorant V,SWSH086/307,232503,Cramorant V - SWSH086,SKIP_NAME_MISMATCH,0.67
pkm-swsh-black-star-promos-swsh087-307-effea080e1,SWSH Black Star Promos,Eevee VMAX,SWSH087/307,232611,Eevee VMAX - SWSH087,SKIP_NAME_MISMATCH,0.67
pkm-swsh-black-star-promos-swsh088-307-bdaf5b7e3c,SWSH Black Star Promos,Cherrim,SWSH088/307,234276,Cherrim - SWSH088 (Prerelease),SKIP_NAME_MISMATCH,0.50
pkm-swsh-black-star-promos-swsh089-307-f40fa8397a,SWSH Black Star Promos,Octillery,SWSH089/307,234277,Octillery - SWSH089 (Prerelease),SKIP_NAME_MISMATCH,0.50
pkm-swsh-black-star-promos-swsh090-307-e9289e90bb,SWSH Black Star Promos,Houndoom,SWSH090/307,234278,Houndoom - SWSH090 (Prerelease),SKIP_NAME_MISMATCH,0.50
pkm-swsh-black-star-promos-swsh091-307-f8e865819f,SWSH Black Star Promos,Bronzong,SWSH091/307,234279,Bronzong - SWSH091 (Prerelease),SKIP_NAME_MISMATCH,0.50
pkm-swsh-black-star-promos-swsh092-307-557b8a3e68,SWSH Black Star Promos,Charmander,SWSH092/307,234282,Charmander - SWSH092,SKIP_NAME_MISMATCH,0.50
pkm-swsh-black-star-promos-swsh093-307-80f1414881,SWSH Black Star Promos,Arrokuda,SWSH093/307,234283,Arrokuda - SWSH093,SKIP_NAME_MISMATCH,0.50
pkm-swsh-black-star-promos-swsh094-307-bd7cff437b,SWSH Black Star Promos,Jolteon,SWSH094/307,234284,Jolteon - SWSH094,SKIP_NAME_MISMATCH,0.50
pkm-swsh-black-star-promos-swsh095-307-4a33cefa7b,SWSH Black Star Promos,Eevee,SWSH095/307,234287,Eevee - SWSH095,SKIP_NAME_MISMATCH,0.50
pkm-swsh-black-star-promos-swsh096-307-c64506397e,SWSH Black Star Promos,Dragapult V,SWSH096/307,232610,Dragapult V - SWSH096,SKIP_NAME_MISMATCH,0.67
pkm-swsh-black-star-promos-swsh097-307-bf15cf27d6,SWSH Black Star Promos,Dragapult VMAX,SWSH097/307,232608,Dragapult VMAX - SWSH097,SKIP_NAME_MISMATCH,0.67
pkm-swsh-black-star-promos-swsh098-307-6156a365a7,SWSH Black Star Promos,Crobat V,SWSH098/307,232612,Crobat V - SWSH098,SKIP_NAME_MISMATCH,0.67
pkm-swsh-black-star-promos-swsh099-307-3c49e9ee5a,SWSH Black Star Promos,Crobat VMAX,SWSH099/307,232613,Crobat VMAX - SWSH099,SKIP_NAME_MISMATCH,0.67
pkm-swsh-black-star-promos-swsh100-307-9536a86060,SWSH Black Star Promos,Venusaur V,SWSH100/307,232723,Venusaur V - SWSH100,SKIP_NAME_MISMATCH,0.67
pkm-swsh-black-star-promos-swsh101-307-badb35cb9f,SWSH Black Star Promos,Blastoise V,SWSH101/307,232724,Blastoise V - SWSH101,SKIP_NAME_MISMATCH,0.67
pkm-swsh-black-star-promos-swsh102-307-bbed71cf4d,SWSH Black Star Promos,Venusaur VMAX,SWSH102/307,234298,Venusaur VMAX - SWSH102,SKIP_NAME_MISMATCH,0.67
pkm-swsh-black-star-promos-swsh103-307-fa546b593e,SWSH Black Star Promos,Blastoise VMAX,SWSH103/307,234299,Blastoise VMAX - SWSH103,SKIP_NAME_MISMATCH,0.67
pkm-swsh-black-star-promos-swsh104-307-0082c8ca63,SWSH Black Star Promos,Victini V,SWSH104/307,,,NO_CANDIDATE,
pkm-swsh-black-star-promos-swsh105-307-fa7e187a70,SWSH Black Star Promos,Gardevoir V,SWSH105/307,238545,Gardevoir V - SWSH105,SKIP_NAME_MISMATCH,0.67
pkm-swsh-black-star-promos-swsh106-307-4af025b983,SWSH Black Star Promos,Single Strike Urshifu V,SWSH106/307,234296,Single Strike Urshifu V - SWSH106,LINKED,0.92
pkm-swsh-black-star-promos-swsh107-307-39898ec97e,SWSH Black Star Promos,Rapid Strike Urshifu V,SWSH107/307,234297,Rapid Strike Urshifu V - SWSH107,LINKED,0.92
pkm-swsh-black-star-promos-swsh108-307-a1be88f0fa,SWSH Black Star Promos,Empoleon V,SWSH108/307,238555,Empoleon V - SWSH108,SKIP_NAME_MISMATCH,0.67
pkm-swsh-black-star-promos-swsh109-307-c39fb8ba22,SWSH Black Star Promos,Tyranitar V,SWSH109/307,238553,Tyranitar V - SWSH109,SKIP_NAME_MISMATCH,0.67
pkm-swsh-black-star-promos-swsh110-307-23f641f064,SWSH Black Star Promos,Crobat V,SWSH110/307,245875,Crobat V - SWSH110,SKIP_NAME_MISMATCH,0.67
pkm-swsh-black-star-promos-swsh111-307-c50bc2b58b,SWSH Black Star Promos,Galarian Rapidash V,SWSH111/307,236054,Galarian Rapidash V - SWSH111,LINKED,0.91
pkm-swsh-black-star-promos-swsh112-307-d92fc498f3,SWSH Black Star Promos,Cinderace,SWSH112/307,240891,Cinderace - SWSH112 (Prerelease),SKIP_NAME_MISMATCH,0.50
pkm-swsh-black-star-promos-swsh113-307-6a032ca026,SWSH Black Star Promos,Inteleon,SWSH113/307,240892,Inteleon - SWSH113 (Prerelease),SKIP_NAME_MISMATCH,0.50
pkm-swsh-black-star-promos-swsh114-307-12fe210907,SWSH Black Star Promos,Cresselia,SWSH114/307,240893,Cresselia - SWSH114 (Prerelease),SKIP_NAME_MISMATCH,0.50
pkm-swsh-black-star-promos-swsh115-307-0a88996970,SWSH Black Star Promos,Passimian,SWSH115/307,240894,Passimian - SWSH115 (Prerelease),SKIP_NAME_MISMATCH,0.50
pkm-swsh-black-star-promos-swsh116-307-31eaba7e7d,SWSH Black Star Promos,Morpeko,SWSH116/307,241881,Morpeko - SWSH116,SKIP_NAME_MISMATCH,0.50
pkm-swsh-black-star-promos-swsh117-307-af584f2da2,SWSH Black Star Promos,Phanpy,SWSH117/307,241882,Phanpy - SWSH117,SKIP_NAME_MISMATCH,0.50
pkm-swsh-black-star-promos-swsh118-307-9f3a94ed11,SWSH Black Star Promos,Eevee,SWSH118/307,241883,Eevee - SWSH118,SKIP_NAME_MISMATCH,0.50
pkm-swsh-black-star-promos-swsh119-307-cc56cdd2e0,SWSH Black Star Promos,Snorlax,SWSH119/307,241884,Snorlax - SWSH119,SKIP_NAME_MISMATCH,0.50
pkm-swsh-black-star-promos-swsh120-307-4c4f912a46,SWSH Black Star Promos,Marnie,SWSH120/307,245871,Marnie - SWSH120,SKIP_NAME_MISMATCH,0.50
pkm-swsh-black-star-promos-swsh121-307-c0a5d91836,SWSH Black Star Promos,Marnie,SWSH121/307,245872,Marnie - SWSH121,SKIP_NAME_MISMATCH,0.50
pkm-swsh-black-star-promos-swsh122-307-941f2b9194,SWSH Black Star Promos,Flaaffy,SWSH122/307,246931,Flaaffy - SWSH122 (Prerelease),SKIP_NAME_MISMATCH,0.50
pkm-swsh-black-star-promos-swsh123-307-7f3f27f5ed,SWSH Black Star Promos,Galarian Articuno,SWSH123/307,246927,Galarian Articuno - SWSH123 (Prerelease),SKIP_NAME_MISMATCH,0.67
pkm-swsh-black-star-promos-swsh124-307-3976957fcd,SWSH Black Star Promos,Galarian Zapdos,SWSH124/307,246933,Galarian Zapdos - SWSH124 (Prerelease),SKIP_NAME_MISMATCH,0.67
pkm-swsh-black-star-promos-swsh125-307-5f10d5692d,SWSH Black Star Promos,Galarian Moltres,SWSH125/307,246929,Galarian Moltres - SWSH125 (Prerelease),SKIP_NAME_MISMATCH,0.67
pkm-swsh-black-star-promos-swsh126-307-44496aadd6,SWSH Black Star Promos,Galarian Slowpoke,SWSH126/307,247290,Galarian Slowpoke - SWSH126,SKIP_NAME_MISMATCH,0.67
pkm-swsh-black-star-promos-swsh127-307-fb20d5d91f,SWSH Black Star Promos,Eevee,SWSH127/307,247291,Eevee - SWSH127,SKIP_NAME_MISMATCH,0.50
pkm-swsh-black-star-promos-swsh128-307-54013a8da1,SWSH Black Star Promos,Eiscue,SWSH128/307,247292,Eiscue - SWSH128,SKIP_NAME_MISMATCH,0.50
pkm-swsh-black-star-promos-swsh129-307-26e8947d77,SWSH Black Star Promos,Umbreon,SWSH129/307,247294,Umbreon - SWSH129,SKIP_NAME_MISMATCH,0.50
pkm-swsh-black-star-promos-swsh130-307-0de672569d,SWSH Black Star Promos,Ice Rider Calyrex V,SWSH130/307,245868,Ice Rider Calyrex V - SWSH130,LINKED,0.92
pkm-swsh-black-star-promos-swsh131-307-4c999cf702,SWSH Black Star Promos,Shadow Rider Calyrex V,SWSH131/307,547707,Dragonite (Silver Tempest Stamped),SKIP_NAME_MISMATCH,0.00
pkm-swsh-black-star-promos-swsh131-307-4c999cf702,SWSH Black Star Promos,Shadow Rider Calyrex V,SWSH131/307,245867,Shadow Rider Calyrex V - SWSH131,LINKED,0.92
pkm-swsh-black-star-promos-swsh132-307-5e588c9f31,SWSH Black Star Promos,Dragapult,SWSH132/307,251088,Dragapult (Prime) - SWSH132,SKIP_NAME_MISMATCH,0.33
pkm-swsh-black-star-promos-swsh133-307-260b84296b,SWSH Black Star Promos,Lance's Charizard V,SWSH133/307,251089,Lance's Charizard V - SWSH133,LINKED,0.92
pkm-swsh-black-star-promos-swsh134-307-8b392c6517,SWSH Black Star Promos,Dark Sylveon V,SWSH134/307,251090,Dark Sylveon V - SWSH134,LINKED,0.91
pkm-swsh-black-star-promos-swsh135-307-864a4032a0,SWSH Black Star Promos,Zacian LV.X,SWSH135/307,251091,Zacian LV. X - SWSH135,LINKED,0.91
pkm-swsh-black-star-promos-swsh136-307-9eb68989ac,SWSH Black Star Promos,Mimikyu δ,SWSH136/307,251092,Mimikyu (Delta Species) - SWSH136,LINKED,0.91
pkm-swsh-black-star-promos-swsh137-307-0f51f57956,SWSH Black Star Promos,Light Toxtricity,SWSH137/307,251093,Light Toxtricity - SWSH137,SKIP_NAME_MISMATCH,0.67
pkm-swsh-black-star-promos-swsh138-307-cd02aec86d,SWSH Black Star Promos,Hydreigon C,SWSH138/307,251094,Hydreigon C lv.61 - SWSH138,SKIP_NAME_MISMATCH,0.40
pkm-swsh-black-star-promos-swsh139-307-d9de053675,SWSH Black Star Promos,Pikachu V-UNION,SWSH139/307,251095,Pikachu V-Union - SWSH139,SKIP_NAME_MISMATCH,0.67
pkm-swsh-black-star-promos-swsh140-307-f3d5cb45b0,SWSH Black Star Promos,Pikachu V-UNION,SWSH140/307,251096,Pikachu V-Union - SWSH140,SKIP_NAME_MISMATCH,0.67
pkm-swsh-black-star-promos-swsh141-307-e63f6880a7,SWSH Black Star Promos,Pikachu V-UNION,SWSH141/307,251097,Pikachu V-Union - SWSH141,SKIP_NAME_MISMATCH,0.67
pkm-swsh-black-star-promos-swsh142-307-b76af1187a,SWSH Black Star Promos,Pikachu V-UNION,SWSH142/307,251098,Pikachu V-Union - SWSH142,SKIP_NAME_MISMATCH,0.67
pkm-swsh-black-star-promos-swsh143-307-c7c1f18b15,SWSH Black Star Promos,Pikachu V,SWSH143/307,251101,Pikachu V - SWSH143,SKIP_NAME_MISMATCH,0.67
pkm-swsh-black-star-promos-swsh145-307-ffdb0518f3,SWSH Black Star Promos,Pikachu V,SWSH145/307,251102,Pikachu V - SWSH145,SKIP_NAME_MISMATCH,0.67
pkm-swsh-black-star-promos-swsh146-307-f48c35d4f6,SWSH Black Star Promos,Poké Ball,SWSH146/307,251103,Poke Ball - SWSH146,SKIP_NAME_MISMATCH,0.67
pkm-swsh-black-star-promos-swsh147-307-fdd42e83aa,SWSH Black Star Promos,Rayquaza V,SWSH147/307,250577,Rayquaza V - SWSH147,SKIP_NAME_MISMATCH,0.67
pkm-swsh-black-star-promos-swsh148-307-8e04e0acc2,SWSH Black Star Promos,Noivern V,SWSH148/307,250578,Noivern V - SWSH148,SKIP_NAME_MISMATCH,0.67
pkm-swsh-black-star-promos-swsh149-307-9860723dec,SWSH Black Star Promos,Flareon V,SWSH149/307,247295,Flareon V - SWSH149,SKIP_NAME_MISMATCH,0.67
pkm-swsh-black-star-promos-swsh150-307-28172e63f7,SWSH Black Star Promos,Vaporeon V,SWSH150/307,247296,Vaporeon V - SWSH150,SKIP_NAME_MISMATCH,0.67
pkm-swsh-black-star-promos-swsh151-307-97b5d428a6,SWSH Black Star Promos,Jolteon V,SWSH151/307,247297,Jolteon V - SWSH151,SKIP_NAME_MISMATCH,0.67
pkm-swsh-black-star-promos-swsh152-307-17dbbeaf40,SWSH Black Star Promos,Professor's Research,SWSH152/307,268709,Professor's Research - SWSH152,LINKED,0.91
pkm-swsh-black-star-promos-swsh153-307-2ed4142afc,SWSH Black Star Promos,Pikachu,SWSH153/307,283301,Pikachu - SWSH153 (Holiday Calendar),SKIP_NAME_MISMATCH,0.25
pkm-swsh-black-star-promos-swsh154-307-0388d42e2d,SWSH Black Star Promos,Dragonite V,SWSH154/307,247298,Dragonite V - SWSH154,SKIP_NAME_MISMATCH,0.67
pkm-swsh-black-star-promos-swsh155-307-8b14f590c1,SWSH Black Star Promos,Greninja V-UNION,SWSH155/307,248887,Greninja V-UNION - SWSH155,SKIP_NAME_MISMATCH,0.67
pkm-swsh-black-star-promos-swsh156-307-f890ab4355,SWSH Black Star Promos,Greninja V-UNION,SWSH156/307,248888,Greninja V-UNION - SWSH156,SKIP_NAME_MISMATCH,0.67
pkm-swsh-black-star-promos-swsh157-307-d868e6c19c,SWSH Black Star Promos,Greninja V-UNION,SWSH157/307,248889,Greninja V-UNION - SWSH157,SKIP_NAME_MISMATCH,0.67
pkm-swsh-black-star-promos-swsh158-307-e724a9ba4e,SWSH Black Star Promos,Greninja V-UNION,SWSH158/307,248890,Greninja V-UNION - SWSH158,SKIP_NAME_MISMATCH,0.67
pkm-swsh-black-star-promos-swsh159-307-feaed0a009,SWSH Black Star Promos,Mewtwo V-UNION,SWSH159/307,248891,Mewtwo V-UNION - SWSH159,SKIP_NAME_MISMATCH,0.67
pkm-swsh-black-star-promos-swsh160-307-2852ebea8a,SWSH Black Star Promos,Mewtwo V-UNION,SWSH160/307,248892,Mewtwo V-UNION - SWSH160,SKIP_NAME_MISMATCH,0.67
pkm-swsh-black-star-promos-swsh161-307-16d4062ab9,SWSH Black Star Promos,Mewtwo V-UNION,SWSH161/307,248893,Mewtwo V-UNION - SWSH161,SKIP_NAME_MISMATCH,0.67
pkm-swsh-black-star-promos-swsh162-307-b4fe2aa249,SWSH Black Star Promos,Mewtwo V-UNION,SWSH162/307,248894,Mewtwo V-UNION - SWSH162,SKIP_NAME_MISMATCH,0.67
pkm-swsh-black-star-promos-swsh163-307-f1b286acc4,SWSH Black Star Promos,Zacian V-UNION,SWSH163/307,247364,Zacian V-UNION - SWSH163,SKIP_NAME_MISMATCH,0.67
pkm-swsh-black-star-promos-swsh164-307-af645f5537,SWSH Black Star Promos,Zacian V-UNION,SWSH164/307,247365,Zacian V-UNION - SWSH164,SKIP_NAME_MISMATCH,0.67
pkm-swsh-black-star-promos-swsh165-307-fb6437fb31,SWSH Black Star Promos,Zacian V-UNION,SWSH165/307,247366,Zacian V-UNION - SWSH165,SKIP_NAME_MISMATCH,0.67
pkm-swsh-black-star-promos-swsh166-307-8c9663674d,SWSH Black Star Promos,Zacian V-UNION,SWSH166/307,247367,Zacian V-UNION - SWSH166,SKIP_NAME_MISMATCH,0.67
pkm-swsh-black-star-promos-swsh167-307-07198127cf,SWSH Black Star Promos,Professor Burnet,SWSH167/307,247299,Professor Burnet - SWSH167,SKIP_NAME_MISMATCH,0.67
pkm-swsh-black-star-promos-swsh167-307-07198127cf,SWSH Black Star Promos,Professor Burnet,SWSH167/307,247300,Professor Burnet - SWSH167 (25th Anniversary Stamp),SKIP_NAME_MISMATCH,0.33
pkm-swsh-black-star-promos-swsh168-307-7d0ccf752b,SWSH Black Star Promos,Oricorio,SWSH168/307,253404,Oricorio - SWSH168 (Prerelease),SKIP_NAME_MISMATCH,0.50
pkm-swsh-black-star-promos-swsh169-307-ee81e589af,SWSH Black Star Promos,Pyukumuku,SWSH169/307,253405,Pyukumuku - SWSH169 (Prerelease),SKIP_NAME_MISMATCH,0.50
pkm-swsh-black-star-promos-swsh170-307-9a60209d8e,SWSH Black Star Promos,Deoxys,SWSH170/307,253406,Deoxys - SWSH170 (Prerelease),SKIP_NAME_MISMATCH,0.50
pkm-swsh-black-star-promos-swsh171-307-568363f571,SWSH Black Star Promos,Latias,SWSH171/307,253407,Latias - SWSH171 (Prerelease),SKIP_NAME_MISMATCH,0.50
pkm-swsh-black-star-promos-swsh172-307-e79f211d05,SWSH Black Star Promos,Tepig,SWSH172/307,253408,Tepig - SWSH172,SKIP_NAME_MISMATCH,0.50
pkm-swsh-black-star-promos-swsh173-307-68018c24c4,SWSH Black Star Promos,Blitzle,SWSH173/307,253409,Blitzle - SWSH173,SKIP_NAME_MISMATCH,0.50
pkm-swsh-black-star-promos-swsh174-307-ea734633c3,SWSH Black Star Promos,Espeon,SWSH174/307,253410,Espeon - SWSH174,SKIP_NAME_MISMATCH,0.50
pkm-swsh-black-star-promos-swsh175-307-73981de99b,SWSH Black Star Promos,Eevee,SWSH175/307,253413,Eevee - SWSH175,SKIP_NAME_MISMATCH,0.50
pkm-swsh-black-star-promos-swsh176-307-9d12946270,SWSH Black Star Promos,Hoopa V,SWSH176/307,253412,Hoopa V - SWSH176,SKIP_NAME_MISMATCH,0.67
pkm-swsh-black-star-promos-swsh178-307-737ef26407,SWSH Black Star Promos,Professor's Research,SWSH178/307,278705,Professor's Research - SWSH178,LINKED,0.91
pkm-swsh-black-star-promos-swsh178-307-737ef26407,SWSH Black Star Promos,Professor's Research,SWSH178/307,246275,Professor's Research - SWSH178 (with Pokemon Go Code),SKIP_NAME_MISMATCH,0.38
pkm-swsh-black-star-promos-swsh179-307-dc643e6dd5,SWSH Black Star Promos,Flareon V,SWSH179/307,253414,Flareon V - SWSH179,SKIP_NAME_MISMATCH,0.67
pkm-swsh-black-star-promos-swsh180-307-a34d9c7b07,SWSH Black Star Promos,Flareon VMAX,SWSH180/307,253415,Flareon VMAX - SWSH180,SKIP_NAME_MISMATCH,0.67
pkm-swsh-black-star-promos-swsh181-307-0e8a93c743,SWSH Black Star Promos,Vaporeon V,SWSH181/307,253416,Vaporeon V - SWSH181,SKIP_NAME_MISMATCH,0.67
pkm-swsh-black-star-promos-swsh182-307-8b0c65e5a8,SWSH Black Star Promos,Vaporeon VMAX,SWSH182/307,253417,Vaporeon VMAX - SWSH182,SKIP_NAME_MISMATCH,0.67
pkm-swsh-black-star-promos-swsh183-307-7efaf103c1,SWSH Black Star Promos,Jolteon V,SWSH183/307,253418,Jolteon V - SWSH183,SKIP_NAME_MISMATCH,0.67
pkm-swsh-black-star-promos-swsh184-307-2614e4850e,SWSH Black Star Promos,Jolteon VMAX,SWSH184/307,253419,Jolteon VMAX - SWSH184,SKIP_NAME_MISMATCH,0.67
pkm-swsh-black-star-promos-swsh185-307-c5c0198737,SWSH Black Star Promos,Moltres,SWSH185/307,264277,Moltres - SWSH185,SKIP_NAME_MISMATCH,0.50
pkm-swsh-black-star-promos-swsh186-307-7087af0a96,SWSH Black Star Promos,Lucario,SWSH186/307,264278,Lucario - SWSH186,SKIP_NAME_MISMATCH,0.50
pkm-swsh-black-star-promos-swsh187-307-707476be06,SWSH Black Star Promos,Liepard,SWSH187/307,264279,Liepard - SWSH187,SKIP_NAME_MISMATCH,0.50
pkm-swsh-black-star-promos-swsh188-307-abdf3d0e57,SWSH Black Star Promos,Bibarel,SWSH188/307,264280,Bibarel - SWSH188,SKIP_NAME_MISMATCH,0.50
pkm-swsh-black-star-promos-swsh189-307-1be7eb3f54,SWSH Black Star Promos,Flapple,SWSH189/307,264282,Flapple - SWSH189,SKIP_NAME_MISMATCH,0.50
pkm-swsh-black-star-promos-swsh190-307-1766ab0ef0,SWSH Black Star Promos,Eevee,SWSH190/307,264283,Eevee - SWSH190,SKIP_NAME_MISMATCH,0.50
pkm-swsh-black-star-promos-swsh191-307-9838dd33cc,SWSH Black Star Promos,Leafeon,SWSH191/307,264284,Leafeon - SWSH191,SKIP_NAME_MISMATCH,0.50
pkm-swsh-black-star-promos-swsh192-307-86f63b61cc,SWSH Black Star Promos,Glaceon,SWSH192/307,264285,Glaceon - SWSH192,SKIP_NAME_MISMATCH,0.50
pkm-swsh-black-star-promos-swsh193-307-5e0a53d633,SWSH Black Star Promos,Galarian Obstagoon,SWSH193/307,268708,Galarian Obstagoon - SWSH193,SKIP_NAME_MISMATCH,0.67
pkm-swsh-black-star-promos-swsh194-307-e248975068,SWSH Black Star Promos,Leafeon V,SWSH194/307,262563,Leafeon V - SWSH194,SKIP_NAME_MISMATCH,0.67
pkm-swsh-black-star-promos-swsh195-307-2cd5856a64,SWSH Black Star Promos,Leafeon VSTAR,SWSH195/307,262566,Leafeon VSTAR - SWSH195,SKIP_NAME_MISMATCH,0.67
pkm-swsh-black-star-promos-swsh196-307-dc28b482ed,SWSH Black Star Promos,Glaceon V,SWSH196/307,262571,Glaceon V - SWSH196,SKIP_NAME_MISMATCH,0.67
pkm-swsh-black-star-promos-swsh197-307-d86639a1ad,SWSH Black Star Promos,Glaceon VSTAR,SWSH197/307,262569,Glaceon VSTAR - SWSH197,SKIP_NAME_MISMATCH,0.67
pkm-swsh-black-star-promos-swsh198-307-e35d72aa74,SWSH Black Star Promos,Pikachu V,SWSH198/307,260711,Pikachu V - SWSH198,SKIP_NAME_MISMATCH,0.67
pkm-swsh-black-star-promos-swsh199-307-461b17e440,SWSH Black Star Promos,Lycanroc V,SWSH199/307,266616,Lycanroc V - SWSH199,SKIP_NAME_MISMATCH,0.67
pkm-swsh-black-star-promos-swsh200-307-1a57f9e797,SWSH Black Star Promos,Corviknight V,SWSH200/307,266627,Corviknight V - SWSH200,SKIP_NAME_MISMATCH,0.67
pkm-swsh-black-star-promos-swsh201-307-8f5b416776,SWSH Black Star Promos,Espeon V,SWSH201/307,268710,Espeon V - SWSH201,SKIP_NAME_MISMATCH,0.67
pkm-swsh-black-star-promos-swsh202-307-24af83b921,SWSH Black Star Promos,Sylveon V,SWSH202/307,268711,Sylveon V - SWSH202,SKIP_NAME_MISMATCH,0.67
pkm-swsh-black-star-promos-swsh203-307-bf815cf1ee,SWSH Black Star Promos,Umbreon V,SWSH203/307,268712,Umbreon V - SWSH203,SKIP_NAME_MISMATCH,0.67
pkm-swsh-black-star-promos-swsh204-307-60410dcb8b,SWSH Black Star Promos,Arceus V,SWSH204/307,271837,Arceus V - SWSH204,SKIP_NAME_MISMATCH,0.67
pkm-swsh-black-star-promos-swsh205-307-42747031e1,SWSH Black Star Promos,Hisuian Basculegion,SWSH205/307,273154,Hisuian Basculegion - SWSH205,SKIP_NAME_MISMATCH,0.67
pkm-swsh-black-star-promos-swsh206-307-11deeceb9a,SWSH Black Star Promos,Wyrdeer,SWSH206/307,273155,Wyrdeer - SWSH206,SKIP_NAME_MISMATCH,0.50
pkm-swsh-black-star-promos-swsh207-307-0c20d3a807,SWSH Black Star Promos,Hisuian Samurott,SWSH207/307,273156,Hisuian Samurott - SWSH207,SKIP_NAME_MISMATCH,0.67
pkm-swsh-black-star-promos-swsh208-307-69cdefe4e1,SWSH Black Star Promos,Magnezone,SWSH208/307,273158,Magnezone - SWSH208,SKIP_NAME_MISMATCH,0.50
pkm-swsh-black-star-promos-swsh209-307-80cd980057,SWSH Black Star Promos,Toxel,SWSH209/307,273583,Toxel - SWSH209,SKIP_NAME_MISMATCH,0.50
pkm-swsh-black-star-promos-swsh210-307-a2e559e68f,SWSH Black Star Promos,Oricorio,SWSH210/307,273585,Oricorio - SWSH210,SKIP_NAME_MISMATCH,0.50
pkm-swsh-black-star-promos-swsh211-307-b79bae7ac1,SWSH Black Star Promos,Sylveon,SWSH211/307,273588,Sylveon - SWSH211,SKIP_NAME_MISMATCH,0.50
pkm-swsh-black-star-promos-swsh212-307-ae58d0c433,SWSH Black Star Promos,Eevee,SWSH212/307,273590,Eevee - SWSH212,SKIP_NAME_MISMATCH,0.50
pkm-swsh-black-star-promos-swsh213-307-c9d47e86b2,SWSH Black Star Promos,Lucario V,SWSH213/307,268306,Lucario V - SWSH213,SKIP_NAME_MISMATCH,0.67
pkm-swsh-black-star-promos-swsh214-307-da976a95c0,SWSH Black Star Promos,Lucario VSTAR,SWSH214/307,268304,Lucario VSTAR - SWSH214,SKIP_NAME_MISMATCH,0.67
pkm-swsh-black-star-promos-swsh215-307-352b40f41d,SWSH Black Star Promos,Morpeko V-UNION,SWSH215/307,268444,Morpeko V-Union - SWSH215,SKIP_NAME_MISMATCH,0.67
pkm-swsh-black-star-promos-swsh216-307-9f3e1f0be9,SWSH Black Star Promos,Morpeko V-UNION,SWSH216/307,268445,Morpeko V-Union - SWSH216,SKIP_NAME_MISMATCH,0.67
pkm-swsh-black-star-promos-swsh217-307-abf7422c25,SWSH Black Star Promos,Morpeko V-UNION,SWSH217/307,268446,Morpeko V-Union - SWSH217,SKIP_NAME_MISMATCH,0.67
pkm-swsh-black-star-promos-swsh218-307-6dc79a825a,SWSH Black Star Promos,Morpeko V-UNION,SWSH218/307,268447,Morpeko V-Union - SWSH218,SKIP_NAME_MISMATCH,0.67
pkm-swsh-black-star-promos-swsh218-307-6dc79a825a,SWSH Black Star Promos,Morpeko V-UNION,SWSH218/307,268450,Morpeko V-Union [Set of 4],SKIP_NAME_MISMATCH,0.40
pkm-swsh-black-star-promos-swsh219-307-801281e56d,SWSH Black Star Promos,Boltund V,SWSH219/307,270468,Boltund V - SWSH219,SKIP_NAME_MISMATCH,0.67
pkm-swsh-black-star-promos-swsh220-307-cbcb0867c6,SWSH Black Star Promos,Rowlet,SWSH220/307,268705,Rowlet - SWSH220,SKIP_NAME_MISMATCH,0.50
pkm-swsh-black-star-promos-swsh221-307-db7e1e33ab,SWSH Black Star Promos,Cyndaquil,SWSH221/307,268706,Cyndaquil - SWSH221,SKIP_NAME_MISMATCH,0.50
pkm-swsh-black-star-promos-swsh221-307-db7e1e33ab,SWSH Black Star Promos,Cyndaquil,SWSH221/307,489390,Cyndaquil - SWSH221 (Cosmos Holo),SKIP_NAME_MISMATCH,0.50
pkm-swsh-black-star-promos-swsh222-307-3e960ed70c,SWSH Black Star Promos,Oshawott,SWSH222/307,268707,Oshawott - SWSH222,SKIP_NAME_MISMATCH,0.50
pkm-swsh-black-star-promos-swsh222-307-3e960ed70c,SWSH Black Star Promos,Oshawott,SWSH222/307,594750,Oshawott - SWSH222 (Cosmo Holo),SKIP_NAME_MISMATCH,0.33
pkm-swsh-black-star-promos-swsh223-307-a69b1f230d,SWSH Black Star Promos,Mewtwo V,SWSH223/307,270718,Mewtwo V - SWSH223,SKIP_NAME_MISMATCH,0.67
pkm-swsh-black-star-promos-swsh224-307-7c6980f11b,SWSH Black Star Promos,Melmetal V,SWSH224/307,270719,Melmetal V - SWSH224,SKIP_NAME_MISMATCH,0.67
pkm-swsh-black-star-promos-swsh225-307-1440495975,SWSH Black Star Promos,Alolan Exeggutor V,SWSH225/307,270723,Alolan Exeggutor V - SWSH225,LINKED,0.91
pkm-swsh-black-star-promos-swsh226-307-d1188a7f76,SWSH Black Star Promos,Spark,SWSH226/307,257102,Cramorant - 226/S-P,SKIP_NAME_MISMATCH,0.00
pkm-swsh-black-star-promos-swsh226-307-d1188a7f76,SWSH Black Star Promos,Spark,SWSH226/307,270720,Spark - SWSH226,SKIP_NAME_MISMATCH,0.50
pkm-swsh-black-star-promos-swsh227-307-f631290da9,SWSH Black Star Promos,Blanche,SWSH227/307,257103,Pikachu - 227/S-P,SKIP_NAME_MISMATCH,0.00
pkm-swsh-black-star-promos-swsh227-307-f631290da9,SWSH Black Star Promos,Blanche,SWSH227/307,270721,Blanche - SWSH227,SKIP_NAME_MISMATCH,0.50
pkm-swsh-black-star-promos-swsh228-307-197781d1f8,SWSH Black Star Promos,Candela,SWSH228/307,270722,Candela - SWSH228,SKIP_NAME_MISMATCH,0.50
pkm-swsh-black-star-promos-swsh229-307-fb01493979,SWSH Black Star Promos,Mewtwo V,SWSH229/307,277040,Mewtwo V - SWSH229,SKIP_NAME_MISMATCH,0.67
pkm-swsh-black-star-promos-swsh230-307-689c95ac63,SWSH Black Star Promos,Radiant Eevee,SWSH230/307,270724,Radiant Eevee - SWSH230,SKIP_NAME_MISMATCH,0.67
pkm-swsh-black-star-promos-swsh231-307-c29a3a246d,SWSH Black Star Promos,Bulbasaur,SWSH231/307,275828,Bulbasaur - SWSH231,SKIP_NAME_MISMATCH,0.50
pkm-swsh-black-star-promos-swsh232-307-2862f4cd9b,SWSH Black Star Promos,Charmander,SWSH232/307,275829,Charmander - SWSH232,SKIP_NAME_MISMATCH,0.50
pkm-swsh-black-star-promos-swsh233-307-58565f1b28,SWSH Black Star Promos,Squirtle,SWSH233/307,275830,Squirtle - SWSH233,SKIP_NAME_MISMATCH,0.50
pkm-swsh-black-star-promos-swsh234-307-7d796588b3,SWSH Black Star Promos,Pikachu,SWSH234/307,277039,Pikachu - SWSH234,SKIP_NAME_MISMATCH,0.50
pkm-swsh-black-star-promos-swsh235-307-e41bca3211,SWSH Black Star Promos,Dragonite V,SWSH235/307,275844,Dragonite V - SWSH235,SKIP_NAME_MISMATCH,0.67
pkm-swsh-black-star-promos-swsh236-307-7b2c5b0c92,SWSH Black Star Promos,Dragonite VSTAR,SWSH236/307,275843,Dragonite VSTAR - SWSH236,SKIP_NAME_MISMATCH,0.67
pkm-swsh-black-star-promos-swsh237-307-20ea05b586,SWSH Black Star Promos,Hisuian Typhlosion V,SWSH237/307,275167,Hisuian Typhlosion V - SWSH237,LINKED,0.91
pkm-swsh-black-star-promos-swsh238-307-ca827d7e27,SWSH Black Star Promos,Hisuian Decidueye V,SWSH238/307,275166,Hisuian Decidueye V - SWSH238,LINKED,0.91
pkm-swsh-black-star-promos-swsh239-307-3a18c5fa8a,SWSH Black Star Promos,Hisuian Samurott V,SWSH239/307,275165,Hisuian Samurott V - SWSH239,LINKED,0.91
pkm-swsh-black-star-promos-swsh240-307-808a01f337,SWSH Black Star Promos,Finneon,SWSH240/307,680245,Finneon - SWSH240 (Prerelease Staff),SKIP_NAME_MISMATCH,0.50
pkm-swsh-black-star-promos-swsh240-307-808a01f337,SWSH Black Star Promos,Finneon,SWSH240/307,285254,Finneon - SWSH240 (Prerelease),SKIP_NAME_MISMATCH,0.50
pkm-swsh-black-star-promos-swsh241-307-f7e05038f2,SWSH Black Star Promos,Gengar,SWSH241/307,285257,Gengar - SWSH241 (Prerelease),SKIP_NAME_MISMATCH,0.50
pkm-swsh-black-star-promos-swsh241-307-f7e05038f2,SWSH Black Star Promos,Gengar,SWSH241/307,607368,Gengar - SWSH241 (Prerelease) (Staff),SKIP_NAME_MISMATCH,0.50
pkm-swsh-black-star-promos-swsh242-307-5b8d5ce4c4,SWSH Black Star Promos,Comfey,SWSH242/307,285253,Comfey - SWSH242 (Prerelease),SKIP_NAME_MISMATCH,0.50
pkm-swsh-black-star-promos-swsh243-307-b3f0f74793,SWSH Black Star Promos,Machamp,SWSH243/307,285251,Machamp - SWSH243 (Prerelease),SKIP_NAME_MISMATCH,0.50
pkm-swsh-black-star-promos-swsh244-307-78b0414e00,SWSH Black Star Promos,Scorbunny,SWSH244/307,285264,Scorbunny - SWSH244 (Cosmos Holo),SKIP_NAME_MISMATCH,0.50
pkm-swsh-black-star-promos-swsh245-307-277644b6d5,SWSH Black Star Promos,Croagunk,SWSH245/307,285259,Croagunk - SWSH245 (Cosmos Holo),SKIP_NAME_MISMATCH,0.50
pkm-swsh-black-star-promos-swsh246-307-900a128a00,SWSH Black Star Promos,Weavile,SWSH246/307,285262,Weavile - SWSH246 (Cosmos Holo),SKIP_NAME_MISMATCH,0.50
pkm-swsh-black-star-promos-swsh247-307-f7cbfe9db4,SWSH Black Star Promos,Regigigas,SWSH247/307,285258,Regigigas - SWSH247 (Cosmos Holo),SKIP_NAME_MISMATCH,0.50
pkm-swsh-black-star-promos-swsh248-307-1035cbf1ad,SWSH Black Star Promos,Kleavor V,SWSH248/307,273938,Kleavor V (Full Art) - SWSH248,SKIP_NAME_MISMATCH,0.40
pkm-swsh-black-star-promos-swsh249-307-6bcbe17d0d,SWSH Black Star Promos,Kleavor VSTAR,SWSH249/307,273939,Kleavor VSTAR - SWSH249,SKIP_NAME_MISMATCH,0.67
pkm-swsh-black-star-promos-swsh250-307-00e195a802,SWSH Black Star Promos,Lumineon V,SWSH250/307,279141,Lumineon V - SWSH250,SKIP_NAME_MISMATCH,0.67
pkm-swsh-black-star-promos-swsh252-307-6d3c958d99,SWSH Black Star Promos,Infernape V,SWSH252/307,283369,Infernape V - SWSH252,SKIP_NAME_MISMATCH,0.67
pkm-swsh-black-star-promos-swsh257-307-bd8cbe75b0,SWSH Black Star Promos,Rotom V,SWSH257/307,450653,Rotom V - SWSH257,SKIP_NAME_MISMATCH,0.67
pkm-swsh-black-star-promos-swsh258-307-e89afe68bc,SWSH Black Star Promos,Gallade V,SWSH258/307,450656,Gallade V - SWSH258,SKIP_NAME_MISMATCH,0.67
pkm-swsh-black-star-promos-swsh259-307-a99faf8574,SWSH Black Star Promos,Giratina V,SWSH259/307,,,NO_CANDIDATE,
pkm-swsh-black-star-promos-swsh260-307-305977f9cb,SWSH Black Star Promos,Charizard V,SWSH260/307,285384,Charizard V - SWSH260,SKIP_NAME_MISMATCH,0.67
pkm-swsh-black-star-promos-swsh261-307-2118c27152,SWSH Black Star Promos,Charizard VMAX,SWSH261/307,285378,Charizard VMAX - SWSH261,SKIP_NAME_MISMATCH,0.67
pkm-swsh-black-star-promos-swsh262-307-2894c00c35,SWSH Black Star Promos,Charizard VSTAR,SWSH262/307,285396,Charizard VSTAR - SWSH262,SKIP_NAME_MISMATCH,0.67
pkm-swsh-black-star-promos-swsh263-307-25597aa52d,SWSH Black Star Promos,Zeraora V,SWSH263/307,449518,Zeraora V - SWSH263,SKIP_NAME_MISMATCH,0.67
pkm-swsh-black-star-promos-swsh264-307-530b04c4fa,SWSH Black Star Promos,Zeraora VMAX,SWSH264/307,449519,Zeraora VMAX - SWSH264,SKIP_NAME_MISMATCH,0.67
pkm-swsh-black-star-promos-swsh265-307-3956ff8558,SWSH Black Star Promos,Zeraora VSTAR,SWSH265/307,449520,Zeraora VSTAR - SWSH265,SKIP_NAME_MISMATCH,0.67
pkm-swsh-black-star-promos-swsh266-307-a54b2b8959,SWSH Black Star Promos,Deoxys V,SWSH266/307,449521,Deoxys V - SWSH266,SKIP_NAME_MISMATCH,0.67
pkm-swsh-black-star-promos-swsh267-307-681bbee96c,SWSH Black Star Promos,Deoxys VMAX,SWSH267/307,449522,Deoxys VMAX - SWSH267,SKIP_NAME_MISMATCH,0.67
pkm-swsh-black-star-promos-swsh268-307-4fdf1b6627,SWSH Black Star Promos,Deoxys VSTAR,SWSH268/307,449523,Deoxys VSTAR - SWSH268,SKIP_NAME_MISMATCH,0.67
pkm-swsh-black-star-promos-swsh269-307-9515019b46,SWSH Black Star Promos,Sunflora,SWSH269/307,451844,Sunflora - SWSH269 (Prerelease),SKIP_NAME_MISMATCH,0.50
pkm-swsh-black-star-promos-swsh269-307-9515019b46,SWSH Black Star Promos,Sunflora,SWSH269/307,451884,Sunflora - SWSH269 (Prerelease) [STAFF],SKIP_NAME_MISMATCH,0.50
pkm-swsh-black-star-promos-swsh270-307-bbbff618ee,SWSH Black Star Promos,Rapidash,SWSH270/307,451845,Rapidash - SWSH270 (Prerelease),SKIP_NAME_MISMATCH,0.50
pkm-swsh-black-star-promos-swsh270-307-bbbff618ee,SWSH Black Star Promos,Rapidash,SWSH270/307,451885,Rapidash - SWSH270 (Prerelease) [STAFF],SKIP_NAME_MISMATCH,0.50
pkm-swsh-black-star-promos-swsh271-307-784cfefe9b,SWSH Black Star Promos,Kirlia,SWSH271/307,451846,Kirlia - SWSH271 (Prerelease),SKIP_NAME_MISMATCH,0.50
pkm-swsh-black-star-promos-swsh271-307-784cfefe9b,SWSH Black Star Promos,Kirlia,SWSH271/307,451886,Kirlia - SWSH271 (Prerelease) [STAFF],SKIP_NAME_MISMATCH,0.50
pkm-swsh-black-star-promos-swsh272-307-d33797d207,SWSH Black Star Promos,Archeops,SWSH272/307,451847,Archeops - SWSH272 (Prerelease),SKIP_NAME_MISMATCH,0.50
pkm-swsh-black-star-promos-swsh272-307-d33797d207,SWSH Black Star Promos,Archeops,SWSH272/307,451887,Archeops - SWSH272 (Prerelease) [STAFF],SKIP_NAME_MISMATCH,0.50
pkm-swsh-black-star-promos-swsh273-307-f939eab50e,SWSH Black Star Promos,Hisuian Basculin,SWSH273/307,454228,Hisuian Basculin - SWSH273,SKIP_NAME_MISMATCH,0.67
pkm-swsh-black-star-promos-swsh274-307-d3ddbca099,SWSH Black Star Promos,Cranidos,SWSH274/307,454227,Cranidos - SWSH274,SKIP_NAME_MISMATCH,0.50
pkm-swsh-black-star-promos-swsh275-307-261b9e6ba1,SWSH Black Star Promos,Manaphy,SWSH275/307,454226,Manaphy - SWSH275,SKIP_NAME_MISMATCH,0.50
pkm-swsh-black-star-promos-swsh276-307-7d5f4e91c2,SWSH Black Star Promos,Togetic,SWSH276/307,454225,Togetic - SWSH276,SKIP_NAME_MISMATCH,0.50
pkm-swsh-black-star-promos-swsh277-307-0f61b5a997,SWSH Black Star Promos,Rillaboom,SWSH277/307,475621,Rillaboom - SWSH277,SKIP_NAME_MISMATCH,0.50
pkm-swsh-black-star-promos-swsh278-307-42cf9e4c5a,SWSH Black Star Promos,Cinderace,SWSH278/307,475622,Cinderace - SWSH278,SKIP_NAME_MISMATCH,0.50
pkm-swsh-black-star-promos-swsh279-307-2ae65f99c6,SWSH Black Star Promos,Inteleon,SWSH279/307,475623,Inteleon - SWSH279,SKIP_NAME_MISMATCH,0.50
pkm-swsh-black-star-promos-swsh280-307-40c854ea1d,SWSH Black Star Promos,Regieleki V,SWSH280/307,453483,Regieleki V - SWSH280,SKIP_NAME_MISMATCH,0.67
pkm-swsh-black-star-promos-swsh281-307-f864d38ec7,SWSH Black Star Promos,Regidrago V,SWSH281/307,453485,Regidrago V - SWSH281,SKIP_NAME_MISMATCH,0.67
pkm-swsh-black-star-promos-swsh282-307-2a4dcbc6a5,SWSH Black Star Promos,Galarian Articuno,SWSH282/307,488271,Galarian Articuno - SWSH282,SKIP_NAME_MISMATCH,0.67
pkm-swsh-black-star-promos-swsh283-307-a141eb91e4,SWSH Black Star Promos,Galarian Zapdos,SWSH283/307,488274,Galarian Zapdos - SWSH283,SKIP_NAME_MISMATCH,0.67
pkm-swsh-black-star-promos-swsh284-307-c467ddafa9,SWSH Black Star Promos,Galarian Moltres,SWSH284/307,488275,Galarian Moltres - SWSH284,SKIP_NAME_MISMATCH,0.67
pkm-swsh-black-star-promos-swsh285-307-4ca90a6498,SWSH Black Star Promos,Pikachu V,SWSH285/307,478423,Pikachu V - SWSH285,SKIP_NAME_MISMATCH,0.67
pkm-swsh-black-star-promos-swsh286-307-0ee498f9eb,SWSH Black Star Promos,Pikachu VMAX,SWSH286/307,478424,Pikachu VMAX - SWSH286,SKIP_NAME_MISMATCH,0.67
pkm-swsh-black-star-promos-swsh287-307-45a225421c,SWSH Black Star Promos,Morpeko V-UNION,SWSH287/307,477065,Morpeko V-Union - SWSH287,SKIP_NAME_MISMATCH,0.67
pkm-swsh-black-star-promos-swsh288-307-1facb380f9,SWSH Black Star Promos,Morpeko V-UNION,SWSH288/307,477066,Morpeko V-Union - SWSH288,SKIP_NAME_MISMATCH,0.67
pkm-swsh-black-star-promos-swsh289-307-78fe24ef93,SWSH Black Star Promos,Morpeko V-UNION,SWSH289/307,477067,Morpeko V-Union - SWSH289,SKIP_NAME_MISMATCH,0.67
pkm-swsh-black-star-promos-swsh290-307-4420050451,SWSH Black Star Promos,Morpeko V-UNION,SWSH290/307,477068,Morpeko V-Union - SWSH290,SKIP_NAME_MISMATCH,0.67
pkm-swsh-black-star-promos-swsh290-307-4420050451,SWSH Black Star Promos,Morpeko V-UNION,SWSH290/307,495215,Morpeko V-Union (SWSH287-290) [Set of 4],SKIP_NAME_MISMATCH,0.29
pkm-swsh-black-star-promos-swsh291-307-c2ef0f5c97,SWSH Black Star Promos,Lucario VSTAR,SWSH291/307,475642,Lucario VSTAR - SWSH291,SKIP_NAME_MISMATCH,0.67
pkm-swsh-black-star-promos-swsh292-307-95026cef58,SWSH Black Star Promos,Zacian V,SWSH292/307,477063,Zacian V (Shiny) - SWSH292,SKIP_NAME_MISMATCH,0.50
pkm-swsh-black-star-promos-swsh293-307-73dfc768c3,SWSH Black Star Promos,Zamazenta V,SWSH293/307,477064,Zamazenta V (Shiny) - SWSH293,SKIP_NAME_MISMATCH,0.50
pkm-swsh-black-star-promos-swsh294-307-6115083e2c,SWSH Black Star Promos,Hisuian Electrode V,SWSH294/307,451115,Hisuian Electrode V - SWSH294,LINKED,0.91
pkm-swsh-black-star-promos-swsh295-307-dca270427d,SWSH Black Star Promos,Virizion V,SWSH295/307,449515,Virizion V - SWSH295,SKIP_NAME_MISMATCH,0.67
pkm-swsh-black-star-promos-swsh296-307-b95e25db9d,SWSH Black Star Promos,Champions Festival,SWSH296/307,575154,Champions Festival - SWSH296 (World Championships 2022),SKIP_NAME_MISMATCH,0.33
pkm-swsh-black-star-promos-swsh296-307-b95e25db9d,SWSH Black Star Promos,Champions Festival,SWSH296/307,503454,Champions Festival - SWSH296 (World Championships 2022) [Staff],SKIP_NAME_MISMATCH,0.33
pkm-swsh-black-star-promos-swsh297-307-75dd5c37cf,SWSH Black Star Promos,Hisuian Zoroark V,SWSH297/307,449526,Hisuian Zoroark V - SWSH297,LINKED,0.91
pkm-swsh-black-star-promos-swsh298-307-02e7496a4b,SWSH Black Star Promos,Hisuian Zoroark VSTAR,SWSH298/307,449527,Hisuian Zoroark VSTAR - SWSH298,LINKED,0.91
pkm-swsh-black-star-promos-swsh303-307-59c35b409d,SWSH Black Star Promos,Bulbasaur,SWSH303/307,485843,Bulbasaur (Illustration Contest 2022),SKIP_NAME_MISMATCH,0.25
pkm-swsh-black-star-promos-swsh304-307-972733eb1c,SWSH Black Star Promos,Arcanine,SWSH304/307,485844,Arcanine (Illustration Contest 2022),SKIP_NAME_MISMATCH,0.25
pkm-swsh-black-star-promos-swsh305-307-4ae160f3e2,SWSH Black Star Promos,Greninja,SWSH305/307,485845,Greninja (Illustration Contest 2022),SKIP_NAME_MISMATCH,0.25
pkm-swsh-black-star-promos-swsh306-307-3f7662caff,SWSH Black Star Promos,Arceus V,SWSH306/307,499989,Arceus V - SWSH306,SKIP_NAME_MISMATCH,0.67
pkm-swsh-black-star-promos-swsh307-307-14d50c096b,SWSH Black Star Promos,Arceus VSTAR,SWSH307/307,499984,Arceus VSTAR - SWSH307,SKIP_NAME_MISMATCH,0.67
pkm-scarlet-and-violet-black-star-promos-1-102-96ca4d4a3e,Scarlet and Violet Black Star Promos,Sprigatito,1/102,477184,Sprigatito - 001,SKIP_NAME_MISMATCH,0.50
pkm-scarlet-and-violet-black-star-promos-2-102-59d0d7826a,Scarlet and Violet Black Star Promos,Fuecoco,2/102,477182,Fuecoco - 002,SKIP_NAME_MISMATCH,0.50
pkm-scarlet-and-violet-black-star-promos-3-102-11c8bfff3e,Scarlet and Violet Black Star Promos,Quaxly,3/102,477183,Quaxly - 003,SKIP_NAME_MISMATCH,0.50
pkm-scarlet-and-violet-black-star-promos-4-102-c1162f180d,Scarlet and Violet Black Star Promos,Mimikyu ex,4/102,487435,Mimikyu ex - 004,SKIP_NAME_MISMATCH,0.67
pkm-scarlet-and-violet-black-star-promos-5-102-32c35ffa39,Scarlet and Violet Black Star Promos,Quaquaval,5/102,487751,Quaquaval - 005 (Prerelease),SKIP_NAME_MISMATCH,0.50
pkm-scarlet-and-violet-black-star-promos-5-102-32c35ffa39,Scarlet and Violet Black Star Promos,Quaquaval,5/102,522650,Quaquaval - 005 (Prerelease) [Staff],SKIP_NAME_MISMATCH,0.50
pkm-scarlet-and-violet-black-star-promos-6-102-33c51f490d,Scarlet and Violet Black Star Promos,Pawmot,6/102,487752,Pawmot - 006 (Prerelease),SKIP_NAME_MISMATCH,0.50
pkm-scarlet-and-violet-black-star-promos-6-102-33c51f490d,Scarlet and Violet Black Star Promos,Pawmot,6/102,522648,Pawmot - 006 (Prerelease) [Staff],SKIP_NAME_MISMATCH,0.50
pkm-scarlet-and-violet-black-star-promos-7-102-0f6308c340,Scarlet and Violet Black Star Promos,Hawlucha,7/102,487755,Hawlucha - 007 (Prerelease),SKIP_NAME_MISMATCH,0.50
pkm-scarlet-and-violet-black-star-promos-7-102-0f6308c340,Scarlet and Violet Black Star Promos,Hawlucha,7/102,522649,Hawlucha - 007 (Prerelease) [Staff],SKIP_NAME_MISMATCH,0.50
pkm-scarlet-and-violet-black-star-promos-8-102-d2e18e18ce,Scarlet and Violet Black Star Promos,Revavroom,8/102,487756,Revavroom - 008 (Prerelease),SKIP_NAME_MISMATCH,0.50
pkm-scarlet-and-violet-black-star-promos-8-102-d2e18e18ce,Scarlet and Violet Black Star Promos,Revavroom,8/102,515203,Revavroom - 008 (Prerelease) [Staff],SKIP_NAME_MISMATCH,0.50
pkm-scarlet-and-violet-black-star-promos-9-102-a3557e97f8,Scarlet and Violet Black Star Promos,Spidops,9/102,491184,Spidops - 009,SKIP_NAME_MISMATCH,0.50
pkm-scarlet-and-violet-black-star-promos-10-102-ca246c57bd,Scarlet and Violet Black Star Promos,Espathra,10/102,491185,Espathra - 010,SKIP_NAME_MISMATCH,0.50
pkm-scarlet-and-violet-black-star-promos-11-102-b058877a20,Scarlet and Violet Black Star Promos,Arcanine,11/102,491186,Arcanine - 011,SKIP_NAME_MISMATCH,0.50
pkm-scarlet-and-violet-black-star-promos-12-102-cd2a283a43,Scarlet and Violet Black Star Promos,Dondozo,12/102,491187,Dondozo - 012,SKIP_NAME_MISMATCH,0.50
pkm-scarlet-and-violet-black-star-promos-12-102-cd2a283a43,Scarlet and Violet Black Star Promos,Dondozo,12/102,653800,Dondozo - 012 (Cosmos Holofoil),SKIP_NAME_MISMATCH,0.50
pkm-scarlet-and-violet-black-star-promos-13-102-d5ca66f021,Scarlet and Violet Black Star Promos,Miraidon,13/102,490719,Miraidon - 013,SKIP_NAME_MISMATCH,0.50
pkm-scarlet-and-violet-black-star-promos-13-102-d5ca66f021,Scarlet and Violet Black Star Promos,Miraidon,13/102,490730,Miraidon - 013 (Pokemon Center Exclusive),SKIP_NAME_MISMATCH,0.20
pkm-scarlet-and-violet-black-star-promos-14-102-af2f56d1cf,Scarlet and Violet Black Star Promos,Koraidon,14/102,490721,Koraidon - 014,SKIP_NAME_MISMATCH,0.50
pkm-scarlet-and-violet-black-star-promos-14-102-af2f56d1cf,Scarlet and Violet Black Star Promos,Koraidon,14/102,490725,Koraidon - 014 (Pokemon Center Exclusive),SKIP_NAME_MISMATCH,0.20
pkm-scarlet-and-violet-black-star-promos-15-102-0a69be2e43,Scarlet and Violet Black Star Promos,Flaaffy,15/102,496972,Flaaffy - 015,SKIP_NAME_MISMATCH,0.50
pkm-scarlet-and-violet-black-star-promos-16-102-561e9103af,Scarlet and Violet Black Star Promos,Ampharos ex,16/102,484397,Ampharos ex - 016,SKIP_NAME_MISMATCH,0.67
pkm-scarlet-and-violet-black-star-promos-17-102-3b816543be,Scarlet and Violet Black Star Promos,Lucario ex,17/102,484396,Lucario ex - 017,SKIP_NAME_MISMATCH,0.67
pkm-scarlet-and-violet-black-star-promos-18-102-592a04c430,Scarlet and Violet Black Star Promos,Cyclizar ex,18/102,496429,Cyclizar ex - 018,SKIP_NAME_MISMATCH,0.67
pkm-scarlet-and-violet-black-star-promos-19-102-cf107138a8,Scarlet and Violet Black Star Promos,Baxcalibur,19/102,501885,Baxcalibur - 019 (Prerelease),SKIP_NAME_MISMATCH,0.50
pkm-scarlet-and-violet-black-star-promos-19-102-cf107138a8,Scarlet and Violet Black Star Promos,Baxcalibur,19/102,515202,Baxcalibur - 019 (Prerelease) [Staff],SKIP_NAME_MISMATCH,0.50
pkm-scarlet-and-violet-black-star-promos-20-102-0e4e4f9599,Scarlet and Violet Black Star Promos,Tinkaton,20/102,,,NO_CANDIDATE,
pkm-scarlet-and-violet-black-star-promos-21-102-dd8d8ddfd6,Scarlet and Violet Black Star Promos,Murkrow,21/102,501893,Murkrow - 021 (Prerelease),SKIP_NAME_MISMATCH,0.50
pkm-scarlet-and-violet-black-star-promos-21-102-dd8d8ddfd6,Scarlet and Violet Black Star Promos,Murkrow,21/102,527563,Murkrow - 021 (Prerelease) [Staff],SKIP_NAME_MISMATCH,0.50
pkm-scarlet-and-violet-black-star-promos-22-102-0036a77a6f,Scarlet and Violet Black Star Promos,Pelipper,22/102,501896,Pelipper - 022 (Prerelease),SKIP_NAME_MISMATCH,0.50
pkm-scarlet-and-violet-black-star-promos-22-102-0036a77a6f,Scarlet and Violet Black Star Promos,Pelipper,22/102,527564,Pelipper - 022 (Prerelease) [Staff],SKIP_NAME_MISMATCH,0.50
pkm-scarlet-and-violet-black-star-promos-22-102-0036a77a6f,Scarlet and Violet Black Star Promos,Pelipper,22/102,553715,Sinistcha - 022/167 (Prerelease),SKIP_NAME_MISMATCH,0.00
pkm-scarlet-and-violet-black-star-promos-23-102-eaa3402527,Scarlet and Violet Black Star Promos,Smoliv,23/102,500833,Smoliv - 023,SKIP_NAME_MISMATCH,0.50
pkm-scarlet-and-violet-black-star-promos-24-102-1819bc860e,Scarlet and Violet Black Star Promos,Growlithe,24/102,500563,Growlithe - 024,SKIP_NAME_MISMATCH,0.50
pkm-scarlet-and-violet-black-star-promos-25-102-cc3ecbf473,Scarlet and Violet Black Star Promos,Tinkatink,25/102,,,NO_CANDIDATE,
pkm-scarlet-and-violet-black-star-promos-26-102-84162f696d,Scarlet and Violet Black Star Promos,Varoom,26/102,532538,Varoom - 026 (Cosmos Holo),SKIP_NAME_MISMATCH,0.50
pkm-scarlet-and-violet-black-star-promos-27-102-0c66f653ea,Scarlet and Violet Black Star Promos,Pikachu,27/102,500263,Pikachu - 027,SKIP_NAME_MISMATCH,0.50
pkm-scarlet-and-violet-black-star-promos-27-102-0c66f653ea,Scarlet and Violet Black Star Promos,Pikachu,27/102,500264,Pikachu - 027 (Pokemon Center Exclusive),SKIP_NAME_MISMATCH,0.20
pkm-scarlet-and-violet-black-star-promos-28-102-a468b2242a,Scarlet and Violet Black Star Promos,Miraidon ex,28/102,500062,Miraidon ex - 028,SKIP_NAME_MISMATCH,0.67
pkm-scarlet-and-violet-black-star-promos-29-102-f5de95bf7e,Scarlet and Violet Black Star Promos,Koraidon ex,29/102,500070,Koraidon ex - 029,SKIP_NAME_MISMATCH,0.67
pkm-scarlet-and-violet-black-star-promos-30-102-f3491a080b,Scarlet and Violet Black Star Promos,Chien-Pao ex,30/102,505534,Chien-Pao ex - 030,LINKED,0.91
pkm-scarlet-and-violet-black-star-promos-31-102-3688fe7ec5,Scarlet and Violet Black Star Promos,Tinkaton ex,31/102,,,NO_CANDIDATE,
pkm-scarlet-and-violet-black-star-promos-32-102-0e0a76ba3a,Scarlet and Violet Black Star Promos,Annihilape ex,32/102,502981,Annihilape ex - 032,SKIP_NAME_MISMATCH,0.67
pkm-scarlet-and-violet-black-star-promos-33-102-3d8c3295fb,Scarlet and Violet Black Star Promos,Meowscarada ex,33/102,513876,Meowscarada ex - 033,SKIP_NAME_MISMATCH,0.67
pkm-scarlet-and-violet-black-star-promos-34-102-9afee4d901,Scarlet and Violet Black Star Promos,Skeledirge ex,34/102,513831,Skeledirge ex - 034,SKIP_NAME_MISMATCH,0.67
pkm-scarlet-and-violet-black-star-promos-35-102-0a3ce749ac,Scarlet and Violet Black Star Promos,Quaquaval ex,35/102,513874,Quaquaval ex - 035,SKIP_NAME_MISMATCH,0.67
pkm-scarlet-and-violet-black-star-promos-36-102-acefb8d990,Scarlet and Violet Black Star Promos,Palafin,36/102,513424,Palafin - 036 (Prerelease),SKIP_NAME_MISMATCH,0.50
pkm-scarlet-and-violet-black-star-promos-36-102-acefb8d990,Scarlet and Violet Black Star Promos,Palafin,36/102,513425,Palafin - 036 (Prerelease) [Staff],SKIP_NAME_MISMATCH,0.50
pkm-scarlet-and-violet-black-star-promos-37-102-08edc27216,Scarlet and Violet Black Star Promos,Cleffa,37/102,512896,Cleffa - 037 (Prerelease),SKIP_NAME_MISMATCH,0.50
pkm-scarlet-and-violet-black-star-promos-37-102-08edc27216,Scarlet and Violet Black Star Promos,Cleffa,37/102,513423,Cleffa - 037 (Prerelease) [Staff],SKIP_NAME_MISMATCH,0.50
pkm-scarlet-and-violet-black-star-promos-38-102-5e206db241,Scarlet and Violet Black Star Promos,Togekiss,38/102,513426,Togekiss - 038 (Prerelease),SKIP_NAME_MISMATCH,0.50
pkm-scarlet-and-violet-black-star-promos-38-102-5e206db241,Scarlet and Violet Black Star Promos,Togekiss,38/102,513427,Togekiss - 038 (Prerelease) [Staff],SKIP_NAME_MISMATCH,0.50
pkm-scarlet-and-violet-black-star-promos-39-102-9b05482a12,Scarlet and Violet Black Star Promos,Mawile,39/102,513428,Mawile - 039 (Prerelease),SKIP_NAME_MISMATCH,0.50
pkm-scarlet-and-violet-black-star-promos-39-102-9b05482a12,Scarlet and Violet Black Star Promos,Mawile,39/102,513429,Mawile - 039 (Prerelease) [Staff],SKIP_NAME_MISMATCH,0.50
pkm-scarlet-and-violet-black-star-promos-40-102-be06d506d8,Scarlet and Violet Black Star Promos,Pawmi,40/102,512043,Pawmi - 040,SKIP_NAME_MISMATCH,0.50
pkm-scarlet-and-violet-black-star-promos-40-102-be06d506d8,Scarlet and Violet Black Star Promos,Pawmi,40/102,607764,Pawmi - 040 (Cosmos Holo),SKIP_NAME_MISMATCH,0.50
pkm-scarlet-and-violet-black-star-promos-41-102-0b1889a0b0,Scarlet and Violet Black Star Promos,Paldean Wooper,41/102,512049,Paldean Wooper - 041,SKIP_NAME_MISMATCH,0.67
pkm-scarlet-and-violet-black-star-promos-42-102-877ad5e155,Scarlet and Violet Black Star Promos,Houndstone,42/102,512914,Houndstone - 042,SKIP_NAME_MISMATCH,0.50
pkm-scarlet-and-violet-black-star-promos-43-102-f4b9d80792,Scarlet and Violet Black Star Promos,Eevee,43/102,512492,Eevee - 043,SKIP_NAME_MISMATCH,0.50
pkm-scarlet-and-violet-black-star-promos-44-102-4573490312,Scarlet and Violet Black Star Promos,Charmander,44/102,512035,Charmander - 044,SKIP_NAME_MISMATCH,0.50
pkm-scarlet-and-violet-black-star-promos-44-102-4573490312,Scarlet and Violet Black Star Promos,Charmander,44/102,512036,Charmander - 044 (Pokemon Center Exclusive),SKIP_NAME_MISMATCH,0.20
pkm-scarlet-and-violet-black-star-promos-45-102-0d3907c6dd,Scarlet and Violet Black Star Promos,Paradise Resort,45/102,518863,Paradise Resort - 045 (World Championships 2023),SKIP_NAME_MISMATCH,0.33
pkm-scarlet-and-violet-black-star-promos-45-102-0d3907c6dd,Scarlet and Violet Black Star Promos,Paradise Resort,45/102,583700,Paradise Resort - 045 (World Championships 2023) [Staff],SKIP_NAME_MISMATCH,0.33
pkm-scarlet-and-violet-black-star-promos-46-102-4aee4c798e,Scarlet and Violet Black Star Promos,Bulbasaur,46/102,517271,Bulbasaur - 046 (Cosmos Holo),SKIP_NAME_MISMATCH,0.50
pkm-scarlet-and-violet-black-star-promos-47-102-7c37641415,Scarlet and Violet Black Star Promos,Charmander,47/102,517272,Charmander - 047 (Cosmos Holo),SKIP_NAME_MISMATCH,0.50
pkm-scarlet-and-violet-black-star-promos-48-102-dff776fdc8,Scarlet and Violet Black Star Promos,Squirtle,48/102,517273,Squirtle - 048 (Cosmos Holo),SKIP_NAME_MISMATCH,0.50
pkm-scarlet-and-violet-black-star-promos-49-102-0d82027e73,Scarlet and Violet Black Star Promos,Zapdos ex,49/102,518869,Zapdos ex - 049,SKIP_NAME_MISMATCH,0.67
pkm-scarlet-and-violet-black-star-promos-50-102-517ac10aa5,Scarlet and Violet Black Star Promos,Alakazam ex,50/102,518868,Alakazam ex - 050,SKIP_NAME_MISMATCH,0.67
pkm-scarlet-and-violet-black-star-promos-51-102-8901e0f979,Scarlet and Violet Black Star Promos,Snorlax,51/102,517175,Snorlax - 051,SKIP_NAME_MISMATCH,0.50
pkm-scarlet-and-violet-black-star-promos-51-102-8901e0f979,Scarlet and Violet Black Star Promos,Snorlax,51/102,517270,Snorlax - 051 (Pokemon Center Exclusive),SKIP_NAME_MISMATCH,0.20
pkm-scarlet-and-violet-black-star-promos-52-102-b350d3034a,Scarlet and Violet Black Star Promos,Mewtwo,52/102,518872,Mewtwo - 052,SKIP_NAME_MISMATCH,0.50
pkm-scarlet-and-violet-black-star-promos-53-102-039058d136,Scarlet and Violet Black Star Promos,Mew ex,53/102,518871,Mew ex - 053,SKIP_NAME_MISMATCH,0.67
pkm-scarlet-and-violet-black-star-promos-54-102-9a25692547,Scarlet and Violet Black Star Promos,Greninja ex,54/102,518878,Greninja ex - 054,SKIP_NAME_MISMATCH,0.67
pkm-scarlet-and-violet-black-star-promos-55-102-2f97246d23,Scarlet and Violet Black Star Promos,Kangaskhan ex,55/102,519482,Kangaskhan ex - 055,SKIP_NAME_MISMATCH,0.67
pkm-scarlet-and-violet-black-star-promos-56-102-e46162eb99,Scarlet and Violet Black Star Promos,Charizard ex,56/102,521697,Charizard ex - 056,SKIP_NAME_MISMATCH,0.67
pkm-scarlet-and-violet-black-star-promos-57-102-1badfb6ed7,Scarlet and Violet Black Star Promos,Chi-Yu,57/102,526574,Chi-Yu - 057 (Prerelease),SKIP_NAME_MISMATCH,0.67
pkm-scarlet-and-violet-black-star-promos-57-102-1badfb6ed7,Scarlet and Violet Black Star Promos,Chi-Yu,57/102,548552,Chi-Yu - 057 (Prerelease) [Staff],SKIP_NAME_MISMATCH,0.67
pkm-scarlet-and-violet-black-star-promos-58-102-7450b4afee,Scarlet and Violet Black Star Promos,Iron Bundle,58/102,,,NO_CANDIDATE,
pkm-scarlet-and-violet-black-star-promos-59-102-865f7f0e50,Scarlet and Violet Black Star Promos,Xatu,59/102,526590,Xatu - 059 (Prerelease),SKIP_NAME_MISMATCH,0.50
pkm-scarlet-and-violet-black-star-promos-59-102-865f7f0e50,Scarlet and Violet Black Star Promos,Xatu,59/102,548554,Xatu - 059 (Prerelease) [Staff],SKIP_NAME_MISMATCH,0.50
pkm-scarlet-and-violet-black-star-promos-60-102-f5d4f2b50d,Scarlet and Violet Black Star Promos,Aegislash,60/102,526610,Aegislash - 060 (Prerelease),SKIP_NAME_MISMATCH,0.50
pkm-scarlet-and-violet-black-star-promos-60-102-f5d4f2b50d,Scarlet and Violet Black Star Promos,Aegislash,60/102,548555,Aegislash - 060 (Prerelease) [Staff],SKIP_NAME_MISMATCH,0.50
pkm-scarlet-and-violet-black-star-promos-61-102-bdf411c783,Scarlet and Violet Black Star Promos,Pineco,61/102,526634,Pineco - 061,SKIP_NAME_MISMATCH,0.50
pkm-scarlet-and-violet-black-star-promos-62-102-7502f3d1b2,Scarlet and Violet Black Star Promos,Sinistea,62/102,526638,Sinistea - 062,SKIP_NAME_MISMATCH,0.50
pkm-scarlet-and-violet-black-star-promos-63-102-06fb57921c,Scarlet and Violet Black Star Promos,Cetitan,63/102,526640,Cetitan - 063,SKIP_NAME_MISMATCH,0.50
pkm-scarlet-and-violet-black-star-promos-63-102-06fb57921c,Scarlet and Violet Black Star Promos,Cetitan,63/102,561591,Cetitan - 063 (Cosmos Holo),SKIP_NAME_MISMATCH,0.50
pkm-scarlet-and-violet-black-star-promos-64-102-acf31d850b,Scarlet and Violet Black Star Promos,Arctibax,64/102,526646,Arctibax - 064,SKIP_NAME_MISMATCH,0.50
pkm-scarlet-and-violet-black-star-promos-64-102-acf31d850b,Scarlet and Violet Black Star Promos,Arctibax,64/102,561590,Arctibax - 064 (Cosmos Holo),SKIP_NAME_MISMATCH,0.50
pkm-scarlet-and-violet-black-star-promos-65-102-ea0fba9ac1,Scarlet and Violet Black Star Promos,Scream Tail,65/102,526649,Scream Tail - 065,SKIP_NAME_MISMATCH,0.67
pkm-scarlet-and-violet-black-star-promos-65-102-ea0fba9ac1,Scarlet and Violet Black Star Promos,Scream Tail,65/102,526655,Scream Tail - 065 (Pokemon Center Exclusive),SKIP_NAME_MISMATCH,0.33
pkm-scarlet-and-violet-black-star-promos-66-102-71ed111014,Scarlet and Violet Black Star Promos,Iron Bundle,66/102,,,NO_CANDIDATE,
pkm-scarlet-and-violet-black-star-promos-67-102-7f1f89c2b7,Scarlet and Violet Black Star Promos,Roaring Moon ex,67/102,527878,Roaring Moon ex - 067,LINKED,0.91
pkm-scarlet-and-violet-black-star-promos-68-102-3041415c92,Scarlet and Violet Black Star Promos,Iron Valiant ex,68/102,527879,Iron Valiant ex - 068,LINKED,0.91
pkm-scarlet-and-violet-black-star-promos-69-102-a2b1586783,Scarlet and Violet Black Star Promos,Fidough,69/102,536070,Fidough - 069,SKIP_NAME_MISMATCH,0.50
pkm-scarlet-and-violet-black-star-promos-70-102-5b6a28127b,Scarlet and Violet Black Star Promos,Greavard,70/102,536072,Greavard - 070,SKIP_NAME_MISMATCH,0.50
pkm-scarlet-and-violet-black-star-promos-71-102-eec04b625f,Scarlet and Violet Black Star Promos,Maschiff,71/102,536075,Maschiff - 071,SKIP_NAME_MISMATCH,0.50
pkm-scarlet-and-violet-black-star-promos-72-102-813a6cdc6d,Scarlet and Violet Black Star Promos,Great Tusk ex,72/102,538684,Great Tusk ex - 072,LINKED,0.91
pkm-scarlet-and-violet-black-star-promos-73-102-4731a6a96e,Scarlet and Violet Black Star Promos,Iron Treads ex,73/102,538686,Iron Treads ex - 073,LINKED,0.91
pkm-scarlet-and-violet-black-star-promos-74-102-2da441d0ff,Scarlet and Violet Black Star Promos,Charizard ex,74/102,538687,Charizard ex - 074,SKIP_NAME_MISMATCH,0.67
pkm-scarlet-and-violet-black-star-promos-75-102-158f9a333c,Scarlet and Violet Black Star Promos,Mimikyu,75/102,535952,Mimikyu - 075,SKIP_NAME_MISMATCH,0.50
pkm-scarlet-and-violet-black-star-promos-75-102-158f9a333c,Scarlet and Violet Black Star Promos,Mimikyu,75/102,535953,Mimikyu - 075 (Pokemon Center Exclusive),SKIP_NAME_MISMATCH,0.20
pkm-scarlet-and-violet-black-star-promos-76-102-969e867c04,Scarlet and Violet Black Star Promos,Sprigatito,76/102,537971,Sprigatito - 076,SKIP_NAME_MISMATCH,0.50
pkm-scarlet-and-violet-black-star-promos-77-102-ed5d63c4ac,Scarlet and Violet Black Star Promos,Floragato,77/102,537980,Floragato - 077,SKIP_NAME_MISMATCH,0.50
pkm-scarlet-and-violet-black-star-promos-78-102-87e6537c79,Scarlet and Violet Black Star Promos,Meowscarada ex,78/102,537978,Meowscarada ex - 078,SKIP_NAME_MISMATCH,0.67
pkm-scarlet-and-violet-black-star-promos-79-102-a7d25a9782,Scarlet and Violet Black Star Promos,Fuecoco,79/102,537818,Fuecoco - 079,SKIP_NAME_MISMATCH,0.50
pkm-scarlet-and-violet-black-star-promos-80-102-cf1fd58b85,Scarlet and Violet Black Star Promos,Crocalor,80/102,537981,Crocalor - 080,SKIP_NAME_MISMATCH,0.50
pkm-scarlet-and-violet-black-star-promos-81-102-d2a33cae1b,Scarlet and Violet Black Star Promos,Skeledirge ex,81/102,537975,Skeledirge ex - 081,SKIP_NAME_MISMATCH,0.67
pkm-scarlet-and-violet-black-star-promos-82-102-59722609de,Scarlet and Violet Black Star Promos,Quaxly,82/102,537974,Quaxly - 082,SKIP_NAME_MISMATCH,0.50
pkm-scarlet-and-violet-black-star-promos-83-102-740bc476ca,Scarlet and Violet Black Star Promos,Quaxwell,83/102,537972,Quaxwell - 083,SKIP_NAME_MISMATCH,0.50
pkm-scarlet-and-violet-black-star-promos-84-102-b472a89aa3,Scarlet and Violet Black Star Promos,Quaquaval ex,84/102,537973,Quaquaval ex - 084,SKIP_NAME_MISMATCH,0.67
pkm-scarlet-and-violet-black-star-promos-86-102-f48f6b2081,Scarlet and Violet Black Star Promos,Mabosstiff ex,86/102,542255,Mabosstiff ex - 086,SKIP_NAME_MISMATCH,0.67
pkm-scarlet-and-violet-black-star-promos-87-102-27727a8aee,Scarlet and Violet Black Star Promos,Sprigatito ex,87/102,542468,Sprigatito ex - 087,SKIP_NAME_MISMATCH,0.67
pkm-scarlet-and-violet-black-star-promos-88-102-8720e747e1,Scarlet and Violet Black Star Promos,Pikachu,88/102,542481,Pikachu - 088,SKIP_NAME_MISMATCH,0.50
pkm-scarlet-and-violet-black-star-promos-89-102-c9b0812bcd,Scarlet and Violet Black Star Promos,Feraligatr,89/102,543950,Feraligatr - 089 (Prerelease),SKIP_NAME_MISMATCH,0.50
pkm-scarlet-and-violet-black-star-promos-89-102-c9b0812bcd,Scarlet and Violet Black Star Promos,Feraligatr,89/102,548310,Feraligatr - 089 (Prerelease) [Staff],SKIP_NAME_MISMATCH,0.50
pkm-scarlet-and-violet-black-star-promos-90-102-adbc53dd51,Scarlet and Violet Black Star Promos,Metang,90/102,543951,Metang - 090 (Prerelease),SKIP_NAME_MISMATCH,0.50
pkm-scarlet-and-violet-black-star-promos-90-102-adbc53dd51,Scarlet and Violet Black Star Promos,Metang,90/102,548311,Metang - 090 (Prerelease) [Staff],SKIP_NAME_MISMATCH,0.50
pkm-scarlet-and-violet-black-star-promos-91-102-b6555687c1,Scarlet and Violet Black Star Promos,Koraidon,91/102,543952,Koraidon - 091 (Prerelease),SKIP_NAME_MISMATCH,0.50
pkm-scarlet-and-violet-black-star-promos-91-102-b6555687c1,Scarlet and Violet Black Star Promos,Koraidon,91/102,548308,Koraidon - 091 (Prerelease) [Staff],SKIP_NAME_MISMATCH,0.50
pkm-scarlet-and-violet-black-star-promos-92-102-bb8d086185,Scarlet and Violet Black Star Promos,Miraidon,92/102,543953,Miraidon - 092 (Prerelease),SKIP_NAME_MISMATCH,0.50
pkm-scarlet-and-violet-black-star-promos-92-102-bb8d086185,Scarlet and Violet Black Star Promos,Miraidon,92/102,548309,Miraidon - 092 (Prerelease) [Staff],SKIP_NAME_MISMATCH,0.50
pkm-scarlet-and-violet-black-star-promos-93-102-222146b8b1,Scarlet and Violet Black Star Promos,Carvanha,93/102,544183,Carvanha - 093,SKIP_NAME_MISMATCH,0.50
pkm-scarlet-and-violet-black-star-promos-94-102-c9555ad2b3,Scarlet and Violet Black Star Promos,Bellibolt,94/102,544194,Bellibolt - 094,SKIP_NAME_MISMATCH,0.50
pkm-scarlet-and-violet-black-star-promos-95-102-80ae50e6b9,Scarlet and Violet Black Star Promos,Cleffa,95/102,544201,Cleffa - 095,SKIP_NAME_MISMATCH,0.50
pkm-scarlet-and-violet-black-star-promos-96-102-63cc34824a,Scarlet and Violet Black Star Promos,Cyclizar,96/102,544214,Cyclizar - 096,SKIP_NAME_MISMATCH,0.50
pkm-scarlet-and-violet-black-star-promos-97-102-f84976e01e,Scarlet and Violet Black Star Promos,Flutter Mane,97/102,543946,Flutter Mane - 097,SKIP_NAME_MISMATCH,0.67
pkm-scarlet-and-violet-black-star-promos-97-102-f84976e01e,Scarlet and Violet Black Star Promos,Flutter Mane,97/102,543947,Flutter Mane - 097 (Pokemon Center),SKIP_NAME_MISMATCH,0.40
pkm-scarlet-and-violet-black-star-promos-98-102-79e11448cd,Scarlet and Violet Black Star Promos,Iron Thorns,98/102,543948,Iron Thorns - 098,SKIP_NAME_MISMATCH,0.67
pkm-scarlet-and-violet-black-star-promos-98-102-79e11448cd,Scarlet and Violet Black Star Promos,Iron Thorns,98/102,543949,Iron Thorns - 098 (Pokemon Center),SKIP_NAME_MISMATCH,0.40
pkm-scarlet-and-violet-black-star-promos-99-102-bddfdeec0f,Scarlet and Violet Black Star Promos,Shroodle,99/102,546450,Shroodle - 099,SKIP_NAME_MISMATCH,0.50
pkm-scarlet-and-violet-black-star-promos-100-102-12c5212164,Scarlet and Violet Black Star Promos,Grafaiai ex,100/102,546448,Grafaiai ex - 100,SKIP_NAME_MISMATCH,0.67
pkm-scarlet-and-violet-black-star-promos-101-102-8aa0eeb692,Scarlet and Violet Black Star Promos,Pikachu,101/102,528365,Pikachu - 101,SKIP_NAME_MISMATCH,0.50
pkm-scarlet-and-violet-black-star-promos-101-102-8aa0eeb692,Scarlet and Violet Black Star Promos,Pikachu,101/102,681225,Pikachu (Asia Championship Series 23-24),SKIP_NAME_MISMATCH,0.17
pkm-scarlet-and-violet-black-star-promos-102-102-c7b7305213,Scarlet and Violet Black Star Promos,Oddish,102/102,525293,Oddish - 102,SKIP_NAME_MISMATCH,0.50
pkm-scarlet-and-violet-black-star-promos-103-102-b18f264c0c,Scarlet and Violet Black Star Promos,Houndoom ex,103/102,546754,Houndoom ex - 103,SKIP_NAME_MISMATCH,0.67
pkm-scarlet-and-violet-black-star-promos-104-102-e59580e56b,Scarlet and Violet Black Star Promos,Melmetal ex,104/102,546755,Melmetal ex - 104,SKIP_NAME_MISMATCH,0.67
pkm-scarlet-and-violet-black-star-promos-105-102-0a1e459a80,Scarlet and Violet Black Star Promos,Armarouge ex,105/102,,,NO_CANDIDATE,
pkm-scarlet-and-violet-black-star-promos-106-102-850e4678f3,Scarlet and Violet Black Star Promos,Pikachu ex,106/102,,,NO_CANDIDATE,
pkm-scarlet-and-violet-black-star-promos-107-102-754abe212f,Scarlet and Violet Black Star Promos,Mareep,107/102,,,NO_CANDIDATE,
pkm-scarlet-and-violet-black-star-promos-108-102-96f8935798,Scarlet and Violet Black Star Promos,Flaaffy,108/102,,,NO_CANDIDATE,
pkm-scarlet-and-violet-black-star-promos-109-102-4dc20b396d,Scarlet and Violet Black Star Promos,Ampharos,109/102,,,NO_CANDIDATE,
pkm-scarlet-and-violet-black-star-promos-110-102-c52c1f982d,Scarlet and Violet Black Star Promos,Darkrai ex,110/102,,,NO_CANDIDATE,
pkm-scarlet-and-violet-black-star-promos-111-102-0639b81ac6,Scarlet and Violet Black Star Promos,Pawniard,111/102,,,NO_CANDIDATE,
pkm-scarlet-and-violet-black-star-promos-112-102-a82e874ca9,Scarlet and Violet Black Star Promos,Bisharp,112/102,,,NO_CANDIDATE,
pkm-scarlet-and-violet-black-star-promos-113-102-602a0ea8e0,Scarlet and Violet Black Star Promos,Kingambit,113/102,,,NO_CANDIDATE,
pkm-scarlet-and-violet-black-star-promos-114-102-a88dd9f2ce,Scarlet and Violet Black Star Promos,Picnicker,114/102,551687,Picnicker - 114,SKIP_NAME_MISMATCH,0.50
pkm-scarlet-and-violet-black-star-promos-115-102-7055a9ba95,Scarlet and Violet Black Star Promos,Thwackey,115/102,551688,Thwackey - 115,SKIP_NAME_MISMATCH,0.50
pkm-scarlet-and-violet-black-star-promos-115-102-7055a9ba95,Scarlet and Violet Black Star Promos,Thwackey,115/102,563315,Thwackey - 115 (Prerelease) [Staff],SKIP_NAME_MISMATCH,0.50
pkm-scarlet-and-violet-black-star-promos-116-102-ec7fbcf699,Scarlet and Violet Black Star Promos,Infernape,116/102,551689,Infernape - 116,SKIP_NAME_MISMATCH,0.50
pkm-scarlet-and-violet-black-star-promos-116-102-ec7fbcf699,Scarlet and Violet Black Star Promos,Infernape,116/102,563316,Infernape - 116 (Prerelease) [Staff],SKIP_NAME_MISMATCH,0.50
pkm-scarlet-and-violet-black-star-promos-116-102-ec7fbcf699,Scarlet and Violet Black Star Promos,Infernape,116/102,678764,Rockruff - 116/193 (Cosmos Holo),SKIP_NAME_MISMATCH,0.00
pkm-scarlet-and-violet-black-star-promos-117-102-3096e60505,Scarlet and Violet Black Star Promos,Froslass,117/102,551691,Froslass - 117,SKIP_NAME_MISMATCH,0.50
pkm-scarlet-and-violet-black-star-promos-117-102-3096e60505,Scarlet and Violet Black Star Promos,Froslass,117/102,563317,Froslass - 117 (Prerelease) [Staff],SKIP_NAME_MISMATCH,0.50
pkm-scarlet-and-violet-black-star-promos-118-102-ed91b40c48,Scarlet and Violet Black Star Promos,Tatsugiri,118/102,551692,Tatsugiri - 118,SKIP_NAME_MISMATCH,0.50
pkm-scarlet-and-violet-black-star-promos-118-102-ed91b40c48,Scarlet and Violet Black Star Promos,Tatsugiri,118/102,563318,Tatsugiri - 118 (Prerelease) [Staff],SKIP_NAME_MISMATCH,0.50
pkm-scarlet-and-violet-black-star-promos-119-102-96ca032e9d,Scarlet and Violet Black Star Promos,Toxel,119/102,554293,Toxel - 119,SKIP_NAME_MISMATCH,0.50
pkm-scarlet-and-violet-black-star-promos-120-102-dd54bd7723,Scarlet and Violet Black Star Promos,Pupitar,120/102,554189,Pupitar - 120,SKIP_NAME_MISMATCH,0.50
pkm-scarlet-and-violet-black-star-promos-121-102-ff4f2fcfe8,Scarlet and Violet Black Star Promos,Revavroom,121/102,554296,Revavroom - 121,SKIP_NAME_MISMATCH,0.50
pkm-scarlet-and-violet-black-star-promos-121-102-ff4f2fcfe8,Scarlet and Violet Black Star Promos,Revavroom,121/102,560618,Revavroom - 121 (Cosmos Holo),SKIP_NAME_MISMATCH,0.50
pkm-scarlet-and-violet-black-star-promos-122-102-d1c84b4135,Scarlet and Violet Black Star Promos,Snorlax,122/102,554297,Snorlax - 122,SKIP_NAME_MISMATCH,0.50
pkm-scarlet-and-violet-black-star-promos-123-102-4506e959f7,Scarlet and Violet Black Star Promos,Teal Mask Ogerpon,123/102,552785,Teal Mask Ogerpon - 123,LINKED,0.91
pkm-scarlet-and-violet-black-star-promos-123-102-4506e959f7,Scarlet and Violet Black Star Promos,Teal Mask Ogerpon,123/102,552786,Teal Mask Ogerpon - 123 (Pokemon Center Exclusive),SKIP_NAME_MISMATCH,0.43
pkm-scarlet-and-violet-black-star-promos-124-102-9255799f60,Scarlet and Violet Black Star Promos,Iono,124/102,545661,Iono - 124,SKIP_NAME_MISMATCH,0.50
pkm-scarlet-and-violet-black-star-promos-125-102-cc84185b48,Scarlet and Violet Black Star Promos,Armarouge ex,125/102,547653,Armarouge ex - 125,SKIP_NAME_MISMATCH,0.67
pkm-scarlet-and-violet-black-star-promos-126-102-0e41289495,Scarlet and Violet Black Star Promos,Palafin ex,126/102,556449,Palafin ex - 126,SKIP_NAME_MISMATCH,0.67
pkm-scarlet-and-violet-black-star-promos-127-102-a2831055f9,Scarlet and Violet Black Star Promos,Walking Wake ex,127/102,554298,Walking Wake ex - 127,LINKED,0.91
pkm-scarlet-and-violet-black-star-promos-128-102-b65739dacd,Scarlet and Violet Black Star Promos,Iron Leaves ex,128/102,554299,Iron Leaves ex - 128,LINKED,0.91
pkm-scarlet-and-violet-black-star-promos-129-102-d346cb7441,Scarlet and Violet Black Star Promos,Pecharunt,129/102,564137,Pecharunt - 129,SKIP_NAME_MISMATCH,0.50
pkm-scarlet-and-violet-black-star-promos-129-102-d346cb7441,Scarlet and Violet Black Star Promos,Pecharunt,129/102,573720,Pecharunt - 129 (Pokemon Center Exclusive),SKIP_NAME_MISMATCH,0.20
pkm-scarlet-and-violet-black-star-promos-130-102-976d6a22bf,Scarlet and Violet Black Star Promos,Kingambit,130/102,562087,Kingambit - 130,SKIP_NAME_MISMATCH,0.50
pkm-scarlet-and-violet-black-star-promos-131-102-2becb3b664,Scarlet and Violet Black Star Promos,Kingdra ex,131/102,562019,Kingdra ex - 131,SKIP_NAME_MISMATCH,0.67
pkm-scarlet-and-violet-black-star-promos-132-102-24bac2b5b1,Scarlet and Violet Black Star Promos,Greninja ex,132/102,562018,Greninja ex - 132,SKIP_NAME_MISMATCH,0.67
pkm-scarlet-and-violet-black-star-promos-133-102-b9b6236f4c,Scarlet and Violet Black Star Promos,Ledian,133/102,576970,Ledian - 133,SKIP_NAME_MISMATCH,0.50
pkm-scarlet-and-violet-black-star-promos-133-102-b9b6236f4c,Scarlet and Violet Black Star Promos,Ledian,133/102,580334,Ledian - 133 (Prerelease) [Staff],SKIP_NAME_MISMATCH,0.50
pkm-scarlet-and-violet-black-star-promos-134-102-8269981207,Scarlet and Violet Black Star Promos,Crabominable,134/102,576972,Crabominable - 134,SKIP_NAME_MISMATCH,0.50
pkm-scarlet-and-violet-black-star-promos-134-102-8269981207,Scarlet and Violet Black Star Promos,Crabominable,134/102,580335,Crabominable - 134 (Prerelease) [Staff],SKIP_NAME_MISMATCH,0.50
pkm-scarlet-and-violet-black-star-promos-135-102-7ecde6d465,Scarlet and Violet Black Star Promos,Drifblim,135/102,576974,Drifblim - 135,SKIP_NAME_MISMATCH,0.50
pkm-scarlet-and-violet-black-star-promos-135-102-7ecde6d465,Scarlet and Violet Black Star Promos,Drifblim,135/102,580336,Drifblim - 135 (Prerelease) [Staff],SKIP_NAME_MISMATCH,0.50
pkm-scarlet-and-violet-black-star-promos-136-102-64c9c1887e,Scarlet and Violet Black Star Promos,Bouffalant,136/102,576976,Bouffalant - 136,SKIP_NAME_MISMATCH,0.50
pkm-scarlet-and-violet-black-star-promos-136-102-64c9c1887e,Scarlet and Violet Black Star Promos,Bouffalant,136/102,580337,Bouffalant - 136 (Prerelease) [Staff],SKIP_NAME_MISMATCH,0.50
pkm-scarlet-and-violet-black-star-promos-137-102-a337e42dfa,Scarlet and Violet Black Star Promos,Horsea,137/102,585578,Horsea - 137 (Cosmo Holo),SKIP_NAME_MISMATCH,0.33
pkm-scarlet-and-violet-black-star-promos-138-102-5e2983d139,Scarlet and Violet Black Star Promos,Porygon2,138/102,585577,Porygon2 - 138 (Cosmos Holo),SKIP_NAME_MISMATCH,0.50
pkm-scarlet-and-violet-black-star-promos-139-102-6245e45d77,Scarlet and Violet Black Star Promos,Latias,139/102,585579,Latias - 139 (Cosmo Holo),SKIP_NAME_MISMATCH,0.33
pkm-scarlet-and-violet-black-star-promos-140-102-bc2b3ac246,Scarlet and Violet Black Star Promos,Tinkaton,140/102,,,NO_CANDIDATE,
pkm-scarlet-and-violet-black-star-promos-141-102-c0f5de7302,Scarlet and Violet Black Star Promos,Noctowl,141/102,578811,Noctowl - 141,SKIP_NAME_MISMATCH,0.50
pkm-scarlet-and-violet-black-star-promos-141-102-c0f5de7302,Scarlet and Violet Black Star Promos,Noctowl,141/102,578812,Noctowl - 141 (Pokemon Center Exclusive),SKIP_NAME_MISMATCH,0.20
pkm-scarlet-and-violet-black-star-promos-142-102-f668bce565,Scarlet and Violet Black Star Promos,Victini ex,142/102,,,NO_CANDIDATE,
pkm-scarlet-and-violet-black-star-promos-143-102-7fd3dc07e3,Scarlet and Violet Black Star Promos,Miraidon ex,143/102,593277,Miraidon ex - 143,SKIP_NAME_MISMATCH,0.67
pkm-scarlet-and-violet-black-star-promos-144-102-b59774fde6,Scarlet and Violet Black Star Promos,Gouging Fire ex,144/102,579993,Gouging Fire ex - 144,LINKED,0.91
pkm-scarlet-and-violet-black-star-promos-145-102-268c46f847,Scarlet and Violet Black Star Promos,Raging Bolt ex,145/102,583850,Raging Bolt ex - 145,LINKED,0.91
pkm-scarlet-and-violet-black-star-promos-146-102-a9750cd5aa,Scarlet and Violet Black Star Promos,Iron Crown ex,146/102,579992,Iron Crown ex - 146,LINKED,0.91
pkm-scarlet-and-violet-black-star-promos-147-102-b282cdbfbf,Scarlet and Violet Black Star Promos,Iron Boulder ex,147/102,583851,Iron Boulder ex - 147,LINKED,0.91
pkm-scarlet-and-violet-black-star-promos-148-102-60c05f469a,Scarlet and Violet Black Star Promos,Miraidon,148/102,593282,Miraidon - 148,SKIP_NAME_MISMATCH,0.50
pkm-scarlet-and-violet-black-star-promos-149-102-f45e3eb4a9,Scarlet and Violet Black Star Promos,Pecharunt,149/102,562025,Pecharunt - 149,SKIP_NAME_MISMATCH,0.50
pkm-scarlet-and-violet-black-star-promos-150-102-2e07202f0f,Scarlet and Violet Black Star Promos,Paradise Resort,150/102,578146,Paradise Resort - 150 (World Championships 2024),SKIP_NAME_MISMATCH,0.33
pkm-scarlet-and-violet-black-star-promos-150-102-2e07202f0f,Scarlet and Violet Black Star Promos,Paradise Resort,150/102,583726,Paradise Resort - 150 (World Championships 2024) [Staff],SKIP_NAME_MISMATCH,0.33
pkm-scarlet-and-violet-black-star-promos-151-102-99d96a23da,Scarlet and Violet Black Star Promos,Gouging Fire,151/102,594382,Gouging Fire - 151,SKIP_NAME_MISMATCH,0.67
pkm-scarlet-and-violet-black-star-promos-151-102-99d96a23da,Scarlet and Violet Black Star Promos,Gouging Fire,151/102,607013,Gouging Fire - 151 (Staff),SKIP_NAME_MISMATCH,0.67
pkm-scarlet-and-violet-black-star-promos-152-102-6c85839e11,Scarlet and Violet Black Star Promos,Chien-Pao,152/102,594383,Chien-Pao - 152,SKIP_NAME_MISMATCH,0.67
pkm-scarlet-and-violet-black-star-promos-152-102-6c85839e11,Scarlet and Violet Black Star Promos,Chien-Pao,152/102,607014,Chien-Pao - 152 (Staff),SKIP_NAME_MISMATCH,0.67
pkm-scarlet-and-violet-black-star-promos-153-102-2627941637,Scarlet and Violet Black Star Promos,Magneton,153/102,594385,Magneton - 153,SKIP_NAME_MISMATCH,0.50
pkm-scarlet-and-violet-black-star-promos-153-102-2627941637,Scarlet and Violet Black Star Promos,Magneton,153/102,607015,Magneton - 153 (Staff),SKIP_NAME_MISMATCH,0.50
pkm-scarlet-and-violet-black-star-promos-154-102-9e8ee4c990,Scarlet and Violet Black Star Promos,Indeedee,154/102,594388,Indeedee - 154,SKIP_NAME_MISMATCH,0.50
pkm-scarlet-and-violet-black-star-promos-154-102-9e8ee4c990,Scarlet and Violet Black Star Promos,Indeedee,154/102,607016,Indeedee - 154 (Staff),SKIP_NAME_MISMATCH,0.50
pkm-scarlet-and-violet-black-star-promos-155-102-1ac07a5028,Scarlet and Violet Black Star Promos,Wooper,155/102,594389,Wooper - 155,SKIP_NAME_MISMATCH,0.50
pkm-scarlet-and-violet-black-star-promos-156-102-41b6497605,Scarlet and Violet Black Star Promos,Quagsire,156/102,594403,Quagsire - 156,SKIP_NAME_MISMATCH,0.50
pkm-scarlet-and-violet-black-star-promos-157-102-72dae6a3a3,Scarlet and Violet Black Star Promos,Zapdos,157/102,594405,Zapdos - 157,SKIP_NAME_MISMATCH,0.50
pkm-scarlet-and-violet-black-star-promos-158-102-c68afa6108,Scarlet and Violet Black Star Promos,Pachirisu,158/102,594410,Pachirisu - 158,SKIP_NAME_MISMATCH,0.50
pkm-scarlet-and-violet-black-star-promos-159-102-a8524b738a,Scarlet and Violet Black Star Promos,Magneton,159/102,594386,Magneton - 159,SKIP_NAME_MISMATCH,0.50
pkm-scarlet-and-violet-black-star-promos-159-102-a8524b738a,Scarlet and Violet Black Star Promos,Magneton,159/102,594468,Magneton - 159 (Pokémon Center Exclusive),SKIP_NAME_MISMATCH,0.20
pkm-scarlet-and-violet-black-star-promos-160-102-64cb34b700,Scarlet and Violet Black Star Promos,Squawkabilly ex,160/102,587945,Squawkabilly ex - 160,SKIP_NAME_MISMATCH,0.67
pkm-scarlet-and-violet-black-star-promos-161-102-29ee939251,Scarlet and Violet Black Star Promos,Charizard ex,161/102,586831,Charizard ex - 161,SKIP_NAME_MISMATCH,0.67
pkm-scarlet-and-violet-black-star-promos-163-102-a3f1d6c1ce,Scarlet and Violet Black Star Promos,Cinderace ex,163/102,596420,Cinderace ex - 163,SKIP_NAME_MISMATCH,0.67
pkm-scarlet-and-violet-black-star-promos-164-102-ce5196119a,Scarlet and Violet Black Star Promos,Lapras ex,164/102,596421,Lapras ex - 164,SKIP_NAME_MISMATCH,0.67
pkm-scarlet-and-violet-black-star-promos-165-102-3791ccfd55,Scarlet and Violet Black Star Promos,Terapagos ex,165/102,596422,Terapagos ex - 165,SKIP_NAME_MISMATCH,0.67
pkm-wizards-black-star-promos-1-53-18c0742931,Wizards Black Star Promos,Pikachu,1/53,121772,Pikachu (1),SKIP_NAME_MISMATCH,0.50
pkm-wizards-black-star-promos-1-53-18c0742931,Wizards Black Star Promos,Pikachu,1/53,88065,Pikachu (1) (Misprint),SKIP_NAME_MISMATCH,0.33
pkm-wizards-black-star-promos-1-53-18c0742931,Wizards Black Star Promos,Pikachu,1/53,154998,Aerodactyl (Prerelease),SKIP_NAME_MISMATCH,0.00
pkm-wizards-black-star-promos-1-53-18c0742931,Wizards Black Star Promos,Pikachu,1/53,154997,Clefable (Prerelease),SKIP_NAME_MISMATCH,0.00
pkm-wizards-black-star-promos-2-53-d8a3f73e67,Wizards Black Star Promos,Electabuzz,2/53,85107,Electabuzz (Movie Promo),SKIP_NAME_MISMATCH,0.50
pkm-wizards-black-star-promos-3-53-7ac3906f02,Wizards Black Star Promos,Mewtwo,3/53,87414,Mewtwo (Movie Promo),SKIP_NAME_MISMATCH,0.50
pkm-wizards-black-star-promos-4-53-737085b8b0,Wizards Black Star Promos,Pikachu,4/53,88066,Pikachu (Movie Promo),SKIP_NAME_MISMATCH,0.50
pkm-wizards-black-star-promos-5-53-58c037e548,Wizards Black Star Promos,Dragonite,5/53,84909,Dragonite (Movie Promo),SKIP_NAME_MISMATCH,0.50
pkm-wizards-black-star-promos-8-53-3fc871e21c,Wizards Black Star Promos,Mew,8/53,607818,Mew - 8 (Glossy Finish),SKIP_NAME_MISMATCH,0.25
pkm-wizards-black-star-promos-8-53-3fc871e21c,Wizards Black Star Promos,Mew,8/53,87394,Mew (8),SKIP_NAME_MISMATCH,0.50
pkm-wizards-black-star-promos-8-53-3fc871e21c,Wizards Black Star Promos,Mew,8/53,118775,Dark Gyarados (Prerelease),SKIP_NAME_MISMATCH,0.00
pkm-wizards-black-star-promos-9-53-ce1740d88a,Wizards Black Star Promos,Mew,9/53,123445,Misty's Seadra (Prerelease),SKIP_NAME_MISMATCH,0.00
pkm-wizards-black-star-promos-9-53-ce1740d88a,Wizards Black Star Promos,Mew,9/53,87395,Mew (9),SKIP_NAME_MISMATCH,0.50
pkm-wizards-black-star-promos-12-53-487a66bd56,Wizards Black Star Promos,Mewtwo,12/53,87416,Mewtwo (12),SKIP_NAME_MISMATCH,0.50
pkm-wizards-black-star-promos-14-53-89ae9fda53,Wizards Black Star Promos,Mewtwo,14/53,87417,Mewtwo (14),SKIP_NAME_MISMATCH,0.50
pkm-wizards-black-star-promos-16-53-36a3e3917e,Wizards Black Star Promos,Computer Error,16/53,84414,Computer Error (Rocket's Secret Machine),SKIP_NAME_MISMATCH,0.33
pkm-wizards-black-star-promos-22-53-764aa516f5,Wizards Black Star Promos,Articuno,22/53,83647,Articuno (22),SKIP_NAME_MISMATCH,0.50
pkm-wizards-black-star-promos-26-53-3199aa00fc,Wizards Black Star Promos,Pikachu,26/53,88068,Pikachu (SNAP Promo),SKIP_NAME_MISMATCH,0.50
pkm-wizards-black-star-promos-27-53-d53478c463,Wizards Black Star Promos,Pikachu,27/53,88069,Pikachu (27),SKIP_NAME_MISMATCH,0.50
pkm-wizards-black-star-promos-47-53-1f53adfef0,Wizards Black Star Promos,Mew,47/53,87397,Mew (47),SKIP_NAME_MISMATCH,0.50
pkm-wizards-black-star-promos-48-53-fa68227394,Wizards Black Star Promos,Articuno,48/53,83648,Articuno (48),SKIP_NAME_MISMATCH,0.50
pkm-wizards-black-star-promos-51-53-eeaeae17bd,Wizards Black Star Promos,Rapidash,51/53,88575,Rapidash (51),SKIP_NAME_MISMATCH,0.50
pkm-wizards-black-star-promos-51-53-eeaeae17bd,Wizards Black Star Promos,Rapidash,51/53,244347,Rapidash [Pokemon Center NY],SKIP_NAME_MISMATCH,0.25
pkm-bw-black-star-promos-bw01-101-425906d511,BW Black Star Promos,Snivy,BW01/101,89377,Snivy - BW01,SKIP_NAME_MISMATCH,0.50
pkm-bw-black-star-promos-bw02-101-dee01b457f,BW Black Star Promos,Tepig,BW02/101,89881,Tepig (BW02),SKIP_NAME_MISMATCH,0.50
pkm-bw-black-star-promos-bw03-101-f395159513,BW Black Star Promos,Oshawott,BW03/101,87892,Oshawott - BW03,SKIP_NAME_MISMATCH,0.50
pkm-bw-black-star-promos-bw004-101-ca7c195eaa,BW Black Star Promos,Reshiram,BW004/101,88705,Reshiram - BW004,SKIP_NAME_MISMATCH,0.50
pkm-bw-black-star-promos-bw005-101-4c1c5ee48d,BW Black Star Promos,Zekrom,BW005/101,90733,Zekrom - BW005,SKIP_NAME_MISMATCH,0.50
pkm-bw-black-star-promos-bw06-101-69da14f4ce,BW Black Star Promos,Snivy,BW06/101,89379,Snivy - BW06,SKIP_NAME_MISMATCH,0.50
pkm-bw-black-star-promos-bw07-101-b3f2800728,BW Black Star Promos,Tepig,BW07/101,89883,Tepig - BW07,SKIP_NAME_MISMATCH,0.50
pkm-bw-black-star-promos-bw08-101-42a037e8c1,BW Black Star Promos,Oshawott,BW08/101,87894,Oshawott - BW08,SKIP_NAME_MISMATCH,0.50
pkm-bw-black-star-promos-bw09-101-91b0b5979f,BW Black Star Promos,Zoroark,BW09/101,90751,Zoroark - BW09,SKIP_NAME_MISMATCH,0.50
pkm-bw-black-star-promos-bw10-101-476ad80900,BW Black Star Promos,Axew,BW10/101,83666,Axew - BW10,SKIP_NAME_MISMATCH,0.50
pkm-bw-black-star-promos-bw11-101-821c0cba76,BW Black Star Promos,Pansage,BW11/101,87934,Pansage - BW11,SKIP_NAME_MISMATCH,0.50
pkm-bw-black-star-promos-bw12-101-10ec07a6e1,BW Black Star Promos,Zorua,BW12/101,230421,Arcanine - 12/99 (Prerelease),SKIP_NAME_MISMATCH,0.00
pkm-bw-black-star-promos-bw12-101-10ec07a6e1,BW Black Star Promos,Zorua,BW12/101,230422,Arcanine - 12/99 (Prerelease) [Staff],SKIP_NAME_MISMATCH,0.00
pkm-bw-black-star-promos-bw12-101-10ec07a6e1,BW Black Star Promos,Zorua,BW12/101,90760,Zorua - BW12,SKIP_NAME_MISMATCH,0.50
pkm-bw-black-star-promos-bw13-101-5bb2beda48,BW Black Star Promos,Minccino,BW13/101,87475,Minccino - BW13 (Cosmos Holo),SKIP_NAME_MISMATCH,0.50
pkm-bw-black-star-promos-bw13-101-5bb2beda48,BW Black Star Promos,Minccino,BW13/101,96881,Minccino - BW13 (Cracked Ice Holo),SKIP_NAME_MISMATCH,0.25
pkm-bw-black-star-promos-bw14-101-a487d30333,BW Black Star Promos,Pansage,BW14/101,87935,Pansage - BW14,SKIP_NAME_MISMATCH,0.50
pkm-bw-black-star-promos-bw15-101-4c22bea2c3,BW Black Star Promos,Pidove,BW15/101,88057,Pidove - BW15,SKIP_NAME_MISMATCH,0.50
pkm-bw-black-star-promos-bw16-101-bc2bfb5519,BW Black Star Promos,Axew,BW16/101,83667,Axew - BW16,SKIP_NAME_MISMATCH,0.50
pkm-bw-black-star-promos-bw17-101-ad2d5c41b2,BW Black Star Promos,Ducklett,BW17/101,84992,Ducklett - BW17,SKIP_NAME_MISMATCH,0.50
pkm-bw-black-star-promos-bw18-101-038ce70fda,BW Black Star Promos,Darumaka,BW18/101,84720,Darumaka - BW18,SKIP_NAME_MISMATCH,0.50
pkm-bw-black-star-promos-bw19-101-13c578b325,BW Black Star Promos,Zoroark,BW19/101,90752,Zoroark - BW19,SKIP_NAME_MISMATCH,0.50
pkm-bw-black-star-promos-bw20-101-6d9096ad87,BW Black Star Promos,Serperior,BW20/101,89071,Serperior - BW20,SKIP_NAME_MISMATCH,0.50
pkm-bw-black-star-promos-bw21-101-9bffe67f7a,BW Black Star Promos,Emboar,BW21/101,85183,Emboar - BW21,SKIP_NAME_MISMATCH,0.50
pkm-bw-black-star-promos-bw22-101-ebff63e1ae,BW Black Star Promos,Samurott,BW22/101,88909,Samurott - BW22,SKIP_NAME_MISMATCH,0.50
pkm-bw-black-star-promos-bw23-101-cca2f97da7,BW Black Star Promos,Reshiram,BW23/101,88706,Reshiram - BW23,SKIP_NAME_MISMATCH,0.50
pkm-bw-black-star-promos-bw24-101-edaf4719e5,BW Black Star Promos,Zekrom,BW24/101,90734,Zekrom - BW24,SKIP_NAME_MISMATCH,0.50
pkm-bw-black-star-promos-bw25-101-b23b4d7ced,BW Black Star Promos,Scraggy,BW25/101,228483,Darmanitan - 25/114 (Prerelease),SKIP_NAME_MISMATCH,0.00
pkm-bw-black-star-promos-bw25-101-b23b4d7ced,BW Black Star Promos,Scraggy,BW25/101,228485,Darmanitan - 25/114 (Prerelease) [Staff],SKIP_NAME_MISMATCH,0.00
pkm-bw-black-star-promos-bw25-101-b23b4d7ced,BW Black Star Promos,Scraggy,BW25/101,88982,Scraggy - BW25 (Cosmos Holo),SKIP_NAME_MISMATCH,0.50
pkm-bw-black-star-promos-bw25-101-b23b4d7ced,BW Black Star Promos,Scraggy,BW25/101,96882,Scraggy - BW25 (Cracked Ice Holo),SKIP_NAME_MISMATCH,0.25
pkm-bw-black-star-promos-bw26-101-ecb8a1cc2b,BW Black Star Promos,Axew,BW26/101,83669,Axew - BW26,SKIP_NAME_MISMATCH,0.50
pkm-bw-black-star-promos-bw27-101-c9e5444e17,BW Black Star Promos,Litwick,BW27/101,86810,Litwick - BW27,SKIP_NAME_MISMATCH,0.50
pkm-bw-black-star-promos-bw28-101-046004a973,BW Black Star Promos,Tropical Beach,BW28/101,90048,Tropical Beach - BW28 (Worlds 11),SKIP_NAME_MISMATCH,0.40
pkm-bw-black-star-promos-bw28-101-046004a973,BW Black Star Promos,Tropical Beach,BW28/101,96873,Tropical Beach - BW28 (Worlds 11) [Finalist],SKIP_NAME_MISMATCH,0.33
pkm-bw-black-star-promos-bw28-101-046004a973,BW Black Star Promos,Tropical Beach,BW28/101,96871,Tropical Beach - BW28 (Worlds 11) [Quarter-Finalist],SKIP_NAME_MISMATCH,0.29
pkm-bw-black-star-promos-bw28-101-046004a973,BW Black Star Promos,Tropical Beach,BW28/101,96872,Tropical Beach - BW28 (Worlds 11) [Semi Finalist],SKIP_NAME_MISMATCH,0.29
pkm-bw-black-star-promos-bw28-101-046004a973,BW Black Star Promos,Tropical Beach,BW28/101,96874,Tropical Beach - BW28 (Worlds 11) [Staff],SKIP_NAME_MISMATCH,0.40
pkm-bw-black-star-promos-bw28-101-046004a973,BW Black Star Promos,Tropical Beach,BW28/101,96870,Tropical Beach - BW28 (Worlds 11) [Top 16],SKIP_NAME_MISMATCH,0.29
pkm-bw-black-star-promos-bw28-101-046004a973,BW Black Star Promos,Tropical Beach,BW28/101,96869,Tropical Beach - BW28 (Worlds 11) [Top 32],SKIP_NAME_MISMATCH,0.29
pkm-bw-black-star-promos-bw29-101-e6ee3aa8f5,BW Black Star Promos,Victory Cup,BW29/101,90355,Victory Cup - BW29 (Battle Road Autumn 2011) [3rd Place],SKIP_NAME_MISMATCH,0.22
pkm-bw-black-star-promos-bw29-101-e6ee3aa8f5,BW Black Star Promos,Victory Cup,BW29/101,96862,Victory Cup - BW29 (Battle Road Autumn 2012) [3rd Place],SKIP_NAME_MISMATCH,0.22
pkm-bw-black-star-promos-bw29-101-e6ee3aa8f5,BW Black Star Promos,Victory Cup,BW29/101,96863,Victory Cup - BW29 (Battle Road Spring 2012) [3rd Place],SKIP_NAME_MISMATCH,0.22
pkm-bw-black-star-promos-bw29-101-e6ee3aa8f5,BW Black Star Promos,Victory Cup,BW29/101,96868,Victory Cup - BW29 (Battle Road Spring 2013) [3rd Place],SKIP_NAME_MISMATCH,0.22
pkm-bw-black-star-promos-bw30-101-ff68752185,BW Black Star Promos,Victory Cup,BW30/101,90354,Victory Cup - BW30 (Battle Road Autumn 2011) [2nd Place],SKIP_NAME_MISMATCH,0.22
pkm-bw-black-star-promos-bw30-101-ff68752185,BW Black Star Promos,Victory Cup,BW30/101,96861,Victory Cup - BW30 (Battle Road Autumn 2012) [2nd Place],SKIP_NAME_MISMATCH,0.22
pkm-bw-black-star-promos-bw30-101-ff68752185,BW Black Star Promos,Victory Cup,BW30/101,96864,Victory Cup - BW30 (Battle Road Spring 2012) [2nd Place],SKIP_NAME_MISMATCH,0.22
pkm-bw-black-star-promos-bw30-101-ff68752185,BW Black Star Promos,Victory Cup,BW30/101,96867,Victory Cup - BW30 (Battle Road Spring 2013) [2nd Place],SKIP_NAME_MISMATCH,0.22
pkm-bw-black-star-promos-bw31-101-a7fe090f95,BW Black Star Promos,Victory Cup,BW31/101,90353,Victory Cup - BW31 (Battle Road Autumn 2011) [1st Place],SKIP_NAME_MISMATCH,0.22
pkm-bw-black-star-promos-bw31-101-a7fe090f95,BW Black Star Promos,Victory Cup,BW31/101,96860,Victory Cup - BW31 (Battle Road Autumn 2012) [1st Place],SKIP_NAME_MISMATCH,0.22
pkm-bw-black-star-promos-bw31-101-a7fe090f95,BW Black Star Promos,Victory Cup,BW31/101,96865,Victory Cup - BW31 (Battle Road Spring 2012) [1st Place],SKIP_NAME_MISMATCH,0.22
pkm-bw-black-star-promos-bw31-101-a7fe090f95,BW Black Star Promos,Victory Cup,BW31/101,96866,Victory Cup - BW31 (Battle Road Spring 2013) [1st Place],SKIP_NAME_MISMATCH,0.22
pkm-bw-black-star-promos-bw32-101-b0c13247ee,BW Black Star Promos,Victini,BW32/101,,,NO_CANDIDATE,
pkm-bw-black-star-promos-bw33-101-03e552e4b8,BW Black Star Promos,Riolu,BW33/101,96883,Riolu - BW33,SKIP_NAME_MISMATCH,0.50
pkm-bw-black-star-promos-bw33-101-03e552e4b8,BW Black Star Promos,Riolu,BW33/101,88760,Riolu - BW33 (Cosmos Holo),SKIP_NAME_MISMATCH,0.50
pkm-bw-black-star-promos-bw34-101-8afc66db44,BW Black Star Promos,Luxio,BW34/101,86945,Luxio - BW34 (Cosmos Holo),SKIP_NAME_MISMATCH,0.50
pkm-bw-black-star-promos-bw34-101-8afc66db44,BW Black Star Promos,Luxio,BW34/101,96884,Luxio - BW34 (Cracked Ice Holo),SKIP_NAME_MISMATCH,0.25
pkm-bw-black-star-promos-bw35-101-29a2c2018e,BW Black Star Promos,Meowth,BW35/101,87327,Meowth - BW35,SKIP_NAME_MISMATCH,0.50
pkm-bw-black-star-promos-bw36-101-6f6ff058a5,BW Black Star Promos,Reshiram-EX,BW36/101,88714,Reshiram EX - BW36,SKIP_NAME_MISMATCH,0.67
pkm-bw-black-star-promos-bw37-101-3589f847dc,BW Black Star Promos,Kyurem-EX,BW37/101,86567,Kyurem EX - BW37,SKIP_NAME_MISMATCH,0.67
pkm-bw-black-star-promos-bw38-101-812978cd2b,BW Black Star Promos,Zekrom-EX,BW38/101,90741,Zekrom EX - BW38,SKIP_NAME_MISMATCH,0.67
pkm-bw-black-star-promos-bw39-101-2ec0b5c697,BW Black Star Promos,Battle City,BW39/101,83739,Battle City - BW39,SKIP_NAME_MISMATCH,0.67
pkm-bw-black-star-promos-bw40-101-caa113e7f8,BW Black Star Promos,Volcarona,BW40/101,90403,Volcarona - BW40 (Prerelease),SKIP_NAME_MISMATCH,0.50
pkm-bw-black-star-promos-bw40-101-caa113e7f8,BW Black Star Promos,Volcarona,BW40/101,97093,Volcarona - BW40 (Prerelease) [Staff],SKIP_NAME_MISMATCH,0.50
pkm-bw-black-star-promos-bw41-101-f37440f72c,BW Black Star Promos,Thundurus,BW41/101,89904,Thundurus - BW41,SKIP_NAME_MISMATCH,0.50
pkm-bw-black-star-promos-bw42-101-4141fc2eba,BW Black Star Promos,Tornadus,BW42/101,89975,Tornadus - BW42,SKIP_NAME_MISMATCH,0.50
pkm-bw-black-star-promos-bw43-101-74da346e98,BW Black Star Promos,Landorus,BW43/101,86592,Landorus - BW43,SKIP_NAME_MISMATCH,0.50
pkm-bw-black-star-promos-bw44-101-180dcc58c7,BW Black Star Promos,Kyurem,BW44/101,86562,Kyurem - BW44,SKIP_NAME_MISMATCH,0.50
pkm-bw-black-star-promos-bw45-101-93f44c2d9a,BW Black Star Promos,Mewtwo-EX,BW45/101,87430,Mewtwo EX - BW45,SKIP_NAME_MISMATCH,0.67
pkm-bw-black-star-promos-bw46-101-83fc4f867d,BW Black Star Promos,Darkrai-EX,BW46/101,84707,Darkrai EX - BW46,SKIP_NAME_MISMATCH,0.67
pkm-bw-black-star-promos-bw47-101-87d3d99057,BW Black Star Promos,Rayquaza-EX,BW47/101,88646,Rayquaza EX -BW47,SKIP_NAME_MISMATCH,0.67
pkm-bw-black-star-promos-bw48-101-1e7b647233,BW Black Star Promos,Altaria,BW48/101,83520,Altaria - BW48 (Prerelease),SKIP_NAME_MISMATCH,0.50
pkm-bw-black-star-promos-bw48-101-1e7b647233,BW Black Star Promos,Altaria,BW48/101,96566,Altaria - BW48 (Prerelease) [Staff],SKIP_NAME_MISMATCH,0.50
pkm-bw-black-star-promos-bw49-101-44047ffdea,BW Black Star Promos,Lilligant,BW49/101,86795,Lilligant - BW49,SKIP_NAME_MISMATCH,0.50
pkm-bw-black-star-promos-bw50-101-aefcbb9233,BW Black Star Promos,Tropical Beach,BW50/101,90049,Tropical Beach - BW50 (Worlds 12),SKIP_NAME_MISMATCH,0.40
pkm-bw-black-star-promos-bw50-101-aefcbb9233,BW Black Star Promos,Tropical Beach,BW50/101,96879,Tropical Beach - BW50 (Worlds 12) [Finalist],SKIP_NAME_MISMATCH,0.33
pkm-bw-black-star-promos-bw50-101-aefcbb9233,BW Black Star Promos,Tropical Beach,BW50/101,96877,Tropical Beach - BW50 (Worlds 12) [Quarter-Finalist],SKIP_NAME_MISMATCH,0.29
pkm-bw-black-star-promos-bw50-101-aefcbb9233,BW Black Star Promos,Tropical Beach,BW50/101,96878,Tropical Beach - BW50 (Worlds 12) [Semi-Finalist],SKIP_NAME_MISMATCH,0.29
pkm-bw-black-star-promos-bw50-101-aefcbb9233,BW Black Star Promos,Tropical Beach,BW50/101,96880,Tropical Beach - BW50 (Worlds 12) [Staff],SKIP_NAME_MISMATCH,0.40
pkm-bw-black-star-promos-bw50-101-aefcbb9233,BW Black Star Promos,Tropical Beach,BW50/101,96876,Tropical Beach - BW50 (Worlds 12) [Top 16],SKIP_NAME_MISMATCH,0.29
pkm-bw-black-star-promos-bw50-101-aefcbb9233,BW Black Star Promos,Tropical Beach,BW50/101,96875,Tropical Beach - BW50 (Worlds 12) [Top 32],SKIP_NAME_MISMATCH,0.29
pkm-bw-black-star-promos-bw51-101-2d840f7412,BW Black Star Promos,Crobat,BW51/101,84492,Crobat - BW51 (Team Plasma) (Prerelease),SKIP_NAME_MISMATCH,0.25
pkm-bw-black-star-promos-bw51-101-2d840f7412,BW Black Star Promos,Crobat,BW51/101,96573,Crobat - BW51 (Team Plasma) (Prerelease) [Staff],SKIP_NAME_MISMATCH,0.25
pkm-bw-black-star-promos-bw52-101-7d10915d07,BW Black Star Promos,Lillipup,BW52/101,86801,Lillipup - BW52,SKIP_NAME_MISMATCH,0.50
pkm-bw-black-star-promos-bw53-101-2a52ceba6f,BW Black Star Promos,Flygon,BW53/101,173095,Gigalith - 53/98 (Prerelease),SKIP_NAME_MISMATCH,0.00
pkm-bw-black-star-promos-bw53-101-2a52ceba6f,BW Black Star Promos,Flygon,BW53/101,173096,Gigalith 53/98 (Prerelease) [Staff],SKIP_NAME_MISMATCH,0.00
pkm-bw-black-star-promos-bw53-101-2a52ceba6f,BW Black Star Promos,Flygon,BW53/101,85528,Flygon - BW53 (Prerelease),SKIP_NAME_MISMATCH,0.50
pkm-bw-black-star-promos-bw53-101-2a52ceba6f,BW Black Star Promos,Flygon,BW53/101,96574,Flygon - BW53 (Prerelease) [Staff],SKIP_NAME_MISMATCH,0.50
pkm-bw-black-star-promos-bw54-101-7c4c2e81a7,BW Black Star Promos,Pikachu,BW54/101,202379,Pikachu - BW54,SKIP_NAME_MISMATCH,0.50
pkm-bw-black-star-promos-bw55-101-faca588acd,BW Black Star Promos,Elgyem,BW55/101,85178,Elgyem - BW55,SKIP_NAME_MISMATCH,0.50
pkm-bw-black-star-promos-bw56-101-7f990e1ae8,BW Black Star Promos,Empoleon,BW56/101,85202,Empoleon - BW56,SKIP_NAME_MISMATCH,0.50
pkm-bw-black-star-promos-bw57-101-5630593c04,BW Black Star Promos,Haxorus,BW57/101,86035,Haxorus - BW57,SKIP_NAME_MISMATCH,0.50
pkm-bw-black-star-promos-bw58-101-a5850759a2,BW Black Star Promos,Black Kyurem,BW58/101,83852,Black Kyurem - BW58,SKIP_NAME_MISMATCH,0.67
pkm-bw-black-star-promos-bw59-101-12746f8ac6,BW Black Star Promos,White Kyurem,BW59/101,90587,White Kyurem - BW59,SKIP_NAME_MISMATCH,0.67
pkm-bw-black-star-promos-bw60-101-fddb3bc596,BW Black Star Promos,Keldeo,BW60/101,96885,Keldeo - BW60,SKIP_NAME_MISMATCH,0.50
pkm-bw-black-star-promos-bw61-101-5ec052370a,BW Black Star Promos,Keldeo-EX,BW61/101,86437,Keldeo EX - BW61,SKIP_NAME_MISMATCH,0.67
pkm-bw-black-star-promos-bw62-101-0a9211d27e,BW Black Star Promos,Black Kyurem-EX,BW62/101,83855,Black Kyurem EX - BW62,LINKED,0.91
pkm-bw-black-star-promos-bw63-101-677c260851,BW Black Star Promos,White Kyurem-EX,BW63/101,90590,White Kyurem EX - BW63,LINKED,0.91
pkm-bw-black-star-promos-bw64-101-4a18382d5d,BW Black Star Promos,Drifblim,BW64/101,84950,Drifblim - BW64,SKIP_NAME_MISMATCH,0.50
pkm-bw-black-star-promos-bw65-101-5788e9467c,BW Black Star Promos,Jigglypuff,BW65/101,86321,Jigglypuff - BW65,SKIP_NAME_MISMATCH,0.50
pkm-bw-black-star-promos-bw66-101-c3f3d8dfa9,BW Black Star Promos,Ninetales,BW66/101,87779,Ninetales - BW66,SKIP_NAME_MISMATCH,0.50
pkm-bw-black-star-promos-bw67-101-80c03c2cd8,BW Black Star Promos,Ampharos,BW67/101,83548,Ampharos - BW67,SKIP_NAME_MISMATCH,0.50
pkm-bw-black-star-promos-bw68-101-0651a42d48,BW Black Star Promos,Meloetta,BW68/101,87300,Meloetta - BW68,SKIP_NAME_MISMATCH,0.50
pkm-bw-black-star-promos-bw69-101-cafdc7859a,BW Black Star Promos,Meloetta,BW69/101,87301,Meloetta - BW69,SKIP_NAME_MISMATCH,0.50
pkm-bw-black-star-promos-bw70-101-661d146188,BW Black Star Promos,Virizion,BW70/101,90389,Virizion - BW70,SKIP_NAME_MISMATCH,0.50
pkm-bw-black-star-promos-bw71-101-bde7d6a0b6,BW Black Star Promos,Terrakion,BW71/101,89889,Terrakion - BW71,SKIP_NAME_MISMATCH,0.50
pkm-bw-black-star-promos-bw72-101-05ab409577,BW Black Star Promos,Cobalion,BW72/101,84379,Cobalion - BW72,SKIP_NAME_MISMATCH,0.50
pkm-bw-black-star-promos-bw73-101-1149340393,BW Black Star Promos,Darkrai,BW73/101,84703,Darkrai (Team Plasma) - BW73,SKIP_NAME_MISMATCH,0.25
pkm-bw-black-star-promos-bw74-101-bb7e3d9d05,BW Black Star Promos,Giratina,BW74/101,,,NO_CANDIDATE,
pkm-bw-black-star-promos-bw75-101-bf34016bc4,BW Black Star Promos,Metagross,BW75/101,87344,Metagross - BW75 (Team Plasma) (Prerelease),SKIP_NAME_MISMATCH,0.25
pkm-bw-black-star-promos-bw75-101-bf34016bc4,BW Black Star Promos,Metagross,BW75/101,97090,Metagross - BW75 (Team Plasma) (Prerelease) [Staff],SKIP_NAME_MISMATCH,0.25
pkm-bw-black-star-promos-bw76-101-33b1460de2,BW Black Star Promos,Electrode,BW76/101,85164,Electrode (Team Plasma) - BW76,SKIP_NAME_MISMATCH,0.25
pkm-bw-black-star-promos-bw77-101-bf2a714ae1,BW Black Star Promos,Pikachu,BW77/101,,,NO_CANDIDATE,
pkm-bw-black-star-promos-bw78-101-366c9fd88f,BW Black Star Promos,Raichu,BW78/101,,,NO_CANDIDATE,
pkm-bw-black-star-promos-bw79-101-9c087fcae4,BW Black Star Promos,Landorus,BW79/101,86594,Landorus (Team Plasma) - BW79,SKIP_NAME_MISMATCH,0.25
pkm-bw-black-star-promos-bw80-101-a4801075ad,BW Black Star Promos,Druddigon,BW80/101,84983,Druddigon (Team Plasma) - BW80,SKIP_NAME_MISMATCH,0.25
pkm-bw-black-star-promos-bw80-101-a4801075ad,BW Black Star Promos,Druddigon,BW80/101,242032,Druddigon (Team Plasma) - BW80 (Cosmos Holo),SKIP_NAME_MISMATCH,0.25
pkm-bw-black-star-promos-bw81-101-1b90ce38c5,BW Black Star Promos,Thundurus-EX,BW81/101,89908,Thundurus EX (Team Plasma) - BW81,SKIP_NAME_MISMATCH,0.40
pkm-bw-black-star-promos-bw82-101-0db073f35a,BW Black Star Promos,Deoxys-EX,BW82/101,84776,Deoxys EX (Team Plasma) - BW82,SKIP_NAME_MISMATCH,0.40
pkm-bw-black-star-promos-bw83-101-8232d9e1fe,BW Black Star Promos,Lugia-EX,BW83/101,86914,Lugia EX (Team Plasma) - BW83,SKIP_NAME_MISMATCH,0.40
pkm-bw-black-star-promos-bw84-101-6e9f154e0c,BW Black Star Promos,Porygon-Z,BW84/101,88318,Porygon-Z (Team Plasma) - BW84 (Prerelease),SKIP_NAME_MISMATCH,0.40
pkm-bw-black-star-promos-bw84-101-6e9f154e0c,BW Black Star Promos,Porygon-Z,BW84/101,97091,Porygon-Z (Team Plasma) - BW84 (Prerelease) [Staff],SKIP_NAME_MISMATCH,0.40
pkm-bw-black-star-promos-bw85-101-5f842a615f,BW Black Star Promos,Lucario,BW85/101,86885,Lucario - BW85,SKIP_NAME_MISMATCH,0.50
pkm-bw-black-star-promos-bw86-101-465400cf66,BW Black Star Promos,Genesect,BW86/101,85664,Genesect (Team Plasma) - BW86,SKIP_NAME_MISMATCH,0.25
pkm-bw-black-star-promos-bw87-101-a5a6fdd4c7,BW Black Star Promos,Leafeon,BW87/101,91600,Leafeon - BW87,SKIP_NAME_MISMATCH,0.50
pkm-bw-black-star-promos-bw88-101-04cb7e8667,BW Black Star Promos,Flareon,BW88/101,91599,Flareon - BW88,SKIP_NAME_MISMATCH,0.50
pkm-bw-black-star-promos-bw89-101-dd311125fc,BW Black Star Promos,Vaporeon,BW89/101,90289,Vaporeon - BW89,SKIP_NAME_MISMATCH,0.50
pkm-bw-black-star-promos-bw90-101-1d3c8572f0,BW Black Star Promos,Glaceon,BW90/101,85748,Glaceon - BW90,SKIP_NAME_MISMATCH,0.50
pkm-bw-black-star-promos-bw91-101-9e1dabb9a5,BW Black Star Promos,Jolteon,BW91/101,86348,Jolteon - BW91,SKIP_NAME_MISMATCH,0.50
pkm-bw-black-star-promos-bw92-101-4160237b74,BW Black Star Promos,Espeon,BW92/101,85326,Espeon - BW92,SKIP_NAME_MISMATCH,0.50
pkm-bw-black-star-promos-bw93-101-b0376e87bb,BW Black Star Promos,Umbreon,BW93/101,90150,Umbreon - BW93,SKIP_NAME_MISMATCH,0.50
pkm-bw-black-star-promos-bw94-101-70e7bab5bb,BW Black Star Promos,Eevee,BW94/101,85095,Eevee - BW94,SKIP_NAME_MISMATCH,0.50
pkm-bw-black-star-promos-bw95-101-d264c58fb9,BW Black Star Promos,Champions Festival,BW95/101,84162,Champions Festival - BW95 (Worlds 13),SKIP_NAME_MISMATCH,0.40
pkm-bw-black-star-promos-bw95-101-d264c58fb9,BW Black Star Promos,Champions Festival,BW95/101,97089,Champions Festival - BW95 (Worlds 13) [Champion],SKIP_NAME_MISMATCH,0.33
pkm-bw-black-star-promos-bw95-101-d264c58fb9,BW Black Star Promos,Champions Festival,BW95/101,96571,Champions Festival - BW95 (Worlds 13) [Finalist],SKIP_NAME_MISMATCH,0.33
pkm-bw-black-star-promos-bw95-101-d264c58fb9,BW Black Star Promos,Champions Festival,BW95/101,96569,Champions Festival - BW95 (Worlds 13) [Quarter-Finalist],SKIP_NAME_MISMATCH,0.29
pkm-bw-black-star-promos-bw95-101-d264c58fb9,BW Black Star Promos,Champions Festival,BW95/101,96570,Champions Festival - BW95 (Worlds 13) [Semi-Finalist],SKIP_NAME_MISMATCH,0.29
pkm-bw-black-star-promos-bw95-101-d264c58fb9,BW Black Star Promos,Champions Festival,BW95/101,96572,Champions Festival - BW95 (Worlds 13) [Staff],SKIP_NAME_MISMATCH,0.40
pkm-bw-black-star-promos-bw95-101-d264c58fb9,BW Black Star Promos,Champions Festival,BW95/101,96568,Champions Festival - BW95 (Worlds 13) [Top 16],SKIP_NAME_MISMATCH,0.29
pkm-bw-black-star-promos-bw95-101-d264c58fb9,BW Black Star Promos,Champions Festival,BW95/101,96567,Champions Festival - BW95 (Worlds 13) [Top Thirty-Two],SKIP_NAME_MISMATCH,0.25
pkm-bw-black-star-promos-bw96-101-2ed74c0772,BW Black Star Promos,Tornadus-EX,BW96/101,89979,Tornadus EX - BW96 (Prerelease),SKIP_NAME_MISMATCH,0.67
pkm-bw-black-star-promos-bw96-101-2ed74c0772,BW Black Star Promos,Tornadus-EX,BW96/101,97092,Tornadus EX - BW96 (Prerelease) [Staff],SKIP_NAME_MISMATCH,0.67
pkm-bw-black-star-promos-bw97-101-180d5d105a,BW Black Star Promos,Eevee,BW97/101,85096,Eevee - BW97,SKIP_NAME_MISMATCH,0.50
pkm-bw-black-star-promos-bw98-101-a3065fdaea,BW Black Star Promos,Mew,BW98/101,87406,Mew - BW98,SKIP_NAME_MISMATCH,0.50
pkm-bw-black-star-promos-bw99-101-053f53ab31,BW Black Star Promos,Genesect,BW99/101,85663,Genesect - BW99,SKIP_NAME_MISMATCH,0.50
pkm-bw-black-star-promos-bw100-101-8bf1fbbe17,BW Black Star Promos,N,BW100/101,87677,N (Supporter) - BW100,SKIP_NAME_MISMATCH,0.33
pkm-bw-black-star-promos-bw101-101-15db3b0559,BW Black Star Promos,Genesect,BW101/101,108421,Genesect - BW101,SKIP_NAME_MISMATCH,0.50
pkm-dp-black-star-promos-dp01-56-47767b9da3,DP Black Star Promos,Turtwig,DP01/56,90075,Turtwig - DP01,SKIP_NAME_MISMATCH,0.50
pkm-dp-black-star-promos-dp02-56-21fc4f10dc,DP Black Star Promos,Chimchar,DP02/56,84286,Chimchar - DP02,SKIP_NAME_MISMATCH,0.50
pkm-dp-black-star-promos-dp03-56-7727ea2f83,DP Black Star Promos,Piplup,DP03/56,88147,Piplup - DP03,SKIP_NAME_MISMATCH,0.50
pkm-dp-black-star-promos-dp04-56-b84c56a873,DP Black Star Promos,Pachirisu,DP04/56,87901,Pachirisu - DP04,SKIP_NAME_MISMATCH,0.50
pkm-dp-black-star-promos-dp05-56-6b0df1a7b6,DP Black Star Promos,Tropical Wind,DP05/56,90054,Tropical Wind - DP05 (Worlds 07),SKIP_NAME_MISMATCH,0.40
pkm-dp-black-star-promos-dp05-56-6b0df1a7b6,DP Black Star Promos,Tropical Wind,DP05/56,97810,Tropical Winds - DP05 (Worlds 07) [Staff],SKIP_NAME_MISMATCH,0.20
pkm-dp-black-star-promos-dp06-56-dfe95d4026,DP Black Star Promos,Buneary,DP06/56,84041,Buneary - DP06,SKIP_NAME_MISMATCH,0.50
pkm-dp-black-star-promos-dp07-56-3960049a42,DP Black Star Promos,Cranidos,DP07/56,84459,Cranidos - DP07,SKIP_NAME_MISMATCH,0.50
pkm-dp-black-star-promos-dp08-56-2feff79c5d,DP Black Star Promos,Shieldon,DP08/56,89150,Shieldon - DP08,SKIP_NAME_MISMATCH,0.50
pkm-dp-black-star-promos-dp09-56-60234f50dd,DP Black Star Promos,Torterra LV.X,DP09/56,89990,Torterra LV.X - DP09,LINKED,0.91
pkm-dp-black-star-promos-dp10-56-6cac2fa1eb,DP Black Star Promos,Infernape LV.X,DP10/56,86282,Infernape LV.X - DP10,LINKED,0.91
pkm-dp-black-star-promos-dp11-56-1a3224dd34,DP Black Star Promos,Empoleon LV.X,DP11/56,85207,Empoleon LV.X - DP11,LINKED,0.91
pkm-dp-black-star-promos-dp12-56-2d6899a865,DP Black Star Promos,Lucario LV.X,DP12/56,86890,Lucario LV.X - DP12,LINKED,0.91
pkm-dp-black-star-promos-dp13-56-834545b11a,DP Black Star Promos,Buizel,DP13/56,84019,Buizel - DP13,SKIP_NAME_MISMATCH,0.50
pkm-dp-black-star-promos-dp14-56-1e458d6dd6,DP Black Star Promos,Chatot,DP14/56,84241,Chatot - DP14,SKIP_NAME_MISMATCH,0.50
pkm-dp-black-star-promos-dp15-56-992e80a090,DP Black Star Promos,Shinx,DP15/56,89175,Shinx - DP15,SKIP_NAME_MISMATCH,0.50
pkm-dp-black-star-promos-dp16-56-51a33df56b,DP Black Star Promos,Pikachu,DP16/56,88089,Pikachu - DP16,SKIP_NAME_MISMATCH,0.50
pkm-dp-black-star-promos-dp17-56-b933f8cfc9,DP Black Star Promos,Dialga LV.X,DP17/56,84813,Dialga LV.X - DP17,LINKED,0.91
pkm-dp-black-star-promos-dp18-56-7452a52461,DP Black Star Promos,Palkia LV.X,DP18/56,87920,Palkia LV.X - DP18,LINKED,0.91
pkm-dp-black-star-promos-dp19-56-728a9eaff9,DP Black Star Promos,Darkrai LV.X,DP19/56,84712,Darkrai LV.X - DP19,LINKED,0.91
pkm-dp-black-star-promos-dp20-56-d3294e7b40,DP Black Star Promos,Magmortar,DP20/56,87057,Magmortar - DP20,SKIP_NAME_MISMATCH,0.50
pkm-dp-black-star-promos-dp21-56-030ae46356,DP Black Star Promos,Raichu,DP21/56,88512,Raichu - DP21,SKIP_NAME_MISMATCH,0.50
pkm-dp-black-star-promos-dp22-56-265c78d00e,DP Black Star Promos,Mime Jr.,DP22/56,87470,Mime Jr. - DP22,SKIP_NAME_MISMATCH,0.67
pkm-dp-black-star-promos-dp23-56-75442f0f70,DP Black Star Promos,Glameow,DP23/56,85761,Glameow - DP23,SKIP_NAME_MISMATCH,0.50
pkm-dp-black-star-promos-dp24-56-1a4f1a9c34,DP Black Star Promos,Darkrai,DP24/56,84701,Darkrai - DP24,SKIP_NAME_MISMATCH,0.50
pkm-dp-black-star-promos-dp25-56-b6125a188a,DP Black Star Promos,Tropical Wind,DP25/56,90055,Tropical Wind - DP25 (Worlds 08),SKIP_NAME_MISMATCH,0.40
pkm-dp-black-star-promos-dp25-56-b6125a188a,DP Black Star Promos,Tropical Wind,DP25/56,97811,Tropical Wind - DP25 (Worlds 08) [Staff],SKIP_NAME_MISMATCH,0.40
pkm-dp-black-star-promos-dp26-56-f9213376f0,DP Black Star Promos,Dialga,DP26/56,84801,Dialga - DP26,SKIP_NAME_MISMATCH,0.50
pkm-dp-black-star-promos-dp27-56-d079100c8d,DP Black Star Promos,Palkia,DP27/56,87909,Palkia - DP27,SKIP_NAME_MISMATCH,0.50
pkm-dp-black-star-promos-dp28-56-89a0f9898a,DP Black Star Promos,Mewtwo LV.X,DP28/56,87434,Mewtwo LV.X - DP28,LINKED,0.91
pkm-dp-black-star-promos-dp29-56-a186b02325,DP Black Star Promos,Rhyperior LV.X,DP29/56,88750,Rhyperior LV.X - DP29,LINKED,0.91
pkm-dp-black-star-promos-dp30-56-1a2aab3c5c,DP Black Star Promos,Regigigas LV.X,DP30/56,88670,Regigigas LV.X - DP30,LINKED,0.91
pkm-dp-black-star-promos-dp31-56-a662185467,DP Black Star Promos,Heatran LV.X,DP31/56,86055,Heatran LV.X - DP31,LINKED,0.91
pkm-dp-black-star-promos-dp32-56-45a4bb7712,DP Black Star Promos,Magnezone,DP32/56,87116,Magnezone - DP32,SKIP_NAME_MISMATCH,0.50
pkm-dp-black-star-promos-dp33-56-85158431fe,DP Black Star Promos,Dusknoir,DP33/56,85039,Dusknoir - DP33,SKIP_NAME_MISMATCH,0.50
pkm-dp-black-star-promos-dp34-56-f978d35aec,DP Black Star Promos,Drifblim,DP34/56,84946,Drifblim - DP34,SKIP_NAME_MISMATCH,0.50
pkm-dp-black-star-promos-dp35-56-eff4bbe942,DP Black Star Promos,Porygon-Z,DP35/56,88316,Porygon-Z - DP35,SKIP_NAME_MISMATCH,0.67
pkm-dp-black-star-promos-dp36-56-c83357696a,DP Black Star Promos,Gliscor,DP36/56,85773,Gliscor - DP36,SKIP_NAME_MISMATCH,0.50
pkm-dp-black-star-promos-dp37-56-1321b70d6a,DP Black Star Promos,Dialga LV.X,DP37/56,84814,Dialga LV.X - DP37,LINKED,0.91
pkm-dp-black-star-promos-dp38-56-c107c93b2d,DP Black Star Promos,Giratina LV.X,DP38/56,,,NO_CANDIDATE,
pkm-dp-black-star-promos-dp39-56-bba033c8b9,DP Black Star Promos,Shaymin LV.X,DP39/56,89116,Shaymin LV.X - DP39,LINKED,0.91
pkm-dp-black-star-promos-dp40-56-df22ee1527,DP Black Star Promos,Regigigas,DP40/56,88665,Regigigas - DP40,SKIP_NAME_MISMATCH,0.50
pkm-dp-black-star-promos-dp41-56-f4a094aa9c,DP Black Star Promos,Toxicroak G,DP41/56,90013,Toxicroak G - DP41,SKIP_NAME_MISMATCH,0.67
pkm-dp-black-star-promos-dp42-56-2bed12cf9d,DP Black Star Promos,Carnivine G,DP42/56,232881,Mothim - 42/100 (Prerelease),SKIP_NAME_MISMATCH,0.00
pkm-dp-black-star-promos-dp42-56-2bed12cf9d,DP Black Star Promos,Carnivine G,DP42/56,532629,Mothim - 42/100 (Prerelease) [Staff],SKIP_NAME_MISMATCH,0.00
pkm-dp-black-star-promos-dp42-56-2bed12cf9d,DP Black Star Promos,Carnivine G,DP42/56,84108,Carnivine G - DP42,SKIP_NAME_MISMATCH,0.67
pkm-dp-black-star-promos-dp43-56-d16457e577,DP Black Star Promos,Probopass G,DP43/56,88380,Probopass G - DP43,SKIP_NAME_MISMATCH,0.67
pkm-dp-black-star-promos-dp44-56-9c01e9d3b0,DP Black Star Promos,Magnezone,DP44/56,87117,Magnezone - DP44,SKIP_NAME_MISMATCH,0.50
pkm-dp-black-star-promos-dp45-56-031f7e89dd,DP Black Star Promos,Charizard G LV.X,DP45/56,84202,Charizard G LV.X - DP45,LINKED,0.92
pkm-dp-black-star-promos-dp46-56-27bff2bc2a,DP Black Star Promos,Garchomp C LV.X,DP46/56,85630,Garchomp C LV.X - DP46,LINKED,0.92
pkm-dp-black-star-promos-dp47-56-cbe8e2e4b3,DP Black Star Promos,Rayquaza C LV.X,DP47/56,88641,Rayquaza C LV.X - DP47,LINKED,0.92
pkm-dp-black-star-promos-dp48-56-3c0b7522da,DP Black Star Promos,Tropical Wind,DP48/56,164205,Gabite - 48/123 (Prerelease) [Staff],SKIP_NAME_MISMATCH,0.00
pkm-dp-black-star-promos-dp48-56-3c0b7522da,DP Black Star Promos,Tropical Wind,DP48/56,164204,Gabite - 48/124 (Prerelease),SKIP_NAME_MISMATCH,0.00
pkm-dp-black-star-promos-dp48-56-3c0b7522da,DP Black Star Promos,Tropical Wind,DP48/56,90056,Tropical Wind - DP48 (Worlds 09),SKIP_NAME_MISMATCH,0.40
pkm-dp-black-star-promos-dp48-56-3c0b7522da,DP Black Star Promos,Tropical Wind,DP48/56,97812,Tropical Wind - DP48 (Worlds 09) [Staff],SKIP_NAME_MISMATCH,0.40
pkm-dp-black-star-promos-dp49-56-d764edcbb3,DP Black Star Promos,Dialga,DP49/56,232870,Porygon2 - 49/106 (Prerelease),SKIP_NAME_MISMATCH,0.00
pkm-dp-black-star-promos-dp49-56-d764edcbb3,DP Black Star Promos,Dialga,DP49/56,232871,Porygon2 - 49/106 (Prerelease) [Staff],SKIP_NAME_MISMATCH,0.00
pkm-dp-black-star-promos-dp49-56-d764edcbb3,DP Black Star Promos,Dialga,DP49/56,84805,Dialga - DP49,SKIP_NAME_MISMATCH,0.50
pkm-dp-black-star-promos-dp50-56-471206d047,DP Black Star Promos,Arceus,DP50/56,83601,Arceus - DP50,SKIP_NAME_MISMATCH,0.50
pkm-dp-black-star-promos-dp51-56-e6cc36d168,DP Black Star Promos,Cresselia,DP51/56,84469,Cresselia - DP51,SKIP_NAME_MISMATCH,0.50
pkm-dp-black-star-promos-dp52-56-7083257a28,DP Black Star Promos,Darkrai,DP52/56,84702,Darkrai - DP52,SKIP_NAME_MISMATCH,0.50
pkm-dp-black-star-promos-dp53-56-0a2f464e28,DP Black Star Promos,Arceus LV.X,DP53/56,187215,Lucario - 53/127 (Prerelease),SKIP_NAME_MISMATCH,0.00
pkm-dp-black-star-promos-dp53-56-0a2f464e28,DP Black Star Promos,Arceus LV.X,DP53/56,187216,Lucario - 53/127 (Prerelease) [Staff],SKIP_NAME_MISMATCH,0.00
pkm-dp-black-star-promos-dp53-56-0a2f464e28,DP Black Star Promos,Arceus LV.X,DP53/56,233308,Kirlia - 53/132 (Prerelease),SKIP_NAME_MISMATCH,0.00
pkm-dp-black-star-promos-dp53-56-0a2f464e28,DP Black Star Promos,Arceus LV.X,DP53/56,83605,Arceus LV.X - DP53,LINKED,0.91
pkm-dp-black-star-promos-dp54-56-e162fb9e9d,DP Black Star Promos,Beginning Door,DP54/56,,,NO_CANDIDATE,
pkm-dp-black-star-promos-dp55-56-eb9556464b,DP Black Star Promos,Ultimate Zone,DP55/56,,,NO_CANDIDATE,
pkm-dp-black-star-promos-dp56-56-5a26aba706,DP Black Star Promos,Arceus LV.X,DP56/56,83606,Arceus LV.X - DP56,LINKED,0.91
pkm-hgss-black-star-promos-hgss01-25-f4ff189248,HGSS Black Star Promos,Ho-Oh,HGSS01/25,86125,Ho-Oh - HGSS01,SKIP_NAME_MISMATCH,0.67
pkm-hgss-black-star-promos-hgss02-25-c2564afe5f,HGSS Black Star Promos,Lugia,HGSS02/25,86909,Lugia - HGSS02,SKIP_NAME_MISMATCH,0.50
pkm-hgss-black-star-promos-hgss03-25-3f25b83f80,HGSS Black Star Promos,Pikachu,HGSS03/25,88098,Pikachu - HGSS03,SKIP_NAME_MISMATCH,0.50
pkm-hgss-black-star-promos-hgss04-25-78896fdfa9,HGSS Black Star Promos,Wobbuffet,HGSS04/25,90622,Wobbuffet - HGSS04,SKIP_NAME_MISMATCH,0.50
pkm-hgss-black-star-promos-hgss05-25-d0dc54bdd9,HGSS Black Star Promos,Hoothoot,HGSS05/25,86174,Hoothoot - HGSS05,SKIP_NAME_MISMATCH,0.50
pkm-hgss-black-star-promos-hgss06-25-cb8cfac0c9,HGSS Black Star Promos,Noctowl,HGSS06/25,87795,Noctowl - HGSS06,SKIP_NAME_MISMATCH,0.50
pkm-hgss-black-star-promos-hgss07-25-e51f75fdc5,HGSS Black Star Promos,Feraligatr,HGSS07/25,85421,Feraligatr (Prime) - HGSS07,SKIP_NAME_MISMATCH,0.33
pkm-hgss-black-star-promos-hgss08-25-08bf732ca6,HGSS Black Star Promos,Meganium,HGSS08/25,87295,Meganium (Prime) - HGSS08,SKIP_NAME_MISMATCH,0.33
pkm-hgss-black-star-promos-hgss09-25-20c8b48f6e,HGSS Black Star Promos,Typhlosion,HGSS09/25,90108,Typhlosion (Prime) - HGSS09,SKIP_NAME_MISMATCH,0.33
pkm-hgss-black-star-promos-hgss10-25-3d147e4e7d,HGSS Black Star Promos,Latias,HGSS10/25,86653,Latias - HGSS10 (Cosmos Holo),SKIP_NAME_MISMATCH,0.50
pkm-hgss-black-star-promos-hgss10-25-3d147e4e7d,HGSS Black Star Promos,Latias,HGSS10/25,97705,Latias - HGSS10 (Cracked Ice Holo),SKIP_NAME_MISMATCH,0.25
pkm-hgss-black-star-promos-hgss11-25-3e342243be,HGSS Black Star Promos,Latios,HGSS11/25,86667,Latios - HGSS11 (Cosmos Holo),SKIP_NAME_MISMATCH,0.50
pkm-hgss-black-star-promos-hgss11-25-3e342243be,HGSS Black Star Promos,Latios,HGSS11/25,97706,Latios - HGSS11 (Cracked Ice Holo),SKIP_NAME_MISMATCH,0.25
pkm-hgss-black-star-promos-hgss12-25-0be63553d5,HGSS Black Star Promos,Cleffa,HGSS12/25,84368,Cleffa - HGSS12,SKIP_NAME_MISMATCH,0.50
pkm-hgss-black-star-promos-hgss13-25-b8248e0e9d,HGSS Black Star Promos,Smoochum,HGSS13/25,211517,Blastoise - 13/95 (Prerelease),SKIP_NAME_MISMATCH,0.00
pkm-hgss-black-star-promos-hgss13-25-b8248e0e9d,HGSS Black Star Promos,Smoochum,HGSS13/25,211518,Blastoise - 13/95 (Prerelease) [Staff],SKIP_NAME_MISMATCH,0.00
pkm-hgss-black-star-promos-hgss13-25-b8248e0e9d,HGSS Black Star Promos,Smoochum,HGSS13/25,89364,Smoochum - HGSS13,SKIP_NAME_MISMATCH,0.50
pkm-hgss-black-star-promos-hgss14-25-d39968f214,HGSS Black Star Promos,Lapras,HGSS14/25,86621,Lapras - HGSS14,SKIP_NAME_MISMATCH,0.50
pkm-hgss-black-star-promos-hgss15-25-0571fc3dee,HGSS Black Star Promos,Shuckle,HGSS15/25,89193,Shuckle - HGSS15,SKIP_NAME_MISMATCH,0.50
pkm-hgss-black-star-promos-hgss16-25-9e093d1be2,HGSS Black Star Promos,Plusle,HGSS16/25,88172,Plusle - HGSS16,SKIP_NAME_MISMATCH,0.50
pkm-hgss-black-star-promos-hgss17-25-237be50268,HGSS Black Star Promos,Minun,HGSS17/25,221177,Leafeon - 17/90 (Prerelease),SKIP_NAME_MISMATCH,0.00
pkm-hgss-black-star-promos-hgss17-25-237be50268,HGSS Black Star Promos,Minun,HGSS17/25,87492,Minun - HGSS17,SKIP_NAME_MISMATCH,0.50
pkm-hgss-black-star-promos-hgss18-25-fb9a831f78,HGSS Black Star Promos,Tropical Tidal Wave,HGSS18/25,97704,Tropical Tidal Wave - HGSS18 (Worlds 10) [Finalist],SKIP_NAME_MISMATCH,0.43
pkm-hgss-black-star-promos-hgss18-25-fb9a831f78,HGSS Black Star Promos,Tropical Tidal Wave,HGSS18/25,90052,Tropical Tidal Wave - HGSS18 (Worlds 10) [Participation],SKIP_NAME_MISMATCH,0.43
pkm-hgss-black-star-promos-hgss18-25-fb9a831f78,HGSS Black Star Promos,Tropical Tidal Wave,HGSS18/25,97701,Tropical Tidal Wave - HGSS18 (Worlds 10) [Quarter-Finalist],SKIP_NAME_MISMATCH,0.38
pkm-hgss-black-star-promos-hgss18-25-fb9a831f78,HGSS Black Star Promos,Tropical Tidal Wave,HGSS18/25,97702,Tropical Tidal Wave - HGSS18 (Worlds 10) [Semi-Finalist],SKIP_NAME_MISMATCH,0.38
pkm-hgss-black-star-promos-hgss18-25-fb9a831f78,HGSS Black Star Promos,Tropical Tidal Wave,HGSS18/25,97703,Tropical Tidal Wave - HGSS18 (Worlds 10) [Staff],SKIP_NAME_MISMATCH,0.50
pkm-hgss-black-star-promos-hgss18-25-fb9a831f78,HGSS Black Star Promos,Tropical Tidal Wave,HGSS18/25,97700,Tropical Tidal Wave - HGSS18 (Worlds 10) [Top 16],SKIP_NAME_MISMATCH,0.38
pkm-hgss-black-star-promos-hgss18-25-fb9a831f78,HGSS Black Star Promos,Tropical Tidal Wave,HGSS18/25,97699,Tropical Tidal Wave - HGSS18 (Worlds 10) [Top 32],SKIP_NAME_MISMATCH,0.38
pkm-hgss-black-star-promos-hgss19-25-8edaf4ce63,HGSS Black Star Promos,Raikou,HGSS19/25,88535,Raikou - HGSS19,SKIP_NAME_MISMATCH,0.50
pkm-hgss-black-star-promos-hgss20-25-366ce655d5,HGSS Black Star Promos,Entei,HGSS20/25,224195,Electivire - 20/102 (Prerelease),SKIP_NAME_MISMATCH,0.00
pkm-hgss-black-star-promos-hgss20-25-366ce655d5,HGSS Black Star Promos,Entei,HGSS20/25,224196,Electivire - 20/102 (Prerelease) [Staff],SKIP_NAME_MISMATCH,0.00
pkm-hgss-black-star-promos-hgss20-25-366ce655d5,HGSS Black Star Promos,Entei,HGSS20/25,85273,Entei - HGSS20,SKIP_NAME_MISMATCH,0.50
pkm-hgss-black-star-promos-hgss21-25-610b4bc3b7,HGSS Black Star Promos,Suicune,HGSS21/25,89605,Suicune - HGSS21,SKIP_NAME_MISMATCH,0.50
pkm-hgss-black-star-promos-hgss22-25-98c9be7d92,HGSS Black Star Promos,Porygon,HGSS22/25,88313,Porygon - HGSS22,SKIP_NAME_MISMATCH,0.50
pkm-hgss-black-star-promos-hgss23-25-bfd312fe79,HGSS Black Star Promos,Porygon2,HGSS23/25,88328,Porygon2 - HGSS23,SKIP_NAME_MISMATCH,0.50
pkm-hgss-black-star-promos-hgss24-25-179c2c6175,HGSS Black Star Promos,Hitmonchan,HGSS24/25,86097,Hitmonchan - HGSS24,SKIP_NAME_MISMATCH,0.50
pkm-hgss-black-star-promos-hgss25-25-38460ae5bc,HGSS Black Star Promos,Hitmonlee,HGSS25/25,86109,Hitmonlee - HGSS25,SKIP_NAME_MISMATCH,0.50
pkm-nintendo-black-star-promos-1-40-d627565008,Nintendo Black Star Promos,Kyogre ex,1/40,86555,Kyogre ex - 001 (Nintendo Power Magazine),SKIP_NAME_MISMATCH,0.33
pkm-nintendo-black-star-promos-2-40-4bd402fe46,Nintendo Black Star Promos,Groudon ex,2/40,85928,Groudon ex - 002 (Nintendo Power Magazine),SKIP_NAME_MISMATCH,0.33
pkm-nintendo-black-star-promos-3-40-ea266814bc,Nintendo Black Star Promos,Treecko,3/40,90031,Treecko - 003 (e-League),SKIP_NAME_MISMATCH,0.25
pkm-nintendo-black-star-promos-4-40-d408d501a9,Nintendo Black Star Promos,Grovyle,4/40,85934,Grovyle - 004 (e-League) [Winner],SKIP_NAME_MISMATCH,0.20
pkm-nintendo-black-star-promos-5-40-37fe7440a4,Nintendo Black Star Promos,Mudkip,5/40,87608,Mudkip - 005 (POP Tournament),SKIP_NAME_MISMATCH,0.25
pkm-nintendo-black-star-promos-6-40-fda58a087d,Nintendo Black Star Promos,Torchic,6/40,89952,Torchic - 006 (POP Tournament),SKIP_NAME_MISMATCH,0.25
pkm-nintendo-black-star-promos-7-40-7d9ff30cb9,Nintendo Black Star Promos,Treecko,7/40,90036,Treecko - 007 (POP Tournament),SKIP_NAME_MISMATCH,0.25
pkm-nintendo-black-star-promos-8-40-73f3767212,Nintendo Black Star Promos,Torchic,8/40,89948,Torchic - 008 (e-League),SKIP_NAME_MISMATCH,0.25
pkm-nintendo-black-star-promos-9-40-4694722d1a,Nintendo Black Star Promos,Combusken,9/40,84399,Combusken - 009 (e-League) [Winner],SKIP_NAME_MISMATCH,0.20
pkm-nintendo-black-star-promos-10-40-29a3ef1519,Nintendo Black Star Promos,Mudkip,10/40,87604,Mudkip - 010 (e-League),SKIP_NAME_MISMATCH,0.25
pkm-nintendo-black-star-promos-11-40-3f0141dbdb,Nintendo Black Star Promos,Marshtomp,11/40,87231,Marshtomp - 011 (e-League) [Winner],SKIP_NAME_MISMATCH,0.20
pkm-nintendo-black-star-promos-12-40-47d4d03798,Nintendo Black Star Promos,Pikachu,12/40,,,NO_CANDIDATE,
pkm-nintendo-black-star-promos-13-40-4a1c8e63fe,Nintendo Black Star Promos,Meowth,13/40,,,NO_CANDIDATE,
pkm-nintendo-black-star-promos-14-40-2cd9e34f5e,Nintendo Black Star Promos,Latias,14/40,86649,Latias - 014 (Pokemon Heroes: Latios & Latias DVD Release),SKIP_NAME_MISMATCH,0.14
pkm-nintendo-black-star-promos-15-40-32ae950a17,Nintendo Black Star Promos,Latios,15/40,86663,Latios - 015 (Pokemon Heroes: Latios & Latias DVD Release),SKIP_NAME_MISMATCH,0.14
pkm-nintendo-black-star-promos-16-40-80086a10e3,Nintendo Black Star Promos,Treecko,16/40,153316,Treecko - 016 (Target Promo),SKIP_NAME_MISMATCH,0.33
pkm-nintendo-black-star-promos-17-40-d8e29452ba,Nintendo Black Star Promos,Torchic,17/40,153317,Torchic - 017 (Target Promo),SKIP_NAME_MISMATCH,0.33
pkm-nintendo-black-star-promos-17-40-d8e29452ba,Nintendo Black Star Promos,Torchic,17/40,228481,Leafeon - 17/90 (Prerelease) [Staff],SKIP_NAME_MISMATCH,0.00
pkm-nintendo-black-star-promos-18-40-136211e97d,Nintendo Black Star Promos,Mudkip,18/40,153319,Mudkip - 018 (Target Promo),SKIP_NAME_MISMATCH,0.33
pkm-nintendo-black-star-promos-19-40-590fcfcbd4,Nintendo Black Star Promos,Whismur,19/40,145343,Whismur - 019 (Target Promo),SKIP_NAME_MISMATCH,0.33
pkm-nintendo-black-star-promos-19-40-590fcfcbd4,Nintendo Black Star Promos,Whismur,19/40,213023,Salamence - 19/97 (e-League),SKIP_NAME_MISMATCH,0.00
pkm-nintendo-black-star-promos-19-40-590fcfcbd4,Nintendo Black Star Promos,Whismur,19/40,213024,Salamence - 19/97 (e-League) [Winner],SKIP_NAME_MISMATCH,0.00
pkm-nintendo-black-star-promos-20-40-668fbdae5a,Nintendo Black Star Promos,Ludicolo,20/40,,,NO_CANDIDATE,
pkm-nintendo-black-star-promos-21-40-f7e7e1f84c,Nintendo Black Star Promos,Jirachi,21/40,86326,Jirachi - 021 (Jirachi: Wish Maker DVD Release),SKIP_NAME_MISMATCH,0.17
pkm-nintendo-black-star-promos-22-40-e6e6d91ec8,Nintendo Black Star Promos,Beldum,22/40,83784,Beldum - 022 (e-League),SKIP_NAME_MISMATCH,0.25
pkm-nintendo-black-star-promos-23-40-de574ea0d1,Nintendo Black Star Promos,Metang,23/40,87374,Metang - 023 (Stadium Challenge 2004),SKIP_NAME_MISMATCH,0.20
pkm-nintendo-black-star-promos-24-40-1ef795052f,Nintendo Black Star Promos,Chimecho,24/40,84293,Chimecho - 024 (e-League),SKIP_NAME_MISMATCH,0.25
pkm-nintendo-black-star-promos-24-40-1ef795052f,Nintendo Black Star Promos,Chimecho,24/40,228153,Chimecho - 024 (e-League) [Winner],SKIP_NAME_MISMATCH,0.20
pkm-nintendo-black-star-promos-25-40-6f959bb511,Nintendo Black Star Promos,Flygon,25/40,85523,Flygon - 025 (e-League),SKIP_NAME_MISMATCH,0.25
pkm-nintendo-black-star-promos-25-40-6f959bb511,Nintendo Black Star Promos,Flygon,25/40,228158,Flygon - 025 (e-League) [Winner],SKIP_NAME_MISMATCH,0.20
pkm-nintendo-black-star-promos-26-40-3b896fa19b,Nintendo Black Star Promos,Tropical Wind,26/40,90053,Tropical Wind - 026 (2004 World Championships) [Participation],SKIP_NAME_MISMATCH,0.29
pkm-nintendo-black-star-promos-27-40-94a511f084,Nintendo Black Star Promos,Tropical Tidal Wave,27/40,224548,Tropical Tidal Wave - 027 (2005 World Championships) [Finalist],SKIP_NAME_MISMATCH,0.38
pkm-nintendo-black-star-promos-27-40-94a511f084,Nintendo Black Star Promos,Tropical Tidal Wave,27/40,90050,Tropical Tidal Wave - 027 (2005 World Championships) [Participation],SKIP_NAME_MISMATCH,0.38
pkm-nintendo-black-star-promos-27-40-94a511f084,Nintendo Black Star Promos,Tropical Tidal Wave,27/40,224549,Tropical Tidal Wave - 027 (2005 World Championships) [Quarter-Finalist],SKIP_NAME_MISMATCH,0.33
pkm-nintendo-black-star-promos-27-40-94a511f084,Nintendo Black Star Promos,Tropical Tidal Wave,27/40,224550,Tropical Tidal Wave - 027 (2005 World Championships) [Semi-Finalist],SKIP_NAME_MISMATCH,0.33
pkm-nintendo-black-star-promos-27-40-94a511f084,Nintendo Black Star Promos,Tropical Tidal Wave,27/40,224551,Tropical Tidal Wave - 027 (2005 World Championships) [Staff],SKIP_NAME_MISMATCH,0.43
pkm-nintendo-black-star-promos-27-40-94a511f084,Nintendo Black Star Promos,Tropical Tidal Wave,27/40,224552,Tropical Tidal Wave - 027 (2005 World Championships) [Top 16],SKIP_NAME_MISMATCH,0.33
pkm-nintendo-black-star-promos-27-40-94a511f084,Nintendo Black Star Promos,Tropical Tidal Wave,27/40,224547,Tropical Tidal Wave - 027 (2005 World Championships) [Top 32],SKIP_NAME_MISMATCH,0.33
pkm-nintendo-black-star-promos-27-40-94a511f084,Nintendo Black Star Promos,Tropical Tidal Wave,27/40,221178,Raichu - 27/99 (Prerelease),SKIP_NAME_MISMATCH,0.00
pkm-nintendo-black-star-promos-27-40-94a511f084,Nintendo Black Star Promos,Tropical Tidal Wave,27/40,221179,Raichu - 27/99 (Prerelease) [Staff],SKIP_NAME_MISMATCH,0.00
pkm-nintendo-black-star-promos-28-40-c1b6e4a9c7,Nintendo Black Star Promos,Championship Arena,28/40,84163,Championship Arena - 028 (2005 World Championships),SKIP_NAME_MISMATCH,0.33
pkm-nintendo-black-star-promos-28-40-c1b6e4a9c7,Nintendo Black Star Promos,Championship Arena,28/40,277680,Dragonair (Delta Species) - 28/101 (Prerelease),SKIP_NAME_MISMATCH,0.00
pkm-nintendo-black-star-promos-28-40-c1b6e4a9c7,Nintendo Black Star Promos,Championship Arena,28/40,213013,Pichu - 28/123 (Prerelease),SKIP_NAME_MISMATCH,0.00
pkm-nintendo-black-star-promos-28-40-c1b6e4a9c7,Nintendo Black Star Promos,Championship Arena,28/40,213014,Pichu - 28/123 (Prerelease) [Staff],SKIP_NAME_MISMATCH,0.00
pkm-nintendo-black-star-promos-29-40-911a9d45b6,Nintendo Black Star Promos,Celebi,29/40,220759,Grumpig - 29/106 (Prerelease),SKIP_NAME_MISMATCH,0.00
pkm-nintendo-black-star-promos-30-40-1b0f73287e,Nintendo Black Star Promos,Suicune,30/40,,,NO_CANDIDATE,
pkm-nintendo-black-star-promos-31-40-b12e6cd6f6,Nintendo Black Star Promos,Moltres ex,31/40,,,NO_CANDIDATE,
pkm-nintendo-black-star-promos-32-40-bff7f5808f,Nintendo Black Star Promos,Articuno ex,32/40,239090,Gyarados - 32/97 (Prerelease),SKIP_NAME_MISMATCH,0.00
pkm-nintendo-black-star-promos-33-40-fa7a9749fd,Nintendo Black Star Promos,Zapdos ex,33/40,213021,Snorlax - 33/95 (Prerelease),SKIP_NAME_MISMATCH,0.00
pkm-nintendo-black-star-promos-33-40-fa7a9749fd,Nintendo Black Star Promos,Zapdos ex,33/40,228494,Snorlax - 33/95 (Prerelease) [Staff],SKIP_NAME_MISMATCH,0.00
pkm-nintendo-black-star-promos-34-40-a4aaecfc31,Nintendo Black Star Promos,Typhlosion,34/40,90104,Typhlosion - 034 (Epic Collection Value Boxes),SKIP_NAME_MISMATCH,0.17
pkm-nintendo-black-star-promos-35-40-1033d31ba7,Nintendo Black Star Promos,Pikachu δ,35/40,118882,Ivysaur - 35/100 (Prerelease),SKIP_NAME_MISMATCH,0.00
pkm-nintendo-black-star-promos-35-40-1033d31ba7,Nintendo Black Star Promos,Pikachu δ,35/40,232876,Bayleef - 35/115 (Prerelease),SKIP_NAME_MISMATCH,0.00
pkm-nintendo-black-star-promos-36-40-c29ea14af8,Nintendo Black Star Promos,Tropical Tidal Wave,36/40,224553,Tropical Tidal Wave - 036 (2006 World Championships) [Finalist],SKIP_NAME_MISMATCH,0.38
pkm-nintendo-black-star-promos-36-40-c29ea14af8,Nintendo Black Star Promos,Tropical Tidal Wave,36/40,90051,Tropical Tidal Wave - 036 (2006 World Championships) [Participation],SKIP_NAME_MISMATCH,0.38
pkm-nintendo-black-star-promos-36-40-c29ea14af8,Nintendo Black Star Promos,Tropical Tidal Wave,36/40,224554,Tropical Tidal Wave - 036 (2006 World Championships) [Quarter-Finalist],SKIP_NAME_MISMATCH,0.33
pkm-nintendo-black-star-promos-36-40-c29ea14af8,Nintendo Black Star Promos,Tropical Tidal Wave,36/40,224555,Tropical Tidal Wave - 036 (2006 World Championships) [Semi-Finalist],SKIP_NAME_MISMATCH,0.33
pkm-nintendo-black-star-promos-36-40-c29ea14af8,Nintendo Black Star Promos,Tropical Tidal Wave,36/40,224556,Tropical Tidal Wave - 036 (2006 World Championships) [Staff],SKIP_NAME_MISMATCH,0.43
pkm-nintendo-black-star-promos-36-40-c29ea14af8,Nintendo Black Star Promos,Tropical Tidal Wave,36/40,224557,Tropical Tidal Wave - 036 (2006 World Championships) [Top 16],SKIP_NAME_MISMATCH,0.33
pkm-nintendo-black-star-promos-36-40-c29ea14af8,Nintendo Black Star Promos,Tropical Tidal Wave,36/40,224558,Tropical Tidal Wave - 036 (2006 World Championships) [Top 32],SKIP_NAME_MISMATCH,0.33
pkm-nintendo-black-star-promos-37-40-5c82807a56,Nintendo Black Star Promos,Kyogre ex,37/40,245913,Dark Houndoom - 37/109 (Prerelease),SKIP_NAME_MISMATCH,0.00
pkm-nintendo-black-star-promos-38-40-531ada9523,Nintendo Black Star Promos,Groudon ex,38/40,153078,Manectric - 38/107 (Prerelease),SKIP_NAME_MISMATCH,0.00
pkm-nintendo-black-star-promos-39-40-e662cb6e9a,Nintendo Black Star Promos,Rayquaza ex,39/40,,,NO_CANDIDATE,
pkm-nintendo-black-star-promos-40-40-0d8e3e94cf,Nintendo Black Star Promos,Mew,40/40,87402,Mew - 040 (Trainer's Challenge Set),SKIP_NAME_MISMATCH,0.17
pkm-mcdonalds-collection-2011-1-12-8fe37545fc,McDonalds Collection 2011,Snivy,1/12,89378,Snivy - 1/12,SKIP_NAME_MISMATCH,0.33
pkm-mcdonalds-collection-2011-2-12-a25d38be6d,McDonalds Collection 2011,Maractus,2/12,87189,Maractus - 2/12,SKIP_NAME_MISMATCH,0.33
pkm-mcdonalds-collection-2011-3-12-c80d6dfca5,McDonalds Collection 2011,Tepig,3/12,89882,Tepig - 3/12,SKIP_NAME_MISMATCH,0.33
pkm-mcdonalds-collection-2011-4-12-02ceec4a0a,McDonalds Collection 2011,Oshawott,4/12,87893,Oshawott - 4/12,SKIP_NAME_MISMATCH,0.33
pkm-mcdonalds-collection-2011-5-12-fafd752a63,McDonalds Collection 2011,Alomomola,5/12,83507,Alomomola - 5/12,SKIP_NAME_MISMATCH,0.33
pkm-mcdonalds-collection-2011-6-12-8c051ae41a,McDonalds Collection 2011,Blitzle,6/12,83929,Blitzle - 6/12,SKIP_NAME_MISMATCH,0.33
pkm-mcdonalds-collection-2011-7-12-d1626fc6d8,McDonalds Collection 2011,Munna,7/12,87642,Munna - 7/12,SKIP_NAME_MISMATCH,0.33
pkm-mcdonalds-collection-2011-8-12-1d869d8fac,McDonalds Collection 2011,Sandile,8/12,88913,Sandile - 8/12,SKIP_NAME_MISMATCH,0.33
pkm-mcdonalds-collection-2011-9-12-e162e51cab,McDonalds Collection 2011,Zorua,9/12,90758,Zorua - 9/12,SKIP_NAME_MISMATCH,0.33
pkm-mcdonalds-collection-2011-10-12-71045592f8,McDonalds Collection 2011,Klink,10/12,86480,Klink - 10/12,SKIP_NAME_MISMATCH,0.33
pkm-mcdonalds-collection-2011-11-12-beecd13242,McDonalds Collection 2011,Pidove,11/12,88055,Pidove - 11/12,SKIP_NAME_MISMATCH,0.33
pkm-mcdonalds-collection-2011-12-12-881f53d34d,McDonalds Collection 2011,Audino,12/12,83660,Audino - 12/12,SKIP_NAME_MISMATCH,0.50
pkm-mcdonalds-collection-2012-1-12-ee7b448899,McDonalds Collection 2012,Servine,1/12,89081,Servine - 1/12,SKIP_NAME_MISMATCH,0.33
pkm-mcdonalds-collection-2012-2-12-6fd230d6b2,McDonalds Collection 2012,Pansage,2/12,87937,Pansage - 2/12,SKIP_NAME_MISMATCH,0.33
pkm-mcdonalds-collection-2012-3-12-d604749f03,McDonalds Collection 2012,Dwebble,3/12,85065,Dwebble - 3/12,SKIP_NAME_MISMATCH,0.33
pkm-mcdonalds-collection-2012-4-12-11e0e64a11,McDonalds Collection 2012,Pignite,4/12,88064,Pignite - 4/12,SKIP_NAME_MISMATCH,0.33
pkm-mcdonalds-collection-2012-5-12-2ba0330349,McDonalds Collection 2012,Dewott,5/12,84797,Dewott - 5/12,SKIP_NAME_MISMATCH,0.33
pkm-mcdonalds-collection-2012-6-12-032475e6e3,McDonalds Collection 2012,Emolga,6/12,85193,Emolga - 6/12,SKIP_NAME_MISMATCH,0.33
pkm-mcdonalds-collection-2012-7-12-3952133f67,McDonalds Collection 2012,Woobat,7/12,90629,Woobat - 7/12,SKIP_NAME_MISMATCH,0.33
pkm-mcdonalds-collection-2012-8-12-cd03e60e01,McDonalds Collection 2012,Drilbur,8/12,84967,Drilbur - 8/12,SKIP_NAME_MISMATCH,0.33
pkm-mcdonalds-collection-2012-9-12-45e0905622,McDonalds Collection 2012,Purrloin,9/12,88463,Purrloin - 9/12,SKIP_NAME_MISMATCH,0.33
pkm-mcdonalds-collection-2012-10-12-da2f545296,McDonalds Collection 2012,Scraggy,10/12,88986,Scraggy - 10/12,SKIP_NAME_MISMATCH,0.33
pkm-mcdonalds-collection-2012-11-12-ee5605b50e,McDonalds Collection 2012,Klang,11/12,86478,Klang - 11/12,SKIP_NAME_MISMATCH,0.33
pkm-mcdonalds-collection-2012-12-12-fa14cf69d8,McDonalds Collection 2012,Axew,12/12,83673,Axew - 12/12,SKIP_NAME_MISMATCH,0.50
pkm-mcdonalds-collection-2014-1-12-0fbeb7bc23,McDonalds Collection 2014,Weedle,1/12,110406,Weedle - 1/12,SKIP_NAME_MISMATCH,0.33
pkm-mcdonalds-collection-2014-2-12-db7b21175d,McDonalds Collection 2014,Chespin,2/12,110407,Chespin - 2/12,SKIP_NAME_MISMATCH,0.33
pkm-mcdonalds-collection-2014-3-12-cd823c76f7,McDonalds Collection 2014,Fennekin,3/12,110408,Fennekin - 3/12,SKIP_NAME_MISMATCH,0.33
pkm-mcdonalds-collection-2014-4-12-79a0b1756a,McDonalds Collection 2014,Froakie,4/12,110409,Froakie - 4/12,SKIP_NAME_MISMATCH,0.33
pkm-mcdonalds-collection-2014-5-12-d50a16f0c0,McDonalds Collection 2014,Pikachu,5/12,110410,Pikachu - 5/12,SKIP_NAME_MISMATCH,0.33
pkm-mcdonalds-collection-2014-6-12-42f853926c,McDonalds Collection 2014,Inkay,6/12,110411,Inkay - 6/12,SKIP_NAME_MISMATCH,0.33
pkm-mcdonalds-collection-2014-7-12-ce9e8bda8c,McDonalds Collection 2014,Honedge,7/12,110412,Honedge - 7/12,SKIP_NAME_MISMATCH,0.33
pkm-mcdonalds-collection-2014-8-12-2ce39fea2a,McDonalds Collection 2014,Snubbull,8/12,110413,Snubbull - 8/12,SKIP_NAME_MISMATCH,0.33
pkm-mcdonalds-collection-2014-9-12-2236154dc7,McDonalds Collection 2014,Swirlix,9/12,110414,Swirlix - 9/12,SKIP_NAME_MISMATCH,0.33
pkm-mcdonalds-collection-2014-10-12-2bda90c8cf,McDonalds Collection 2014,Bunnelby,10/12,110415,Bunnelby - 10/12,SKIP_NAME_MISMATCH,0.33
pkm-mcdonalds-collection-2014-11-12-e3873c3f75,McDonalds Collection 2014,Fletchling,11/12,110416,Fletchling - 11/12,SKIP_NAME_MISMATCH,0.33
pkm-mcdonalds-collection-2014-12-12-4788b8d61d,McDonalds Collection 2014,Furfrou,12/12,110417,Furfrou - 12/12,SKIP_NAME_MISMATCH,0.50
pkm-mcdonalds-collection-2015-1-12-77eca6026c,McDonalds Collection 2015,Treecko,1/12,110429,Treecko - 1/12,SKIP_NAME_MISMATCH,0.33
pkm-mcdonalds-collection-2015-2-12-5d281c3182,McDonalds Collection 2015,Lotad,2/12,110422,Lotad - 2/12,SKIP_NAME_MISMATCH,0.33
pkm-mcdonalds-collection-2015-3-12-7b17028c0e,McDonalds Collection 2015,Torchic,3/12,110433,Torchic - 3/12,SKIP_NAME_MISMATCH,0.33
pkm-mcdonalds-collection-2015-4-12-f2c67fe2e3,McDonalds Collection 2015,Staryu,4/12,110431,Staryu - 4/12,SKIP_NAME_MISMATCH,0.33
pkm-mcdonalds-collection-2015-5-12-71a2d921e9,McDonalds Collection 2015,Mudkip,5/12,110427,Mudkip - 5/12,SKIP_NAME_MISMATCH,0.33
pkm-mcdonalds-collection-2015-6-12-70b42d321a,McDonalds Collection 2015,Pikachu,6/12,110424,Pikachu - 6/12,SKIP_NAME_MISMATCH,0.33
pkm-mcdonalds-collection-2015-7-12-1c39d5157d,McDonalds Collection 2015,Electrike,7/12,110428,Electrike - 7/12,SKIP_NAME_MISMATCH,0.33
pkm-mcdonalds-collection-2015-8-12-9d524a1677,McDonalds Collection 2015,Rhyhorn,8/12,110426,Rhyhorn - 8/12,SKIP_NAME_MISMATCH,0.33
pkm-mcdonalds-collection-2015-9-12-8836fdb4fa,McDonalds Collection 2015,Meditite,9/12,110425,Meditite - 9/12,SKIP_NAME_MISMATCH,0.33
pkm-mcdonalds-collection-2015-10-12-8c73c12c59,McDonalds Collection 2015,Marill,10/12,110430,Marill - 10/12,SKIP_NAME_MISMATCH,0.33
pkm-mcdonalds-collection-2015-11-12-1a1e94313d,McDonalds Collection 2015,Zigzagoon,11/12,110423,Zigzagoon - 11/12,SKIP_NAME_MISMATCH,0.33
pkm-mcdonalds-collection-2015-12-12-ba10522d5c,McDonalds Collection 2015,Skitty,12/12,110432,Skitty - 12/12,SKIP_NAME_MISMATCH,0.50
pkm-mcdonalds-collection-2016-1-12-6f29b15f11,McDonalds Collection 2016,Vulpix,1/12,275057,Vulpix - 1/12,SKIP_NAME_MISMATCH,0.33
pkm-mcdonalds-collection-2016-2-12-3c43ba2f76,McDonalds Collection 2016,Torchic,2/12,275058,Torchic - 2/12,SKIP_NAME_MISMATCH,0.33
pkm-mcdonalds-collection-2016-3-12-ea03b1f749,McDonalds Collection 2016,Fennekin,3/12,275059,Fennekin - 3/12,SKIP_NAME_MISMATCH,0.33
pkm-mcdonalds-collection-2016-4-12-4e55ed4d14,McDonalds Collection 2016,Magikarp,4/12,275060,Magikarp - 4/12,SKIP_NAME_MISMATCH,0.33
pkm-mcdonalds-collection-2016-5-12-9e694fbf5a,McDonalds Collection 2016,Totodile,5/12,275061,Totodile - 5/12,SKIP_NAME_MISMATCH,0.33
pkm-mcdonalds-collection-2016-6-12-c2f35d4aeb,McDonalds Collection 2016,Pikachu,6/12,275062,Pikachu - 6/12,SKIP_NAME_MISMATCH,0.33
pkm-mcdonalds-collection-2016-7-12-673dfa9ca3,McDonalds Collection 2016,Scraggy,7/12,275063,Scraggy - 7/12,SKIP_NAME_MISMATCH,0.33
pkm-mcdonalds-collection-2016-8-12-0a9e3dc11b,McDonalds Collection 2016,Jigglypuff,8/12,275064,Jigglypuff - 8/12,SKIP_NAME_MISMATCH,0.33
pkm-mcdonalds-collection-2016-9-12-32c6d18029,McDonalds Collection 2016,Togepi,9/12,275065,Togepi - 9/12,SKIP_NAME_MISMATCH,0.33
pkm-mcdonalds-collection-2016-10-12-33638af27f,McDonalds Collection 2016,Dedenne,10/12,275066,Dedenne - 10/12,SKIP_NAME_MISMATCH,0.33
pkm-mcdonalds-collection-2016-11-12-7d5c7d6057,McDonalds Collection 2016,Meowth,11/12,275067,Meowth - 11/12,SKIP_NAME_MISMATCH,0.33
pkm-mcdonalds-collection-2016-12-12-11ac8829cf,McDonalds Collection 2016,Eevee,12/12,275069,Eevee - 12/12,SKIP_NAME_MISMATCH,0.50
pkm-mcdonalds-collection-2017-1-12-3770dcfc88,McDonalds Collection 2017,Rowlet,1/12,152681,Rowlet - 1/12,SKIP_NAME_MISMATCH,0.33
pkm-mcdonalds-collection-2017-2-12-c72e3f77dc,McDonalds Collection 2017,Grubbin,2/12,152682,Grubbin - 2/12,SKIP_NAME_MISMATCH,0.33
pkm-mcdonalds-collection-2017-3-12-10f205a670,McDonalds Collection 2017,Litten,3/12,152683,Litten - 3/12,SKIP_NAME_MISMATCH,0.33
pkm-mcdonalds-collection-2017-4-12-13ca8e5ea1,McDonalds Collection 2017,Popplio,4/12,152684,Popplio - 4/12,SKIP_NAME_MISMATCH,0.33
pkm-mcdonalds-collection-2017-5-12-6617bac272,McDonalds Collection 2017,Pikachu,5/12,152685,Pikachu - 5/12,SKIP_NAME_MISMATCH,0.33
pkm-mcdonalds-collection-2017-6-12-1c1f3f5619,McDonalds Collection 2017,Cosmog,6/12,152686,Cosmog - 6/12,SKIP_NAME_MISMATCH,0.33
pkm-mcdonalds-collection-2017-7-12-a2c8f836e0,McDonalds Collection 2017,Crabrawler,7/12,152687,Crabrawler - 7/12,SKIP_NAME_MISMATCH,0.33
pkm-mcdonalds-collection-2017-8-12-3b3e32e31c,McDonalds Collection 2017,Alolan Meowth,8/12,152688,Alolan Meowth - 8/12,SKIP_NAME_MISMATCH,0.50
pkm-mcdonalds-collection-2017-9-12-f3687678b5,McDonalds Collection 2017,Alolan Diglett,9/12,152689,Alolan Diglett - 9/12,SKIP_NAME_MISMATCH,0.50
pkm-mcdonalds-collection-2017-10-12-d96fe7c573,McDonalds Collection 2017,Cutiefly,10/12,152690,Cutiefly - 10/12,SKIP_NAME_MISMATCH,0.33
pkm-mcdonalds-collection-2017-11-12-ced781b54d,McDonalds Collection 2017,Pikipek,11/12,152692,Pikipek - 11/12,SKIP_NAME_MISMATCH,0.33
pkm-mcdonalds-collection-2017-12-12-5eb99f4033,McDonalds Collection 2017,Yungoos,12/12,152693,Yungoos - 12/12,SKIP_NAME_MISMATCH,0.50
pkm-mcdonalds-collection-2018-1-12-530ab4e6e7,McDonalds Collection 2018,Growlithe,1/12,180450,Growlithe - 1/12,SKIP_NAME_MISMATCH,0.33
pkm-mcdonalds-collection-2018-2-12-742eaaa4ef,McDonalds Collection 2018,Psyduck,2/12,180451,Psyduck - 2/12,SKIP_NAME_MISMATCH,0.33
pkm-mcdonalds-collection-2018-3-12-cf24226a14,McDonalds Collection 2018,Horsea,3/12,180449,Horsea - 3/12,SKIP_NAME_MISMATCH,0.33
pkm-mcdonalds-collection-2018-4-12-6a1715f8a4,McDonalds Collection 2018,Pikachu,4/12,180452,Pikachu - 4/12,SKIP_NAME_MISMATCH,0.33
pkm-mcdonalds-collection-2018-5-12-e76067a966,McDonalds Collection 2018,Slowpoke,5/12,180453,Slowpoke - 5/12,SKIP_NAME_MISMATCH,0.33
pkm-mcdonalds-collection-2018-6-12-867546d59f,McDonalds Collection 2018,Machop,6/12,180454,Machop - 6/12,SKIP_NAME_MISMATCH,0.33
pkm-mcdonalds-collection-2018-7-12-a08a90e4ab,McDonalds Collection 2018,Cubone,7/12,180455,Cubone - 7/12,SKIP_NAME_MISMATCH,0.33
pkm-mcdonalds-collection-2018-8-12-50ec3b832e,McDonalds Collection 2018,Magnemite,8/12,180456,Magnemite - 8/12,SKIP_NAME_MISMATCH,0.33
pkm-mcdonalds-collection-2018-9-12-c4b48050bb,McDonalds Collection 2018,Dratini,9/12,,,NO_CANDIDATE,
pkm-mcdonalds-collection-2018-10-12-4de711e21d,McDonalds Collection 2018,Chansey,10/12,180458,Chansey - 10/12,SKIP_NAME_MISMATCH,0.33
pkm-mcdonalds-collection-2018-11-12-cae0c260d0,McDonalds Collection 2018,Eevee,11/12,180459,Eevee - 11/12,SKIP_NAME_MISMATCH,0.33
pkm-mcdonalds-collection-2018-12-12-c6212ae2a9,McDonalds Collection 2018,Porygon,12/12,180460,Porygon - 12/12,SKIP_NAME_MISMATCH,0.50
pkm-mcdonalds-collection-2019-1-12-c2924c997b,McDonalds Collection 2019,Caterpie,1/12,200960,Caterpie - 1/12,SKIP_NAME_MISMATCH,0.33
pkm-mcdonalds-collection-2019-2-12-92c474cb2a,McDonalds Collection 2019,Alolan Exeggutor,2/12,200961,Alolan Exeggutor - 2/12,SKIP_NAME_MISMATCH,0.50
pkm-mcdonalds-collection-2019-3-12-abe8c3591b,McDonalds Collection 2019,Magmar,3/12,200963,Magmar - 3/12,SKIP_NAME_MISMATCH,0.33
pkm-mcdonalds-collection-2019-4-12-80ecd1857b,McDonalds Collection 2019,Alolan Sandshrew,4/12,200964,Alolan Sandshrew - 4/12,SKIP_NAME_MISMATCH,0.50
pkm-mcdonalds-collection-2019-5-12-17a575219e,McDonalds Collection 2019,Lapras,5/12,200966,Lapras - 5/12,SKIP_NAME_MISMATCH,0.33
pkm-mcdonalds-collection-2019-6-12-1c587e6a46,McDonalds Collection 2019,Pikachu,6/12,200967,Pikachu - 6/12,SKIP_NAME_MISMATCH,0.33
pkm-mcdonalds-collection-2019-7-12-b5c6291807,McDonalds Collection 2019,Gastly,7/12,200969,Gastly - 7/12,SKIP_NAME_MISMATCH,0.33
pkm-mcdonalds-collection-2019-8-12-b3f1d5f938,McDonalds Collection 2019,Mankey,8/12,200971,Mankey - 8/12,SKIP_NAME_MISMATCH,0.33
pkm-mcdonalds-collection-2019-9-12-3ec7cecf6a,McDonalds Collection 2019,Onix,9/12,200973,Onix - 9/12,SKIP_NAME_MISMATCH,0.33
pkm-mcdonalds-collection-2019-10-12-297c32b053,McDonalds Collection 2019,Alolan Meowth,10/12,200975,Alolan Meowth - 10/12,SKIP_NAME_MISMATCH,0.50
pkm-mcdonalds-collection-2019-11-12-604013f2da,McDonalds Collection 2019,Alolan Dugtrio,11/12,200976,Alolan Dugtrio - 11/12,SKIP_NAME_MISMATCH,0.50
pkm-mcdonalds-collection-2019-12-12-9489f268d9,McDonalds Collection 2019,Eevee,12/12,200977,Eevee - 12/12,SKIP_NAME_MISMATCH,0.50
pkm-mcdonalds-collection-2021-1-25-39c4f13526,McDonalds Collection 2021,Bulbasaur,1/25,232316,Bulbasaur - 1/25,SKIP_NAME_MISMATCH,0.33
pkm-mcdonalds-collection-2021-2-25-8dc37652c2,McDonalds Collection 2021,Chikorita,2/25,232317,Chikorita - 2/25,SKIP_NAME_MISMATCH,0.33
pkm-mcdonalds-collection-2021-3-25-e08096ee99,McDonalds Collection 2021,Treecko,3/25,232318,Treecko - 3/25,SKIP_NAME_MISMATCH,0.33
pkm-mcdonalds-collection-2021-4-25-e09bbeccb9,McDonalds Collection 2021,Turtwig,4/25,232319,Turtwig - 4/25,SKIP_NAME_MISMATCH,0.33
pkm-mcdonalds-collection-2021-5-25-9b533eb291,McDonalds Collection 2021,Snivy,5/25,232320,Snivy - 5/25,SKIP_NAME_MISMATCH,0.33
pkm-mcdonalds-collection-2021-6-25-c3223052b4,McDonalds Collection 2021,Chespin,6/25,232321,Chespin - 6/25,SKIP_NAME_MISMATCH,0.33
pkm-mcdonalds-collection-2021-7-25-d1240468bd,McDonalds Collection 2021,Rowlet,7/25,232322,Rowlet - 7/25,SKIP_NAME_MISMATCH,0.33
pkm-mcdonalds-collection-2021-8-25-a6b3f8ab57,McDonalds Collection 2021,Grookey,8/25,232323,Grookey - 8/25,SKIP_NAME_MISMATCH,0.33
pkm-mcdonalds-collection-2021-9-25-66ad81ef15,McDonalds Collection 2021,Charmander,9/25,232324,Charmander - 9/25,SKIP_NAME_MISMATCH,0.33
pkm-mcdonalds-collection-2021-10-25-017b2775b9,McDonalds Collection 2021,Cyndaquil,10/25,232325,Cyndaquil - 10/25,SKIP_NAME_MISMATCH,0.33
pkm-mcdonalds-collection-2021-11-25-7c9f88d780,McDonalds Collection 2021,Torchic,11/25,232326,Torchic - 11/25,SKIP_NAME_MISMATCH,0.33
pkm-mcdonalds-collection-2021-12-25-b36bd6c1ee,McDonalds Collection 2021,Chimchar,12/25,232327,Chimchar - 12/25,SKIP_NAME_MISMATCH,0.33
pkm-mcdonalds-collection-2021-13-25-84438aeba0,McDonalds Collection 2021,Tepig,13/25,232328,Tepig - 13/25,SKIP_NAME_MISMATCH,0.33
pkm-mcdonalds-collection-2021-14-25-a5d26f5a53,McDonalds Collection 2021,Fennekin,14/25,232329,Fennekin - 14/25,SKIP_NAME_MISMATCH,0.33
pkm-mcdonalds-collection-2021-15-25-67521eb260,McDonalds Collection 2021,Litten,15/25,232341,Litten - 15/25,SKIP_NAME_MISMATCH,0.33
pkm-mcdonalds-collection-2021-16-25-1220dcc4cf,McDonalds Collection 2021,Scorbunny,16/25,232330,Scorbunny - 16/25,SKIP_NAME_MISMATCH,0.33
pkm-mcdonalds-collection-2021-17-25-e1c019b9dd,McDonalds Collection 2021,Squirtle,17/25,232331,Squirtle - 17/25,SKIP_NAME_MISMATCH,0.33
pkm-mcdonalds-collection-2021-18-25-bbca71f9e6,McDonalds Collection 2021,Totodile,18/25,232332,Totodile - 18/25,SKIP_NAME_MISMATCH,0.33
pkm-mcdonalds-collection-2021-19-25-d231f39383,McDonalds Collection 2021,Mudkip,19/25,232333,Mudkip - 19/25,SKIP_NAME_MISMATCH,0.33
pkm-mcdonalds-collection-2021-20-25-afe6eb14f8,McDonalds Collection 2021,Piplup,20/25,232334,Piplup - 20/25,SKIP_NAME_MISMATCH,0.33
pkm-mcdonalds-collection-2021-21-25-686f7d0275,McDonalds Collection 2021,Oshawott,21/25,232335,Oshawott - 21/25,SKIP_NAME_MISMATCH,0.33
pkm-mcdonalds-collection-2021-22-25-fc10109481,McDonalds Collection 2021,Froakie,22/25,232336,Froakie - 22/25,SKIP_NAME_MISMATCH,0.33
pkm-mcdonalds-collection-2021-23-25-4d3c5752b3,McDonalds Collection 2021,Popplio,23/25,232337,Popplio - 23/25,SKIP_NAME_MISMATCH,0.33
pkm-mcdonalds-collection-2021-24-25-5912717ad0,McDonalds Collection 2021,Sobble,24/25,232338,Sobble - 24/25,SKIP_NAME_MISMATCH,0.33
pkm-mcdonalds-collection-2021-25-25-69b19516a8,McDonalds Collection 2021,Pikachu,25/25,232339,Pikachu - 25/25,SKIP_NAME_MISMATCH,0.50
pkm-mcdonalds-collection-2022-1-15-bd683c499c,McDonalds Collection 2022,Ledyba,1/15,281476,Ledyba - 1/15,SKIP_NAME_MISMATCH,0.33
pkm-mcdonalds-collection-2022-2-15-fd21936421,McDonalds Collection 2022,Rowlet,2/15,281473,Rowlet - 2/15,SKIP_NAME_MISMATCH,0.33
pkm-mcdonalds-collection-2022-3-15-d487ac1007,McDonalds Collection 2022,Gossifleur,3/15,281482,Gossifleur - 3/15,SKIP_NAME_MISMATCH,0.33
pkm-mcdonalds-collection-2022-4-15-04e060c8a4,McDonalds Collection 2022,Growlithe,4/15,281503,Growlithe - 4/15,SKIP_NAME_MISMATCH,0.33
pkm-mcdonalds-collection-2022-5-15-0af633a652,McDonalds Collection 2022,Victini,5/15,,,NO_CANDIDATE,
pkm-mcdonalds-collection-2022-6-15-b002db85be,McDonalds Collection 2022,Lapras,6/15,281485,Lapras - 6/15,SKIP_NAME_MISMATCH,0.33
pkm-mcdonalds-collection-2022-7-15-b67c3caf1a,McDonalds Collection 2022,Pikachu,7/15,282523,Pikachu - 7/15,SKIP_NAME_MISMATCH,0.33
pkm-mcdonalds-collection-2022-8-15-5787de1e83,McDonalds Collection 2022,Chinchou,8/15,281491,Chinchou - 8/15,SKIP_NAME_MISMATCH,0.33
pkm-mcdonalds-collection-2022-9-15-f29e13384d,McDonalds Collection 2022,Flaaffy,9/15,281478,Flaaffy - 9/15,SKIP_NAME_MISMATCH,0.33
pkm-mcdonalds-collection-2022-10-15-68923e5ed7,McDonalds Collection 2022,Tynamo,10/15,281472,Tynamo - 10/15,SKIP_NAME_MISMATCH,0.33
pkm-mcdonalds-collection-2022-11-15-120a0557f3,McDonalds Collection 2022,Cutiefly,11/15,281494,Cutiefly - 11/15,SKIP_NAME_MISMATCH,0.33
pkm-mcdonalds-collection-2022-12-15-fc3fdf27e6,McDonalds Collection 2022,Bewear,12/15,281504,Bewear - 12/15,SKIP_NAME_MISMATCH,0.33
pkm-mcdonalds-collection-2022-13-15-2af126b99f,McDonalds Collection 2022,Pangoro,13/15,281505,Pangoro - 13/15,SKIP_NAME_MISMATCH,0.33
pkm-mcdonalds-collection-2022-14-15-d03a222ea8,McDonalds Collection 2022,Drampa,14/15,281497,Drampa - 14/15,SKIP_NAME_MISMATCH,0.33
pkm-mcdonalds-collection-2022-15-15-bd4d9afb50,McDonalds Collection 2022,Smeargle,15/15,281500,Smeargle - 15/15,SKIP_NAME_MISMATCH,0.50
pkm-sm-black-star-promos-sm01-248-ed1f05c96b,SM Black Star Promos,Rowlet,SM01/248,126031,Rowlet - SM01,SKIP_NAME_MISMATCH,0.50
pkm-sm-black-star-promos-sm02-248-61a8326b42,SM Black Star Promos,Litten,SM02/248,126030,Litten - SM02,SKIP_NAME_MISMATCH,0.50
pkm-sm-black-star-promos-sm03-248-c541dccd79,SM Black Star Promos,Popplio,SM03/248,126029,Popplio - SM03,SKIP_NAME_MISMATCH,0.50
pkm-sm-black-star-promos-sm04-248-33d43f7fdb,SM Black Star Promos,Pikachu,SM04/248,126032,Pikachu - SM04,SKIP_NAME_MISMATCH,0.50
pkm-sm-black-star-promos-sm04-248-33d43f7fdb,SM Black Star Promos,Pikachu,SM04/248,147224,Pikachu - SM04 (Target Non-Holo),SKIP_NAME_MISMATCH,0.25
pkm-sm-black-star-promos-sm05-248-5a62980274,SM Black Star Promos,Snorlax-GX,SM05/248,126027,Snorlax GX - SM05,SKIP_NAME_MISMATCH,0.67
pkm-sm-black-star-promos-sm06-248-cb7f5b5ce7,SM Black Star Promos,Rockruff,SM06/248,127511,Rockruff - SM06,SKIP_NAME_MISMATCH,0.50
pkm-sm-black-star-promos-sm07-248-4ec81c9e5d,SM Black Star Promos,Pikipek,SM07/248,127512,Pikipek - SM07,SKIP_NAME_MISMATCH,0.50
pkm-sm-black-star-promos-sm08-248-c527cdbc4c,SM Black Star Promos,Litten,SM08/248,127513,Litten - SM08,SKIP_NAME_MISMATCH,0.50
pkm-sm-black-star-promos-sm09-248-6728248a4c,SM Black Star Promos,Togedemaru,SM09/248,127514,Togedemaru - SM09,SKIP_NAME_MISMATCH,0.50
pkm-sm-black-star-promos-sm10-248-b62b005d0a,SM Black Star Promos,Shiinotic,SM10/248,127181,Shiinotic - SM10 (Prerelease),SKIP_NAME_MISMATCH,0.50
pkm-sm-black-star-promos-sm10-248-b62b005d0a,SM Black Star Promos,Shiinotic,SM10/248,127182,Shiinotic - SM10 (Prerelease) [Staff],SKIP_NAME_MISMATCH,0.50
pkm-sm-black-star-promos-sm11-248-8496799af8,SM Black Star Promos,Bruxish,SM11/248,127184,Bruxish - SM11 (Prerelease),SKIP_NAME_MISMATCH,0.50
pkm-sm-black-star-promos-sm11-248-8496799af8,SM Black Star Promos,Bruxish,SM11/248,127183,Bruxish - SM11 (Prerelease) [Staff],SKIP_NAME_MISMATCH,0.50
pkm-sm-black-star-promos-sm12-248-4632f79a43,SM Black Star Promos,Passimian,SM12/248,127185,Passimian - SM12 (Prerelease),SKIP_NAME_MISMATCH,0.50
pkm-sm-black-star-promos-sm12-248-4632f79a43,SM Black Star Promos,Passimian,SM12/248,127186,Passimian - SM12 (Prerelease) [Staff],SKIP_NAME_MISMATCH,0.50
pkm-sm-black-star-promos-sm13-248-9c7ec9bfba,SM Black Star Promos,Oranguru,SM13/248,127188,Oranguru - SM13 (Prerelease),SKIP_NAME_MISMATCH,0.50
pkm-sm-black-star-promos-sm13-248-9c7ec9bfba,SM Black Star Promos,Oranguru,SM13/248,127187,Oranguru - SM13 (Prerelease) [Staff],SKIP_NAME_MISMATCH,0.50
pkm-sm-black-star-promos-sm14-248-7dafc14d26,SM Black Star Promos,Lycanroc-GX,SM14/248,127520,Lycanroc GX - SM14,SKIP_NAME_MISMATCH,0.67
pkm-sm-black-star-promos-sm15-248-c87c643cec,SM Black Star Promos,Zygarde,SM15/248,558745,Fennekin - 15/131 (Toys R' Us Promo),SKIP_NAME_MISMATCH,0.00
pkm-sm-black-star-promos-sm15-248-c87c643cec,SM Black Star Promos,Zygarde,SM15/248,129313,Zygarde - SM15,SKIP_NAME_MISMATCH,0.50
pkm-sm-black-star-promos-sm16-248-ab4c4f6d3c,SM Black Star Promos,Solgaleo-GX,SM16/248,129311,Solgaleo GX - SM16,SKIP_NAME_MISMATCH,0.67
pkm-sm-black-star-promos-sm17-248-098223b5e9,SM Black Star Promos,Lunala-GX,SM17/248,129312,Lunala GX - SM17,SKIP_NAME_MISMATCH,0.67
pkm-sm-black-star-promos-sm18-248-a1c8601be4,SM Black Star Promos,Alolan Sandslash,SM18/248,131091,Alolan Sandslash - SM18 (Prerelease),SKIP_NAME_MISMATCH,0.67
pkm-sm-black-star-promos-sm18-248-a1c8601be4,SM Black Star Promos,Alolan Sandslash,SM18/248,131092,Alolan Sandslash - SM18 (Prerelease) [Staff],SKIP_NAME_MISMATCH,0.67
pkm-sm-black-star-promos-sm19-248-50915fc870,SM Black Star Promos,Oricorio,SM19/248,131089,Oricorio - SM19 (Prerelease),SKIP_NAME_MISMATCH,0.50
pkm-sm-black-star-promos-sm19-248-50915fc870,SM Black Star Promos,Oricorio,SM19/248,131090,Oricorio - SM19 (Prerelease) [Staff],SKIP_NAME_MISMATCH,0.50
pkm-sm-black-star-promos-sm20-248-2afc4c9b8f,SM Black Star Promos,Mudsdale,SM20/248,131085,Mudsdale - SM20 (Prerelease),SKIP_NAME_MISMATCH,0.50
pkm-sm-black-star-promos-sm20-248-2afc4c9b8f,SM Black Star Promos,Mudsdale,SM20/248,131086,Mudsdale - SM20 (Prerelease) [Staff],SKIP_NAME_MISMATCH,0.50
pkm-sm-black-star-promos-sm21-248-bf50921cd6,SM Black Star Promos,Drampa,SM21/248,131087,Drampa - SM21 (Prerelease),SKIP_NAME_MISMATCH,0.50
pkm-sm-black-star-promos-sm21-248-bf50921cd6,SM Black Star Promos,Drampa,SM21/248,131088,Drampa - SM21 (Prerelease) [Staff],SKIP_NAME_MISMATCH,0.50
pkm-sm-black-star-promos-sm22-248-649dfe397b,SM Black Star Promos,Rowlet,SM22/248,130683,Rowlet - SM22,SKIP_NAME_MISMATCH,0.50
pkm-sm-black-star-promos-sm23-248-d2f2c5f83a,SM Black Star Promos,Litten,SM23/248,130684,Litten - SM23,SKIP_NAME_MISMATCH,0.50
pkm-sm-black-star-promos-sm24-248-977c932e18,SM Black Star Promos,Popplio,SM24/248,130685,Popplio - SM24,SKIP_NAME_MISMATCH,0.50
pkm-sm-black-star-promos-sm25-248-e09caa08b4,SM Black Star Promos,Lurantis,SM25/248,133829,Lurantis - SM25,SKIP_NAME_MISMATCH,0.50
pkm-sm-black-star-promos-sm26-248-9c9d214b30,SM Black Star Promos,Tsareena,SM26/248,139096,Tsareena - SM26,SKIP_NAME_MISMATCH,0.50
pkm-sm-black-star-promos-sm27-248-38ab1ee4f3,SM Black Star Promos,Turtonator,SM27/248,131294,Turtonator - SM27,SKIP_NAME_MISMATCH,0.50
pkm-sm-black-star-promos-sm28-248-3b0e22e257,SM Black Star Promos,Vikavolt,SM28/248,253402,Regice - 28/111 (Cosmos Holo),SKIP_NAME_MISMATCH,0.00
pkm-sm-black-star-promos-sm28-248-3b0e22e257,SM Black Star Promos,Vikavolt,SM28/248,131293,Vikavolt - SM28,SKIP_NAME_MISMATCH,0.50
pkm-sm-black-star-promos-sm29-248-eccc87128e,SM Black Star Promos,Mimikyu,SM29/248,129894,Mimikyu - SM29,SKIP_NAME_MISMATCH,0.50
pkm-sm-black-star-promos-sm30-248-458a3635b7,SM Black Star Promos,Tapu Koko,SM30/248,131733,Tapu Koko - SM30,SKIP_NAME_MISMATCH,0.67
pkm-sm-black-star-promos-sm30a-248-9e9b6e0668,SM Black Star Promos,Tapu Koko,SM30a/248,,,NO_CANDIDATE,
pkm-sm-black-star-promos-sm31-248-5c02ed12cb,SM Black Star Promos,Tapu Koko,SM31/248,132239,Tapu Koko - SM31,SKIP_NAME_MISMATCH,0.67
pkm-sm-black-star-promos-sm32-248-d451021c55,SM Black Star Promos,Tapu Bulu-GX,SM32/248,131727,Tapu Bulu GX - SM32,LINKED,0.91
pkm-sm-black-star-promos-sm33-248-11d177bc1d,SM Black Star Promos,Tapu Koko-GX,SM33/248,131728,Tapu Koko GX - SM33,LINKED,0.91
pkm-sm-black-star-promos-sm34-248-18ff62745f,SM Black Star Promos,Bewear-GX,SM34/248,132240,Bewear GX - SM34,SKIP_NAME_MISMATCH,0.67
pkm-sm-black-star-promos-sm35-248-536e8cf1b2,SM Black Star Promos,Espeon-GX,SM35/248,137525,Espeon GX - SM35,SKIP_NAME_MISMATCH,0.67
pkm-sm-black-star-promos-sm36-248-92fe2436ca,SM Black Star Promos,Umbreon-GX,SM36/248,137526,Umbreon GX - SM36,SKIP_NAME_MISMATCH,0.67
pkm-sm-black-star-promos-sm37-248-bce3687c47,SM Black Star Promos,Decidueye-GX,SM37/248,268129,Poncho-wearing Pikachu - 37/SM-P,SKIP_NAME_MISMATCH,0.00
pkm-sm-black-star-promos-sm37-248-bce3687c47,SM Black Star Promos,Decidueye-GX,SM37/248,133821,Decidueye GX - SM37,SKIP_NAME_MISMATCH,0.67
pkm-sm-black-star-promos-sm38-248-d05da856b9,SM Black Star Promos,Incineroar-GX,SM38/248,268131,Poncho-wearing Pikachu - 38/SM-P,SKIP_NAME_MISMATCH,0.00
pkm-sm-black-star-promos-sm38-248-d05da856b9,SM Black Star Promos,Incineroar-GX,SM38/248,133822,Incineroar GX - SM38,SKIP_NAME_MISMATCH,0.67
pkm-sm-black-star-promos-sm39-248-fe85606201,SM Black Star Promos,Primarina-GX,SM39/248,133820,Primarina GX - SM39,SKIP_NAME_MISMATCH,0.67
pkm-sm-black-star-promos-sm40-248-e2de8f77eb,SM Black Star Promos,Jangmo-o,SM40/248,139097,Jangmo-o - SM40,SKIP_NAME_MISMATCH,0.67
pkm-sm-black-star-promos-sm41-248-82175c3e06,SM Black Star Promos,Komala,SM41/248,139101,Komala - SM41,SKIP_NAME_MISMATCH,0.50
pkm-sm-black-star-promos-sm42-248-35b9f862ae,SM Black Star Promos,Cosmog,SM42/248,139100,Cosmog - SM42,SKIP_NAME_MISMATCH,0.50
pkm-sm-black-star-promos-sm43-248-7a1d0463d1,SM Black Star Promos,Alolan Meowth,SM43/248,139099,Alolan Meowth - SM43,SKIP_NAME_MISMATCH,0.67
pkm-sm-black-star-promos-sm44-248-5dc7df8ea7,SM Black Star Promos,Togedemaru,SM44/248,139098,Togedemaru - SM44,SKIP_NAME_MISMATCH,0.50
pkm-sm-black-star-promos-sm45-248-01603640c7,SM Black Star Promos,Tapu Lele,SM45/248,173399,Tapu Lele - SM45,SKIP_NAME_MISMATCH,0.67
pkm-sm-black-star-promos-sm46-248-29d24ea6fd,SM Black Star Promos,Seviper,SM46/248,139088,Seviper - SM46 (Prerelease),SKIP_NAME_MISMATCH,0.50
pkm-sm-black-star-promos-sm46-248-29d24ea6fd,SM Black Star Promos,Seviper,SM46/248,139089,Seviper - SM46 (Prerelease) [Staff],SKIP_NAME_MISMATCH,0.50
pkm-sm-black-star-promos-sm47-248-289de9c28a,SM Black Star Promos,Crabominable,SM47/248,139095,Crabominable - SM47 (Prerelease),SKIP_NAME_MISMATCH,0.50
pkm-sm-black-star-promos-sm47-248-289de9c28a,SM Black Star Promos,Crabominable,SM47/248,139094,Crabominable - SM47 (Prerelease) [Staff],SKIP_NAME_MISMATCH,0.50
pkm-sm-black-star-promos-sm48-248-c8a93334e0,SM Black Star Promos,Zygarde,SM48/248,139093,Zygarde - SM48 (Prerelease),SKIP_NAME_MISMATCH,0.50
pkm-sm-black-star-promos-sm48-248-c8a93334e0,SM Black Star Promos,Zygarde,SM48/248,139092,Zygarde - SM48 (Prerelease) [Staff],SKIP_NAME_MISMATCH,0.50
pkm-sm-black-star-promos-sm49-248-adbf27f211,SM Black Star Promos,Bewear,SM49/248,139090,Bewear - SM49 (Prerelease),SKIP_NAME_MISMATCH,0.50
pkm-sm-black-star-promos-sm49-248-adbf27f211,SM Black Star Promos,Bewear,SM49/248,139091,Bewear - SM49 (Prerelease) [Staff],SKIP_NAME_MISMATCH,0.50
pkm-sm-black-star-promos-sm50-248-0775252c8b,SM Black Star Promos,Tapu Koko-GX,SM50/248,137876,Tapu Koko GX - SM50,LINKED,0.91
pkm-sm-black-star-promos-sm51-248-9353600b78,SM Black Star Promos,Alolan Meowth,SM51/248,139102,Alolan Meowth - SM51,SKIP_NAME_MISMATCH,0.67
pkm-sm-black-star-promos-sm52-248-11c1cb9318,SM Black Star Promos,Golisopod,SM52/248,162606,Golisopod - SM52,SKIP_NAME_MISMATCH,0.50
pkm-sm-black-star-promos-sm53-248-65afe5aacb,SM Black Star Promos,Dhelmise,SM53/248,253403,Regirock - 53/111 (Cosmos Holo),SKIP_NAME_MISMATCH,0.00
pkm-sm-black-star-promos-sm53-248-65afe5aacb,SM Black Star Promos,Dhelmise,SM53/248,162607,Dhelmise - SM53,SKIP_NAME_MISMATCH,0.50
pkm-sm-black-star-promos-sm54-248-d431a9ddfa,SM Black Star Promos,Lucario,SM54/248,153452,Lucario - SM54,SKIP_NAME_MISMATCH,0.50
pkm-sm-black-star-promos-sm55-248-b73b084d56,SM Black Star Promos,Decidueye,SM55/248,164460,Decidueye - SM55,SKIP_NAME_MISMATCH,0.50
pkm-sm-black-star-promos-sm56-248-b35d24b6ef,SM Black Star Promos,Tsareena-GX,SM56/248,141244,Tsareena GX - SM56,SKIP_NAME_MISMATCH,0.67
pkm-sm-black-star-promos-sm57-248-2870c270e7,SM Black Star Promos,Ho-Oh-GX,SM57/248,148424,Ho-Oh GX - SM57,LINKED,0.91
pkm-sm-black-star-promos-sm58-248-a88741d7d7,SM Black Star Promos,Necrozma-GX,SM58/248,148423,Necrozma GX - SM58,SKIP_NAME_MISMATCH,0.67
pkm-sm-black-star-promos-sm59-248-5867380a7c,SM Black Star Promos,Marshadow-GX,SM59/248,148422,Marshadow GX - SM59,SKIP_NAME_MISMATCH,0.67
pkm-sm-black-star-promos-sm60-248-bb042864d5,SM Black Star Promos,Charizard-GX,SM60/248,148151,Charizard GX - SM60,SKIP_NAME_MISMATCH,0.67
pkm-sm-black-star-promos-sm61-248-f1344a9cdf,SM Black Star Promos,Tapu Bulu,SM61/248,173382,Tapu Bulu - SM61,SKIP_NAME_MISMATCH,0.67
pkm-sm-black-star-promos-sm62-248-d45054e15b,SM Black Star Promos,Golisopod-GX,SM62/248,148430,Golisopod GX - SM62,SKIP_NAME_MISMATCH,0.67
pkm-sm-black-star-promos-sm63-248-031ca389ed,SM Black Star Promos,Salazzle-GX,SM63/248,148429,Salazzle GX - SM63,SKIP_NAME_MISMATCH,0.67
pkm-sm-black-star-promos-sm64-248-fedfaf27e0,SM Black Star Promos,Silvally,SM64/248,152606,Silvally - SM64,SKIP_NAME_MISMATCH,0.50
pkm-sm-black-star-promos-sm65-248-59439b3cb6,SM Black Star Promos,Alolan Raichu,SM65/248,156111,Alolan Raichu - SM65,SKIP_NAME_MISMATCH,0.67
pkm-sm-black-star-promos-sm66-248-4b9c5e9f6e,SM Black Star Promos,Pheromosa-GX,SM66/248,149381,Pheromosa GX - SM66,SKIP_NAME_MISMATCH,0.67
pkm-sm-black-star-promos-sm67-248-a655533331,SM Black Star Promos,Celesteela-GX,SM67/248,149382,Celesteela GX - SM67,SKIP_NAME_MISMATCH,0.67
pkm-sm-black-star-promos-sm68-248-a7ae7d7037,SM Black Star Promos,Xurkitree-GX,SM68/248,253401,Registeel - 68/111 (Cosmos Holo),SKIP_NAME_MISMATCH,0.00
pkm-sm-black-star-promos-sm68-248-a7ae7d7037,SM Black Star Promos,Xurkitree-GX,SM68/248,149383,Xurkitree GX - SM68,SKIP_NAME_MISMATCH,0.67
pkm-sm-black-star-promos-sm69-248-2961e5825c,SM Black Star Promos,Buzzwole-GX,SM69/248,149384,Buzzwole GX - SM69,SKIP_NAME_MISMATCH,0.67
pkm-sm-black-star-promos-sm70-248-6205a02280,SM Black Star Promos,Shining Ho-Oh,SM70/248,146979,Shining Ho-Oh - SM70,LINKED,0.91
pkm-sm-black-star-promos-sm71-248-5cb55e3c32,SM Black Star Promos,Kommo-o-GX,SM71/248,153451,Kommo-o GX - SM71,LINKED,0.91
pkm-sm-black-star-promos-sm72-248-0ff9d58d33,SM Black Star Promos,Alolan Raichu,SM72/248,151701,Alolan Raichu - SM72 (Prerelease),SKIP_NAME_MISMATCH,0.67
pkm-sm-black-star-promos-sm72-248-0ff9d58d33,SM Black Star Promos,Alolan Raichu,SM72/248,151708,Alolan Raichu - SM72 (Prerelease) [Staff],SKIP_NAME_MISMATCH,0.67
pkm-sm-black-star-promos-sm73-248-9f1b287e8a,SM Black Star Promos,Salazzle,SM73/248,151702,Salazzle - SM73 (Prerelease),SKIP_NAME_MISMATCH,0.50
pkm-sm-black-star-promos-sm73-248-9f1b287e8a,SM Black Star Promos,Salazzle,SM73/248,151706,Salazzle - SM73 (Prerelease) [Staff],SKIP_NAME_MISMATCH,0.50
pkm-sm-black-star-promos-sm74-248-cb380f310a,SM Black Star Promos,Regirock,SM74/248,151703,Regirock - SM74 (Prerelease),SKIP_NAME_MISMATCH,0.50
pkm-sm-black-star-promos-sm74-248-cb380f310a,SM Black Star Promos,Regirock,SM74/248,151707,Regirock - SM74 (Prerelease) [Staff],SKIP_NAME_MISMATCH,0.50
pkm-sm-black-star-promos-sm75-248-6e99a6a494,SM Black Star Promos,Registeel,SM75/248,151704,Registeel - SM75 (Prerelease),SKIP_NAME_MISMATCH,0.50
pkm-sm-black-star-promos-sm75-248-6e99a6a494,SM Black Star Promos,Registeel,SM75/248,151705,Registeel - SM75 (Prerelease) [Staff],SKIP_NAME_MISMATCH,0.50
pkm-sm-black-star-promos-sm76-248-d7dc7525c1,SM Black Star Promos,Pikachu,SM76/248,146980,Pikachu - SM76,SKIP_NAME_MISMATCH,0.50
pkm-sm-black-star-promos-sm77-248-4e76a87023,SM Black Star Promos,Mewtwo,SM77/248,146982,Mewtwo - SM77,SKIP_NAME_MISMATCH,0.50
pkm-sm-black-star-promos-sm78-248-53429b9880,SM Black Star Promos,Champions Festival,SM78/248,179429,Champions Festival - SM78 (World Championships 2017),SKIP_NAME_MISMATCH,0.33
pkm-sm-black-star-promos-sm78-248-53429b9880,SM Black Star Promos,Champions Festival,SM78/248,179435,Champions Festival - SM78 (World Championships 2017) [Champion],SKIP_NAME_MISMATCH,0.29
pkm-sm-black-star-promos-sm78-248-53429b9880,SM Black Star Promos,Champions Festival,SM78/248,179434,Champions Festival - SM78 (World Championships 2017) [Finalist],SKIP_NAME_MISMATCH,0.29
pkm-sm-black-star-promos-sm78-248-53429b9880,SM Black Star Promos,Champions Festival,SM78/248,179432,Champions Festival - SM78 (World Championships 2017) [Quarter-Finalist],SKIP_NAME_MISMATCH,0.25
pkm-sm-black-star-promos-sm78-248-53429b9880,SM Black Star Promos,Champions Festival,SM78/248,179433,Champions Festival - SM78 (World Championships 2017) [Semi-Finalist],SKIP_NAME_MISMATCH,0.25
pkm-sm-black-star-promos-sm78-248-53429b9880,SM Black Star Promos,Champions Festival,SM78/248,179428,Champions Festival - SM78 (World Championships 2017) [Staff],SKIP_NAME_MISMATCH,0.33
pkm-sm-black-star-promos-sm78-248-53429b9880,SM Black Star Promos,Champions Festival,SM78/248,179431,Champions Festival - SM78 (World Championships 2017) [Top Sixteen],SKIP_NAME_MISMATCH,0.25
pkm-sm-black-star-promos-sm78-248-53429b9880,SM Black Star Promos,Champions Festival,SM78/248,179430,Champions Festival - SM78 (World Championships 2017) [Top Thirty-Two],SKIP_NAME_MISMATCH,0.22
pkm-sm-black-star-promos-sm79-248-985a968273,SM Black Star Promos,Shining Celebi,SM79/248,148427,Shining Celebi - SM79,SKIP_NAME_MISMATCH,0.67
pkm-sm-black-star-promos-sm80-248-ff2205b48d,SM Black Star Promos,Ho-Oh-GX,SM80/248,148425,Ho-Oh GX - SM80,LINKED,0.91
pkm-sm-black-star-promos-sm81-248-72e284fe23,SM Black Star Promos,Pikachu,SM81/248,148426,Pikachu - SM81,SKIP_NAME_MISMATCH,0.50
pkm-sm-black-star-promos-sm82-248-a1d7511fff,SM Black Star Promos,Shining Lugia,SM82/248,148428,Shining Lugia - SM82,SKIP_NAME_MISMATCH,0.67
pkm-sm-black-star-promos-sm83-248-76037f5979,SM Black Star Promos,Zorua,SM83/248,149385,Zorua - SM83,SKIP_NAME_MISMATCH,0.50
pkm-sm-black-star-promos-sm84-248-29a064a6fa,SM Black Star Promos,Zoroark-GX,SM84/248,149386,Zoroark GX - SM84,SKIP_NAME_MISMATCH,0.67
pkm-sm-black-star-promos-sm85-248-f7bd0b2603,SM Black Star Promos,Marshadow,SM85/248,152610,Marshadow - SM85,SKIP_NAME_MISMATCH,0.50
pkm-sm-black-star-promos-sm86-248-46693fa58a,SM Black Star Promos,Pikachu,SM86/248,152608,Pikachu - SM86,SKIP_NAME_MISMATCH,0.50
pkm-sm-black-star-promos-sm87-248-40c68605b6,SM Black Star Promos,Latias,SM87/248,152609,Latias - SM87,SKIP_NAME_MISMATCH,0.50
pkm-sm-black-star-promos-sm88-248-b3541ab50a,SM Black Star Promos,Latios,SM88/248,268303,Tohoku's Pikachu - 88/SM-P,SKIP_NAME_MISMATCH,0.00
pkm-sm-black-star-promos-sm88-248-b3541ab50a,SM Black Star Promos,Latios,SM88/248,152607,Latios - SM88,SKIP_NAME_MISMATCH,0.50
pkm-sm-black-star-promos-sm89-248-cb6e589ad9,SM Black Star Promos,Zoroark,SM89/248,154718,Zoroark - SM89,SKIP_NAME_MISMATCH,0.50
pkm-sm-black-star-promos-sm90-248-26cdc2d1a7,SM Black Star Promos,Raichu-GX,SM90/248,155587,Raichu GX - SM90,SKIP_NAME_MISMATCH,0.67
pkm-sm-black-star-promos-sm91-248-c4eddaacbd,SM Black Star Promos,Silvally-GX,SM91/248,152604,Silvally GX - SM91,SKIP_NAME_MISMATCH,0.67
pkm-sm-black-star-promos-sm92-248-ec853343cf,SM Black Star Promos,Tapu Fini,SM92/248,173383,Tapu Fini - SM92,SKIP_NAME_MISMATCH,0.67
pkm-sm-black-star-promos-sm93-248-e92fa299a9,SM Black Star Promos,Marshadow,SM93/248,155597,Marshadow - SM93,SKIP_NAME_MISMATCH,0.50
pkm-sm-black-star-promos-sm94-248-7317738061,SM Black Star Promos,Wash Rotom,SM94/248,158167,Wash Rotom - SM94 (Prerelease),SKIP_NAME_MISMATCH,0.67
pkm-sm-black-star-promos-sm94-248-7317738061,SM Black Star Promos,Wash Rotom,SM94/248,158168,Wash Rotom - SM94 (Prerelease) [Staff],SKIP_NAME_MISMATCH,0.67
pkm-sm-black-star-promos-sm95-248-b1e9e1a264,SM Black Star Promos,Lucario,SM95/248,158165,Lucario - SM95 (Prerelease),SKIP_NAME_MISMATCH,0.50
pkm-sm-black-star-promos-sm95-248-b1e9e1a264,SM Black Star Promos,Lucario,SM95/248,158166,Lucario - SM95 (Prerelease) [Staff],SKIP_NAME_MISMATCH,0.50
pkm-sm-black-star-promos-sm96-248-13234288b4,SM Black Star Promos,Heatran,SM96/248,158171,Heatran - SM96 (Prerelease),SKIP_NAME_MISMATCH,0.50
pkm-sm-black-star-promos-sm96-248-13234288b4,SM Black Star Promos,Heatran,SM96/248,158172,Heatran - SM96 (Prerelease) [Staff],SKIP_NAME_MISMATCH,0.50
pkm-sm-black-star-promos-sm97-248-53ea55be18,SM Black Star Promos,Gumshoos,SM97/248,158169,Gumshoos - SM97 (Prerelease),SKIP_NAME_MISMATCH,0.50
pkm-sm-black-star-promos-sm97-248-53ea55be18,SM Black Star Promos,Gumshoos,SM97/248,158170,Gumshoos - SM97 (Prerelease) [Staff],SKIP_NAME_MISMATCH,0.50
pkm-sm-black-star-promos-sm98-248-6700c04dff,SM Black Star Promos,Pikachu,SM98/248,166411,Pikachu - SM98,SKIP_NAME_MISMATCH,0.50
pkm-sm-black-star-promos-sm99-248-468272ff33,SM Black Star Promos,Mimikyu,SM99/248,166412,Mimikyu - SM99,SKIP_NAME_MISMATCH,0.50
pkm-sm-black-star-promos-sm100-248-8517e4003c,SM Black Star Promos,Lucario-GX,SM100/248,162042,Lucario GX - SM100,SKIP_NAME_MISMATCH,0.67
pkm-sm-black-star-promos-sm101-248-da8accabd2,SM Black Star Promos,Dawn Wings Necrozma-GX,SM101/248,162460,Dawn Wings Necrozma GX - SM101,LINKED,0.92
pkm-sm-black-star-promos-sm102-248-0d22f321e9,SM Black Star Promos,Dusk Mane Necrozma-GX,SM102/248,162461,Dusk Mane Necrozma GX - SM102,LINKED,0.92
pkm-sm-black-star-promos-sm103-248-d86e8d3d24,SM Black Star Promos,Lunala-GX,SM103/248,177710,Lunala GX - SM103,SKIP_NAME_MISMATCH,0.67
pkm-sm-black-star-promos-sm103a-248-7122f97135,SM Black Star Promos,Lunala-GX,SM103a/248,202636,Lunala GX - SM103a,SKIP_NAME_MISMATCH,0.67
pkm-sm-black-star-promos-sm104-248-b92c4c1f4c,SM Black Star Promos,Solgaleo-GX,SM104/248,177900,Solgaleo GX - SM104,SKIP_NAME_MISMATCH,0.67
pkm-sm-black-star-promos-sm104a-248-ab594cb8bc,SM Black Star Promos,Solgaleo-GX,SM104a/248,202637,Solgaleo GX - SM104a,SKIP_NAME_MISMATCH,0.67
pkm-sm-black-star-promos-sm105-248-27ee6b5c46,SM Black Star Promos,Lycanroc,SM105/248,162604,Lycanroc - SM105,SKIP_NAME_MISMATCH,0.50
pkm-sm-black-star-promos-sm106-248-99a75d5e94,SM Black Star Promos,Dawn Wings Necrozma,SM106/248,162605,Dawn Wings Necrozma - SM106,LINKED,0.91
pkm-sm-black-star-promos-sm107-248-afb2aa39c3,SM Black Star Promos,Dusk Mane Necrozma,SM107/248,162603,Dusk Mane Necrozma - SM107,LINKED,0.91
pkm-sm-black-star-promos-sm108-248-4909d3f2fc,SM Black Star Promos,Ash's Pikachu,SM108/248,151973,Ash's Pikachu - SM108,LINKED,0.91
pkm-sm-black-star-promos-sm109-248-02cff5823e,SM Black Star Promos,Ash's Pikachu,SM109/248,151974,Ash's Pikachu - SM109,LINKED,0.91
pkm-sm-black-star-promos-sm110-248-cdfb9838f0,SM Black Star Promos,Ash's Pikachu,SM110/248,152673,Ash's Pikachu - SM110,LINKED,0.91
pkm-sm-black-star-promos-sm111-248-40ffc58f41,SM Black Star Promos,Ash's Pikachu,SM111/248,153995,Ash's Pikachu - SM111,LINKED,0.91
pkm-sm-black-star-promos-sm112-248-946dfac144,SM Black Star Promos,Ash's Pikachu,SM112/248,153996,Ash's Pikachu - SM112,LINKED,0.91
pkm-sm-black-star-promos-sm113-248-ea05f5a9fb,SM Black Star Promos,Ash's Pikachu,SM113/248,153997,Ash's Pikachu - SM113,LINKED,0.91
pkm-sm-black-star-promos-sm114-248-c7853cd278,SM Black Star Promos,Ash's Pikachu,SM114/248,153998,Ash's Pikachu - SM114,LINKED,0.91
pkm-sm-black-star-promos-sm115-248-2308b4ba3f,SM Black Star Promos,Pheromosa,SM115/248,166288,Pheromosa - SM115 (Prerelease),SKIP_NAME_MISMATCH,0.50
pkm-sm-black-star-promos-sm115-248-2308b4ba3f,SM Black Star Promos,Pheromosa,SM115/248,166289,Pheromosa - SM115 (Prerelease) [Staff],SKIP_NAME_MISMATCH,0.50
pkm-sm-black-star-promos-sm116-248-f08de62300,SM Black Star Promos,Xurkitree,SM116/248,166290,Xurkitree - SM116 (Prerelease),SKIP_NAME_MISMATCH,0.50
pkm-sm-black-star-promos-sm116-248-f08de62300,SM Black Star Promos,Xurkitree,SM116/248,166291,Xurkitree - SM116 (Prerelease) [Staff],SKIP_NAME_MISMATCH,0.50
pkm-sm-black-star-promos-sm117-248-f8f6736412,SM Black Star Promos,Malamar,SM117/248,166292,Malamar - SM117 (Prerelease),SKIP_NAME_MISMATCH,0.50
pkm-sm-black-star-promos-sm117-248-f8f6736412,SM Black Star Promos,Malamar,SM117/248,166293,Malamar - SM117 (Prerelease) [Staff],SKIP_NAME_MISMATCH,0.50
pkm-sm-black-star-promos-sm118-248-778113e9e1,SM Black Star Promos,Lycanroc,SM118/248,166294,Lycanroc - SM118 (Prerelease),SKIP_NAME_MISMATCH,0.50
pkm-sm-black-star-promos-sm118-248-778113e9e1,SM Black Star Promos,Lycanroc,SM118/248,166295,Lycanroc - SM118 (Prerelease) [Staff],SKIP_NAME_MISMATCH,0.50
pkm-sm-black-star-promos-sm119-248-f6e856a594,SM Black Star Promos,Exeggcute,SM119/248,168026,Exeggcute - SM119,SKIP_NAME_MISMATCH,0.50
pkm-sm-black-star-promos-sm120-248-7b21c44e12,SM Black Star Promos,Rockruff,SM120/248,168030,Rockruff - SM120,SKIP_NAME_MISMATCH,0.50
pkm-sm-black-star-promos-sm122-248-15abaf042e,SM Black Star Promos,Zygarde-GX,SM122/248,168088,Zygarde GX - SM122,SKIP_NAME_MISMATCH,0.67
pkm-sm-black-star-promos-sm123-248-d2c0b5a8f2,SM Black Star Promos,Dawn Wings Necrozma,SM123/248,168093,Dawn Wings Necrozma - SM123,LINKED,0.91
pkm-sm-black-star-promos-sm124-248-f4387213cd,SM Black Star Promos,Dusk Mane Necrozma,SM124/248,168100,Dusk Mane Necrozma - SM124,LINKED,0.91
pkm-sm-black-star-promos-sm125-248-43e0f43ee9,SM Black Star Promos,Naganadel-GX,SM125/248,176944,Naganadel GX - SM125,SKIP_NAME_MISMATCH,0.67
pkm-sm-black-star-promos-sm126-248-9372126a0d,SM Black Star Promos,Ultra Necrozma-GX,SM126/248,179039,Ultra Necrozma GX - SM126,LINKED,0.91
pkm-sm-black-star-promos-sm127-248-c289c838d2,SM Black Star Promos,Alolan Sandslash,SM127/248,168211,Alolan Sandslash - SM127,SKIP_NAME_MISMATCH,0.67
pkm-sm-black-star-promos-sm128-248-3ec1741128,SM Black Star Promos,Alolan Ninetales,SM128/248,168245,Alolan Ninetales - SM128,SKIP_NAME_MISMATCH,0.67
pkm-sm-black-star-promos-sm129-248-61d17e1899,SM Black Star Promos,Kyogre,SM129/248,172930,Kyogre - SM129 (Prerelease),SKIP_NAME_MISMATCH,0.50
pkm-sm-black-star-promos-sm129-248-61d17e1899,SM Black Star Promos,Kyogre,SM129/248,172931,Kyogre - SM129 (Prerelease) [Staff],SKIP_NAME_MISMATCH,0.50
pkm-sm-black-star-promos-sm130-248-a072cf8ccb,SM Black Star Promos,Manectric,SM130/248,172933,Manectric - SM130 (Prerelease),SKIP_NAME_MISMATCH,0.50
pkm-sm-black-star-promos-sm130-248-a072cf8ccb,SM Black Star Promos,Manectric,SM130/248,172932,Manectric - SM130 (Prerelease) [Staff],SKIP_NAME_MISMATCH,0.50
pkm-sm-black-star-promos-sm131-248-85dc2c1c34,SM Black Star Promos,Celesteela,SM131/248,172935,Celesteela - SM131 (Prerelease),SKIP_NAME_MISMATCH,0.50
pkm-sm-black-star-promos-sm131-248-85dc2c1c34,SM Black Star Promos,Celesteela,SM131/248,172934,Celesteela - SM131 (Prerelease) [Staff],SKIP_NAME_MISMATCH,0.50
pkm-sm-black-star-promos-sm132-248-7f30cc498f,SM Black Star Promos,Delcatty,SM132/248,172937,Delcatty - SM132 (Prerelease),SKIP_NAME_MISMATCH,0.50
pkm-sm-black-star-promos-sm132-248-7f30cc498f,SM Black Star Promos,Delcatty,SM132/248,172936,Delcatty - SM132 (Prerelease) [Staff],SKIP_NAME_MISMATCH,0.50
pkm-sm-black-star-promos-sm133-248-cc3e910a6f,SM Black Star Promos,Thundurus-GX,SM133/248,170032,Thundurus GX - SM133,SKIP_NAME_MISMATCH,0.67
pkm-sm-black-star-promos-sm134-248-6b0fe8441e,SM Black Star Promos,Tornadus-GX,SM134/248,170033,Tornadus GX - SM134,SKIP_NAME_MISMATCH,0.67
pkm-sm-black-star-promos-sm135-248-02df5c5718,SM Black Star Promos,Latias,SM135/248,175564,Latias - SM135,SKIP_NAME_MISMATCH,0.50
pkm-sm-black-star-promos-sm136-248-2990192b62,SM Black Star Promos,Latios,SM136/248,175563,Latios - SM136,SKIP_NAME_MISMATCH,0.50
pkm-sm-black-star-promos-sm137-248-258f4b9db6,SM Black Star Promos,Reshiram-GX,SM137/248,179034,Reshiram GX - SM137,SKIP_NAME_MISMATCH,0.67
pkm-sm-black-star-promos-sm138-248-9aa5f5ae02,SM Black Star Promos,Zekrom-GX,SM138/248,179035,Zekrom GX - SM138,SKIP_NAME_MISMATCH,0.67
pkm-sm-black-star-promos-sm139-248-f00a4b9376,SM Black Star Promos,Salamence-GX,SM139/248,180529,Salamence GX - SM139,SKIP_NAME_MISMATCH,0.67
pkm-sm-black-star-promos-sm140-248-dd055f2996,SM Black Star Promos,Salamence,SM140/248,180530,Salamence - SM140,SKIP_NAME_MISMATCH,0.50
pkm-sm-black-star-promos-sm141-248-1d2cf781f3,SM Black Star Promos,White Kyurem-GX,SM141/248,180531,White Kyurem GX - SM141,LINKED,0.91
pkm-sm-black-star-promos-sm142-248-e1f84f0a1e,SM Black Star Promos,Kyurem,SM142/248,180528,Kyurem - SM142,SKIP_NAME_MISMATCH,0.50
pkm-sm-black-star-promos-sm143-248-8de982456a,SM Black Star Promos,Moltres,SM143/248,180519,Moltres - SM143,SKIP_NAME_MISMATCH,0.50
pkm-sm-black-star-promos-sm144-248-32ab4022f0,SM Black Star Promos,Articuno,SM144/248,180520,Articuno - SM144,SKIP_NAME_MISMATCH,0.50
pkm-sm-black-star-promos-sm145-248-46bbe1c311,SM Black Star Promos,Zapdos,SM145/248,180521,Zapdos - SM145,SKIP_NAME_MISMATCH,0.50
pkm-sm-black-star-promos-sm146-248-2401b2e5ee,SM Black Star Promos,Leafeon-GX,SM146/248,177112,Leafeon GX - SM146,SKIP_NAME_MISMATCH,0.67
pkm-sm-black-star-promos-sm147-248-31419b373e,SM Black Star Promos,Glaceon-GX,SM147/248,177111,Glaceon GX - SM147,SKIP_NAME_MISMATCH,0.67
pkm-sm-black-star-promos-sm148-248-7895021403,SM Black Star Promos,Champions Festival,SM148/248,175064,Champions Festival - SM148 (World Championships 2018),SKIP_NAME_MISMATCH,0.33
pkm-sm-black-star-promos-sm148-248-7895021403,SM Black Star Promos,Champions Festival,SM148/248,199336,Champions Festival - SM148 (World Championships 2018) [Champion],SKIP_NAME_MISMATCH,0.29
pkm-sm-black-star-promos-sm148-248-7895021403,SM Black Star Promos,Champions Festival,SM148/248,199335,Champions Festival - SM148 (World Championships 2018) [Finalist],SKIP_NAME_MISMATCH,0.29
pkm-sm-black-star-promos-sm148-248-7895021403,SM Black Star Promos,Champions Festival,SM148/248,199333,Champions Festival - SM148 (World Championships 2018) [Quarter Finalist],SKIP_NAME_MISMATCH,0.25
pkm-sm-black-star-promos-sm148-248-7895021403,SM Black Star Promos,Champions Festival,SM148/248,199334,Champions Festival - SM148 (World Championships 2018) [Semi-Finalist],SKIP_NAME_MISMATCH,0.25
pkm-sm-black-star-promos-sm148-248-7895021403,SM Black Star Promos,Champions Festival,SM148/248,178755,Champions Festival - SM148 (World Championships 2018) [Staff],SKIP_NAME_MISMATCH,0.33
pkm-sm-black-star-promos-sm148-248-7895021403,SM Black Star Promos,Champions Festival,SM148/248,199332,Champions Festival - SM148 (World Championships 2018) [Top Sixteen],SKIP_NAME_MISMATCH,0.25
pkm-sm-black-star-promos-sm148-248-7895021403,SM Black Star Promos,Champions Festival,SM148/248,199331,Champions Festival - SM148 (World Championships 2018) [Top Thirty-Two],SKIP_NAME_MISMATCH,0.22
pkm-sm-black-star-promos-sm149-248-29ab75f005,SM Black Star Promos,Suicune,SM149/248,158255,Suicune - SM149 (Prerelease),SKIP_NAME_MISMATCH,0.50
pkm-sm-black-star-promos-sm149-248-29ab75f005,SM Black Star Promos,Suicune,SM149/248,178793,Suicune - SM149 (Prerelease) [Staff],SKIP_NAME_MISMATCH,0.50
pkm-sm-black-star-promos-sm150-248-f8bd17665a,SM Black Star Promos,Raikou,SM150/248,158256,Raikou - SM150 (Prerelease),SKIP_NAME_MISMATCH,0.50
pkm-sm-black-star-promos-sm150-248-f8bd17665a,SM Black Star Promos,Raikou,SM150/248,178794,Raikou - SM150 (Prerelease) (Staff),SKIP_NAME_MISMATCH,0.50
pkm-sm-black-star-promos-sm151-248-c9e70f5254,SM Black Star Promos,Giratina,SM151/248,,,NO_CANDIDATE,
pkm-sm-black-star-promos-sm152-248-0f47f0e243,SM Black Star Promos,Tapu Lele,SM152/248,178796,Tapu Lele - SM152 (Prerelease),SKIP_NAME_MISMATCH,0.67
pkm-sm-black-star-promos-sm152-248-0f47f0e243,SM Black Star Promos,Tapu Lele,SM152/248,178797,Tapu Lele - SM152 (Prerelease) [Staff],SKIP_NAME_MISMATCH,0.67
pkm-sm-black-star-promos-sm153-248-31b13c9fa0,SM Black Star Promos,Rowlet,SM153/248,181000,Rowlet - SM153,SKIP_NAME_MISMATCH,0.50
pkm-sm-black-star-promos-sm154-248-9ae264dc80,SM Black Star Promos,Salandit,SM154/248,181560,Salandit - SM154,SKIP_NAME_MISMATCH,0.50
pkm-sm-black-star-promos-sm155-248-f049ef74f6,SM Black Star Promos,Kingdra-GX,SM155/248,178693,Kingdra GX - SM155,SKIP_NAME_MISMATCH,0.67
pkm-sm-black-star-promos-sm156-248-d107d9f0fc,SM Black Star Promos,Dragonite-GX,SM156/248,178692,Dragonite GX - SM156,SKIP_NAME_MISMATCH,0.67
pkm-sm-black-star-promos-sm157-248-c600931097,SM Black Star Promos,Pikachu,SM157/248,179377,Pikachu - SM157,SKIP_NAME_MISMATCH,0.50
pkm-sm-black-star-promos-sm158-248-3b4b661143,SM Black Star Promos,Charizard,SM158/248,183966,Charizard - SM158,SKIP_NAME_MISMATCH,0.50
pkm-sm-black-star-promos-sm158-248-3b4b661143,SM Black Star Promos,Charizard,SM158/248,183967,Charizard - SM158 [Staff],SKIP_NAME_MISMATCH,0.50
pkm-sm-black-star-promos-sm159-248-4d0d7fc022,SM Black Star Promos,Zapdos,SM159/248,183972,Zapdos - SM159 (Prerelease),SKIP_NAME_MISMATCH,0.50
pkm-sm-black-star-promos-sm159-248-4d0d7fc022,SM Black Star Promos,Zapdos,SM159/248,183973,Zapdos - SM159 (Prerelease) [Staff],SKIP_NAME_MISMATCH,0.50
pkm-sm-black-star-promos-sm160-248-f81440157c,SM Black Star Promos,Nidoqueen,SM160/248,183970,Nidoqueen - SM160 (Prerelease),SKIP_NAME_MISMATCH,0.50
pkm-sm-black-star-promos-sm160-248-f81440157c,SM Black Star Promos,Nidoqueen,SM160/248,183971,Nidoqueen - SM160 (Prerelease) [Staff],SKIP_NAME_MISMATCH,0.50
pkm-sm-black-star-promos-sm161-248-335b2468d7,SM Black Star Promos,Jirachi,SM161/248,183968,Jirachi - SM161,SKIP_NAME_MISMATCH,0.50
pkm-sm-black-star-promos-sm161-248-335b2468d7,SM Black Star Promos,Jirachi,SM161/248,183969,Jirachi - SM161 [Staff],SKIP_NAME_MISMATCH,0.50
pkm-sm-black-star-promos-sm162-248-6f812f75dc,SM Black Star Promos,Pikachu,SM162/248,184483,Pikachu - SM162,SKIP_NAME_MISMATCH,0.50
pkm-sm-black-star-promos-sm163-248-43ecfaf5cd,SM Black Star Promos,Mimikyu,SM163/248,184487,Mimikyu - SM163,SKIP_NAME_MISMATCH,0.50
pkm-sm-black-star-promos-sm164-248-459002ab91,SM Black Star Promos,Deoxys,SM164/248,184493,Deoxys - SM164,SKIP_NAME_MISMATCH,0.50
pkm-sm-black-star-promos-sm165-248-b2fd68cd01,SM Black Star Promos,Ultra Necrozma,SM165/248,184495,Ultra Necrozma - SM165,SKIP_NAME_MISMATCH,0.67
pkm-sm-black-star-promos-sm167-248-3c22fe9414,SM Black Star Promos,Celebi & Venusaur-GX,SM167/248,185984,Celebi & Venusaur GX - SM167,LINKED,0.91
pkm-sm-black-star-promos-sm169-248-faa510b125,SM Black Star Promos,Eevee & Snorlax-GX,SM169/248,185986,Eevee & Snorlax GX - SM169,LINKED,0.91
pkm-sm-black-star-promos-sm170-248-fc573066f3,SM Black Star Promos,Detective Pikachu,SM170/248,190940,Detective Pikachu - SM170,SKIP_NAME_MISMATCH,0.67
pkm-sm-black-star-promos-sm170-248-fc573066f3,SM Black Star Promos,Detective Pikachu,SM170/248,206823,Detective Pikachu - SM170 (Stamped),SKIP_NAME_MISMATCH,0.67
pkm-sm-black-star-promos-sm171-248-16d4db8507,SM Black Star Promos,Flareon-GX,SM171/248,183563,Flareon GX - SM171,SKIP_NAME_MISMATCH,0.67
pkm-sm-black-star-promos-sm172-248-0dc48d2ca6,SM Black Star Promos,Vaporeon-GX,SM172/248,183567,Vaporeon GX - SM172,SKIP_NAME_MISMATCH,0.67
pkm-sm-black-star-promos-sm173-248-ef601cca9f,SM Black Star Promos,Jolteon-GX,SM173/248,183566,Jolteon GX - SM173,SKIP_NAME_MISMATCH,0.67
pkm-sm-black-star-promos-sm174-248-662ebaaf52,SM Black Star Promos,Eevee-GX,SM174/248,183560,Eevee GX - SM174,SKIP_NAME_MISMATCH,0.67
pkm-sm-black-star-promos-sm175-248-34f8464e81,SM Black Star Promos,Eevee-GX,SM175/248,183561,Eevee GX - SM175,SKIP_NAME_MISMATCH,0.67
pkm-sm-black-star-promos-sm176-248-92b27656e0,SM Black Star Promos,Eevee-GX,SM176/248,183562,Eevee GX - SM176,SKIP_NAME_MISMATCH,0.67
pkm-sm-black-star-promos-sm177-248-2ac44612d1,SM Black Star Promos,Meltan,SM177/248,185247,Meltan - SM177,SKIP_NAME_MISMATCH,0.50
pkm-sm-black-star-promos-sm178-248-a145275a53,SM Black Star Promos,Melmetal-GX,SM178/248,185248,Melmetal GX - SM178,SKIP_NAME_MISMATCH,0.67
pkm-sm-black-star-promos-sm179-248-8228b9e89e,SM Black Star Promos,Volcanion,SM179/248,189010,Volcanion - SM179 (Prerelease),SKIP_NAME_MISMATCH,0.50
pkm-sm-black-star-promos-sm179-248-8228b9e89e,SM Black Star Promos,Volcanion,SM179/248,189455,Volcanion - SM179 (Prerelease) [Staff],SKIP_NAME_MISMATCH,0.50
pkm-sm-black-star-promos-sm180-248-6c1c2e3d3b,SM Black Star Promos,Stakataka,SM180/248,189012,Stakataka - SM180 (Prerelease),SKIP_NAME_MISMATCH,0.50
pkm-sm-black-star-promos-sm180-248-6c1c2e3d3b,SM Black Star Promos,Stakataka,SM180/248,189456,Stakataka - SM180 (Prerelease) [Staff],SKIP_NAME_MISMATCH,0.50
pkm-sm-black-star-promos-sm181-248-1c9dd9463a,SM Black Star Promos,Melmetal,SM181/248,189021,Melmetal - SM181 (Prerelease),SKIP_NAME_MISMATCH,0.50
pkm-sm-black-star-promos-sm181-248-1c9dd9463a,SM Black Star Promos,Melmetal,SM181/248,189457,Melmetal - SM181 (Prerelease) [Staff],SKIP_NAME_MISMATCH,0.50
pkm-sm-black-star-promos-sm182-248-0c3a35a368,SM Black Star Promos,Persian,SM182/248,189022,Persian - SM182 (Prerelease),SKIP_NAME_MISMATCH,0.50
pkm-sm-black-star-promos-sm182-248-0c3a35a368,SM Black Star Promos,Persian,SM182/248,189458,Persian - SM182 (Prerelease) [Staff],SKIP_NAME_MISMATCH,0.50
pkm-sm-black-star-promos-sm183-248-35cb22e33b,SM Black Star Promos,Pikachu,SM183/248,189756,Pikachu - SM183,SKIP_NAME_MISMATCH,0.50
pkm-sm-black-star-promos-sm184-248-a83dab6519,SM Black Star Promos,Eevee,SM184/248,609698,Eevee - SM184 (Cosmos Holo),SKIP_NAME_MISMATCH,0.50
pkm-sm-black-star-promos-sm185-248-b9c7db7587,SM Black Star Promos,Typhlosion,SM185/248,189758,Typhlosion - SM185,SKIP_NAME_MISMATCH,0.50
pkm-sm-black-star-promos-sm186-248-ab08c182cc,SM Black Star Promos,Flareon,SM186/248,189759,"Flareon - SM186 (Let's Play, Eevee!)",SKIP_NAME_MISMATCH,0.17
pkm-sm-black-star-promos-sm187-248-4806cc86d3,SM Black Star Promos,Alolan Marowak-GX,SM187/248,185987,Alolan Marowak GX - SM187,LINKED,0.91
pkm-sm-black-star-promos-sm188-248-963ad650f9,SM Black Star Promos,Kangaskhan-GX,SM188/248,192084,Kangaskhan GX - SM188,SKIP_NAME_MISMATCH,0.67
pkm-sm-black-star-promos-sm189-248-69e26bc5e9,SM Black Star Promos,Blastoise-GX,SM189/248,193277,Blastoise GX - SM189,SKIP_NAME_MISMATCH,0.67
pkm-sm-black-star-promos-sm190-248-fe563b3a98,SM Black Star Promos,Detective Pikachu,SM190/248,189805,Detective Pikachu - SM190,SKIP_NAME_MISMATCH,0.67
pkm-sm-black-star-promos-sm190-248-fe563b3a98,SM Black Star Promos,Detective Pikachu,SM190/248,196992,Detective Pikachu - SM190 (Stamped),SKIP_NAME_MISMATCH,0.67
pkm-sm-black-star-promos-sm191-248-30a3a68189,SM Black Star Promos,Mewtwo & Mew-GX,SM191/248,197856,Mewtwo & Mew GX - SM191,LINKED,0.91
pkm-sm-black-star-promos-sm192-248-882e6812e7,SM Black Star Promos,Lucario & Melmetal-GX,SM192/248,197872,Lucario & Melmetal GX - SM192,LINKED,0.91
pkm-sm-black-star-promos-sm193-248-65385a2a04,SM Black Star Promos,Garchomp & Giratina-GX,SM193/248,,,NO_CANDIDATE,
pkm-sm-black-star-promos-sm194-248-1a125a1322,SM Black Star Promos,Detective Pikachu,SM194/248,185254,Detective Pikachu - SM194,SKIP_NAME_MISMATCH,0.67
pkm-sm-black-star-promos-sm195-248-7ff141472d,SM Black Star Promos,Charizard-GX,SM195/248,185253,Charizard GX - SM195,SKIP_NAME_MISMATCH,0.67
pkm-sm-black-star-promos-sm196-248-62dbd5e454,SM Black Star Promos,Mewtwo-GX,SM196/248,188165,Mewtwo GX - SM196,SKIP_NAME_MISMATCH,0.67
pkm-sm-black-star-promos-sm197-248-27db12cdad,SM Black Star Promos,Greninja-GX,SM197/248,185250,Greninja GX - SM197,SKIP_NAME_MISMATCH,0.67
pkm-sm-black-star-promos-sm198-248-6d78bbe0b5,SM Black Star Promos,Bulbasaur,SM198/248,206824,Bulbasaur - SM198 (Detective Pikachu Stamped),SKIP_NAME_MISMATCH,0.25
pkm-sm-black-star-promos-sm198-248-6d78bbe0b5,SM Black Star Promos,Bulbasaur,SM198/248,188320,Bulbasaur - SM198 (In-Store Event Promo),SKIP_NAME_MISMATCH,0.20
pkm-sm-black-star-promos-sm199-248-3f64004e06,SM Black Star Promos,Psyduck,SM199/248,206825,Psyduck - SM199 (Detective Pikachu Stamped),SKIP_NAME_MISMATCH,0.25
pkm-sm-black-star-promos-sm199-248-3f64004e06,SM Black Star Promos,Psyduck,SM199/248,188321,Psyduck - SM199 (In-Store Event Promo),SKIP_NAME_MISMATCH,0.20
pkm-sm-black-star-promos-sm200-248-668af9224c,SM Black Star Promos,Snubbull,SM200/248,206826,Snubbull - SM200 (Detective Pikachu Stamped),SKIP_NAME_MISMATCH,0.25
pkm-sm-black-star-promos-sm200-248-668af9224c,SM Black Star Promos,Snubbull,SM200/248,188322,Snubbull - SM200 (In-Store Event Promo),SKIP_NAME_MISMATCH,0.20
pkm-sm-black-star-promos-sm201-248-bc5225fdab,SM Black Star Promos,Reshiram & Charizard-GX,SM201/248,196347,Reshiram & Charizard GX - SM201,LINKED,0.91
pkm-sm-black-star-promos-sm202-248-4c6185b63e,SM Black Star Promos,Amoonguss,SM202/248,196715,Amoonguss - SM202 (Prerelease),SKIP_NAME_MISMATCH,0.50
pkm-sm-black-star-promos-sm202-248-4c6185b63e,SM Black Star Promos,Amoonguss,SM202/248,199609,Amoonguss - SM202 (Prerelease) [Staff],SKIP_NAME_MISMATCH,0.50
pkm-sm-black-star-promos-sm203-248-a6de283cda,SM Black Star Promos,Tapu Fini,SM203/248,196718,Tapu Fini - SM203 (Prerelease),SKIP_NAME_MISMATCH,0.67
pkm-sm-black-star-promos-sm203-248-a6de283cda,SM Black Star Promos,Tapu Fini,SM203/248,199611,Tapu Fini - SM203 (Prerelease) [Staff],SKIP_NAME_MISMATCH,0.67
pkm-sm-black-star-promos-sm204-248-8326d8e2bd,SM Black Star Promos,Necrozma,SM204/248,196716,Necrozma - SM204 (Prerelease),SKIP_NAME_MISMATCH,0.50
pkm-sm-black-star-promos-sm204-248-8326d8e2bd,SM Black Star Promos,Necrozma,SM204/248,199622,Necrozma - SM204 (Prerelease) [Staff],SKIP_NAME_MISMATCH,0.50
pkm-sm-black-star-promos-sm205-248-44823c931c,SM Black Star Promos,Terrakion,SM205/248,196717,Terrakion - SM205 (Prerelease),SKIP_NAME_MISMATCH,0.50
pkm-sm-black-star-promos-sm205-248-44823c931c,SM Black Star Promos,Terrakion,SM205/248,199617,Terrakion - SM205 (Prerelease) [Staff],SKIP_NAME_MISMATCH,0.50
pkm-sm-black-star-promos-sm206-248-6d4ec41468,SM Black Star Promos,Pikachu,SM206/248,198771,Pikachu - SM206,SKIP_NAME_MISMATCH,0.50
pkm-sm-black-star-promos-sm207-248-07648751a6,SM Black Star Promos,Sudowoodo,SM207/248,199488,Sudowoodo - SM207,SKIP_NAME_MISMATCH,0.50
pkm-sm-black-star-promos-sm208-248-1bbe592e1d,SM Black Star Promos,Vikavolt,SM208/248,197889,Vikavolt - SM208,SKIP_NAME_MISMATCH,0.50
pkm-sm-black-star-promos-sm209-248-bbbd2e6454,SM Black Star Promos,Stakataka,SM209/248,197888,Stakataka - SM209,SKIP_NAME_MISMATCH,0.50
pkm-sm-black-star-promos-sm211-248-4d3b51d54a,SM Black Star Promos,Charizard-GX,SM211/248,197874,Charizard GX - SM211,SKIP_NAME_MISMATCH,0.67
pkm-sm-black-star-promos-sm212-248-931f316675,SM Black Star Promos,Gyarados-GX,SM212/248,197875,Gyarados GX - SM212,SKIP_NAME_MISMATCH,0.67
pkm-sm-black-star-promos-sm213-248-9e5d72d4c0,SM Black Star Promos,Raichu-GX,SM213/248,197876,Raichu GX - SM213,SKIP_NAME_MISMATCH,0.67
pkm-sm-black-star-promos-sm214-248-c70b11ccb7,SM Black Star Promos,Mewtwo,SM214/248,197855,Mewtwo - SM214,SKIP_NAME_MISMATCH,0.50
pkm-sm-black-star-promos-sm215-248-895031b17b,SM Black Star Promos,Mew,SM215/248,197854,Mew - SM215,SKIP_NAME_MISMATCH,0.50
pkm-sm-black-star-promos-sm216-248-df3f82e8fb,SM Black Star Promos,Porygon-Z-GX,SM216/248,198531,Porygon-Z GX - SM216,LINKED,0.91
pkm-sm-black-star-promos-sm217-248-a934ce11aa,SM Black Star Promos,Trevenant & Dusknoir-GX,SM217/248,198534,Trevenant & Dusknoir GX - SM217,LINKED,0.91
pkm-sm-black-star-promos-sm218-248-8c3add5e42,SM Black Star Promos,Buzzwole,SM218/248,201940,Buzzwole - SM218 (Prerelease),SKIP_NAME_MISMATCH,0.50
pkm-sm-black-star-promos-sm218-248-8c3add5e42,SM Black Star Promos,Buzzwole,SM218/248,201941,Buzzwole - SM218 (Prerelease) [Staff],SKIP_NAME_MISMATCH,0.50
pkm-sm-black-star-promos-sm219-248-dbd47ec343,SM Black Star Promos,Entei,SM219/248,201943,Entei - SM219 (Prerelease),SKIP_NAME_MISMATCH,0.50
pkm-sm-black-star-promos-sm219-248-dbd47ec343,SM Black Star Promos,Entei,SM219/248,201942,Entei - SM219 (Prerelease) [Staff],SKIP_NAME_MISMATCH,0.50
pkm-sm-black-star-promos-sm220-248-1543207a75,SM Black Star Promos,Phione,SM220/248,201938,Phione - SM220 (Prerelease),SKIP_NAME_MISMATCH,0.50
pkm-sm-black-star-promos-sm220-248-1543207a75,SM Black Star Promos,Phione,SM220/248,201939,Phione - SM220 (Prerelease) [Staff],SKIP_NAME_MISMATCH,0.50
pkm-sm-black-star-promos-sm221-248-201f10e8a2,SM Black Star Promos,Blacephalon,SM221/248,201944,Blacephalon - SM221 (Prerelease),SKIP_NAME_MISMATCH,0.50
pkm-sm-black-star-promos-sm221-248-201f10e8a2,SM Black Star Promos,Blacephalon,SM221/248,201945,Blacephalon - SM221 (Prerelease) [Staff],SKIP_NAME_MISMATCH,0.50
pkm-sm-black-star-promos-sm222-248-9819422595,SM Black Star Promos,Mismagius,SM222/248,204985,Mismagius - SM222,SKIP_NAME_MISMATCH,0.50
pkm-sm-black-star-promos-sm223-248-1dc0b3e962,SM Black Star Promos,Terrakion,SM223/248,204984,Terrakion - SM223,SKIP_NAME_MISMATCH,0.50
pkm-sm-black-star-promos-sm224-248-f5d601837e,SM Black Star Promos,Celebi,SM224/248,204973,Celebi - SM224,SKIP_NAME_MISMATCH,0.50
pkm-sm-black-star-promos-sm225-248-0ff459d3a1,SM Black Star Promos,Victini,SM225/248,,,NO_CANDIDATE,
pkm-sm-black-star-promos-sm226-248-259c0bdd50,SM Black Star Promos,Charizard,SM226/248,205171,Charizard - SM226,SKIP_NAME_MISMATCH,0.50
pkm-sm-black-star-promos-sm227-248-acb4f066cd,SM Black Star Promos,Pikachu,SM227/248,205170,Pikachu - SM227,SKIP_NAME_MISMATCH,0.50
pkm-sm-black-star-promos-sm228-248-1bd93bef01,SM Black Star Promos,Armored Mewtwo,SM228/248,205169,Armored Mewtwo - SM228,SKIP_NAME_MISMATCH,0.67
pkm-sm-black-star-promos-sm229-248-54e1786c4f,SM Black Star Promos,Venusaur & Snivy-GX,SM229/248,205162,Venusaur & Snivy GX - SM229,LINKED,0.91
pkm-sm-black-star-promos-sm230-248-75b67549d3,SM Black Star Promos,Charizard & Braixen-GX,SM230/248,205163,Charizard & Braixen GX - SM230,LINKED,0.91
pkm-sm-black-star-promos-sm231-248-85a86946bd,SM Black Star Promos,Champions Festival,SM231/248,198360,Champions Festival - SM231 (World Championships 2019),SKIP_NAME_MISMATCH,0.33
pkm-sm-black-star-promos-sm231-248-85a86946bd,SM Black Star Promos,Champions Festival,SM231/248,198367,Champions Festival - SM231 (World Championships 2019) [Champion],SKIP_NAME_MISMATCH,0.29
pkm-sm-black-star-promos-sm231-248-85a86946bd,SM Black Star Promos,Champions Festival,SM231/248,198366,Champions Festival - SM231 (World Championships 2019) [Finalist],SKIP_NAME_MISMATCH,0.29
pkm-sm-black-star-promos-sm231-248-85a86946bd,SM Black Star Promos,Champions Festival,SM231/248,198364,Champions Festival - SM231 (World Championships 2019) [Quarter Finalist],SKIP_NAME_MISMATCH,0.25
pkm-sm-black-star-promos-sm231-248-85a86946bd,SM Black Star Promos,Champions Festival,SM231/248,198365,Champions Festival - SM231 (World Championships 2019) [Semi-Finalist],SKIP_NAME_MISMATCH,0.25
pkm-sm-black-star-promos-sm231-248-85a86946bd,SM Black Star Promos,Champions Festival,SM231/248,198361,Champions Festival - SM231 (World Championships 2019) [Staff],SKIP_NAME_MISMATCH,0.33
pkm-sm-black-star-promos-sm231-248-85a86946bd,SM Black Star Promos,Champions Festival,SM231/248,198363,Champions Festival - SM231 (World Championships 2019) [Top Sixteen],SKIP_NAME_MISMATCH,0.25
pkm-sm-black-star-promos-sm231-248-85a86946bd,SM Black Star Promos,Champions Festival,SM231/248,198362,Champions Festival - SM231 (World Championships 2019) [Top Thirty-Two],SKIP_NAME_MISMATCH,0.22
pkm-sm-black-star-promos-sm232-248-0f2c30afea,SM Black Star Promos,Pikachu-GX,SM232/248,200273,Pikachu GX - SM232,SKIP_NAME_MISMATCH,0.67
pkm-sm-black-star-promos-sm233-248-65a921f921,SM Black Star Promos,Eevee-GX,SM233/248,200272,Eevee GX - SM233,SKIP_NAME_MISMATCH,0.67
pkm-sm-black-star-promos-sm234-248-28c2339987,SM Black Star Promos,Pikachu,SM234/248,200275,Pikachu - SM234,SKIP_NAME_MISMATCH,0.50
pkm-sm-black-star-promos-sm235-248-61e1f2283a,SM Black Star Promos,Eevee,SM235/248,200276,Eevee - SM235,SKIP_NAME_MISMATCH,0.50
pkm-sm-black-star-promos-sm236-248-c63a45d140,SM Black Star Promos,Alolan Sandslash-GX,SM236/248,207496,Alolan Sandslash GX - SM236,LINKED,0.91
pkm-sm-black-star-promos-sm237-248-565d7dcdea,SM Black Star Promos,Leafeon,SM237/248,211627,Leafeon - SM237,SKIP_NAME_MISMATCH,0.50
pkm-sm-black-star-promos-sm238-248-8bfe7b995b,SM Black Star Promos,Glaceon,SM238/248,211628,Glaceon - SM238,SKIP_NAME_MISMATCH,0.50
pkm-sm-black-star-promos-sm239-248-400dac8312,SM Black Star Promos,Carracosta-GX,SM239/248,211451,Carracosta GX - SM239,SKIP_NAME_MISMATCH,0.67
pkm-sm-black-star-promos-sm240-248-33c6ededd4,SM Black Star Promos,Espeon & Deoxys-GX,SM240/248,211455,Espeon & Deoxys GX - SM240,LINKED,0.91
pkm-sm-black-star-promos-sm241-248-cf4c44ceba,SM Black Star Promos,Umbreon & Darkrai-GX,SM241/248,211452,Umbreon & Darkrai GX - SM241,LINKED,0.91
pkm-sm-black-star-promos-sm242-248-e3a06cad82,SM Black Star Promos,Eevee-GX,SM242/248,211456,Eevee GX - SM242,SKIP_NAME_MISMATCH,0.67
pkm-sm-black-star-promos-sm243-248-2a6bd4e574,SM Black Star Promos,Regigigas,SM243/248,211626,Regigigas - SM243,SKIP_NAME_MISMATCH,0.50
pkm-sm-black-star-promos-sm244-248-4e90273a5d,SM Black Star Promos,Aipom,SM244/248,214272,Aipom - SM244,SKIP_NAME_MISMATCH,0.50
pkm-sm-black-star-promos-sm245-248-f84bd36b4e,SM Black Star Promos,Mismagius,SM245/248,245874,Mismagius - SM245,SKIP_NAME_MISMATCH,0.50
pkm-sm-black-star-promos-sm246-248-fc7f332616,SM Black Star Promos,Sabrina & Brycen,SM246/248,245873,Sabrina & Brycen - SM246,SKIP_NAME_MISMATCH,0.67
pkm-sm-black-star-promos-sm247-248-9111f47a40,SM Black Star Promos,Reshiram & Charizard-GX,SM247/248,253394,Reshiram & Charizard GX - SM247,LINKED,0.91
pkm-sm-black-star-promos-sm248-248-ac88d9d151,SM Black Star Promos,Pikachu & Zekrom-GX,SM248/248,253397,Pikachu & Zekrom GX - SM248,LINKED,0.91
