putnam_card_id,set_name,card_name,printed_number,reason
pkm-151-1-165-9004d1f25f,151,Bulbasaur,1/165,NO_VARIANT_LINK
pkm-151-2-165-c2f2e1b91f,151,Ivysaur,2/165,NO_VARIANT_LINK
pkm-151-3-165-a4dc2af528,151,Venusaur ex,3/165,NO_VARIANT_LINK
pkm-151-4-165-67266d5841,151,Charmander,4/165,NO_VARIANT_LINK
pkm-151-5-165-297a51ce96,151,Charmeleon,5/165,NO_VARIANT_LINK
pkm-151-6-165-d9226ced1b,151,Charizard ex,6/165,NO_VARIANT_LINK
pkm-151-7-165-73ca76a6e7,151,Squirtle,7/165,NO_VARIANT_LINK
pkm-151-8-165-b2027d71ae,151,Wartortle,8/165,NO_VARIANT_LINK
pkm-151-9-165-369a2f4e2c,151,Blastoise ex,9/165,NO_VARIANT_LINK
pkm-151-10-165-8c34ea2fdb,151,Caterpie,10/165,NO_VARIANT_LINK
pkm-151-11-165-cc8726936c,151,Metapod,11/165,NO_VARIANT_LINK
pkm-151-12-165-39d8cb25f9,151,Butterfree,12/165,NO_VARIANT_LINK
pkm-151-13-165-ff1a298fcd,151,Weedle,13/165,NO_VARIANT_LINK
pkm-151-14-165-f6b9cf30aa,151,Kakuna,14/165,NO_VARIANT_LINK
pkm-151-15-165-7546ca168a,151,Beedrill,15/165,NO_VARIANT_LINK
pkm-151-16-165-a971318e97,151,Pidgey,16/165,NO_VARIANT_LINK
pkm-151-17-165-4c46cb55ba,151,Pidgeotto,17/165,NO_VARIANT_LINK
pkm-151-18-165-eba92580f0,151,Pidgeot,18/165,NO_VARIANT_LINK
pkm-151-19-165-fb13582058,151,Rattata,19/165,NO_VARIANT_LINK
pkm-151-20-165-53ca288ee8,151,Raticate,20/165,NO_VARIANT_LINK
pkm-151-21-165-b2267fd0f1,151,Spearow,21/165,NO_VARIANT_LINK
pkm-151-22-165-f886814ba8,151,Fearow,22/165,NO_VARIANT_LINK
pkm-151-23-165-25b7ee9670,151,Ekans,23/165,NO_VARIANT_LINK
pkm-151-24-165-4a37d50f74,151,Arbok ex,24/165,NO_VARIANT_LINK
pkm-151-25-165-5f4c4cd625,151,Pikachu,25/165,NO_VARIANT_LINK
pkm-151-26-165-f0500d33f3,151,Raichu,26/165,NO_VARIANT_LINK
pkm-151-27-165-bc9c79357f,151,Sandshrew,27/165,NO_VARIANT_LINK
pkm-151-28-165-5117c60688,151,Sandslash,28/165,NO_VARIANT_LINK
pkm-151-29-165-95d2e3c958,151,Nidoran ♀,29/165,NO_VARIANT_LINK
pkm-151-30-165-eb867e963c,151,Nidorina,30/165,NO_VARIANT_LINK
pkm-151-31-165-4187b0a233,151,Nidoqueen,31/165,NO_VARIANT_LINK
pkm-151-32-165-14241a793f,151,Nidoran ♂,32/165,NO_VARIANT_LINK
pkm-151-33-165-8a84a6f40e,151,Nidorino,33/165,NO_VARIANT_LINK
pkm-151-34-165-71ad1e6820,151,Nidoking,34/165,NO_VARIANT_LINK
pkm-151-35-165-6c09c720a0,151,Clefairy,35/165,NO_VARIANT_LINK
pkm-151-36-165-897ec809ce,151,Clefable,36/165,NO_VARIANT_LINK
pkm-151-37-165-8328872d94,151,Vulpix,37/165,NO_VARIANT_LINK
pkm-151-38-165-14b21e0638,151,Ninetales ex,38/165,NO_VARIANT_LINK
pkm-151-39-165-7dedd5b52f,151,Jigglypuff,39/165,NO_VARIANT_LINK
pkm-151-40-165-5bd0f66d50,151,Wigglytuff ex,40/165,NO_VARIANT_LINK
pkm-151-41-165-e9f4db612b,151,Zubat,41/165,NO_VARIANT_LINK
pkm-151-42-165-48390e7ce9,151,Golbat,42/165,NO_VARIANT_LINK
pkm-151-43-165-0d89181d45,151,Oddish,43/165,NO_VARIANT_LINK
pkm-151-44-165-3d0c846e4f,151,Gloom,44/165,NO_VARIANT_LINK
pkm-151-45-165-444dc2de5e,151,Vileplume,45/165,NO_VARIANT_LINK
pkm-151-46-165-3c2ced775e,151,Paras,46/165,NO_VARIANT_LINK
pkm-151-47-165-2bde32b138,151,Parasect,47/165,NO_VARIANT_LINK
pkm-151-48-165-0d06c70b80,151,Venonat,48/165,NO_VARIANT_LINK
pkm-151-49-165-6fc029cf25,151,Venomoth,49/165,NO_VARIANT_LINK
pkm-151-50-165-82d2967446,151,Diglett,50/165,NO_VARIANT_LINK
pkm-151-51-165-9e0013180d,151,Dugtrio,51/165,NO_VARIANT_LINK
pkm-151-52-165-3ec6284775,151,Meowth,52/165,NO_VARIANT_LINK
pkm-151-53-165-f5d5a956c0,151,Persian,53/165,NO_VARIANT_LINK
pkm-151-54-165-4fb2807ca6,151,Psyduck,54/165,NO_VARIANT_LINK
pkm-151-55-165-81ce9766b7,151,Golduck,55/165,NO_VARIANT_LINK
pkm-151-56-165-14e0cb039c,151,Mankey,56/165,NO_VARIANT_LINK
pkm-151-57-165-8cf2f4693f,151,Primeape,57/165,NO_VARIANT_LINK
pkm-151-58-165-364d641006,151,Growlithe,58/165,NO_VARIANT_LINK
pkm-151-59-165-244d568513,151,Arcanine,59/165,NO_VARIANT_LINK
pkm-151-60-165-a4176dc168,151,Poliwag,60/165,NO_VARIANT_LINK
pkm-151-61-165-2aec96c2ed,151,Poliwhirl,61/165,NO_VARIANT_LINK
pkm-151-62-165-5e8cd81fa5,151,Poliwrath,62/165,NO_VARIANT_LINK
pkm-151-63-165-59ddc5d20e,151,Abra,63/165,NO_VARIANT_LINK
pkm-151-64-165-79988366e2,151,Kadabra,64/165,NO_VARIANT_LINK
pkm-151-65-165-c74575c690,151,Alakazam ex,65/165,NO_VARIANT_LINK
pkm-151-66-165-7399076c6a,151,Machop,66/165,NO_VARIANT_LINK
pkm-151-67-165-ac3abb3c12,151,Machoke,67/165,NO_VARIANT_LINK
pkm-151-68-165-7be52327c8,151,Machamp,68/165,NO_VARIANT_LINK
pkm-151-69-165-1a90572021,151,Bellsprout,69/165,NO_VARIANT_LINK
pkm-151-70-165-ee6e146bd3,151,Weepinbell,70/165,NO_VARIANT_LINK
pkm-151-71-165-424d03b223,151,Victreebel,71/165,NO_VARIANT_LINK
pkm-151-72-165-37236f5ad8,151,Tentacool,72/165,NO_VARIANT_LINK
pkm-151-73-165-ec95309e85,151,Tentacruel,73/165,NO_VARIANT_LINK
pkm-151-74-165-c7ed551e21,151,Geodude,74/165,NO_VARIANT_LINK
pkm-151-75-165-bea25e8682,151,Graveler,75/165,NO_VARIANT_LINK
pkm-151-76-165-6191d9c88f,151,Golem ex,76/165,NO_VARIANT_LINK
pkm-151-77-165-f8550f48c6,151,Ponyta,77/165,NO_VARIANT_LINK
pkm-151-78-165-b07e12cbe4,151,Rapidash,78/165,NO_VARIANT_LINK
pkm-151-79-165-8f49ab4fb5,151,Slowpoke,79/165,NO_VARIANT_LINK
pkm-151-80-165-bfb5800d3e,151,Slowbro,80/165,NO_VARIANT_LINK
pkm-151-81-165-b009bc7634,151,Magnemite,81/165,NO_VARIANT_LINK
pkm-151-82-165-131899f17e,151,Magneton,82/165,NO_VARIANT_LINK
pkm-151-83-165-0ce63d9d00,151,Farfetch'd,83/165,NO_VARIANT_LINK
pkm-151-84-165-b3bb6c87dd,151,Doduo,84/165,NO_VARIANT_LINK
pkm-151-85-165-aca01cc495,151,Dodrio,85/165,NO_VARIANT_LINK
pkm-151-86-165-400ab45a1a,151,Seel,86/165,NO_VARIANT_LINK
pkm-151-87-165-5e5b29eb5b,151,Dewgong,87/165,NO_VARIANT_LINK
pkm-151-88-165-a6b845f377,151,Grimer,88/165,NO_VARIANT_LINK
pkm-151-89-165-d6bd2274d4,151,Muk,89/165,NO_VARIANT_LINK
pkm-151-90-165-6f39bac5ed,151,Shellder,90/165,NO_VARIANT_LINK
pkm-151-91-165-2317cf0d30,151,Cloyster,91/165,NO_VARIANT_LINK
pkm-151-92-165-0a4182c867,151,Gastly,92/165,NO_VARIANT_LINK
pkm-151-93-165-0c32d90a37,151,Haunter,93/165,NO_VARIANT_LINK
pkm-151-94-165-c22c7159ad,151,Gengar,94/165,NO_VARIANT_LINK
pkm-151-95-165-5f6e6be5d4,151,Onix,95/165,NO_VARIANT_LINK
pkm-151-96-165-090851d593,151,Drowzee,96/165,NO_VARIANT_LINK
pkm-151-97-165-abc66f36f4,151,Hypno,97/165,NO_VARIANT_LINK
pkm-151-98-165-69e7b6ebf1,151,Krabby,98/165,NO_VARIANT_LINK
pkm-151-99-165-798aba3dde,151,Kingler,99/165,NO_VARIANT_LINK
pkm-151-100-165-ec82266605,151,Voltorb,100/165,NO_VARIANT_LINK
pkm-151-101-165-98c69c842b,151,Electrode,101/165,NO_VARIANT_LINK
pkm-151-102-165-c435fc4667,151,Exeggcute,102/165,NO_VARIANT_LINK
pkm-151-103-165-b3d7ef426e,151,Exeggutor,103/165,NO_VARIANT_LINK
pkm-151-104-165-62e763d6da,151,Cubone,104/165,NO_VARIANT_LINK
pkm-151-105-165-9a2c60e6fe,151,Marowak,105/165,NO_VARIANT_LINK
pkm-151-106-165-1ad5f7a019,151,Hitmonlee,106/165,NO_VARIANT_LINK
pkm-151-107-165-2f4f64a9eb,151,Hitmonchan,107/165,NO_VARIANT_LINK
pkm-151-108-165-281b29957e,151,Lickitung,108/165,NO_VARIANT_LINK
pkm-151-109-165-ee713b33d9,151,Koffing,109/165,NO_VARIANT_LINK
pkm-151-110-165-3afc3aec5f,151,Weezing,110/165,NO_VARIANT_LINK
pkm-151-111-165-028e20e266,151,Rhyhorn,111/165,NO_VARIANT_LINK
pkm-151-112-165-4dd4f6cfe4,151,Rhydon,112/165,NO_VARIANT_LINK
pkm-151-113-165-0a9c9e2fc5,151,Chansey,113/165,NO_VARIANT_LINK
pkm-151-114-165-dc77bbfaea,151,Tangela,114/165,NO_VARIANT_LINK
pkm-151-115-165-93af03abba,151,Kangaskhan ex,115/165,NO_VARIANT_LINK
pkm-151-116-165-4365626f90,151,Horsea,116/165,NO_VARIANT_LINK
pkm-151-117-165-c26155767e,151,Seadra,117/165,NO_VARIANT_LINK
pkm-151-118-165-60a8c5da3b,151,Goldeen,118/165,NO_VARIANT_LINK
pkm-151-119-165-6120411f91,151,Seaking,119/165,NO_VARIANT_LINK
pkm-151-120-165-4ea338e730,151,Staryu,120/165,NO_VARIANT_LINK
pkm-151-121-165-c777da66c6,151,Starmie,121/165,NO_VARIANT_LINK
pkm-151-122-165-310ae3f1cc,151,Mr. Mime,122/165,NO_VARIANT_LINK
pkm-151-123-165-5a051581c7,151,Scyther,123/165,NO_VARIANT_LINK
pkm-151-124-165-2f96418937,151,Jynx ex,124/165,NO_VARIANT_LINK
pkm-151-125-165-b5515ba4b2,151,Electabuzz,125/165,NO_VARIANT_LINK
pkm-151-126-165-957846c254,151,Magmar,126/165,NO_VARIANT_LINK
pkm-151-127-165-37ed5de916,151,Pinsir,127/165,NO_VARIANT_LINK
pkm-151-128-165-f54e3dac23,151,Tauros,128/165,NO_VARIANT_LINK
pkm-151-129-165-deec1e7dea,151,Magikarp,129/165,NO_VARIANT_LINK
pkm-151-130-165-8d1d4b8323,151,Gyarados,130/165,NO_VARIANT_LINK
pkm-151-131-165-7258c3a8a5,151,Lapras,131/165,NO_VARIANT_LINK
pkm-151-132-165-46a8e5fb10,151,Ditto,132/165,NO_VARIANT_LINK
pkm-151-133-165-6a41f78f17,151,Eevee,133/165,NO_VARIANT_LINK
pkm-151-134-165-0ef736bfb6,151,Vaporeon,134/165,NO_VARIANT_LINK
pkm-151-135-165-8e25fdc86f,151,Jolteon,135/165,NO_VARIANT_LINK
pkm-151-136-165-8bfb9f224b,151,Flareon,136/165,NO_VARIANT_LINK
pkm-151-137-165-84ad7a669c,151,Porygon,137/165,NO_VARIANT_LINK
pkm-151-138-165-bf72a207c9,151,Omanyte,138/165,NO_VARIANT_LINK
pkm-151-139-165-9732bfb4c0,151,Omastar,139/165,NO_VARIANT_LINK
pkm-151-140-165-207550527a,151,Kabuto,140/165,NO_VARIANT_LINK
pkm-151-141-165-66ead94121,151,Kabutops,141/165,NO_VARIANT_LINK
pkm-151-142-165-643673573d,151,Aerodactyl,142/165,NO_VARIANT_LINK
pkm-151-143-165-6105ac4eb6,151,Snorlax,143/165,NO_VARIANT_LINK
pkm-151-144-165-b4c8e58591,151,Articuno,144/165,NO_VARIANT_LINK
pkm-151-145-165-edadd93d45,151,Zapdos ex,145/165,NO_VARIANT_LINK
pkm-151-146-165-af476ffcdd,151,Moltres,146/165,NO_VARIANT_LINK
pkm-151-147-165-6f2afde7e8,151,Dratini,147/165,NO_VARIANT_LINK
pkm-151-148-165-2df24bbd00,151,Dragonair,148/165,NO_VARIANT_LINK
pkm-151-149-165-6689b0a540,151,Dragonite,149/165,NO_VARIANT_LINK
pkm-151-150-165-deb2f97c44,151,Mewtwo,150/165,NO_VARIANT_LINK
pkm-151-151-165-f7ad2fb547,151,Mew ex,151/165,NO_VARIANT_LINK
pkm-151-152-165-18a5ed0d24,151,Antique Dome Fossil,152/165,NO_VARIANT_LINK
pkm-151-153-165-6d0363a024,151,Antique Helix Fossil,153/165,NO_VARIANT_LINK
pkm-151-154-165-dbf7c9eb33,151,Antique Old Amber,154/165,NO_VARIANT_LINK
pkm-151-155-165-b6887be004,151,Big Air Balloon,155/165,NO_VARIANT_LINK
pkm-151-156-165-5edec959dd,151,Bill's Transfer,156/165,NO_VARIANT_LINK
pkm-151-157-165-e49711f330,151,Cycling Road,157/165,NO_VARIANT_LINK
pkm-151-158-165-5777a0c11a,151,Daisy's Help,158/165,NO_VARIANT_LINK
pkm-151-159-165-2a65c4ccba,151,Energy Sticker,159/165,NO_VARIANT_LINK
pkm-151-160-165-f6969884a9,151,Erika's Invitation,160/165,NO_VARIANT_LINK
pkm-151-161-165-51ab30144b,151,Giovanni's Charisma,161/165,NO_VARIANT_LINK
pkm-151-162-165-66c5649cf3,151,Grabber,162/165,NO_VARIANT_LINK
pkm-151-163-165-c98242f4f5,151,Leftovers,163/165,NO_VARIANT_LINK
pkm-151-164-165-46aff37754,151,Protective Goggles,164/165,NO_VARIANT_LINK
pkm-151-165-165-dff89ed4fc,151,Rigid Band,165/165,NO_VARIANT_LINK
pkm-151-166-165-be7e804116,151,Bulbasaur,166/165,NO_VARIANT_LINK
pkm-151-167-165-ee5dca1a40,151,Ivysaur,167/165,NO_VARIANT_LINK
pkm-151-168-165-3e5f634ea3,151,Charmander,168/165,NO_VARIANT_LINK
pkm-151-169-165-3d1d43fc1f,151,Charmeleon,169/165,NO_VARIANT_LINK
pkm-151-170-165-c4e1b81c4f,151,Squirtle,170/165,NO_VARIANT_LINK
pkm-151-171-165-ba0f649d29,151,Wartortle,171/165,NO_VARIANT_LINK
pkm-151-172-165-12751e3300,151,Caterpie,172/165,NO_VARIANT_LINK
pkm-151-173-165-6241a12396,151,Pikachu,173/165,NO_VARIANT_LINK
pkm-151-174-165-323c8851a1,151,Nidoking,174/165,NO_VARIANT_LINK
pkm-151-175-165-f84e1be2b2,151,Psyduck,175/165,NO_VARIANT_LINK
pkm-151-176-165-e0edf933a5,151,Poliwhirl,176/165,NO_VARIANT_LINK
pkm-151-177-165-8f8260f50b,151,Machoke,177/165,NO_VARIANT_LINK
pkm-151-178-165-e7c8582d02,151,Tangela,178/165,NO_VARIANT_LINK
pkm-151-179-165-c37693a946,151,Mr. Mime,179/165,NO_VARIANT_LINK
pkm-151-180-165-d547ed4821,151,Omanyte,180/165,NO_VARIANT_LINK
pkm-151-181-165-7d7e6769bf,151,Dragonair,181/165,NO_VARIANT_LINK
pkm-151-182-165-b023e18288,151,Venusaur ex,182/165,NO_VARIANT_LINK
pkm-151-183-165-d9e880753e,151,Charizard ex,183/165,NO_VARIANT_LINK
pkm-151-184-165-6f0b8402f0,151,Blastoise ex,184/165,NO_VARIANT_LINK
pkm-151-185-165-2ca0eb10c6,151,Arbok ex,185/165,NO_VARIANT_LINK
pkm-151-186-165-41655d87e6,151,Ninetales ex,186/165,NO_VARIANT_LINK
pkm-151-187-165-4a09f38269,151,Wigglytuff ex,187/165,NO_VARIANT_LINK
pkm-151-188-165-de6423cf93,151,Alakazam ex,188/165,NO_VARIANT_LINK
pkm-151-189-165-a03acb9a98,151,Golem ex,189/165,NO_VARIANT_LINK
pkm-151-190-165-ecd302ee63,151,Kangaskhan ex,190/165,NO_VARIANT_LINK
pkm-151-191-165-1f7e7f9903,151,Jynx ex,191/165,NO_VARIANT_LINK
pkm-151-192-165-e5a4aca2fc,151,Zapdos ex,192/165,NO_VARIANT_LINK
pkm-151-193-165-12f565e549,151,Mew ex,193/165,NO_VARIANT_LINK
pkm-151-194-165-c3121047f1,151,Bill's Transfer,194/165,NO_VARIANT_LINK
pkm-151-195-165-38c166c900,151,Daisy's Help,195/165,NO_VARIANT_LINK
pkm-151-196-165-e1fdbe5ad8,151,Erika's Invitation,196/165,NO_VARIANT_LINK
pkm-151-197-165-0d19892dd6,151,Giovanni's Charisma,197/165,NO_VARIANT_LINK
pkm-151-198-165-43e2273d3a,151,Venusaur ex,198/165,NO_VARIANT_LINK
pkm-151-199-165-85fc90671f,151,Charizard ex,199/165,NO_VARIANT_LINK
pkm-151-200-165-eca7a05177,151,Blastoise ex,200/165,NO_VARIANT_LINK
pkm-151-201-165-75c8752a65,151,Alakazam ex,201/165,NO_VARIANT_LINK
pkm-151-202-165-71fe7bb323,151,Zapdos ex,202/165,NO_VARIANT_LINK
pkm-151-203-165-e7e3d68c75,151,Erika's Invitation,203/165,NO_VARIANT_LINK
pkm-151-204-165-b40553d1de,151,Giovanni's Charisma,204/165,NO_VARIANT_LINK
pkm-151-205-165-f860279fd6,151,Mew ex,205/165,NO_VARIANT_LINK
pkm-151-206-165-51851786bd,151,Switch,206/165,NO_VARIANT_LINK
pkm-151-207-165-11c69f26f5,151,Basic Psychic Energy,207/165,NO_VARIANT_LINK
pkm-ascended-heroes-13-217-139ff09989,Ascended Heroes,Beautifly,13/217,NO_VARIANT_LINK
pkm-ascended-heroes-15-217-5ea9dbbb05,Ascended Heroes,Dustox,15/217,NO_VARIANT_LINK
pkm-ascended-heroes-16-217-cfeddaf41d,Ascended Heroes,Budew,16/217,NO_VARIANT_LINK
pkm-ascended-heroes-27-217-11230a7462,Ascended Heroes,Numel,27/217,NO_VARIANT_LINK
pkm-ascended-heroes-35-217-93c8a240d9,Ascended Heroes,Salazzle,35/217,NO_VARIANT_LINK
pkm-ascended-heroes-36-217-3c9a3810d5,Ascended Heroes,Scorbunny,36/217,NO_VARIANT_LINK
pkm-ascended-heroes-39-217-2fc02882b6,Ascended Heroes,Psyduck,39/217,NO_VARIANT_LINK
pkm-ascended-heroes-45-217-4fe2d509a5,Ascended Heroes,Weavile,45/217,NO_VARIANT_LINK
pkm-ascended-heroes-46-217-e0ca515bf5,Ascended Heroes,Snorunt,46/217,NO_VARIANT_LINK
pkm-ascended-heroes-64-217-c844b8381c,Ascended Heroes,Heliolisk,64/217,NO_VARIANT_LINK
pkm-ascended-heroes-66-217-cff8987b77,Ascended Heroes,Vikavolt,66/217,NO_VARIANT_LINK
pkm-ascended-heroes-82-217-81de465a08,Ascended Heroes,Togekiss,82/217,NO_VARIANT_LINK
pkm-ascended-heroes-83-217-939b0e26b2,Ascended Heroes,Marill,83/217,NO_VARIANT_LINK
pkm-ascended-heroes-85-217-40d0121074,Ascended Heroes,Misdreavus,85/217,NO_VARIANT_LINK
pkm-ascended-heroes-91-217-be663c346c,Ascended Heroes,Banette,91/217,NO_VARIANT_LINK
pkm-ascended-heroes-94-217-1da9683917,Ascended Heroes,Slurpuff,94/217,NO_VARIANT_LINK
pkm-ascended-heroes-102-217-1dfee39618,Ascended Heroes,Hitmontop,102/217,NO_VARIANT_LINK
pkm-ascended-heroes-104-217-d26b3a24b1,Ascended Heroes,Medicham,104/217,NO_VARIANT_LINK
pkm-ascended-heroes-117-217-4d5515a1cb,Ascended Heroes,Carbink,117/217,NO_VARIANT_LINK
pkm-ascended-heroes-129-217-7a7836f617,Ascended Heroes,Mightyena,129/217,NO_VARIANT_LINK
pkm-ascended-heroes-144-217-a6f37cdede,Ascended Heroes,Mawile,144/217,NO_VARIANT_LINK
pkm-ascended-heroes-150-217-641f77cfa6,Ascended Heroes,Dratini,150/217,NO_VARIANT_LINK
pkm-ascended-heroes-158-217-ee3fcad8ee,Ascended Heroes,Dreepy,158/217,NO_VARIANT_LINK
pkm-ascended-heroes-159-217-7df7b5a21e,Ascended Heroes,Drakloak,159/217,NO_VARIANT_LINK
pkm-ascended-heroes-185-217-3909627a0d,Ascended Heroes,Canari,185/217,NO_VARIANT_LINK
pkm-ascended-heroes-187-217-ffa58e9052,Ascended Heroes,Fighting Gong,187/217,NO_VARIANT_LINK
pkm-ascended-heroes-190-217-161e88ffd2,Ascended Heroes,Iris's Fighting Spirit,190/217,NO_VARIANT_LINK
pkm-ascended-heroes-200-217-7e5431d984,Ascended Heroes,Surfer,200/217,NO_VARIANT_LINK
pkm-ascended-heroes-219-217-3b51c38a29,Ascended Heroes,Beautifly,219/217,NO_VARIANT_LINK
pkm-ascended-heroes-220-217-965c389667,Ascended Heroes,Dustox,220/217,NO_VARIANT_LINK
pkm-ascended-heroes-221-217-da8f8fe973,Ascended Heroes,Budew,221/217,NO_VARIANT_LINK
pkm-ascended-heroes-223-217-b3597d7d9d,Ascended Heroes,Numel,223/217,NO_VARIANT_LINK
pkm-ascended-heroes-224-217-515bbbfd5c,Ascended Heroes,Salazzle,224/217,NO_VARIANT_LINK
pkm-ascended-heroes-225-217-b62848d497,Ascended Heroes,Scorbunny,225/217,NO_VARIANT_LINK
pkm-ascended-heroes-226-217-4940dd18a2,Ascended Heroes,Psyduck,226/217,NO_VARIANT_LINK
pkm-ascended-heroes-227-217-c3929457e1,Ascended Heroes,Snorunt,227/217,NO_VARIANT_LINK
pkm-ascended-heroes-228-217-c9fd8da58f,Ascended Heroes,Weavile,228/217,NO_VARIANT_LINK
pkm-ascended-heroes-229-217-fcc3add093,Ascended Heroes,Heliolisk,229/217,NO_VARIANT_LINK
pkm-ascended-heroes-230-217-39191b384e,Ascended Heroes,Vikavolt,230/217,NO_VARIANT_LINK
pkm-ascended-heroes-232-217-766a9cc00e,Ascended Heroes,Marill,232/217,NO_VARIANT_LINK
pkm-ascended-heroes-233-217-ab7ef45f47,Ascended Heroes,Misdreavus,233/217,NO_VARIANT_LINK
pkm-ascended-heroes-234-217-829d765c50,Ascended Heroes,Banette,234/217,NO_VARIANT_LINK
pkm-ascended-heroes-235-217-5172b24683,Ascended Heroes,Togekiss,235/217,NO_VARIANT_LINK
pkm-ascended-heroes-236-217-5c386d2d92,Ascended Heroes,Slurpuff,236/217,NO_VARIANT_LINK
pkm-ascended-heroes-240-217-9fccaa29c9,Ascended Heroes,Hitmontop,240/217,NO_VARIANT_LINK
pkm-ascended-heroes-241-217-bfeab7eca0,Ascended Heroes,Medicham,241/217,NO_VARIANT_LINK
pkm-ascended-heroes-242-217-5b99c370d5,Ascended Heroes,Carbink,242/217,NO_VARIANT_LINK
pkm-ascended-heroes-243-217-9a029700de,Ascended Heroes,Mightyena,243/217,NO_VARIANT_LINK
pkm-ascended-heroes-246-217-fdf8bfea73,Ascended Heroes,Mawile,246/217,NO_VARIANT_LINK
pkm-ascended-heroes-247-217-1401e8a0b1,Ascended Heroes,Dreepy,247/217,NO_VARIANT_LINK
pkm-ascended-heroes-248-217-1e6f811e29,Ascended Heroes,Drakloak,248/217,NO_VARIANT_LINK
pkm-ascended-heroes-257-217-447390c73a,Ascended Heroes,Canari,257/217,NO_VARIANT_LINK
pkm-ascended-heroes-291-217-0a09d0dd41,Ascended Heroes,Canari,291/217,NO_VARIANT_LINK
pkm-ascended-heroes-292-217-d7f0ae5a7d,Ascended Heroes,Iris's Fighting Spirit,292/217,NO_VARIANT_LINK
pkm-ascended-heroes-293-217-eb7a419924,Ascended Heroes,Surfer,293/217,NO_VARIANT_LINK
pkm-astral-radiance-4-189-4eb3259abf,Astral Radiance,Scyther,4/189,NO_VARIANT_LINK
pkm-astral-radiance-5-189-47c44e87bc,Astral Radiance,Scyther,5/189,NO_VARIANT_LINK
pkm-astral-radiance-34-189-00d0bcd819,Astral Radiance,Mantine,34/189,NO_VARIANT_LINK
pkm-astral-radiance-85-189-de01a56eb9,Astral Radiance,Kleavor,85/189,NO_VARIANT_LINK
pkm-astral-radiance-86-189-7a98e19885,Astral Radiance,Kleavor,86/189,NO_VARIANT_LINK
pkm-astral-radiance-88-189-98aca779c2,Astral Radiance,Hisuian Qwilfish,88/189,NO_VARIANT_LINK
pkm-astral-radiance-89-189-88a336628f,Astral Radiance,Hisuian Qwilfish,89/189,NO_VARIANT_LINK
pkm-astral-radiance-90-189-9bf6868e73,Astral Radiance,Hisuian Overqwil,90/189,NO_VARIANT_LINK
pkm-astral-radiance-91-189-0d90007abc,Astral Radiance,Hisuian Overqwil,91/189,NO_VARIANT_LINK
pkm-astral-radiance-161-189-803b2abbcc,Astral Radiance,Beedrill V,161/189,NO_VARIANT_LINK
pkm-astral-radiance-163-189-945b624666,Astral Radiance,Hisuian Lilligant V,163/189,NO_VARIANT_LINK
pkm-astral-radiance-167-189-0e3cd1ab85,Astral Radiance,Origin Forme Palkia V,167/189,NO_VARIANT_LINK
pkm-astral-radiance-172-189-cd1878c23f,Astral Radiance,Machamp V,172/189,NO_VARIANT_LINK
pkm-astral-radiance-175-189-2a3f7f1383,Astral Radiance,Hisuian Sneasler V,175/189,NO_VARIANT_LINK
pkm-astral-radiance-177-189-5239792cef,Astral Radiance,Origin Forme Dialga V,177/189,NO_VARIANT_LINK
pkm-astral-radiance-192-189-988996a6fc,Astral Radiance,Origin Forme Palkia VSTAR,192/189,NO_VARIANT_LINK
pkm-astral-radiance-198-189-7dcc56c266,Astral Radiance,Origin Forme Dialga VSTAR,198/189,NO_VARIANT_LINK
pkm-astral-radiance-208-189-707950fd66,Astral Radiance,Origin Forme Palkia VSTAR,208/189,NO_VARIANT_LINK
pkm-astral-radiance-209-189-4876d5fe7a,Astral Radiance,Hisuian Samurott VSTAR,209/189,NO_VARIANT_LINK
pkm-astral-radiance-210-189-cc7987f047,Astral Radiance,Origin Forme Dialga VSTAR,210/189,NO_VARIANT_LINK
pkm-battle-styles-21-163-c9d868ed84,Battle Styles,Victini V,21/163,NO_VARIANT_LINK
pkm-battle-styles-22-163-ea24cbf935,Battle Styles,Victini VMAX,22/163,NO_VARIANT_LINK
pkm-battle-styles-107-163-b5b85131c3,Battle Styles,Aegislash,107/163,NO_VARIANT_LINK
pkm-battle-styles-108-163-c869572a8f,Battle Styles,Aegislash,108/163,NO_VARIANT_LINK
pkm-battle-styles-144-163-606a0e72ae,Battle Styles,Victini V,144/163,NO_VARIANT_LINK
pkm-battle-styles-146-163-5cdba1b27a,Battle Styles,Empoleon V,146/163,NO_VARIANT_LINK
pkm-battle-styles-151-163-50f66c8493,Battle Styles,Single Strike Urshifu V,151/163,NO_VARIANT_LINK
pkm-battle-styles-153-163-362cd78b31,Battle Styles,Rapid Strike Urshifu V,153/163,NO_VARIANT_LINK
pkm-battle-styles-155-163-8c4f71da5a,Battle Styles,Tyranitar V,155/163,NO_VARIANT_LINK
pkm-battle-styles-165-163-adb89f0ad0,Battle Styles,Victini VMAX,165/163,NO_VARIANT_LINK
pkm-black-bolt-12-86-9300c8062a,Black Bolt,Victini,12/86,NO_VARIANT_LINK
pkm-black-bolt-74-86-d05430c183,Black Bolt,Audino,74/86,NO_VARIANT_LINK
pkm-black-bolt-60-86-63c961aaed,Black Bolt,Antique Cover Fossil,60/86,NO_VARIANT_LINK
pkm-black-bolt-87-86-91c551aad9,Black Bolt,Snivy,87/86,NO_VARIANT_LINK
pkm-black-bolt-88-86-836791b48b,Black Bolt,Servine,88/86,NO_VARIANT_LINK
pkm-black-bolt-89-86-2ebdf3bc31,Black Bolt,Pansage,89/86,NO_VARIANT_LINK
pkm-black-bolt-90-86-90651d76f4,Black Bolt,Simisage,90/86,NO_VARIANT_LINK
pkm-black-bolt-91-86-11328a6f0f,Black Bolt,Petilil,91/86,NO_VARIANT_LINK
pkm-black-bolt-92-86-801e1e6828,Black Bolt,Lilligant,92/86,NO_VARIANT_LINK
pkm-black-bolt-93-86-db61a7fe44,Black Bolt,Maractus,93/86,NO_VARIANT_LINK
pkm-black-bolt-94-86-5edcff439e,Black Bolt,Karrablast,94/86,NO_VARIANT_LINK
pkm-black-bolt-95-86-922af18af5,Black Bolt,Foongus,95/86,NO_VARIANT_LINK
pkm-black-bolt-96-86-0595853ffa,Black Bolt,Amoonguss,96/86,NO_VARIANT_LINK
pkm-black-bolt-97-86-cb7008ac33,Black Bolt,Darumaka,97/86,NO_VARIANT_LINK
pkm-black-bolt-98-86-94f53af50b,Black Bolt,Darmanitan,98/86,NO_VARIANT_LINK
pkm-black-bolt-99-86-214d0077a8,Black Bolt,Larvesta,99/86,NO_VARIANT_LINK
pkm-black-bolt-100-86-f1c929dc27,Black Bolt,Volcarona,100/86,NO_VARIANT_LINK
pkm-black-bolt-101-86-21699e7c7c,Black Bolt,Panpour,101/86,NO_VARIANT_LINK
pkm-black-bolt-102-86-1f39846edd,Black Bolt,Simipour,102/86,NO_VARIANT_LINK
pkm-black-bolt-103-86-d8962bc7ca,Black Bolt,Tympole,103/86,NO_VARIANT_LINK
pkm-black-bolt-104-86-2b1b63834b,Black Bolt,Palpitoad,104/86,NO_VARIANT_LINK
pkm-black-bolt-105-86-50c7d850e9,Black Bolt,Seismitoad,105/86,NO_VARIANT_LINK
pkm-black-bolt-106-86-183b21e350,Black Bolt,Tirtouga,106/86,NO_VARIANT_LINK
pkm-black-bolt-107-86-bea58e595d,Black Bolt,Carracosta,107/86,NO_VARIANT_LINK
pkm-black-bolt-108-86-399eec34a8,Black Bolt,Alomomola,108/86,NO_VARIANT_LINK
pkm-black-bolt-109-86-fb84b5c5e0,Black Bolt,Cubchoo,109/86,NO_VARIANT_LINK
pkm-black-bolt-110-86-348405e931,Black Bolt,Beartic,110/86,NO_VARIANT_LINK
pkm-black-bolt-111-86-6cfd1642ec,Black Bolt,Cryogonal,111/86,NO_VARIANT_LINK
pkm-black-bolt-112-86-1a8ada261e,Black Bolt,Emolga,112/86,NO_VARIANT_LINK
pkm-black-bolt-113-86-87c582fadf,Black Bolt,Tynamo,113/86,NO_VARIANT_LINK
pkm-black-bolt-114-86-862d77c04e,Black Bolt,Eelektrik,114/86,NO_VARIANT_LINK
pkm-black-bolt-115-86-1688d7f90a,Black Bolt,Eelektross,115/86,NO_VARIANT_LINK
pkm-black-bolt-116-86-c3f3286e8f,Black Bolt,Munna,116/86,NO_VARIANT_LINK
pkm-black-bolt-117-86-e84ccfaa22,Black Bolt,Musharna,117/86,NO_VARIANT_LINK
pkm-black-bolt-118-86-ed70d48638,Black Bolt,Solosis,118/86,NO_VARIANT_LINK
pkm-black-bolt-119-86-dcfb3eb27c,Black Bolt,Duosion,119/86,NO_VARIANT_LINK
pkm-black-bolt-120-86-eb7920eb2a,Black Bolt,Elgyem,120/86,NO_VARIANT_LINK
pkm-black-bolt-121-86-5d01096f3c,Black Bolt,Beheeyem,121/86,NO_VARIANT_LINK
pkm-black-bolt-122-86-7ff3e66480,Black Bolt,Golett,122/86,NO_VARIANT_LINK
pkm-black-bolt-123-86-68233616c7,Black Bolt,Golurk,123/86,NO_VARIANT_LINK
pkm-black-bolt-124-86-8e954f14dc,Black Bolt,Drilbur,124/86,NO_VARIANT_LINK
pkm-black-bolt-125-86-207795d4f7,Black Bolt,Timburr,125/86,NO_VARIANT_LINK
pkm-black-bolt-126-86-a285e2cbeb,Black Bolt,Gurdurr,126/86,NO_VARIANT_LINK
pkm-black-bolt-127-86-9ee242b186,Black Bolt,Conkeldurr,127/86,NO_VARIANT_LINK
pkm-black-bolt-128-86-c12cb144e2,Black Bolt,Throh,128/86,NO_VARIANT_LINK
pkm-black-bolt-129-86-d65fbfcb35,Black Bolt,Dwebble,129/86,NO_VARIANT_LINK
pkm-black-bolt-130-86-3277bf778f,Black Bolt,Crustle,130/86,NO_VARIANT_LINK
pkm-black-bolt-131-86-bea43ff83c,Black Bolt,Landorus,131/86,NO_VARIANT_LINK
pkm-black-bolt-132-86-4d427670b0,Black Bolt,Venipede,132/86,NO_VARIANT_LINK
pkm-black-bolt-133-86-ce20bec990,Black Bolt,Whirlipede,133/86,NO_VARIANT_LINK
pkm-black-bolt-134-86-dbd62b88d6,Black Bolt,Scolipede,134/86,NO_VARIANT_LINK
pkm-black-bolt-135-86-4d6a631d43,Black Bolt,Sandile,135/86,NO_VARIANT_LINK
pkm-black-bolt-136-86-25be6f80d0,Black Bolt,Krokorok,136/86,NO_VARIANT_LINK
pkm-black-bolt-137-86-8f1cad3e50,Black Bolt,Krookodile,137/86,NO_VARIANT_LINK
pkm-black-bolt-138-86-eb8af3f230,Black Bolt,Escavalier,138/86,NO_VARIANT_LINK
pkm-black-bolt-139-86-e4e08f8517,Black Bolt,Klink,139/86,NO_VARIANT_LINK
pkm-black-bolt-140-86-fee5d2ba7b,Black Bolt,Klang,140/86,NO_VARIANT_LINK
pkm-black-bolt-141-86-76217c7bb7,Black Bolt,Klinklang,141/86,NO_VARIANT_LINK
pkm-black-bolt-142-86-a234727a34,Black Bolt,Pawniard,142/86,NO_VARIANT_LINK
pkm-black-bolt-143-86-67ce06c3a3,Black Bolt,Bisharp,143/86,NO_VARIANT_LINK
pkm-black-bolt-144-86-dcb51f2ca3,Black Bolt,Cobalion,144/86,NO_VARIANT_LINK
pkm-black-bolt-145-86-9457dabaf0,Black Bolt,Axew,145/86,NO_VARIANT_LINK
pkm-black-bolt-146-86-a9c418a470,Black Bolt,Fraxure,146/86,NO_VARIANT_LINK
pkm-black-bolt-147-86-214fe7c439,Black Bolt,Haxorus,147/86,NO_VARIANT_LINK
pkm-black-bolt-148-86-59256a2ce0,Black Bolt,Pidove,148/86,NO_VARIANT_LINK
pkm-black-bolt-149-86-d65affa84a,Black Bolt,Tranquill,149/86,NO_VARIANT_LINK
pkm-black-bolt-150-86-843a4f3d00,Black Bolt,Unfezant,150/86,NO_VARIANT_LINK
pkm-black-bolt-151-86-2a9fe214d5,Black Bolt,Audino,151/86,NO_VARIANT_LINK
pkm-black-bolt-152-86-66f4328714,Black Bolt,Minccino,152/86,NO_VARIANT_LINK
pkm-black-bolt-153-86-a390210d8a,Black Bolt,Cinccino,153/86,NO_VARIANT_LINK
pkm-black-bolt-154-86-23dd654614,Black Bolt,Rufflet,154/86,NO_VARIANT_LINK
pkm-black-bolt-155-86-e319a62ab5,Black Bolt,Braviary,155/86,NO_VARIANT_LINK
pkm-black-bolt-156-86-36370d0ebe,Black Bolt,Serperior ex,156/86,NO_VARIANT_LINK
pkm-black-bolt-157-86-dc0feca0c3,Black Bolt,Kyurem ex,157/86,NO_VARIANT_LINK
pkm-black-bolt-158-86-c6cd26de1d,Black Bolt,Zekrom ex,158/86,NO_VARIANT_LINK
pkm-black-bolt-159-86-3d7cca1b99,Black Bolt,Meloetta ex,159/86,NO_VARIANT_LINK
pkm-black-bolt-160-86-b3a3f46f68,Black Bolt,Excadrill ex,160/86,NO_VARIANT_LINK
pkm-black-bolt-161-86-6b4a7dfa13,Black Bolt,Genesect ex,161/86,NO_VARIANT_LINK
pkm-black-bolt-162-86-7bdb5c44b6,Black Bolt,Fennel,162/86,NO_VARIANT_LINK
pkm-black-bolt-163-86-91b05ca19d,Black Bolt,N's Plan,163/86,NO_VARIANT_LINK
pkm-black-bolt-164-86-3ddc902589,Black Bolt,Serperior ex,164/86,NO_VARIANT_LINK
pkm-black-bolt-165-86-d3e9e7fa76,Black Bolt,Kyurem ex,165/86,NO_VARIANT_LINK
pkm-black-bolt-166-86-3483672d86,Black Bolt,Zekrom ex,166/86,NO_VARIANT_LINK
pkm-black-bolt-167-86-c7bdcbba1e,Black Bolt,Meloetta ex,167/86,NO_VARIANT_LINK
pkm-black-bolt-168-86-712f9abfdd,Black Bolt,Excadrill ex,168/86,NO_VARIANT_LINK
pkm-black-bolt-169-86-75abbcf100,Black Bolt,Genesect ex,169/86,NO_VARIANT_LINK
pkm-black-bolt-170-86-e922fd214e,Black Bolt,N's Plan,170/86,NO_VARIANT_LINK
pkm-black-bolt-171-86-f57d1feb4b,Black Bolt,Victini,171/86,NO_VARIANT_LINK
pkm-black-bolt-172-86-da537d9ada,Black Bolt,Zekrom ex,172/86,NO_VARIANT_LINK
pkm-brilliant-stars-trainer-gallery-tg25-30-756d01ffd3,Brilliant Stars Trainer Gallery,Café Master,TG25/30,NO_VARIANT_LINK
pkm-brilliant-stars-10-172-8eb88917ed,Brilliant Stars,Wormadam,10/172,NO_VARIANT_LINK
pkm-brilliant-stars-77-172-497f87ed32,Brilliant Stars,Wormadam,77/172,NO_VARIANT_LINK
pkm-brilliant-stars-98-172-91f51c4ef2,Brilliant Stars,Wormadam,98/172,NO_VARIANT_LINK
pkm-brilliant-stars-133-172-4f1ad487b1,Brilliant Stars,Café Master,133/172,NO_VARIANT_LINK
pkm-brilliant-stars-142-172-fa780e3572,Brilliant Stars,Hunting Gloves,142/172,NO_VARIANT_LINK
pkm-brilliant-stars-154-172-6eb4aadd73,Brilliant Stars,Charizard V,154/172,NO_VARIANT_LINK
pkm-brilliant-stars-156-172-01ad6f580f,Brilliant Stars,Lumineon V,156/172,NO_VARIANT_LINK
pkm-brilliant-stars-162-172-1c955b3e3b,Brilliant Stars,Honchkrow V,162/172,NO_VARIANT_LINK
pkm-brilliant-stars-166-172-e90500feee,Brilliant Stars,Arceus V,166/172,NO_VARIANT_LINK
pkm-brilliant-stars-176-172-f9c50eda9c,Brilliant Stars,Arceus VSTAR,176/172,NO_VARIANT_LINK
pkm-brilliant-stars-184-172-5f53b0a9c1,Brilliant Stars,Arceus VSTAR,184/172,NO_VARIANT_LINK
pkm-celebrations-classic-collection-73-25-ebc770bd9c,Celebrations Classic Collection,Imposter Professor Oak,73/25,NO_VARIANT_LINK
pkm-celebrations-23-25-272c5e0b78,Celebrations,Professor's Research (Professor Oak),23/25,NO_VARIANT_LINK
pkm-celebrations-24-25-1910342999,Celebrations,Professor's Research (Professor Oak),24/25,NO_VARIANT_LINK
pkm-champions-path-1-73-a970cde572,Champions Path,Venusaur V,1/73,NO_VARIANT_LINK
pkm-champions-path-2-73-d969b204a1,Champions Path,Weedle,2/73,NO_VARIANT_LINK
pkm-champions-path-3-73-9a8754263e,Champions Path,Kakuna,3/73,NO_VARIANT_LINK
pkm-champions-path-4-73-02172b568d,Champions Path,Beedrill,4/73,NO_VARIANT_LINK
pkm-champions-path-5-73-b97a278c70,Champions Path,Eldegoss V,5/73,NO_VARIANT_LINK
pkm-champions-path-6-73-d057f8762e,Champions Path,Vulpix,6/73,NO_VARIANT_LINK
pkm-champions-path-7-73-ae38a0ab3f,Champions Path,Victini,7/73,NO_VARIANT_LINK
pkm-champions-path-8-73-684875e31f,Champions Path,Incineroar V,8/73,NO_VARIANT_LINK
pkm-champions-path-9-73-d87538f88d,Champions Path,Sizzlipede,9/73,NO_VARIANT_LINK
pkm-champions-path-10-73-18f9492915,Champions Path,Centiskorch,10/73,NO_VARIANT_LINK
pkm-champions-path-11-73-0827f00536,Champions Path,Carvanha,11/73,NO_VARIANT_LINK
pkm-champions-path-12-73-b35d439b5b,Champions Path,Sharpedo,12/73,NO_VARIANT_LINK
pkm-champions-path-13-73-8b1b2fc00a,Champions Path,Wailord V,13/73,NO_VARIANT_LINK
pkm-champions-path-14-73-03266df1a8,Champions Path,Drednaw V,14/73,NO_VARIANT_LINK
pkm-champions-path-15-73-6c3a5ad7da,Champions Path,Drednaw VMAX,15/73,NO_VARIANT_LINK
pkm-champions-path-16-73-bdf1c7bd61,Champions Path,Gardevoir V,16/73,NO_VARIANT_LINK
pkm-champions-path-17-73-945c94cef1,Champions Path,Gardevoir VMAX,17/73,NO_VARIANT_LINK
pkm-champions-path-18-73-cf3a07117a,Champions Path,Hatenna,18/73,NO_VARIANT_LINK
pkm-champions-path-19-73-dbe9d88692,Champions Path,Hattrem,19/73,NO_VARIANT_LINK
pkm-champions-path-20-73-10c5b43250,Champions Path,Hatterene,20/73,NO_VARIANT_LINK
pkm-champions-path-21-73-43ad0efdba,Champions Path,Galarian Cursola V,21/73,NO_VARIANT_LINK
pkm-champions-path-22-73-7fa16d7741,Champions Path,Alcremie V,22/73,NO_VARIANT_LINK
pkm-champions-path-23-73-afd0d7c35c,Champions Path,Alcremie VMAX,23/73,NO_VARIANT_LINK
pkm-champions-path-24-73-d69f86b42b,Champions Path,Machop,24/73,NO_VARIANT_LINK
pkm-champions-path-25-73-02723d3825,Champions Path,Machoke,25/73,NO_VARIANT_LINK
pkm-champions-path-26-73-03d4c4dd73,Champions Path,Machamp,26/73,NO_VARIANT_LINK
pkm-champions-path-27-73-686fc44578,Champions Path,Lucario V,27/73,NO_VARIANT_LINK
pkm-champions-path-28-73-bc212519d5,Champions Path,Zygarde,28/73,NO_VARIANT_LINK
pkm-champions-path-29-73-a41ce7a602,Champions Path,Rockruff,29/73,NO_VARIANT_LINK
pkm-champions-path-30-73-d891e65116,Champions Path,Lycanroc,30/73,NO_VARIANT_LINK
pkm-champions-path-31-73-a315750b6d,Champions Path,Rolycoly,31/73,NO_VARIANT_LINK
pkm-champions-path-32-73-752db3ae4c,Champions Path,Grapploct V,32/73,NO_VARIANT_LINK
pkm-champions-path-33-73-74688fc2c2,Champions Path,Ekans,33/73,NO_VARIANT_LINK
pkm-champions-path-34-73-cec7ecea48,Champions Path,Arbok,34/73,NO_VARIANT_LINK
pkm-champions-path-35-73-a99e8c67a5,Champions Path,Galarian Zigzagoon,35/73,NO_VARIANT_LINK
pkm-champions-path-36-73-d6f9dd38e8,Champions Path,Galarian Linoone,36/73,NO_VARIANT_LINK
pkm-champions-path-37-73-2f2d596fae,Champions Path,Galarian Obstagoon,37/73,NO_VARIANT_LINK
pkm-champions-path-38-73-d71f4773f7,Champions Path,Absol,38/73,NO_VARIANT_LINK
pkm-champions-path-39-73-39358cf9b9,Champions Path,Purrloin,39/73,NO_VARIANT_LINK
pkm-champions-path-40-73-048dfb69e4,Champions Path,Liepard,40/73,NO_VARIANT_LINK
pkm-champions-path-41-73-4c2ecd7f25,Champions Path,Scraggy,41/73,NO_VARIANT_LINK
pkm-champions-path-42-73-9c541afc63,Champions Path,Scrafty,42/73,NO_VARIANT_LINK
pkm-champions-path-43-73-f81e76c175,Champions Path,Trubbish,43/73,NO_VARIANT_LINK
pkm-champions-path-44-73-86e70f6864,Champions Path,Inkay,44/73,NO_VARIANT_LINK
pkm-champions-path-45-73-07c20022a7,Champions Path,Malamar,45/73,NO_VARIANT_LINK
pkm-champions-path-46-73-27de907797,Champions Path,Nickit,46/73,NO_VARIANT_LINK
pkm-champions-path-47-73-1fda43af5e,Champions Path,Duraludon V,47/73,NO_VARIANT_LINK
pkm-champions-path-48-73-34c1f47435,Champions Path,Swablu,48/73,NO_VARIANT_LINK
pkm-champions-path-49-73-817e84bdff,Champions Path,Altaria,49/73,NO_VARIANT_LINK
pkm-champions-path-50-73-ef9919bdec,Champions Path,Bede,50/73,NO_VARIANT_LINK
pkm-champions-path-51-73-cc8ada5fe0,Champions Path,Full Heal,51/73,NO_VARIANT_LINK
pkm-champions-path-52-73-9b8041d6b6,Champions Path,Great Ball,52/73,NO_VARIANT_LINK
pkm-champions-path-53-73-4da381a28b,Champions Path,Hop,53/73,NO_VARIANT_LINK
pkm-champions-path-54-73-fab6c5569f,Champions Path,Hyper Potion,54/73,NO_VARIANT_LINK
pkm-champions-path-55-73-8e5663e94d,Champions Path,Kabu,55/73,NO_VARIANT_LINK
pkm-champions-path-56-73-504b35e5a1,Champions Path,Marnie,56/73,NO_VARIANT_LINK
pkm-champions-path-57-73-fd7d385477,Champions Path,Milo,57/73,NO_VARIANT_LINK
pkm-champions-path-58-73-b9da2d8b6a,Champions Path,Piers,58/73,NO_VARIANT_LINK
pkm-champions-path-59-73-d1fd05787b,Champions Path,Poké Ball,59/73,NO_VARIANT_LINK
pkm-champions-path-60-73-481a035d63,Champions Path,Pokémon Center Lady,60/73,NO_VARIANT_LINK
pkm-champions-path-61-73-02c4a92850,Champions Path,Potion,61/73,NO_VARIANT_LINK
pkm-champions-path-62-73-5bd4692cc5,Champions Path,Professor's Research (Professor Magnolia),62/73,NO_VARIANT_LINK
pkm-champions-path-63-73-77d3895589,Champions Path,Rotom Bike,63/73,NO_VARIANT_LINK
pkm-champions-path-64-73-7cb9e5a721,Champions Path,Rotom Phone,64/73,NO_VARIANT_LINK
pkm-champions-path-65-73-f1a00bfcb3,Champions Path,Sonia,65/73,NO_VARIANT_LINK
pkm-champions-path-66-73-1220b37d51,Champions Path,Suspicious Food Tin,66/73,NO_VARIANT_LINK
pkm-champions-path-67-73-ab8dfa0534,Champions Path,Team Yell Grunt,67/73,NO_VARIANT_LINK
pkm-champions-path-68-73-557a33427b,Champions Path,Turffield Stadium,68/73,NO_VARIANT_LINK
pkm-champions-path-69-73-0c95ef50c1,Champions Path,Drednaw V,69/73,NO_VARIANT_LINK
pkm-champions-path-70-73-3d2553a5a5,Champions Path,Gardevoir V,70/73,NO_VARIANT_LINK
pkm-champions-path-71-73-7dc70f4bc6,Champions Path,Galarian Cursola V,71/73,NO_VARIANT_LINK
pkm-champions-path-72-73-64184a52ed,Champions Path,Grapploct V,72/73,NO_VARIANT_LINK
pkm-champions-path-73-73-ae5ed7b56b,Champions Path,Hop,73/73,NO_VARIANT_LINK
pkm-champions-path-74-73-6040157051,Champions Path,Charizard VMAX,74/73,NO_VARIANT_LINK
pkm-champions-path-75-73-6e08fc49e9,Champions Path,Drednaw VMAX,75/73,NO_VARIANT_LINK
pkm-champions-path-76-73-a703770732,Champions Path,Gardevoir VMAX,76/73,NO_VARIANT_LINK
pkm-champions-path-77-73-4658d2fa73,Champions Path,Kabu,77/73,NO_VARIANT_LINK
pkm-champions-path-78-73-3aaedd2ad8,Champions Path,Piers,78/73,NO_VARIANT_LINK
pkm-champions-path-79-73-e304923578,Champions Path,Charizard V,79/73,NO_VARIANT_LINK
pkm-champions-path-80-73-07fc86fd5b,Champions Path,Suspicious Food Tin,80/73,NO_VARIANT_LINK
pkm-chilling-reign-164-198-c6787b9d2c,Chilling Reign,Ice Rider Calyrex V,164/198,NO_VARIANT_LINK
pkm-chilling-reign-166-198-500ad3a951,Chilling Reign,Zeraora V,166/198,NO_VARIANT_LINK
pkm-chilling-reign-168-198-eaf4e50e31,Chilling Reign,Galarian Rapidash V,168/198,NO_VARIANT_LINK
pkm-chilling-reign-170-198-5ca88e06c2,Chilling Reign,Galarian Articuno V,170/198,NO_VARIANT_LINK
pkm-chilling-reign-172-198-920e0249c2,Chilling Reign,Shadow Rider Calyrex V,172/198,NO_VARIANT_LINK
pkm-chilling-reign-174-198-91661f87b0,Chilling Reign,Galarian Zapdos V,174/198,NO_VARIANT_LINK
pkm-chilling-reign-177-198-abb7c28159,Chilling Reign,Galarian Moltres V,177/198,NO_VARIANT_LINK
pkm-chilling-reign-179-198-5e03f9c34c,Chilling Reign,Galarian Slowking V,179/198,NO_VARIANT_LINK
pkm-chilling-reign-183-198-2799078ce1,Chilling Reign,Blissey V,183/198,NO_VARIANT_LINK
pkm-chilling-reign-185-198-eceac4e13b,Chilling Reign,Tornadus V,185/198,NO_VARIANT_LINK
pkm-chilling-reign-233-198-50ab782c18,Chilling Reign,Fighting Energy,233/198,NO_VARIANT_LINK
pkm-crown-zenith-galarian-gallery-gg69-70-24fa4dcfe1,Crown Zenith Galarian Gallery,Giratina VSTAR,GG69/70,NO_VARIANT_LINK
pkm-crown-zenith-39-159-e6e0db7917,Crown Zenith,Shinx,39/159,NO_VARIANT_LINK
pkm-crown-zenith-40-159-cce3a8f72d,Crown Zenith,Shinx,40/159,NO_VARIANT_LINK
pkm-crown-zenith-41-159-54a2993637,Crown Zenith,Luxio,41/159,NO_VARIANT_LINK
pkm-crown-zenith-42-159-7ff96c472e,Crown Zenith,Luxio,42/159,NO_VARIANT_LINK
pkm-crown-zenith-43-159-278364aac6,Crown Zenith,Luxray,43/159,NO_VARIANT_LINK
pkm-crown-zenith-44-159-c385014db2,Crown Zenith,Luxray,44/159,NO_VARIANT_LINK
pkm-crown-zenith-91-159-e59d9d057b,Crown Zenith,Pawniard,91/159,NO_VARIANT_LINK
pkm-crown-zenith-92-159-cf0d2d633c,Crown Zenith,Pawniard,92/159,NO_VARIANT_LINK
pkm-crown-zenith-101-159-2c45965d5a,Crown Zenith,Rayquaza VMAX,101/159,NO_VARIANT_LINK
pkm-crown-zenith-102-159-8cc8d9bbf5,Crown Zenith,Rayquaza VMAX,102/159,NO_VARIANT_LINK
pkm-crown-zenith-152-159-13cf670503,Crown Zenith,Grass Energy,152/159,NO_VARIANT_LINK
pkm-crown-zenith-153-159-e4a10cd46c,Crown Zenith,Fire Energy,153/159,NO_VARIANT_LINK
pkm-crown-zenith-154-159-0d4d0165df,Crown Zenith,Water Energy,154/159,NO_VARIANT_LINK
pkm-crown-zenith-155-159-2534c58ee9,Crown Zenith,Lightning Energy,155/159,NO_VARIANT_LINK
pkm-crown-zenith-156-159-e66c304807,Crown Zenith,Psychic Energy,156/159,NO_VARIANT_LINK
pkm-crown-zenith-157-159-dfc1a52e83,Crown Zenith,Fighting Energy,157/159,NO_VARIANT_LINK
pkm-crown-zenith-158-159-db64c01567,Crown Zenith,Darkness Energy,158/159,NO_VARIANT_LINK
pkm-crown-zenith-159-159-40550dafe9,Crown Zenith,Metal Energy,159/159,NO_VARIANT_LINK
pkm-darkness-ablaze-28-189-55f5265b0c,Darkness Ablaze,Galarian Darmanitan,28/189,NO_VARIANT_LINK
pkm-darkness-ablaze-44-189-85e3a5216f,Darkness Ablaze,Galarian Darmanitan,44/189,NO_VARIANT_LINK
pkm-darkness-ablaze-174-189-02d838bd54,Darkness Ablaze,Heat Fire Energy,174/189,NO_VARIANT_LINK
pkm-darkness-ablaze-175-189-a57ed42f35,Darkness Ablaze,Hiding Darkness Energy,175/189,NO_VARIANT_LINK
pkm-darkness-ablaze-176-189-5d4be391bf,Darkness Ablaze,Powerful Colorless Energy,176/189,NO_VARIANT_LINK
pkm-destined-rivals-2-182-3e72bf23c9,Destined Rivals,Yanma,2/182,NO_VARIANT_LINK
pkm-destined-rivals-3-182-75ec350c78,Destined Rivals,Yanmega ex,3/182,NO_VARIANT_LINK
pkm-destined-rivals-10-182-2ed19d9dd2,Destined Rivals,Shaymin,10/182,NO_VARIANT_LINK
pkm-destined-rivals-12-182-18d7e3c8f4,Destined Rivals,Crustle,12/182,NO_VARIANT_LINK
pkm-destined-rivals-18-182-b04fd4665f,Destined Rivals,Hydrapple,18/182,NO_VARIANT_LINK
pkm-destined-rivals-20-182-df061998a5,Destined Rivals,Team Rocket's Spidops,20/182,NO_VARIANT_LINK
pkm-destined-rivals-30-182-9ae04782a2,Destined Rivals,Rapidash,30/182,NO_VARIANT_LINK
pkm-destined-rivals-38-182-bb50498453,Destined Rivals,Team Rocket's Houndoom,38/182,NO_VARIANT_LINK
pkm-destined-rivals-39-182-7f135325f4,Destined Rivals,Ethan's Ho-Oh ex,39/182,NO_VARIANT_LINK
pkm-destined-rivals-42-182-5a538272b3,Destined Rivals,Blaziken,42/182,NO_VARIANT_LINK
pkm-destined-rivals-54-182-3f42210f99,Destined Rivals,Clamperl,54/182,NO_VARIANT_LINK
pkm-destined-rivals-65-182-2fbac7a929,Destined Rivals,Cetitan ex,65/182,NO_VARIANT_LINK
pkm-destined-rivals-66-182-c223334460,Destined Rivals,Dondozo ex,66/182,NO_VARIANT_LINK
pkm-destined-rivals-69-182-0eca26543f,Destined Rivals,Electivire ex,69/182,NO_VARIANT_LINK
pkm-destined-rivals-75-182-0aaabad051,Destined Rivals,Electrike,75/182,NO_VARIANT_LINK
pkm-destined-rivals-77-182-0d641224b9,Destined Rivals,Rotom,77/182,NO_VARIANT_LINK
pkm-destined-rivals-81-182-7e4628e214,Destined Rivals,Team Rocket's Mewtwo ex,81/182,NO_VARIANT_LINK
pkm-destined-rivals-89-182-53e2f6d517,Destined Rivals,Team Rocket's Orbeetle,89/182,NO_VARIANT_LINK
pkm-destined-rivals-101-182-9061a009bf,Destined Rivals,Regirock ex,101/182,NO_VARIANT_LINK
pkm-destined-rivals-104-182-3c1bd9b829,Destined Rivals,Cynthia's Garchomp ex,104/182,NO_VARIANT_LINK
pkm-destined-rivals-114-182-fbeeb86dff,Destined Rivals,Team Rocket's Nidoran♀,114/182,NO_VARIANT_LINK
pkm-destined-rivals-117-182-ad3c52680e,Destined Rivals,Team Rocket's Nidoran♂,117/182,NO_VARIANT_LINK
pkm-destined-rivals-119-182-daf0320a55,Destined Rivals,Team Rocket's Nidoking ex,119/182,NO_VARIANT_LINK
pkm-destined-rivals-122-182-a8efb0c563,Destined Rivals,Team Rocket's Crobat ex,122/182,NO_VARIANT_LINK
pkm-destined-rivals-126-182-0fb2b6d64f,Destined Rivals,Team Rocket's Weezing,126/182,NO_VARIANT_LINK
pkm-destined-rivals-127-182-b338173db6,Destined Rivals,Team Rocket's Murkrow,127/182,NO_VARIANT_LINK
pkm-destined-rivals-139-182-d0601482d9,Destined Rivals,Arven's Mabosstiff ex,139/182,NO_VARIANT_LINK
pkm-destined-rivals-146-182-89603288e6,Destined Rivals,Zamazenta,146/182,NO_VARIANT_LINK
pkm-destined-rivals-148-182-2dfd52f8e0,Destined Rivals,Team Rocket's Raticate,148/182,NO_VARIANT_LINK
pkm-destined-rivals-150-182-eb6b331d67,Destined Rivals,Team Rocket's Persian ex,150/182,NO_VARIANT_LINK
pkm-destined-rivals-151-182-317284470b,Destined Rivals,Kangaskhan,151/182,NO_VARIANT_LINK
pkm-destined-rivals-159-182-70a7585c65,Destined Rivals,Arven's Greedent,159/182,NO_VARIANT_LINK
pkm-destined-rivals-163-182-cf0a3dcaef,Destined Rivals,Emcee's Hype,163/182,NO_VARIANT_LINK
pkm-destined-rivals-165-182-b9437c7f6c,Destined Rivals,Ethan's Adventure,165/182,NO_VARIANT_LINK
pkm-destined-rivals-167-182-517a4fe7a8,Destined Rivals,Judge,167/182,NO_VARIANT_LINK
pkm-destined-rivals-170-182-36dadbde68,Destined Rivals,Team Rocket's Archer,170/182,NO_VARIANT_LINK
pkm-destined-rivals-171-182-e972d1b56e,Destined Rivals,Team Rocket's Ariana,171/182,NO_VARIANT_LINK
pkm-destined-rivals-176-182-a80be58c56,Destined Rivals,Team Rocket's Petrel,176/182,NO_VARIANT_LINK
pkm-destined-rivals-177-182-2d39fe664b,Destined Rivals,Team Rocket's Proton,177/182,NO_VARIANT_LINK
pkm-destined-rivals-183-182-d579c2e347,Destined Rivals,Yanma,183/182,NO_VARIANT_LINK
pkm-destined-rivals-184-182-c7239235a0,Destined Rivals,Cynthia's Roserade,184/182,NO_VARIANT_LINK
pkm-destined-rivals-185-182-67a0af743d,Destined Rivals,Shaymin,185/182,NO_VARIANT_LINK
pkm-destined-rivals-186-182-23970d128f,Destined Rivals,Crustle,186/182,NO_VARIANT_LINK
pkm-destined-rivals-187-182-bddb6fa495,Destined Rivals,Team Rocket's Spidops,187/182,NO_VARIANT_LINK
pkm-destined-rivals-188-182-727e000052,Destined Rivals,Hydrapple,188/182,NO_VARIANT_LINK
pkm-destined-rivals-189-182-d2eca31df2,Destined Rivals,Rapidash,189/182,NO_VARIANT_LINK
pkm-destined-rivals-190-182-54ba0c1656,Destined Rivals,Ethan's Typhlosion,190/182,NO_VARIANT_LINK
pkm-destined-rivals-191-182-f34f5e1a1f,Destined Rivals,Team Rocket's Houndoom,191/182,NO_VARIANT_LINK
pkm-destined-rivals-192-182-e6f00c14e3,Destined Rivals,Blaziken,192/182,NO_VARIANT_LINK
pkm-destined-rivals-193-182-7a68ac612e,Destined Rivals,Misty's Psyduck,193/182,NO_VARIANT_LINK
pkm-destined-rivals-194-182-a58b9f6074,Destined Rivals,Misty's Lapras,194/182,NO_VARIANT_LINK
pkm-destined-rivals-195-182-ef31fe7d15,Destined Rivals,Clamperl,195/182,NO_VARIANT_LINK
pkm-destined-rivals-196-182-df0f49d034,Destined Rivals,Electrike,196/182,NO_VARIANT_LINK
pkm-destined-rivals-197-182-afb8eb1ff3,Destined Rivals,Rotom,197/182,NO_VARIANT_LINK
pkm-destined-rivals-198-182-e3e693a204,Destined Rivals,Team Rocket's Orbeetle,198/182,NO_VARIANT_LINK
pkm-destined-rivals-199-182-c0268bea57,Destined Rivals,Team Rocket's Weezing,199/182,NO_VARIANT_LINK
pkm-destined-rivals-200-182-93a2a1a17c,Destined Rivals,Team Rocket's Murkrow,200/182,NO_VARIANT_LINK
pkm-destined-rivals-201-182-6a888c1dfb,Destined Rivals,Zamazenta,201/182,NO_VARIANT_LINK
pkm-destined-rivals-202-182-390ce09dcc,Destined Rivals,Team Rocket's Raticate,202/182,NO_VARIANT_LINK
pkm-destined-rivals-203-182-1d9c639cf7,Destined Rivals,Team Rocket's Meowth,203/182,NO_VARIANT_LINK
pkm-destined-rivals-204-182-d9843d938a,Destined Rivals,Kangaskhan,204/182,NO_VARIANT_LINK
pkm-destined-rivals-205-182-95f7855397,Destined Rivals,Arven's Greedent,205/182,NO_VARIANT_LINK
pkm-destined-rivals-206-182-11e0ba82b7,Destined Rivals,Yanmega ex,206/182,NO_VARIANT_LINK
pkm-destined-rivals-207-182-4c4ea92760,Destined Rivals,Arboliva ex,207/182,NO_VARIANT_LINK
pkm-destined-rivals-208-182-868d9a03b2,Destined Rivals,Team Rocket's Moltres ex,208/182,NO_VARIANT_LINK
pkm-destined-rivals-209-182-cac724a383,Destined Rivals,Ethan's Ho-Oh ex,209/182,NO_VARIANT_LINK
pkm-destined-rivals-210-182-22b9fe74eb,Destined Rivals,Cetitan ex,210/182,NO_VARIANT_LINK
pkm-destined-rivals-211-182-f6af89a542,Destined Rivals,Dondozo ex,211/182,NO_VARIANT_LINK
pkm-destined-rivals-212-182-32c59b0576,Destined Rivals,Electivire ex,212/182,NO_VARIANT_LINK
pkm-destined-rivals-213-182-489fa12900,Destined Rivals,Team Rocket's Mewtwo ex,213/182,NO_VARIANT_LINK
pkm-destined-rivals-214-182-d9e2fda336,Destined Rivals,Regirock ex,214/182,NO_VARIANT_LINK
pkm-destined-rivals-215-182-ce55c293d7,Destined Rivals,Cynthia's Garchomp ex,215/182,NO_VARIANT_LINK
pkm-destined-rivals-216-182-5d840a88a1,Destined Rivals,Team Rocket's Nidoking ex,216/182,NO_VARIANT_LINK
pkm-destined-rivals-217-182-ac42968622,Destined Rivals,Team Rocket's Crobat ex,217/182,NO_VARIANT_LINK
pkm-destined-rivals-218-182-7b36a1feb6,Destined Rivals,Arven's Mabosstiff ex,218/182,NO_VARIANT_LINK
pkm-destined-rivals-219-182-424aa460e6,Destined Rivals,Team Rocket's Persian ex,219/182,NO_VARIANT_LINK
pkm-destined-rivals-220-182-cdf2fe0cad,Destined Rivals,Emcee's Hype,220/182,NO_VARIANT_LINK
pkm-destined-rivals-221-182-9e7a3d50c3,Destined Rivals,Ethan's Adventure,221/182,NO_VARIANT_LINK
pkm-destined-rivals-222-182-84b9ae1baa,Destined Rivals,Judge,222/182,NO_VARIANT_LINK
pkm-destined-rivals-223-182-a37cf2f0f3,Destined Rivals,Team Rocket's Archer,223/182,NO_VARIANT_LINK
pkm-destined-rivals-224-182-5096b28593,Destined Rivals,Team Rocket's Ariana,224/182,NO_VARIANT_LINK
pkm-destined-rivals-225-182-a58f2d2a19,Destined Rivals,Team Rocket's Giovanni,225/182,NO_VARIANT_LINK
pkm-destined-rivals-226-182-b26dbd3742,Destined Rivals,Team Rocket's Petrel,226/182,NO_VARIANT_LINK
pkm-destined-rivals-227-182-400a42e8d7,Destined Rivals,Team Rocket's Proton,227/182,NO_VARIANT_LINK
pkm-destined-rivals-228-182-8ab908170f,Destined Rivals,Yanmega ex,228/182,NO_VARIANT_LINK
pkm-destined-rivals-229-182-1a74221af9,Destined Rivals,Team Rocket's Moltres ex,229/182,NO_VARIANT_LINK
pkm-destined-rivals-230-182-707432c09d,Destined Rivals,Ethan's Ho-Oh ex,230/182,NO_VARIANT_LINK
pkm-destined-rivals-231-182-9381ec5750,Destined Rivals,Team Rocket's Mewtwo ex,231/182,NO_VARIANT_LINK
pkm-destined-rivals-232-182-7d3d0e5c7b,Destined Rivals,Cynthia's Garchomp ex,232/182,NO_VARIANT_LINK
pkm-destined-rivals-233-182-7304c769d2,Destined Rivals,Team Rocket's Nidoking ex,233/182,NO_VARIANT_LINK
pkm-destined-rivals-234-182-c687f8c66c,Destined Rivals,Team Rocket's Crobat ex,234/182,NO_VARIANT_LINK
pkm-destined-rivals-235-182-04ba8e4bad,Destined Rivals,Arven's Mabosstiff ex,235/182,NO_VARIANT_LINK
pkm-destined-rivals-236-182-8ecc9d60e7,Destined Rivals,Ethan's Adventure,236/182,NO_VARIANT_LINK
pkm-destined-rivals-237-182-fd9e77d1fe,Destined Rivals,Team Rocket's Ariana,237/182,NO_VARIANT_LINK
pkm-destined-rivals-238-182-e83d848d2a,Destined Rivals,Team Rocket's Giovanni,238/182,NO_VARIANT_LINK
pkm-destined-rivals-239-182-61ec1ad916,Destined Rivals,Ethan's Ho-Oh ex,239/182,NO_VARIANT_LINK
pkm-destined-rivals-240-182-105d54fdcb,Destined Rivals,Team Rocket's Mewtwo ex,240/182,NO_VARIANT_LINK
pkm-destined-rivals-241-182-4d40459e60,Destined Rivals,Cynthia's Garchomp ex,241/182,NO_VARIANT_LINK
pkm-destined-rivals-242-182-5e3162eb59,Destined Rivals,Team Rocket's Crobat ex,242/182,NO_VARIANT_LINK
pkm-evolving-skies-20-203-83a0a26e75,Evolving Skies,Victini,20/203,NO_VARIANT_LINK
pkm-evolving-skies-71-203-c51a28e460,Evolving Skies,Flabébé,71/203,NO_VARIANT_LINK
pkm-evolving-skies-167-203-f555c50ae0,Evolving Skies,Leafeon V,167/203,NO_VARIANT_LINK
pkm-evolving-skies-175-203-953409f37f,Evolving Skies,Glaceon V,175/203,NO_VARIANT_LINK
pkm-evolving-skies-180-203-1e1dc64e03,Evolving Skies,Espeon V,180/203,NO_VARIANT_LINK
pkm-evolving-skies-182-203-2b8ab20f43,Evolving Skies,Golurk V,182/203,NO_VARIANT_LINK
pkm-evolving-skies-184-203-f4b589ba7d,Evolving Skies,Sylveon V,184/203,NO_VARIANT_LINK
pkm-evolving-skies-186-203-4e20492b3a,Evolving Skies,Medicham V,186/203,NO_VARIANT_LINK
pkm-evolving-skies-189-203-05a4c2be9d,Evolving Skies,Umbreon V,189/203,NO_VARIANT_LINK
pkm-evolving-skies-192-203-787d062411,Evolving Skies,Dragonite V,192/203,NO_VARIANT_LINK
pkm-evolving-skies-194-203-fbdcb7dd48,Evolving Skies,Rayquaza V,194/203,NO_VARIANT_LINK
pkm-evolving-skies-196-203-f12a642762,Evolving Skies,Noivern V,196/203,NO_VARIANT_LINK
pkm-evolving-skies-198-203-a469a3f3d2,Evolving Skies,Duraludon V,198/203,NO_VARIANT_LINK
pkm-fusion-strike-28-264-2c5beffbb6,Fusion Strike,Vulpix,28/264,NO_VARIANT_LINK
pkm-fusion-strike-29-264-6d42c76496,Fusion Strike,Vulpix,29/264,NO_VARIANT_LINK
pkm-fusion-strike-30-264-c09550c1ac,Fusion Strike,Ninetales,30/264,NO_VARIANT_LINK
pkm-fusion-strike-31-264-3029f630f6,Fusion Strike,Ninetales,31/264,NO_VARIANT_LINK
pkm-fusion-strike-36-264-c091dd204f,Fusion Strike,Victini,36/264,NO_VARIANT_LINK
pkm-fusion-strike-43-264-4827ba5849,Fusion Strike,Cinderace V,43/264,NO_VARIANT_LINK
pkm-fusion-strike-44-264-68f940a65e,Fusion Strike,Cinderace V,44/264,NO_VARIANT_LINK
pkm-fusion-strike-46-264-fe65f2b1ee,Fusion Strike,Sizzlipede,46/264,NO_VARIANT_LINK
pkm-fusion-strike-47-264-a5cf28e9b2,Fusion Strike,Sizzlipede,47/264,NO_VARIANT_LINK
pkm-fusion-strike-48-264-3a355da26a,Fusion Strike,Centiskorch,48/264,NO_VARIANT_LINK
pkm-fusion-strike-49-264-cba6b49f2c,Fusion Strike,Centiskorch,49/264,NO_VARIANT_LINK
pkm-fusion-strike-61-264-9dc55766ab,Fusion Strike,Mantine,61/264,NO_VARIANT_LINK
pkm-fusion-strike-105-264-dbcdfd0b0f,Fusion Strike,Toxel,105/264,NO_VARIANT_LINK
pkm-fusion-strike-106-264-e7c930ab64,Fusion Strike,Toxel,106/264,NO_VARIANT_LINK
pkm-fusion-strike-107-264-a6137b586e,Fusion Strike,Toxtricity,107/264,NO_VARIANT_LINK
pkm-fusion-strike-108-264-e0f2cc3b3d,Fusion Strike,Toxtricity,108/264,NO_VARIANT_LINK
pkm-fusion-strike-109-264-672b0b1a9c,Fusion Strike,Morpeko,109/264,NO_VARIANT_LINK
pkm-fusion-strike-154-264-c658a0e1db,Fusion Strike,Falinks,154/264,NO_VARIANT_LINK
pkm-fusion-strike-155-264-bbea98dcd6,Fusion Strike,Falinks,155/264,NO_VARIANT_LINK
pkm-fusion-strike-179-264-d8f127268b,Fusion Strike,Morpeko,179/264,NO_VARIANT_LINK
pkm-fusion-strike-221-264-19446e0d8b,Fusion Strike,Wooloo,221/264,NO_VARIANT_LINK
pkm-fusion-strike-222-264-59f31df0b3,Fusion Strike,Wooloo,222/264,NO_VARIANT_LINK
pkm-fusion-strike-245-264-06ebc73c49,Fusion Strike,Celebi V,245/264,NO_VARIANT_LINK
pkm-fusion-strike-251-264-0c3470bb8e,Fusion Strike,Mew V,251/264,NO_VARIANT_LINK
pkm-fusion-strike-252-264-b4aa4c3a5b,Fusion Strike,Sandaconda V,252/264,NO_VARIANT_LINK
pkm-fusion-strike-255-264-939c69f4d9,Fusion Strike,Genesect V,255/264,NO_VARIANT_LINK
pkm-fusion-strike-257-264-30802e2fd0,Fusion Strike,Greedent V,257/264,NO_VARIANT_LINK
pkm-go-68-78-7d9514398b,GO,PokéStop,68/78,NO_VARIANT_LINK
pkm-journey-together-8-159-28aa347cf8,Journey Together,Maractus,8/159,NO_VARIANT_LINK
pkm-journey-together-27-159-142deaf2cc,Journey Together,N's Darmanitan,27/159,NO_VARIANT_LINK
pkm-journey-together-31-159-d1d3b19ad4,Journey Together,Volcanion ex,31/159,NO_VARIANT_LINK
pkm-journey-together-32-159-09c32d27d2,Journey Together,Articuno,32/159,NO_VARIANT_LINK
pkm-journey-together-41-159-f8f3ff7eeb,Journey Together,Wailord,41/159,NO_VARIANT_LINK
pkm-journey-together-53-159-62a6c458c6,Journey Together,Iono's Bellibolt ex,53/159,NO_VARIANT_LINK
pkm-journey-together-55-159-c2eb1e3552,Journey Together,Iono's Kilowattrel,55/159,NO_VARIANT_LINK
pkm-journey-together-56-159-4829d50f07,Journey Together,Lillie's Clefairy ex,56/159,NO_VARIANT_LINK
pkm-journey-together-67-159-5a40e7430f,Journey Together,Lillie's Ribombee,67/159,NO_VARIANT_LINK
pkm-journey-together-77-159-0dd1fd1c49,Journey Together,Swinub,77/159,NO_VARIANT_LINK
pkm-journey-together-79-159-289e88e02b,Journey Together,Mamoswine ex,79/159,NO_VARIANT_LINK
pkm-journey-together-85-159-208e6d9fca,Journey Together,Lycanroc,85/159,NO_VARIANT_LINK
pkm-journey-together-98-159-1ea81d7ba4,Journey Together,N's Zoroark ex,98/159,NO_VARIANT_LINK
pkm-journey-together-111-159-451cec50e3,Journey Together,Hop's Zacian ex,111/159,NO_VARIANT_LINK
pkm-journey-together-114-159-1ed71592a7,Journey Together,Salamence ex,114/159,NO_VARIANT_LINK
pkm-journey-together-116-159-83ab01cb69,Journey Together,N's Reshiram,116/159,NO_VARIANT_LINK
pkm-journey-together-119-159-6388e4a390,Journey Together,Furret,119/159,NO_VARIANT_LINK
pkm-journey-together-121-159-8c9477332c,Journey Together,Dudunsparce ex,121/159,NO_VARIANT_LINK
pkm-journey-together-127-159-b863872d72,Journey Together,Noibat,127/159,NO_VARIANT_LINK
pkm-journey-together-135-159-b6770d2ccf,Journey Together,Hop's Wooloo,135/159,NO_VARIANT_LINK
pkm-journey-together-143-159-0b7bbb82ed,Journey Together,Black Belt's Training,143/159,NO_VARIANT_LINK
pkm-journey-together-144-159-34584883cc,Journey Together,Black Belt's Training,144/159,NO_VARIANT_LINK
pkm-journey-together-145-159-50cb7cdc28,Journey Together,Black Belt's Training,145/159,NO_VARIANT_LINK
pkm-journey-together-146-159-24f7970db5,Journey Together,Brock's Scouting,146/159,NO_VARIANT_LINK
pkm-journey-together-149-159-fc0e9947c1,Journey Together,Iris's Fighting Spirit,149/159,NO_VARIANT_LINK
pkm-journey-together-157-159-4d1ccad20c,Journey Together,Ruffian,157/159,NO_VARIANT_LINK
pkm-journey-together-159-159-4b896e025e,Journey Together,Spiky Energy,159/159,NO_VARIANT_LINK
pkm-journey-together-160-159-8cd5df8c6e,Journey Together,Maractus,160/159,NO_VARIANT_LINK
pkm-journey-together-161-159-7a83651261,Journey Together,Articuno,161/159,NO_VARIANT_LINK
pkm-journey-together-162-159-d821e2943a,Journey Together,Wailord,162/159,NO_VARIANT_LINK
pkm-journey-together-163-159-c732549d5b,Journey Together,Iono's Kilowattrel,163/159,NO_VARIANT_LINK
pkm-journey-together-164-159-6b9cf907c2,Journey Together,Lillie's Ribombee,164/159,NO_VARIANT_LINK
pkm-journey-together-165-159-4c410f4b6b,Journey Together,Swinub,165/159,NO_VARIANT_LINK
pkm-journey-together-166-159-0bb99137f4,Journey Together,Lycanroc,166/159,NO_VARIANT_LINK
pkm-journey-together-167-159-aa35e25648,Journey Together,N's Reshiram,167/159,NO_VARIANT_LINK
pkm-journey-together-168-159-f3d9c8fdb8,Journey Together,Furret,168/159,NO_VARIANT_LINK
pkm-journey-together-169-159-b403610a93,Journey Together,Noibat,169/159,NO_VARIANT_LINK
pkm-journey-together-170-159-beadbb406a,Journey Together,Hop's Wooloo,170/159,NO_VARIANT_LINK
pkm-journey-together-171-159-35a9c60f58,Journey Together,Volcanion ex,171/159,NO_VARIANT_LINK
pkm-journey-together-172-159-04d9f3af39,Journey Together,Iono's Bellibolt ex,172/159,NO_VARIANT_LINK
pkm-journey-together-173-159-1d68fd4776,Journey Together,Lillie's Clefairy ex,173/159,NO_VARIANT_LINK
pkm-journey-together-174-159-271cb653eb,Journey Together,Mamoswine ex,174/159,NO_VARIANT_LINK
pkm-journey-together-175-159-7ed516a099,Journey Together,N's Zoroark ex,175/159,NO_VARIANT_LINK
pkm-journey-together-176-159-e04ca0d07f,Journey Together,Hop's Zacian ex,176/159,NO_VARIANT_LINK
pkm-journey-together-177-159-7a8df1de50,Journey Together,Salamence ex,177/159,NO_VARIANT_LINK
pkm-journey-together-178-159-40069fb60b,Journey Together,Dudunsparce ex,178/159,NO_VARIANT_LINK
pkm-journey-together-179-159-1a746610a2,Journey Together,Brock's Scouting,179/159,NO_VARIANT_LINK
pkm-journey-together-180-159-08d88a91ae,Journey Together,Iris's Fighting Spirit,180/159,NO_VARIANT_LINK
pkm-journey-together-181-159-3843fec92a,Journey Together,Ruffian,181/159,NO_VARIANT_LINK
pkm-journey-together-182-159-2944a2852f,Journey Together,Volcanion ex,182/159,NO_VARIANT_LINK
pkm-journey-together-183-159-0b6d326bbf,Journey Together,Iono's Bellibolt ex,183/159,NO_VARIANT_LINK
pkm-journey-together-184-159-6d8f70d5d3,Journey Together,Lillie's Clefairy ex,184/159,NO_VARIANT_LINK
pkm-journey-together-185-159-ff5d2c9ef0,Journey Together,N's Zoroark ex,185/159,NO_VARIANT_LINK
pkm-journey-together-186-159-217e818075,Journey Together,Hop's Zacian ex,186/159,NO_VARIANT_LINK
pkm-journey-together-187-159-906c2421ea,Journey Together,Salamence ex,187/159,NO_VARIANT_LINK
pkm-journey-together-188-159-b86dca43a1,Journey Together,Iono's Bellibolt ex,188/159,NO_VARIANT_LINK
pkm-journey-together-189-159-6be8295287,Journey Together,N's Zoroark ex,189/159,NO_VARIANT_LINK
pkm-journey-together-190-159-58d807241a,Journey Together,Spiky Energy,190/159,NO_VARIANT_LINK
pkm-lost-origin-77-196-30662086c5,Lost Origin,Inkay,77/196,NO_VARIANT_LINK
pkm-lost-origin-121-196-c268d96ca3,Lost Origin,Inkay,121/196,NO_VARIANT_LINK
pkm-lost-origin-130-196-b73b31b1b9,Lost Origin,Giratina V,130/196,NO_VARIANT_LINK
pkm-lost-origin-131-196-ea5c20ce89,Lost Origin,Giratina VSTAR,131/196,NO_VARIANT_LINK
pkm-lost-origin-154-196-08fd1ca1fc,Lost Origin,Box of Disaster,154/196,NO_VARIANT_LINK
pkm-lost-origin-157-196-c91b577fd5,Lost Origin,Fantina,157/196,NO_VARIANT_LINK
pkm-lost-origin-168-196-b7a921372b,Lost Origin,Tool Box,168/196,NO_VARIANT_LINK
pkm-lost-origin-177-196-5467ff2973,Lost Origin,Rotom V,177/196,NO_VARIANT_LINK
pkm-lost-origin-180-196-eb894f7624,Lost Origin,Aerodactyl V,180/196,NO_VARIANT_LINK
pkm-lost-origin-184-196-1604020516,Lost Origin,Galarian Perrserker V,184/196,NO_VARIANT_LINK
pkm-lost-origin-185-196-622923141f,Lost Origin,Giratina V,185/196,NO_VARIANT_LINK
pkm-lost-origin-186-196-b5683824b4,Lost Origin,Giratina V,186/196,NO_VARIANT_LINK
pkm-lost-origin-191-196-19edad9f11,Lost Origin,Fantina,191/196,NO_VARIANT_LINK
pkm-lost-origin-201-196-da92c32e27,Lost Origin,Giratina VSTAR,201/196,NO_VARIANT_LINK
pkm-lost-origin-206-196-b4f92869be,Lost Origin,Fantina,206/196,NO_VARIANT_LINK
pkm-lost-origin-212-196-e0b2d55ea3,Lost Origin,Giratina VSTAR,212/196,NO_VARIANT_LINK
pkm-lost-origin-213-196-dbc2259168,Lost Origin,Hisuian Zoroark VSTAR,213/196,NO_VARIANT_LINK
pkm-lost-origin-214-196-f7d6099efe,Lost Origin,Box of Disaster,214/196,NO_VARIANT_LINK
pkm-mega-evolution-1-132-140d386e46,Mega Evolution,Bulbasaur,1/132,NO_VARIANT_LINK
pkm-mega-evolution-2-132-c66ea75a48,Mega Evolution,Ivysaur,2/132,NO_VARIANT_LINK
pkm-mega-evolution-3-132-5ab90bff74,Mega Evolution,Mega Venusaur ex,3/132,NO_VARIANT_LINK
pkm-mega-evolution-5-132-9b48f72de2,Mega Evolution,Exeggutor,5/132,NO_VARIANT_LINK
pkm-mega-evolution-11-132-cccc4ebdb4,Mega Evolution,Shuckle,11/132,NO_VARIANT_LINK
pkm-mega-evolution-17-132-72e8e24d50,Mega Evolution,Ninjask,17/132,NO_VARIANT_LINK
pkm-mega-evolution-19-132-49dc80226f,Mega Evolution,Vulpix,19/132,NO_VARIANT_LINK
pkm-mega-evolution-22-132-5844d38f40,Mega Evolution,Mega Camerupt ex,22/132,NO_VARIANT_LINK
pkm-mega-evolution-23-132-9fbc522cea,Mega Evolution,Litleo,23/132,NO_VARIANT_LINK
pkm-mega-evolution-32-132-caa4dcb216,Mega Evolution,Mantine,32/132,NO_VARIANT_LINK
pkm-mega-evolution-35-132-fbf538aa70,Mega Evolution,Snover,35/132,NO_VARIANT_LINK
pkm-mega-evolution-36-132-34cedebfdc,Mega Evolution,Mega Abomasnow ex,36/132,NO_VARIANT_LINK
pkm-mega-evolution-38-132-ff5be3d449,Mega Evolution,Clawitzer,38/132,NO_VARIANT_LINK
pkm-mega-evolution-41-132-52c3cf0a1b,Mega Evolution,Inteleon,41/132,NO_VARIANT_LINK
pkm-mega-evolution-50-132-51bc6af62b,Mega Evolution,Mega Manectric ex,50/132,NO_VARIANT_LINK
pkm-mega-evolution-52-132-e36283c8e6,Mega Evolution,Helioptile,52/132,NO_VARIANT_LINK
pkm-mega-evolution-60-132-fc89afe228,Mega Evolution,Mega Gardevoir ex,60/132,NO_VARIANT_LINK
pkm-mega-evolution-61-132-919e522e14,Mega Evolution,Shedinja,61/132,NO_VARIANT_LINK
pkm-mega-evolution-66-132-09e10a420c,Mega Evolution,Houndstone,66/132,NO_VARIANT_LINK
pkm-mega-evolution-77-132-0d48ce8117,Mega Evolution,Mega Lucario ex,77/132,NO_VARIANT_LINK
pkm-mega-evolution-80-132-22378f4b2f,Mega Evolution,Marshadow,80/132,NO_VARIANT_LINK
pkm-mega-evolution-84-132-2bfba3dab5,Mega Evolution,Garganacl,84/132,NO_VARIANT_LINK
pkm-mega-evolution-86-132-2db2000764,Mega Evolution,Mega Absol ex,86/132,NO_VARIANT_LINK
pkm-mega-evolution-87-132-68f30754da,Mega Evolution,Spiritomb,87/132,NO_VARIANT_LINK
pkm-mega-evolution-91-132-55249db204,Mega Evolution,Shroodle,91/132,NO_VARIANT_LINK
pkm-mega-evolution-93-132-c5b8bdfb25,Mega Evolution,Steelix,93/132,NO_VARIANT_LINK
pkm-mega-evolution-94-132-8b49798816,Mega Evolution,Mega Mawile ex,94/132,NO_VARIANT_LINK
pkm-mega-evolution-96-132-b6ff87556b,Mega Evolution,Tinkatink,96/132,NO_VARIANT_LINK
pkm-mega-evolution-97-132-f6f4f11a67,Mega Evolution,Tinkatuff,97/132,NO_VARIANT_LINK
pkm-mega-evolution-98-132-2fe1ac7163,Mega Evolution,Tinkaton,98/132,NO_VARIANT_LINK
pkm-mega-evolution-100-132-688f9ae763,Mega Evolution,Mega Latias ex,100/132,NO_VARIANT_LINK
pkm-mega-evolution-102-132-ce31daafc1,Mega Evolution,Spearow,102/132,NO_VARIANT_LINK
pkm-mega-evolution-104-132-8ae8415c93,Mega Evolution,Mega Kangaskhan ex,104/132,NO_VARIANT_LINK
pkm-mega-evolution-105-132-4b3f2d874c,Mega Evolution,Delibird,105/132,NO_VARIANT_LINK
pkm-mega-evolution-110-132-96224f2455,Mega Evolution,Gumshoos,110/132,NO_VARIANT_LINK
pkm-mega-evolution-111-132-958151fc4f,Mega Evolution,Stufful,111/132,NO_VARIANT_LINK
pkm-mega-evolution-113-132-68af5486af,Mega Evolution,Acerola's Mischief,113/132,NO_VARIANT_LINK
pkm-mega-evolution-114-132-257cf5eb02,Mega Evolution,Boss's Orders,114/132,NO_VARIANT_LINK
pkm-mega-evolution-116-132-4a6d510d36,Mega Evolution,Fighting Gong,116/132,NO_VARIANT_LINK
pkm-mega-evolution-119-132-bfb1051c43,Mega Evolution,Lillie's Determination,119/132,NO_VARIANT_LINK
pkm-mega-evolution-120-132-05114a0055,Mega Evolution,Lt. Surge's Bargain,120/132,NO_VARIANT_LINK
pkm-mega-evolution-121-132-5475004f1e,Mega Evolution,Mega Signal,121/132,NO_VARIANT_LINK
pkm-mega-evolution-122-132-e878c3473b,Mega Evolution,Mystery Garden,122/132,NO_VARIANT_LINK
pkm-mega-evolution-124-132-6e71ae1377,Mega Evolution,Premium Power Pro,124/132,NO_VARIANT_LINK
pkm-mega-evolution-125-132-51334bee75,Mega Evolution,Rare Candy,125/132,NO_VARIANT_LINK
pkm-mega-evolution-132-132-ab60ebed5a,Mega Evolution,Wally's Compassion,132/132,NO_VARIANT_LINK
pkm-mega-evolution-133-132-c9fec099a8,Mega Evolution,Bulbasaur,133/132,NO_VARIANT_LINK
pkm-mega-evolution-134-132-7cfcadb393,Mega Evolution,Ivysaur,134/132,NO_VARIANT_LINK
pkm-mega-evolution-135-132-b462ee4578,Mega Evolution,Exeggutor,135/132,NO_VARIANT_LINK
pkm-mega-evolution-136-132-fd80cdc6bb,Mega Evolution,Shuckle,136/132,NO_VARIANT_LINK
pkm-mega-evolution-137-132-0215551c86,Mega Evolution,Ninjask,137/132,NO_VARIANT_LINK
pkm-mega-evolution-138-132-ee3b6c813d,Mega Evolution,Vulpix,138/132,NO_VARIANT_LINK
pkm-mega-evolution-139-132-a27b626dd3,Mega Evolution,Litleo,139/132,NO_VARIANT_LINK
pkm-mega-evolution-140-132-5faef4b10b,Mega Evolution,Snover,140/132,NO_VARIANT_LINK
pkm-mega-evolution-141-132-29bce301a5,Mega Evolution,Clawitzer,141/132,NO_VARIANT_LINK
pkm-mega-evolution-142-132-af05eba296,Mega Evolution,Inteleon,142/132,NO_VARIANT_LINK
pkm-mega-evolution-143-132-8352979d2e,Mega Evolution,Helioptile,143/132,NO_VARIANT_LINK
pkm-mega-evolution-144-132-487ac9fc0a,Mega Evolution,Shedinja,144/132,NO_VARIANT_LINK
pkm-mega-evolution-145-132-0737f90baf,Mega Evolution,Houndstone,145/132,NO_VARIANT_LINK
pkm-mega-evolution-146-132-4c26bf5318,Mega Evolution,Marshadow,146/132,NO_VARIANT_LINK
pkm-mega-evolution-147-132-66be988eed,Mega Evolution,Garganacl,147/132,NO_VARIANT_LINK
pkm-mega-evolution-148-132-3e7d7469a2,Mega Evolution,Spiritomb,148/132,NO_VARIANT_LINK
pkm-mega-evolution-149-132-092b338694,Mega Evolution,Shroodle,149/132,NO_VARIANT_LINK
pkm-mega-evolution-150-132-296362a39c,Mega Evolution,Steelix,150/132,NO_VARIANT_LINK
pkm-mega-evolution-151-132-dd0cea5038,Mega Evolution,Spearow,151/132,NO_VARIANT_LINK
pkm-mega-evolution-152-132-ed828bf65c,Mega Evolution,Delibird,152/132,NO_VARIANT_LINK
pkm-mega-evolution-153-132-d67294744c,Mega Evolution,Gumshoos,153/132,NO_VARIANT_LINK
pkm-mega-evolution-154-132-848c7db413,Mega Evolution,Stufful,154/132,NO_VARIANT_LINK
pkm-mega-evolution-155-132-ac3036bcc1,Mega Evolution,Mega Venusaur ex,155/132,NO_VARIANT_LINK
pkm-mega-evolution-156-132-72d089e292,Mega Evolution,Mega Camerupt ex,156/132,NO_VARIANT_LINK
pkm-mega-evolution-157-132-7a2eecf50b,Mega Evolution,Mega Abomasnow ex,157/132,NO_VARIANT_LINK
pkm-mega-evolution-158-132-099b00a060,Mega Evolution,Mega Manectric ex,158/132,NO_VARIANT_LINK
pkm-mega-evolution-159-132-c7d5753841,Mega Evolution,Mega Gardevoir ex,159/132,NO_VARIANT_LINK
pkm-mega-evolution-160-132-f3a451a9e2,Mega Evolution,Mega Lucario ex,160/132,NO_VARIANT_LINK
pkm-mega-evolution-161-132-398d2c01ec,Mega Evolution,Mega Absol ex,161/132,NO_VARIANT_LINK
pkm-mega-evolution-162-132-23df4fd1f0,Mega Evolution,Mega Mawile ex,162/132,NO_VARIANT_LINK
pkm-mega-evolution-163-132-58e3b323c7,Mega Evolution,Mega Latias ex,163/132,NO_VARIANT_LINK
pkm-mega-evolution-164-132-257c366929,Mega Evolution,Mega Kangaskhan ex,164/132,NO_VARIANT_LINK
pkm-mega-evolution-165-132-9305e39c09,Mega Evolution,Acerola's Mischief,165/132,NO_VARIANT_LINK
pkm-mega-evolution-168-132-e7b385d3eb,Mega Evolution,Fighting Gong,168/132,NO_VARIANT_LINK
pkm-mega-evolution-169-132-e49dd7eabb,Mega Evolution,Lillie's Determination,169/132,NO_VARIANT_LINK
pkm-mega-evolution-170-132-a2722c23e9,Mega Evolution,Lt. Surge's Bargain,170/132,NO_VARIANT_LINK
pkm-mega-evolution-171-132-9e886d0fe6,Mega Evolution,Mega Signal,171/132,NO_VARIANT_LINK
pkm-mega-evolution-172-132-b05be7d3d8,Mega Evolution,Mystery Garden,172/132,NO_VARIANT_LINK
pkm-mega-evolution-174-132-e76fa1e808,Mega Evolution,Premium Power Pro,174/132,NO_VARIANT_LINK
pkm-mega-evolution-175-132-66437467f9,Mega Evolution,Rare Candy,175/132,NO_VARIANT_LINK
pkm-mega-evolution-176-132-71471edf99,Mega Evolution,Wally's Compassion,176/132,NO_VARIANT_LINK
pkm-mega-evolution-177-132-0288d0486f,Mega Evolution,Mega Venusaur ex,177/132,NO_VARIANT_LINK
pkm-mega-evolution-178-132-f2f1a49eb9,Mega Evolution,Mega Gardevoir ex,178/132,NO_VARIANT_LINK
pkm-mega-evolution-179-132-1eb01ea584,Mega Evolution,Mega Lucario ex,179/132,NO_VARIANT_LINK
pkm-mega-evolution-180-132-e82f27b786,Mega Evolution,Mega Absol ex,180/132,NO_VARIANT_LINK
pkm-mega-evolution-181-132-505a516148,Mega Evolution,Mega Latias ex,181/132,NO_VARIANT_LINK
pkm-mega-evolution-182-132-b7c4c7ca49,Mega Evolution,Mega Kangaskhan ex,182/132,NO_VARIANT_LINK
pkm-mega-evolution-183-132-2836d9b5c3,Mega Evolution,Acerola's Mischief,183/132,NO_VARIANT_LINK
pkm-mega-evolution-184-132-4140df3bf0,Mega Evolution,Lillie's Determination,184/132,NO_VARIANT_LINK
pkm-mega-evolution-185-132-6e9284b0cd,Mega Evolution,Lt. Surge's Bargain,185/132,NO_VARIANT_LINK
pkm-mega-evolution-186-132-1c5db97073,Mega Evolution,Wally's Compassion,186/132,NO_VARIANT_LINK
pkm-mega-evolution-187-132-0e0ecf0d59,Mega Evolution,Mega Gardevoir ex,187/132,NO_VARIANT_LINK
pkm-mega-evolution-188-132-3f978ac488,Mega Evolution,Mega Lucario ex,188/132,NO_VARIANT_LINK
pkm-obsidian-flames-23-197-a4fb5fb3ee,Obsidian Flames,Capsakid,23/197,NO_VARIANT_LINK
pkm-obsidian-flames-24-197-daf5349779,Obsidian Flames,Capsakid,24/197,NO_VARIANT_LINK
pkm-obsidian-flames-33-197-0c73f233e6,Obsidian Flames,Victini ex,33/197,NO_VARIANT_LINK
pkm-obsidian-flames-60-197-2976f081fc,Obsidian Flames,Finizen,60/197,NO_VARIANT_LINK
pkm-obsidian-flames-61-197-627f88bee1,Obsidian Flames,Finizen,61/197,NO_VARIANT_LINK
pkm-obsidian-flames-74-197-32b45c808c,Obsidian Flames,Tadbulb,74/197,NO_VARIANT_LINK
pkm-obsidian-flames-75-197-47df52f86f,Obsidian Flames,Tadbulb,75/197,NO_VARIANT_LINK
pkm-obsidian-flames-76-197-02cefd6ced,Obsidian Flames,Tadbulb,76/197,NO_VARIANT_LINK
pkm-obsidian-flames-77-197-2eac115f12,Obsidian Flames,Bellibolt,77/197,NO_VARIANT_LINK
pkm-obsidian-flames-78-197-660cd5e67d,Obsidian Flames,Bellibolt,78/197,NO_VARIANT_LINK
pkm-obsidian-flames-89-197-0232eb2330,Obsidian Flames,Mawile,89/197,NO_VARIANT_LINK
pkm-obsidian-flames-99-197-078fef1c07,Obsidian Flames,Greavard,99/197,NO_VARIANT_LINK
pkm-obsidian-flames-100-197-ded45ba5ca,Obsidian Flames,Greavard,100/197,NO_VARIANT_LINK
pkm-obsidian-flames-121-197-bc795e5a97,Obsidian Flames,Glimmet,121/197,NO_VARIANT_LINK
pkm-obsidian-flames-122-197-d0502acf81,Obsidian Flames,Glimmet,122/197,NO_VARIANT_LINK
pkm-obsidian-flames-125-197-9259ae42d4,Obsidian Flames,Charizard ex,125/197,NO_VARIANT_LINK
pkm-obsidian-flames-126-197-3811873be3,Obsidian Flames,Paldean Wooper,126/197,NO_VARIANT_LINK
pkm-obsidian-flames-127-197-98d79d1a0e,Obsidian Flames,Paldean Wooper,127/197,NO_VARIANT_LINK
pkm-obsidian-flames-128-197-2e89e6448f,Obsidian Flames,Paldean Clodsire,128/197,NO_VARIANT_LINK
pkm-obsidian-flames-129-197-72956e7535,Obsidian Flames,Paldean Clodsire,129/197,NO_VARIANT_LINK
pkm-obsidian-flames-131-197-9c772fffc9,Obsidian Flames,Houndour,131/197,NO_VARIANT_LINK
pkm-obsidian-flames-132-197-07c8077451,Obsidian Flames,Houndour,132/197,NO_VARIANT_LINK
pkm-obsidian-flames-135-197-31ebc6bf82,Obsidian Flames,Absol ex,135/197,NO_VARIANT_LINK
pkm-obsidian-flames-143-197-26efc359c6,Obsidian Flames,Mawile,143/197,NO_VARIANT_LINK
pkm-obsidian-flames-154-197-5771e07199,Obsidian Flames,Varoom,154/197,NO_VARIANT_LINK
pkm-obsidian-flames-155-197-f0e8f34c89,Obsidian Flames,Varoom,155/197,NO_VARIANT_LINK
pkm-obsidian-flames-157-197-4dbcbf5494,Obsidian Flames,Dratini,157/197,NO_VARIANT_LINK
pkm-obsidian-flames-180-197-bd2aa60a4f,Obsidian Flames,Lechonk,180/197,NO_VARIANT_LINK
pkm-obsidian-flames-181-197-70b3464606,Obsidian Flames,Lechonk,181/197,NO_VARIANT_LINK
pkm-obsidian-flames-182-197-8556557506,Obsidian Flames,Lechonk,182/197,NO_VARIANT_LINK
pkm-obsidian-flames-183-197-29882fd820,Obsidian Flames,Oinkologne,183/197,NO_VARIANT_LINK
pkm-obsidian-flames-184-197-4f968f12b9,Obsidian Flames,Oinkologne,184/197,NO_VARIANT_LINK
pkm-obsidian-flames-198-197-e36843e4e0,Obsidian Flames,Gloom,198/197,NO_VARIANT_LINK
pkm-obsidian-flames-199-197-8e835809ff,Obsidian Flames,Ninetales,199/197,NO_VARIANT_LINK
pkm-obsidian-flames-200-197-89bdfab32c,Obsidian Flames,Palafin,200/197,NO_VARIANT_LINK
pkm-obsidian-flames-201-197-b9cb93214e,Obsidian Flames,Bellibolt,201/197,NO_VARIANT_LINK
pkm-obsidian-flames-202-197-aee6a75616,Obsidian Flames,Cleffa,202/197,NO_VARIANT_LINK
pkm-obsidian-flames-203-197-b99517704b,Obsidian Flames,Larvitar,203/197,NO_VARIANT_LINK
pkm-obsidian-flames-204-197-bd407af43f,Obsidian Flames,Houndour,204/197,NO_VARIANT_LINK
pkm-obsidian-flames-205-197-f188f004d7,Obsidian Flames,Scizor,205/197,NO_VARIANT_LINK
pkm-obsidian-flames-206-197-916ed7641e,Obsidian Flames,Varoom,206/197,NO_VARIANT_LINK
pkm-obsidian-flames-207-197-6c116ac7b3,Obsidian Flames,Pidgey,207/197,NO_VARIANT_LINK
pkm-obsidian-flames-208-197-d7f6b24d1f,Obsidian Flames,Pidgeotto,208/197,NO_VARIANT_LINK
pkm-obsidian-flames-209-197-2e36ace6b5,Obsidian Flames,Lechonk,209/197,NO_VARIANT_LINK
pkm-obsidian-flames-210-197-49b6558d41,Obsidian Flames,Eiscue ex,210/197,NO_VARIANT_LINK
pkm-obsidian-flames-211-197-3abefc9960,Obsidian Flames,Tyranitar ex,211/197,NO_VARIANT_LINK
pkm-obsidian-flames-212-197-b364724a86,Obsidian Flames,Vespiquen ex,212/197,NO_VARIANT_LINK
pkm-obsidian-flames-213-197-f9f56fcd5f,Obsidian Flames,Glimmora ex,213/197,NO_VARIANT_LINK
pkm-obsidian-flames-214-197-faa58ed8c9,Obsidian Flames,Absol ex,214/197,NO_VARIANT_LINK
pkm-obsidian-flames-215-197-c586c6845d,Obsidian Flames,Charizard ex,215/197,NO_VARIANT_LINK
pkm-obsidian-flames-216-197-8cf3f8cd15,Obsidian Flames,Revavroom ex,216/197,NO_VARIANT_LINK
pkm-obsidian-flames-217-197-99ae567aba,Obsidian Flames,Pidgeot ex,217/197,NO_VARIANT_LINK
pkm-obsidian-flames-218-197-cf5d7f2e77,Obsidian Flames,Geeta,218/197,NO_VARIANT_LINK
pkm-obsidian-flames-219-197-0ca925b01d,Obsidian Flames,Ortega,219/197,NO_VARIANT_LINK
pkm-obsidian-flames-220-197-3c55311589,Obsidian Flames,Poppy,220/197,NO_VARIANT_LINK
pkm-obsidian-flames-221-197-273d6fc18d,Obsidian Flames,Ryme,221/197,NO_VARIANT_LINK
pkm-obsidian-flames-222-197-35aef54885,Obsidian Flames,Eiscue ex,222/197,NO_VARIANT_LINK
pkm-obsidian-flames-223-197-e7cc42fff9,Obsidian Flames,Charizard ex,223/197,NO_VARIANT_LINK
pkm-obsidian-flames-224-197-98a785e49a,Obsidian Flames,Revavroom ex,224/197,NO_VARIANT_LINK
pkm-obsidian-flames-225-197-d7c94730c5,Obsidian Flames,Pidgeot ex,225/197,NO_VARIANT_LINK
pkm-obsidian-flames-226-197-209d8e8cd2,Obsidian Flames,Geeta,226/197,NO_VARIANT_LINK
pkm-obsidian-flames-227-197-556b60d933,Obsidian Flames,Poppy,227/197,NO_VARIANT_LINK
pkm-obsidian-flames-228-197-657f94b89f,Obsidian Flames,Charizard ex,228/197,NO_VARIANT_LINK
pkm-obsidian-flames-229-197-cb676c70f1,Obsidian Flames,Artazon,229/197,NO_VARIANT_LINK
pkm-obsidian-flames-230-197-d73c4cad80,Obsidian Flames,Basic Fire Energy,230/197,NO_VARIANT_LINK
pkm-paldea-evolved-5-193-7562265b7f,Paldea Evolved,Forretress ex,5/193,NO_VARIANT_LINK
pkm-paldea-evolved-6-193-96258f2ee0,Paldea Evolved,Heracross,6/193,NO_VARIANT_LINK
pkm-paldea-evolved-7-193-ff1d207cae,Paldea Evolved,Tropius,7/193,NO_VARIANT_LINK
pkm-paldea-evolved-12-193-d9bb29eaf4,Paldea Evolved,Sprigatito,12/193,NO_VARIANT_LINK
pkm-paldea-evolved-13-193-6cacc82b8c,Paldea Evolved,Sprigatito,13/193,NO_VARIANT_LINK
pkm-paldea-evolved-14-193-1e01c37395,Paldea Evolved,Floragato,14/193,NO_VARIANT_LINK
pkm-paldea-evolved-15-193-e18647a5c5,Paldea Evolved,Meowscarada ex,15/193,NO_VARIANT_LINK
pkm-paldea-evolved-16-193-7dfd022a0d,Paldea Evolved,Tarountula,16/193,NO_VARIANT_LINK
pkm-paldea-evolved-17-193-2aaf5c4add,Paldea Evolved,Tarountula,17/193,NO_VARIANT_LINK
pkm-paldea-evolved-19-193-9fa41cda27,Paldea Evolved,Nymble,19/193,NO_VARIANT_LINK
pkm-paldea-evolved-20-193-2111b8b5a0,Paldea Evolved,Nymble,20/193,NO_VARIANT_LINK
pkm-paldea-evolved-22-193-21a1c1ff55,Paldea Evolved,Bramblin,22/193,NO_VARIANT_LINK
pkm-paldea-evolved-23-193-dcf135eaf4,Paldea Evolved,Bramblin,23/193,NO_VARIANT_LINK
pkm-paldea-evolved-25-193-7b3f96a495,Paldea Evolved,Rellor,25/193,NO_VARIANT_LINK
pkm-paldea-evolved-26-193-0364f47326,Paldea Evolved,Rellor,26/193,NO_VARIANT_LINK
pkm-paldea-evolved-27-193-61d7d8bc54,Paldea Evolved,Wo-Chien ex,27/193,NO_VARIANT_LINK
pkm-paldea-evolved-28-193-980edbe210,Paldea Evolved,Paldean Tauros,28/193,NO_VARIANT_LINK
pkm-paldea-evolved-29-193-d9f93fc266,Paldea Evolved,Fletchinder,29/193,NO_VARIANT_LINK
pkm-paldea-evolved-32-193-476608b387,Paldea Evolved,Pyroar,32/193,NO_VARIANT_LINK
pkm-paldea-evolved-34-193-6d3a5deec3,Paldea Evolved,Fuecoco,34/193,NO_VARIANT_LINK
pkm-paldea-evolved-35-193-94a2b452bb,Paldea Evolved,Fuecoco,35/193,NO_VARIANT_LINK
pkm-paldea-evolved-36-193-2f50643b71,Paldea Evolved,Crocalor,36/193,NO_VARIANT_LINK
pkm-paldea-evolved-37-193-77d6f52007,Paldea Evolved,Skeledirge ex,37/193,NO_VARIANT_LINK
pkm-paldea-evolved-38-193-2d3c056e0d,Paldea Evolved,Charcadet,38/193,NO_VARIANT_LINK
pkm-paldea-evolved-39-193-53b9cfd6c0,Paldea Evolved,Charcadet,39/193,NO_VARIANT_LINK
pkm-paldea-evolved-40-193-6ac80e2543,Paldea Evolved,Chi-Yu ex,40/193,NO_VARIANT_LINK
pkm-paldea-evolved-41-193-8cef2a4cb2,Paldea Evolved,Paldean Tauros,41/193,NO_VARIANT_LINK
pkm-paldea-evolved-42-193-7eeb04b7de,Paldea Evolved,Magikarp,42/193,NO_VARIANT_LINK
pkm-paldea-evolved-44-193-86790e39dc,Paldea Evolved,Marill,44/193,NO_VARIANT_LINK
pkm-paldea-evolved-48-193-7d4f1a27ee,Paldea Evolved,Eiscue,48/193,NO_VARIANT_LINK
pkm-paldea-evolved-49-193-63d33c309a,Paldea Evolved,Quaxly,49/193,NO_VARIANT_LINK
pkm-paldea-evolved-50-193-c7a56ea431,Paldea Evolved,Quaxly,50/193,NO_VARIANT_LINK
pkm-paldea-evolved-51-193-c102f1b055,Paldea Evolved,Quaxwell,51/193,NO_VARIANT_LINK
pkm-paldea-evolved-52-193-0e3ae309d4,Paldea Evolved,Quaquaval ex,52/193,NO_VARIANT_LINK
pkm-paldea-evolved-53-193-715c08af14,Paldea Evolved,Cetoddle,53/193,NO_VARIANT_LINK
pkm-paldea-evolved-54-193-9934c66642,Paldea Evolved,Cetoddle,54/193,NO_VARIANT_LINK
pkm-paldea-evolved-55-193-da78bef0b9,Paldea Evolved,Cetitan,55/193,NO_VARIANT_LINK
pkm-paldea-evolved-56-193-c2b9066cc8,Paldea Evolved,Veluza,56/193,NO_VARIANT_LINK
pkm-paldea-evolved-57-193-0ee9e4fc74,Paldea Evolved,Frigibax,57/193,NO_VARIANT_LINK
pkm-paldea-evolved-58-193-fabd7095ad,Paldea Evolved,Frigibax,58/193,NO_VARIANT_LINK
pkm-paldea-evolved-59-193-4747e12f53,Paldea Evolved,Arctibax,59/193,NO_VARIANT_LINK
pkm-paldea-evolved-60-193-f0d4b2106f,Paldea Evolved,Baxcalibur,60/193,NO_VARIANT_LINK
pkm-paldea-evolved-61-193-658138ede6,Paldea Evolved,Chien-Pao ex,61/193,NO_VARIANT_LINK
pkm-paldea-evolved-64-193-22afffce09,Paldea Evolved,Raichu,64/193,NO_VARIANT_LINK
pkm-paldea-evolved-68-193-3127590921,Paldea Evolved,Shinx,68/193,NO_VARIANT_LINK
pkm-paldea-evolved-69-193-32f6e007b5,Paldea Evolved,Shinx,69/193,NO_VARIANT_LINK
pkm-paldea-evolved-72-193-7bd7deafc4,Paldea Evolved,Pincurchin,72/193,NO_VARIANT_LINK
pkm-paldea-evolved-73-193-c9c6a9b2be,Paldea Evolved,Pincurchin,73/193,NO_VARIANT_LINK
pkm-paldea-evolved-77-193-16b8a20b28,Paldea Evolved,Tadbulb,77/193,NO_VARIANT_LINK
pkm-paldea-evolved-78-193-e039b9dd62,Paldea Evolved,Tadbulb,78/193,NO_VARIANT_LINK
pkm-paldea-evolved-79-193-39223fbbd1,Paldea Evolved,Bellibolt ex,79/193,NO_VARIANT_LINK
pkm-paldea-evolved-80-193-d201db0850,Paldea Evolved,Wattrel,80/193,NO_VARIANT_LINK
pkm-paldea-evolved-81-193-a87924ac07,Paldea Evolved,Wattrel,81/193,NO_VARIANT_LINK
pkm-paldea-evolved-86-193-e8caf9e8d1,Paldea Evolved,Slowking ex,86/193,NO_VARIANT_LINK
pkm-paldea-evolved-88-193-b1e88f712d,Paldea Evolved,Mismagius,88/193,NO_VARIANT_LINK
pkm-paldea-evolved-91-193-6d60b700c8,Paldea Evolved,Gothorita,91/193,NO_VARIANT_LINK
pkm-paldea-evolved-93-193-2a0de600db,Paldea Evolved,Dedenne ex,93/193,NO_VARIANT_LINK
pkm-paldea-evolved-95-193-9b3b985db8,Paldea Evolved,Sandygast,95/193,NO_VARIANT_LINK
pkm-paldea-evolved-99-193-e89122b0f2,Paldea Evolved,Rabsca,99/193,NO_VARIANT_LINK
pkm-paldea-evolved-100-193-1f9a6a6999,Paldea Evolved,Tinkatink,100/193,NO_VARIANT_LINK
pkm-paldea-evolved-101-193-130fa41829,Paldea Evolved,Tinkatink,101/193,NO_VARIANT_LINK
pkm-paldea-evolved-102-193-7049ece9a6,Paldea Evolved,Tinkatink,102/193,NO_VARIANT_LINK
pkm-paldea-evolved-103-193-2f48f2c6dc,Paldea Evolved,Tinkatuff,103/193,NO_VARIANT_LINK
pkm-paldea-evolved-104-193-01a8ae6b1c,Paldea Evolved,Tinkatuff,104/193,NO_VARIANT_LINK
pkm-paldea-evolved-105-193-f29411eeab,Paldea Evolved,Tinkaton,105/193,NO_VARIANT_LINK
pkm-paldea-evolved-108-193-17504a0e68,Paldea Evolved,Paldean Tauros,108/193,NO_VARIANT_LINK
pkm-paldea-evolved-120-193-ca1968c1c9,Paldea Evolved,Nacli,120/193,NO_VARIANT_LINK
pkm-paldea-evolved-121-193-1183badf1b,Paldea Evolved,Nacli,121/193,NO_VARIANT_LINK
pkm-paldea-evolved-124-193-e215fade39,Paldea Evolved,Glimmet,124/193,NO_VARIANT_LINK
pkm-paldea-evolved-125-193-a651a27f25,Paldea Evolved,Glimmet,125/193,NO_VARIANT_LINK
pkm-paldea-evolved-127-193-1b7f51da75,Paldea Evolved,Ting-Lu ex,127/193,NO_VARIANT_LINK
pkm-paldea-evolved-128-193-6f2cc94a49,Paldea Evolved,Paldean Wooper,128/193,NO_VARIANT_LINK
pkm-paldea-evolved-129-193-986caa47ca,Paldea Evolved,Paldean Wooper,129/193,NO_VARIANT_LINK
pkm-paldea-evolved-135-193-9a90d59fdc,Paldea Evolved,Tyranitar,135/193,NO_VARIANT_LINK
pkm-paldea-evolved-141-193-a403280c9d,Paldea Evolved,Maschiff,141/193,NO_VARIANT_LINK
pkm-paldea-evolved-142-193-f65ae308b7,Paldea Evolved,Maschiff,142/193,NO_VARIANT_LINK
pkm-paldea-evolved-144-193-bed541ae8c,Paldea Evolved,Shroodle,144/193,NO_VARIANT_LINK
pkm-paldea-evolved-145-193-9604c30b05,Paldea Evolved,Shroodle,145/193,NO_VARIANT_LINK
pkm-paldea-evolved-166-193-668cd4c318,Paldea Evolved,Tandemaus,166/193,NO_VARIANT_LINK
pkm-paldea-evolved-167-193-09fce5860a,Paldea Evolved,Tandemaus,167/193,NO_VARIANT_LINK
pkm-paldea-evolved-172-193-8a878edc2f,Paldea Evolved,Boss's Orders (Ghetsis),172/193,NO_VARIANT_LINK
pkm-paldea-evolved-179-193-ae5bc64815,Paldea Evolved,Dendra,179/193,NO_VARIANT_LINK
pkm-paldea-evolved-180-193-0a7c4b3528,Paldea Evolved,Falkner,180/193,NO_VARIANT_LINK
pkm-paldea-evolved-181-193-ca2e0c0422,Paldea Evolved,Fighting Au Lait,181/193,NO_VARIANT_LINK
pkm-paldea-evolved-184-193-099e20baea,Paldea Evolved,Grusha,184/193,NO_VARIANT_LINK
pkm-paldea-evolved-185-193-3733bca1e8,Paldea Evolved,Iono,185/193,NO_VARIANT_LINK
pkm-paldea-evolved-188-193-6d2fbeecf8,Paldea Evolved,Super Rod,188/193,NO_VARIANT_LINK
pkm-paldea-evolved-189-193-0dbd2a1aa9,Paldea Evolved,Superior Energy Retrieval,189/193,NO_VARIANT_LINK
pkm-paldea-evolved-194-193-956b6ed320,Paldea Evolved,Heracross,194/193,NO_VARIANT_LINK
pkm-paldea-evolved-195-193-9a341ba6bb,Paldea Evolved,Tropius,195/193,NO_VARIANT_LINK
pkm-paldea-evolved-196-193-b8d27f05ff,Paldea Evolved,Sprigatito,196/193,NO_VARIANT_LINK
pkm-paldea-evolved-197-193-85fe01bb81,Paldea Evolved,Floragato,197/193,NO_VARIANT_LINK
pkm-paldea-evolved-198-193-8048b9ad82,Paldea Evolved,Bramblin,198/193,NO_VARIANT_LINK
pkm-paldea-evolved-199-193-db82f33195,Paldea Evolved,Fletchinder,199/193,NO_VARIANT_LINK
pkm-paldea-evolved-200-193-a74bf1fdff,Paldea Evolved,Pyroar,200/193,NO_VARIANT_LINK
pkm-paldea-evolved-201-193-692856f684,Paldea Evolved,Fuecoco,201/193,NO_VARIANT_LINK
pkm-paldea-evolved-202-193-20e3d9b2ca,Paldea Evolved,Crocalor,202/193,NO_VARIANT_LINK
pkm-paldea-evolved-203-193-bb64a51dcf,Paldea Evolved,Magikarp,203/193,NO_VARIANT_LINK
pkm-paldea-evolved-204-193-380281f2ce,Paldea Evolved,Marill,204/193,NO_VARIANT_LINK
pkm-paldea-evolved-205-193-1e04ba7a65,Paldea Evolved,Eiscue,205/193,NO_VARIANT_LINK
pkm-paldea-evolved-206-193-0f3f89803d,Paldea Evolved,Quaxly,206/193,NO_VARIANT_LINK
pkm-paldea-evolved-207-193-6427b39710,Paldea Evolved,Quaxwell,207/193,NO_VARIANT_LINK
pkm-paldea-evolved-208-193-633c079844,Paldea Evolved,Frigibax,208/193,NO_VARIANT_LINK
pkm-paldea-evolved-209-193-0f5d8e0087,Paldea Evolved,Arctibax,209/193,NO_VARIANT_LINK
pkm-paldea-evolved-210-193-a0686da846,Paldea Evolved,Baxcalibur,210/193,NO_VARIANT_LINK
pkm-paldea-evolved-211-193-f64d31a8b5,Paldea Evolved,Raichu,211/193,NO_VARIANT_LINK
pkm-paldea-evolved-212-193-8e16660086,Paldea Evolved,Mismagius,212/193,NO_VARIANT_LINK
pkm-paldea-evolved-213-193-bcd11861c4,Paldea Evolved,Gothorita,213/193,NO_VARIANT_LINK
pkm-paldea-evolved-214-193-d411e0f1cf,Paldea Evolved,Sandygast,214/193,NO_VARIANT_LINK
pkm-paldea-evolved-215-193-780e4862fd,Paldea Evolved,Rabsca,215/193,NO_VARIANT_LINK
pkm-paldea-evolved-216-193-2171d8352c,Paldea Evolved,Tinkatink,216/193,NO_VARIANT_LINK
pkm-paldea-evolved-217-193-6f472ee546,Paldea Evolved,Tinkatuff,217/193,NO_VARIANT_LINK
pkm-paldea-evolved-218-193-c952e49c24,Paldea Evolved,Paldean Tauros,218/193,NO_VARIANT_LINK
pkm-paldea-evolved-219-193-0982a727b6,Paldea Evolved,Sudowoodo,219/193,NO_VARIANT_LINK
pkm-paldea-evolved-220-193-ab78a2c20d,Paldea Evolved,Nacli,220/193,NO_VARIANT_LINK
pkm-paldea-evolved-221-193-fc19591e75,Paldea Evolved,Paldean Wooper,221/193,NO_VARIANT_LINK
pkm-paldea-evolved-222-193-44fbe92034,Paldea Evolved,Tyranitar,222/193,NO_VARIANT_LINK
pkm-paldea-evolved-223-193-20a11e9517,Paldea Evolved,Grafaiai,223/193,NO_VARIANT_LINK
pkm-paldea-evolved-224-193-94b042d9e6,Paldea Evolved,Orthworm,224/193,NO_VARIANT_LINK
pkm-paldea-evolved-225-193-44bfdf3536,Paldea Evolved,Rookidee,225/193,NO_VARIANT_LINK
pkm-paldea-evolved-226-193-70d7df556e,Paldea Evolved,Maushold,226/193,NO_VARIANT_LINK
pkm-paldea-evolved-227-193-e155c5bef5,Paldea Evolved,Flamigo,227/193,NO_VARIANT_LINK
pkm-paldea-evolved-228-193-3176a71542,Paldea Evolved,Farigiraf,228/193,NO_VARIANT_LINK
pkm-paldea-evolved-229-193-1336d3cffa,Paldea Evolved,Dudunsparce,229/193,NO_VARIANT_LINK
pkm-paldea-evolved-230-193-8f9be3502c,Paldea Evolved,Forretress ex,230/193,NO_VARIANT_LINK
pkm-paldea-evolved-231-193-c8a5b7aca0,Paldea Evolved,Meowscarada ex,231/193,NO_VARIANT_LINK
pkm-paldea-evolved-232-193-ee5d8badbd,Paldea Evolved,Wo-Chien ex,232/193,NO_VARIANT_LINK
pkm-paldea-evolved-233-193-1110969085,Paldea Evolved,Skeledirge ex,233/193,NO_VARIANT_LINK
pkm-paldea-evolved-234-193-52f997bbd5,Paldea Evolved,Chi-Yu ex,234/193,NO_VARIANT_LINK
pkm-paldea-evolved-235-193-25316b9f14,Paldea Evolved,Quaquaval ex,235/193,NO_VARIANT_LINK
pkm-paldea-evolved-236-193-ed915a61dc,Paldea Evolved,Chien-Pao ex,236/193,NO_VARIANT_LINK
pkm-paldea-evolved-237-193-c4a99f45b1,Paldea Evolved,Bellibolt ex,237/193,NO_VARIANT_LINK
pkm-paldea-evolved-238-193-543470fe04,Paldea Evolved,Slowking ex,238/193,NO_VARIANT_LINK
pkm-paldea-evolved-239-193-fb617d52b3,Paldea Evolved,Dedenne ex,239/193,NO_VARIANT_LINK
pkm-paldea-evolved-240-193-648f3d8d0e,Paldea Evolved,Tinkaton ex,240/193,NO_VARIANT_LINK
pkm-paldea-evolved-241-193-608db1360a,Paldea Evolved,Lycanroc ex,241/193,NO_VARIANT_LINK
pkm-paldea-evolved-242-193-f0be48700d,Paldea Evolved,Annihilape ex,242/193,NO_VARIANT_LINK
pkm-paldea-evolved-243-193-e6a3fd9afd,Paldea Evolved,Ting-Lu ex,243/193,NO_VARIANT_LINK
pkm-paldea-evolved-244-193-49b69f7926,Paldea Evolved,Paldean Clodsire ex,244/193,NO_VARIANT_LINK
pkm-paldea-evolved-245-193-b132f512ed,Paldea Evolved,Copperajah ex,245/193,NO_VARIANT_LINK
pkm-paldea-evolved-246-193-b1acd881d8,Paldea Evolved,Noivern ex,246/193,NO_VARIANT_LINK
pkm-paldea-evolved-247-193-3d3f10a471,Paldea Evolved,Squawkabilly ex,247/193,NO_VARIANT_LINK
pkm-paldea-evolved-248-193-e200f905f3,Paldea Evolved,Boss's Orders (Ghetsis),248/193,NO_VARIANT_LINK
pkm-paldea-evolved-249-193-306c91cfd0,Paldea Evolved,Clavell,249/193,NO_VARIANT_LINK
pkm-paldea-evolved-250-193-912fd537b0,Paldea Evolved,Dendra,250/193,NO_VARIANT_LINK
pkm-paldea-evolved-251-193-df77349fe1,Paldea Evolved,Falkner,251/193,NO_VARIANT_LINK
pkm-paldea-evolved-252-193-994b99f24b,Paldea Evolved,Giacomo,252/193,NO_VARIANT_LINK
pkm-paldea-evolved-253-193-add4adc3aa,Paldea Evolved,Grusha,253/193,NO_VARIANT_LINK
pkm-paldea-evolved-254-193-7b2ffb97f1,Paldea Evolved,Iono,254/193,NO_VARIANT_LINK
pkm-paldea-evolved-255-193-28c30e2ab9,Paldea Evolved,Saguaro,255/193,NO_VARIANT_LINK
pkm-paldea-evolved-256-193-249715caec,Paldea Evolved,Meowscarada ex,256/193,NO_VARIANT_LINK
pkm-paldea-evolved-257-193-95fa71e667,Paldea Evolved,Wo-Chien ex,257/193,NO_VARIANT_LINK
pkm-paldea-evolved-258-193-b9e94e8c66,Paldea Evolved,Skeledirge ex,258/193,NO_VARIANT_LINK
pkm-paldea-evolved-259-193-776b245fe4,Paldea Evolved,Chi-Yu ex,259/193,NO_VARIANT_LINK
pkm-paldea-evolved-260-193-3b86bff045,Paldea Evolved,Quaquaval ex,260/193,NO_VARIANT_LINK
pkm-paldea-evolved-261-193-097da59e66,Paldea Evolved,Chien-Pao ex,261/193,NO_VARIANT_LINK
pkm-paldea-evolved-262-193-796e89a5f9,Paldea Evolved,Tinkaton ex,262/193,NO_VARIANT_LINK
pkm-paldea-evolved-263-193-b726cd9213,Paldea Evolved,Ting-Lu ex,263/193,NO_VARIANT_LINK
pkm-paldea-evolved-264-193-70ed83c304,Paldea Evolved,Squawkabilly ex,264/193,NO_VARIANT_LINK
pkm-paldea-evolved-265-193-66ae3302f3,Paldea Evolved,Boss's Orders (Ghetsis),265/193,NO_VARIANT_LINK
pkm-paldea-evolved-266-193-00a1aa8184,Paldea Evolved,Dendra,266/193,NO_VARIANT_LINK
pkm-paldea-evolved-267-193-50fd0a4c75,Paldea Evolved,Giacomo,267/193,NO_VARIANT_LINK
pkm-paldea-evolved-268-193-fb0873f6e7,Paldea Evolved,Grusha,268/193,NO_VARIANT_LINK
pkm-paldea-evolved-269-193-dabb970319,Paldea Evolved,Iono,269/193,NO_VARIANT_LINK
pkm-paldea-evolved-270-193-ec5c378bab,Paldea Evolved,Saguaro,270/193,NO_VARIANT_LINK
pkm-paldea-evolved-271-193-e32e82f331,Paldea Evolved,Meowscarada ex,271/193,NO_VARIANT_LINK
pkm-paldea-evolved-272-193-7d9d826d44,Paldea Evolved,Skeledirge ex,272/193,NO_VARIANT_LINK
pkm-paldea-evolved-273-193-12ee841b79,Paldea Evolved,Quaquaval ex,273/193,NO_VARIANT_LINK
pkm-paldea-evolved-274-193-8b83b7b3c0,Paldea Evolved,Chien-Pao ex,274/193,NO_VARIANT_LINK
pkm-paldea-evolved-275-193-324231cd77,Paldea Evolved,Ting-Lu ex,275/193,NO_VARIANT_LINK
pkm-paldea-evolved-276-193-67c49077b2,Paldea Evolved,Super Rod,276/193,NO_VARIANT_LINK
pkm-paldea-evolved-277-193-4234f6a8a1,Paldea Evolved,Superior Energy Retrieval,277/193,NO_VARIANT_LINK
pkm-paldea-evolved-278-193-903384244b,Paldea Evolved,Basic Grass Energy,278/193,NO_VARIANT_LINK
pkm-paldea-evolved-279-193-29cfce35d1,Paldea Evolved,Basic Water Energy,279/193,NO_VARIANT_LINK
pkm-paldean-fates-1-91-7c26a771f7,Paldean Fates,Pineco,1/91,NO_VARIANT_LINK
pkm-paldean-fates-2-91-a627c83977,Paldean Fates,Forretress ex,2/91,NO_VARIANT_LINK
pkm-paldean-fates-4-91-80bdab189e,Paldean Fates,Toedscool,4/91,NO_VARIANT_LINK
pkm-paldean-fates-5-91-4faba8d710,Paldean Fates,Toedscruel ex,5/91,NO_VARIANT_LINK
pkm-paldean-fates-6-91-87e6fac393,Paldean Fates,Espathra ex,6/91,NO_VARIANT_LINK
pkm-paldean-fates-7-91-44e620ce55,Paldean Fates,Charmander,7/91,NO_VARIANT_LINK
pkm-paldean-fates-8-91-399f2f5733,Paldean Fates,Charmeleon,8/91,NO_VARIANT_LINK
pkm-paldean-fates-14-91-8193c95374,Paldean Fates,Charcadet,14/91,NO_VARIANT_LINK
pkm-paldean-fates-15-91-e4188b2412,Paldean Fates,Armarouge,15/91,NO_VARIANT_LINK
pkm-paldean-fates-17-91-5efb416c38,Paldean Fates,Frigibax,17/91,NO_VARIANT_LINK
pkm-paldean-fates-18-91-42b5ab9d5c,Paldean Fates,Pikachu,18/91,NO_VARIANT_LINK
pkm-paldean-fates-19-91-4b23356aa6,Paldean Fates,Raichu,19/91,NO_VARIANT_LINK
pkm-paldean-fates-22-91-f40ce8639e,Paldean Fates,Kilowattrel,22/91,NO_VARIANT_LINK
pkm-paldean-fates-25-91-4d27fa7e95,Paldean Fates,Natu,25/91,NO_VARIANT_LINK
pkm-paldean-fates-26-91-435d262b16,Paldean Fates,Xatu,26/91,NO_VARIANT_LINK
pkm-paldean-fates-27-91-741b5db038,Paldean Fates,Ralts,27/91,NO_VARIANT_LINK
pkm-paldean-fates-28-91-05cfeed51e,Paldean Fates,Kirlia,28/91,NO_VARIANT_LINK
pkm-paldean-fates-29-91-78948de542,Paldean Fates,Gardevoir ex,29/91,NO_VARIANT_LINK
pkm-paldean-fates-31-91-fb82ae589a,Paldean Fates,Mime Jr.,31/91,NO_VARIANT_LINK
pkm-paldean-fates-37-91-421b9fe1d5,Paldean Fates,Mimikyu,37/91,NO_VARIANT_LINK
pkm-paldean-fates-39-91-f56d4b6f0c,Paldean Fates,Dachsbun,39/91,NO_VARIANT_LINK
pkm-paldean-fates-40-91-30669fa848,Paldean Fates,Ceruledge,40/91,NO_VARIANT_LINK
pkm-paldean-fates-41-91-ac949895fd,Paldean Fates,Flittle,41/91,NO_VARIANT_LINK
pkm-paldean-fates-43-91-a7ad4ccbd9,Paldean Fates,Houndstone,43/91,NO_VARIANT_LINK
pkm-paldean-fates-45-91-783169055d,Paldean Fates,Mankey,45/91,NO_VARIANT_LINK
pkm-paldean-fates-46-91-bed3520f58,Paldean Fates,Primeape,46/91,NO_VARIANT_LINK
pkm-paldean-fates-47-91-4477f0e75c,Paldean Fates,Annihilape,47/91,NO_VARIANT_LINK
pkm-paldean-fates-54-91-722482636e,Paldean Fates,Charizard ex,54/91,NO_VARIANT_LINK
pkm-paldean-fates-58-91-f2d6a61bc1,Paldean Fates,Paldean Wooper,58/91,NO_VARIANT_LINK
pkm-paldean-fates-59-91-bcce78ff50,Paldean Fates,Paldean Clodsire ex,59/91,NO_VARIANT_LINK
pkm-paldean-fates-63-91-5fcdf6f715,Paldean Fates,Mabosstiff,63/91,NO_VARIANT_LINK
pkm-paldean-fates-64-91-2978eada97,Paldean Fates,Varoom,64/91,NO_VARIANT_LINK
pkm-paldean-fates-65-91-7e6e333c9f,Paldean Fates,Revavroom,65/91,NO_VARIANT_LINK
pkm-paldean-fates-68-91-315fb011e5,Paldean Fates,Noibat,68/91,NO_VARIANT_LINK
pkm-paldean-fates-69-91-583187a244,Paldean Fates,Noivern ex,69/91,NO_VARIANT_LINK
pkm-paldean-fates-70-91-15f29f7943,Paldean Fates,Cyclizar,70/91,NO_VARIANT_LINK
pkm-paldean-fates-71-91-d1bfe2edc2,Paldean Fates,Lechonk,71/91,NO_VARIANT_LINK
pkm-paldean-fates-73-91-4b2ee5a61b,Paldean Fates,Tandemaus,73/91,NO_VARIANT_LINK
pkm-paldean-fates-74-91-0b2ff58e60,Paldean Fates,Maushold,74/91,NO_VARIANT_LINK
pkm-paldean-fates-75-91-790687144c,Paldean Fates,Squawkabilly ex,75/91,NO_VARIANT_LINK
pkm-paldean-fates-78-91-59d7565553,Paldean Fates,Clive,78/91,NO_VARIANT_LINK
pkm-paldean-fates-80-91-3485dd279b,Paldean Fates,Iono,80/91,NO_VARIANT_LINK
pkm-paldean-fates-82-91-3a036dbac6,Paldean Fates,Nemona,82/91,NO_VARIANT_LINK
pkm-paldean-fates-83-91-a1024b5855,Paldean Fates,Nemona's Backpack,83/91,NO_VARIANT_LINK
pkm-paldean-fates-85-91-dbf1d9cb18,Paldean Fates,Paldean Student,85/91,NO_VARIANT_LINK
pkm-paldean-fates-86-91-e4afa3bf2d,Paldean Fates,Paldean Student,86/91,NO_VARIANT_LINK
pkm-paldean-fates-87-91-4c06418efc,Paldean Fates,Professor's Research,87/91,NO_VARIANT_LINK
pkm-paldean-fates-88-91-80c6856788,Paldean Fates,Professor's Research,88/91,NO_VARIANT_LINK
pkm-paldean-fates-99-91-786184d261,Paldean Fates,Pineco,99/91,NO_VARIANT_LINK
pkm-paldean-fates-105-91-26db98b421,Paldean Fates,Toedscool,105/91,NO_VARIANT_LINK
pkm-paldean-fates-109-91-e4dc516066,Paldean Fates,Charmander,109/91,NO_VARIANT_LINK
pkm-paldean-fates-110-91-5483a47a3a,Paldean Fates,Charmeleon,110/91,NO_VARIANT_LINK
pkm-paldean-fates-111-91-3da051b750,Paldean Fates,Paldean Tauros,111/91,NO_VARIANT_LINK
pkm-paldean-fates-114-91-ef0872f7e7,Paldean Fates,Charcadet,114/91,NO_VARIANT_LINK
pkm-paldean-fates-115-91-dcffae283e,Paldean Fates,Armarouge,115/91,NO_VARIANT_LINK
pkm-paldean-fates-120-91-d87e5c73aa,Paldean Fates,Paldean Tauros,120/91,NO_VARIANT_LINK
pkm-paldean-fates-121-91-60f6a12e0e,Paldean Fates,Wiglett,121/91,NO_VARIANT_LINK
pkm-paldean-fates-122-91-a232de60f7,Paldean Fates,Wugtrio,122/91,NO_VARIANT_LINK
pkm-paldean-fates-124-91-987dbdab86,Paldean Fates,Palafin,124/91,NO_VARIANT_LINK
pkm-paldean-fates-125-91-78e0cfede4,Paldean Fates,Veluza,125/91,NO_VARIANT_LINK
pkm-paldean-fates-128-91-83168709ba,Paldean Fates,Frigibax,128/91,NO_VARIANT_LINK
pkm-paldean-fates-131-91-342f41e621,Paldean Fates,Pikachu,131/91,NO_VARIANT_LINK
pkm-paldean-fates-132-91-6d91cc81cc,Paldean Fates,Raichu,132/91,NO_VARIANT_LINK
pkm-paldean-fates-142-91-415f90697c,Paldean Fates,Pawmi,142/91,NO_VARIANT_LINK
pkm-paldean-fates-146-91-cfc0a587a0,Paldean Fates,Kilowattrel,146/91,NO_VARIANT_LINK
pkm-paldean-fates-151-91-db21ced1ce,Paldean Fates,Natu,151/91,NO_VARIANT_LINK
pkm-paldean-fates-152-91-8e1a582d4e,Paldean Fates,Xatu,152/91,NO_VARIANT_LINK
pkm-paldean-fates-153-91-0ddfca9c74,Paldean Fates,Ralts,153/91,NO_VARIANT_LINK
pkm-paldean-fates-154-91-e43df30804,Paldean Fates,Kirlia,154/91,NO_VARIANT_LINK
pkm-paldean-fates-157-91-c2251894af,Paldean Fates,Mime Jr.,157/91,NO_VARIANT_LINK
pkm-paldean-fates-160-91-c7abaf7ab8,Paldean Fates,Mimikyu,160/91,NO_VARIANT_LINK
pkm-paldean-fates-161-91-3f21c8d80b,Paldean Fates,Dachsbun,161/91,NO_VARIANT_LINK
pkm-paldean-fates-162-91-e82e223245,Paldean Fates,Ceruledge,162/91,NO_VARIANT_LINK
pkm-paldean-fates-164-91-04f73aa561,Paldean Fates,Flittle,164/91,NO_VARIANT_LINK
pkm-paldean-fates-165-91-8e57cc2d11,Paldean Fates,Tinkatink,165/91,NO_VARIANT_LINK
pkm-paldean-fates-166-91-ef739cc778,Paldean Fates,Tinkatuff,166/91,NO_VARIANT_LINK
pkm-paldean-fates-167-91-b91c030a4e,Paldean Fates,Tinkaton,167/91,NO_VARIANT_LINK
pkm-paldean-fates-168-91-5930ad64a5,Paldean Fates,Houndstone,168/91,NO_VARIANT_LINK
pkm-paldean-fates-169-91-2b799b0853,Paldean Fates,Mankey,169/91,NO_VARIANT_LINK
pkm-paldean-fates-170-91-6854bcf1aa,Paldean Fates,Primeape,170/91,NO_VARIANT_LINK
pkm-paldean-fates-171-91-263cb19f02,Paldean Fates,Annihilape,171/91,NO_VARIANT_LINK
pkm-paldean-fates-172-91-cae8a66c66,Paldean Fates,Paldean Tauros,172/91,NO_VARIANT_LINK
pkm-paldean-fates-176-91-51451ea5d8,Paldean Fates,Nacli,176/91,NO_VARIANT_LINK
pkm-paldean-fates-180-91-31d5935a05,Paldean Fates,Paldean Wooper,180/91,NO_VARIANT_LINK
pkm-paldean-fates-188-91-7ef2572b53,Paldean Fates,Mabosstiff,188/91,NO_VARIANT_LINK
pkm-paldean-fates-189-91-3a2301ff59,Paldean Fates,Shroodle,189/91,NO_VARIANT_LINK
pkm-paldean-fates-192-91-677708387b,Paldean Fates,Varoom,192/91,NO_VARIANT_LINK
pkm-paldean-fates-193-91-87fee61d49,Paldean Fates,Revavroom,193/91,NO_VARIANT_LINK
pkm-paldean-fates-194-91-a7e87fcdb8,Paldean Fates,Noibat,194/91,NO_VARIANT_LINK
pkm-paldean-fates-195-91-1cebdf68d7,Paldean Fates,Cyclizar,195/91,NO_VARIANT_LINK
pkm-paldean-fates-207-91-25578f4ded,Paldean Fates,Lechonk,207/91,NO_VARIANT_LINK
pkm-paldean-fates-208-91-553858ea76,Paldean Fates,Oinkologne,208/91,NO_VARIANT_LINK
pkm-paldean-fates-209-91-6ea0cbfcaf,Paldean Fates,Tandemaus,209/91,NO_VARIANT_LINK
pkm-paldean-fates-210-91-a1c8d6a62b,Paldean Fates,Maushold,210/91,NO_VARIANT_LINK
pkm-paldean-fates-212-91-4666e6366e,Paldean Fates,Forretress ex,212/91,NO_VARIANT_LINK
pkm-paldean-fates-213-91-1b39b9cdd0,Paldean Fates,Toedscruel ex,213/91,NO_VARIANT_LINK
pkm-paldean-fates-214-91-c322f9a495,Paldean Fates,Espathra ex,214/91,NO_VARIANT_LINK
pkm-paldean-fates-216-91-4042f6bb14,Paldean Fates,Mew ex,216/91,NO_VARIANT_LINK
pkm-paldean-fates-217-91-f6b4d333e3,Paldean Fates,Gardevoir ex,217/91,NO_VARIANT_LINK
pkm-paldean-fates-219-91-3908e23fd7,Paldean Fates,Paldean Clodsire ex,219/91,NO_VARIANT_LINK
pkm-paldean-fates-220-91-57f69c4341,Paldean Fates,Noivern ex,220/91,NO_VARIANT_LINK
pkm-paldean-fates-223-91-544e13d697,Paldean Fates,Squawkabilly ex,223/91,NO_VARIANT_LINK
pkm-paldean-fates-224-91-0d3c743298,Paldean Fates,Wugtrio,224/91,NO_VARIANT_LINK
pkm-paldean-fates-225-91-15641c75b4,Paldean Fates,Palafin,225/91,NO_VARIANT_LINK
pkm-paldean-fates-226-91-6ffb88efb3,Paldean Fates,Pawmi,226/91,NO_VARIANT_LINK
pkm-paldean-fates-227-91-2d12c36d04,Paldean Fates,Clive,227/91,NO_VARIANT_LINK
pkm-paldean-fates-229-91-f3b8625050,Paldean Fates,Nemona,229/91,NO_VARIANT_LINK
pkm-paldean-fates-230-91-0e4db01e8e,Paldean Fates,Paldean Student,230/91,NO_VARIANT_LINK
pkm-paldean-fates-231-91-425a1c119b,Paldean Fates,Paldean Student,231/91,NO_VARIANT_LINK
pkm-paldean-fates-232-91-e30896a997,Paldean Fates,Mew ex,232/91,NO_VARIANT_LINK
pkm-paldean-fates-233-91-233d29e108,Paldean Fates,Gardevoir ex,233/91,NO_VARIANT_LINK
pkm-paldean-fates-234-91-67901c527c,Paldean Fates,Charizard ex,234/91,NO_VARIANT_LINK
pkm-paldean-fates-236-91-c201895d02,Paldean Fates,Clive,236/91,NO_VARIANT_LINK
pkm-paldean-fates-237-91-47bbdcce04,Paldean Fates,Iono,237/91,NO_VARIANT_LINK
pkm-paldean-fates-238-91-2117158193,Paldean Fates,Nemona,238/91,NO_VARIANT_LINK
pkm-paldean-fates-244-91-200cc586af,Paldean Fates,Ting-Lu ex,244/91,NO_VARIANT_LINK
pkm-paradox-rift-3-182-e10c801cd8,Paradox Rift,Froslass ex,3/182,NO_VARIANT_LINK
pkm-paradox-rift-7-182-aac9be4aad,Paradox Rift,Crustle,7/182,NO_VARIANT_LINK
pkm-paradox-rift-11-182-7739e52056,Paradox Rift,Dottler,11/182,NO_VARIANT_LINK
pkm-paradox-rift-13-182-e573ecf875,Paradox Rift,Nymble,13/182,NO_VARIANT_LINK
pkm-paradox-rift-14-182-672a22bf70,Paradox Rift,Nymble,14/182,NO_VARIANT_LINK
pkm-paradox-rift-15-182-a74614bbf1,Paradox Rift,Toedscool,15/182,NO_VARIANT_LINK
pkm-paradox-rift-16-182-60d210b4d8,Paradox Rift,Toedscool,16/182,NO_VARIANT_LINK
pkm-paradox-rift-17-182-ee373fe69a,Paradox Rift,Toedscruel,17/182,NO_VARIANT_LINK
pkm-paradox-rift-19-182-ef5deecdb3,Paradox Rift,Magby,19/182,NO_VARIANT_LINK
pkm-paradox-rift-25-182-a98f9d3b76,Paradox Rift,Charcadet,25/182,NO_VARIANT_LINK
pkm-paradox-rift-26-182-4be2478d47,Paradox Rift,Charcadet,26/182,NO_VARIANT_LINK
pkm-paradox-rift-28-182-e46e158a33,Paradox Rift,Iron Moth,28/182,NO_VARIANT_LINK
pkm-paradox-rift-37-182-1e1629cc7d,Paradox Rift,Snorunt,37/182,NO_VARIANT_LINK
pkm-paradox-rift-38-182-b4367f1059,Paradox Rift,Garchomp ex,38/182,NO_VARIANT_LINK
pkm-paradox-rift-39-182-5010baf812,Paradox Rift,Mantyke,39/182,NO_VARIANT_LINK
pkm-paradox-rift-44-182-d28726b0e0,Paradox Rift,Vanillish,44/182,NO_VARIANT_LINK
pkm-paradox-rift-46-182-9cde86140f,Paradox Rift,Tsareena ex,46/182,NO_VARIANT_LINK
pkm-paradox-rift-47-182-4750886897,Paradox Rift,Wimpod,47/182,NO_VARIANT_LINK
pkm-paradox-rift-48-182-7b3714135c,Paradox Rift,Wimpod,48/182,NO_VARIANT_LINK
pkm-paradox-rift-50-182-fdfd24ca66,Paradox Rift,Golisopod ex,50/182,NO_VARIANT_LINK
pkm-paradox-rift-51-182-ec93483270,Paradox Rift,Wiglett,51/182,NO_VARIANT_LINK
pkm-paradox-rift-52-182-15d423a7cd,Paradox Rift,Wiglett,52/182,NO_VARIANT_LINK
pkm-paradox-rift-54-182-19d0d3b1c4,Paradox Rift,Veluza,54/182,NO_VARIANT_LINK
pkm-paradox-rift-56-182-334f634018,Paradox Rift,Iron Bundle,56/182,NO_VARIANT_LINK
pkm-paradox-rift-60-182-259f2b49fb,Paradox Rift,Plusle,60/182,NO_VARIANT_LINK
pkm-paradox-rift-61-182-613ef6f9ba,Paradox Rift,Minun,61/182,NO_VARIANT_LINK
pkm-paradox-rift-62-182-571120bbcf,Paradox Rift,Blitzle,62/182,NO_VARIANT_LINK
pkm-paradox-rift-64-182-38062ccab4,Paradox Rift,Joltik,64/182,NO_VARIANT_LINK
pkm-paradox-rift-68-182-e92a0e7bb6,Paradox Rift,Tapu Koko ex,68/182,NO_VARIANT_LINK
pkm-paradox-rift-70-182-56e23a8c5d,Paradox Rift,Iron Hands ex,70/182,NO_VARIANT_LINK
pkm-paradox-rift-79-182-8bf5d0fe05,Paradox Rift,Flittle,79/182,NO_VARIANT_LINK
pkm-paradox-rift-80-182-db1c0a94fb,Paradox Rift,Flittle,80/182,NO_VARIANT_LINK
pkm-paradox-rift-81-182-6cfb864e73,Paradox Rift,Espathra,81/182,NO_VARIANT_LINK
pkm-paradox-rift-82-182-37b084d895,Paradox Rift,Tinkatink,82/182,NO_VARIANT_LINK
pkm-paradox-rift-83-182-4493a8447e,Paradox Rift,Tinkatink,83/182,NO_VARIANT_LINK
pkm-paradox-rift-84-182-00ca002a13,Paradox Rift,Tinkatuff,84/182,NO_VARIANT_LINK
pkm-paradox-rift-85-182-ed58f6038a,Paradox Rift,Tinkaton,85/182,NO_VARIANT_LINK
pkm-paradox-rift-87-182-8be058e1ac,Paradox Rift,Gimmighoul,87/182,NO_VARIANT_LINK
pkm-paradox-rift-88-182-ffbbfa9ce5,Paradox Rift,Gimmighoul,88/182,NO_VARIANT_LINK
pkm-paradox-rift-89-182-ad6a2f78bc,Paradox Rift,Iron Valiant ex,89/182,NO_VARIANT_LINK
pkm-paradox-rift-93-182-847c674b53,Paradox Rift,Groudon,93/182,NO_VARIANT_LINK
pkm-paradox-rift-97-182-f0c505a9b7,Paradox Rift,Mienshao,97/182,NO_VARIANT_LINK
pkm-paradox-rift-99-182-93669c59f1,Paradox Rift,Minior,99/182,NO_VARIANT_LINK
pkm-paradox-rift-101-182-790d10c9f0,Paradox Rift,Nacli,101/182,NO_VARIANT_LINK
pkm-paradox-rift-102-182-a1d6bf1314,Paradox Rift,Nacli,102/182,NO_VARIANT_LINK
pkm-paradox-rift-104-182-fa9b3bb62e,Paradox Rift,Garganacl,104/182,NO_VARIANT_LINK
pkm-paradox-rift-107-182-dd6dc340b5,Paradox Rift,Slither Wing,107/182,NO_VARIANT_LINK
pkm-paradox-rift-108-182-aa28fe6275,Paradox Rift,Sandy Shocks ex,108/182,NO_VARIANT_LINK
pkm-paradox-rift-109-182-f195f863de,Paradox Rift,Ting-Lu,109/182,NO_VARIANT_LINK
pkm-paradox-rift-117-182-4c7f1e3e15,Paradox Rift,Garbodor,117/182,NO_VARIANT_LINK
pkm-paradox-rift-118-182-5d00eb1366,Paradox Rift,Yveltal,118/182,NO_VARIANT_LINK
pkm-paradox-rift-121-182-e029625471,Paradox Rift,Morpeko,121/182,NO_VARIANT_LINK
pkm-paradox-rift-123-182-155726e493,Paradox Rift,Brute Bonnet,123/182,NO_VARIANT_LINK
pkm-paradox-rift-125-182-195f53fed0,Paradox Rift,Steelix,125/182,NO_VARIANT_LINK
pkm-paradox-rift-128-182-fa196b9f48,Paradox Rift,Ferrothorn,128/182,NO_VARIANT_LINK
pkm-paradox-rift-130-182-f10a965820,Paradox Rift,Honedge,130/182,NO_VARIANT_LINK
pkm-paradox-rift-131-182-bcc70f8a17,Paradox Rift,Honedge,131/182,NO_VARIANT_LINK
pkm-paradox-rift-132-182-ba908680a7,Paradox Rift,Doublade,132/182,NO_VARIANT_LINK
pkm-paradox-rift-133-182-92ea96f51a,Paradox Rift,Doublade,133/182,NO_VARIANT_LINK
pkm-paradox-rift-134-182-c796e15089,Paradox Rift,Aegislash,134/182,NO_VARIANT_LINK
pkm-paradox-rift-139-182-c7b5ec83d3,Paradox Rift,Gholdengo ex,139/182,NO_VARIANT_LINK
pkm-paradox-rift-145-182-01fef8b094,Paradox Rift,Aipom,145/182,NO_VARIANT_LINK
pkm-paradox-rift-152-182-4104181b8f,Paradox Rift,Swablu,152/182,NO_VARIANT_LINK
pkm-paradox-rift-153-182-0262d08045,Paradox Rift,Tandemaus,153/182,NO_VARIANT_LINK
pkm-paradox-rift-154-182-3a2de20ce7,Paradox Rift,Tandemaus,154/182,NO_VARIANT_LINK
pkm-paradox-rift-157-182-fc4791209c,Paradox Rift,Cyclizar,157/182,NO_VARIANT_LINK
pkm-paradox-rift-158-182-169ad9ed2e,Paradox Rift,Iron Jugulis,158/182,NO_VARIANT_LINK
pkm-paradox-rift-159-182-d26cdecdb8,Paradox Rift,Ancient Booster Energy Capsule,159/182,NO_VARIANT_LINK
pkm-paradox-rift-164-182-5fe2ca488a,Paradox Rift,Future Booster Energy Capsule,164/182,NO_VARIANT_LINK
pkm-paradox-rift-183-182-2301f70ebd,Paradox Rift,Crustle,183/182,NO_VARIANT_LINK
pkm-paradox-rift-184-182-5abeb02b9c,Paradox Rift,Dottler,184/182,NO_VARIANT_LINK
pkm-paradox-rift-185-182-d0b4996291,Paradox Rift,Toedscruel,185/182,NO_VARIANT_LINK
pkm-paradox-rift-186-182-02b035df34,Paradox Rift,Magby,186/182,NO_VARIANT_LINK
pkm-paradox-rift-187-182-6ee809c033,Paradox Rift,Iron Moth,187/182,NO_VARIANT_LINK
pkm-paradox-rift-188-182-fd60db6b08,Paradox Rift,Snorunt,188/182,NO_VARIANT_LINK
pkm-paradox-rift-189-182-246b586bcd,Paradox Rift,Mantyke,189/182,NO_VARIANT_LINK
pkm-paradox-rift-190-182-12e608f1e1,Paradox Rift,Vanillish,190/182,NO_VARIANT_LINK
pkm-paradox-rift-191-182-7f994036f3,Paradox Rift,Wimpod,191/182,NO_VARIANT_LINK
pkm-paradox-rift-192-182-8b5a2d12c4,Paradox Rift,Veluza,192/182,NO_VARIANT_LINK
pkm-paradox-rift-193-182-cf326e6428,Paradox Rift,Plusle,193/182,NO_VARIANT_LINK
pkm-paradox-rift-194-182-aa9cfdc172,Paradox Rift,Minun,194/182,NO_VARIANT_LINK
pkm-paradox-rift-195-182-078dada31b,Paradox Rift,Blitzle,195/182,NO_VARIANT_LINK
pkm-paradox-rift-196-182-3e5f48119d,Paradox Rift,Joltik,196/182,NO_VARIANT_LINK
pkm-paradox-rift-197-182-3cd86cf272,Paradox Rift,Espathra,197/182,NO_VARIANT_LINK
pkm-paradox-rift-198-182-9a3e31afea,Paradox Rift,Gimmighoul,198/182,NO_VARIANT_LINK
pkm-paradox-rift-199-182-9fb72e4edf,Paradox Rift,Groudon,199/182,NO_VARIANT_LINK
pkm-paradox-rift-200-182-9456a693ff,Paradox Rift,Mienshao,200/182,NO_VARIANT_LINK
pkm-paradox-rift-201-182-f8472cb552,Paradox Rift,Minior,201/182,NO_VARIANT_LINK
pkm-paradox-rift-202-182-5dbb584b59,Paradox Rift,Garganacl,202/182,NO_VARIANT_LINK
pkm-paradox-rift-203-182-85bd041eb6,Paradox Rift,Slither Wing,203/182,NO_VARIANT_LINK
pkm-paradox-rift-204-182-16d1206be7,Paradox Rift,Garbodor,204/182,NO_VARIANT_LINK
pkm-paradox-rift-205-182-7099c9f512,Paradox Rift,Yveltal,205/182,NO_VARIANT_LINK
pkm-paradox-rift-206-182-cfd528fb80,Paradox Rift,Morpeko,206/182,NO_VARIANT_LINK
pkm-paradox-rift-207-182-19ce3cd0e3,Paradox Rift,Brute Bonnet,207/182,NO_VARIANT_LINK
pkm-paradox-rift-208-182-f158254196,Paradox Rift,Steelix,208/182,NO_VARIANT_LINK
pkm-paradox-rift-209-182-c06c040721,Paradox Rift,Ferrothorn,209/182,NO_VARIANT_LINK
pkm-paradox-rift-210-182-a67e7d1209,Paradox Rift,Aegislash,210/182,NO_VARIANT_LINK
pkm-paradox-rift-211-182-c2fa550c67,Paradox Rift,Aipom,211/182,NO_VARIANT_LINK
pkm-paradox-rift-212-182-efe367ea36,Paradox Rift,Loudred,212/182,NO_VARIANT_LINK
pkm-paradox-rift-213-182-16d0312e59,Paradox Rift,Swablu,213/182,NO_VARIANT_LINK
pkm-paradox-rift-214-182-deed34313e,Paradox Rift,Porygon-Z,214/182,NO_VARIANT_LINK
pkm-paradox-rift-215-182-f819a4929d,Paradox Rift,Cyclizar,215/182,NO_VARIANT_LINK
pkm-paradox-rift-216-182-28d70af20d,Paradox Rift,Iron Jugulis,216/182,NO_VARIANT_LINK
pkm-paradox-rift-217-182-07dc2b14b4,Paradox Rift,Froslass ex,217/182,NO_VARIANT_LINK
pkm-paradox-rift-218-182-763e5e0045,Paradox Rift,Armarouge ex,218/182,NO_VARIANT_LINK
pkm-paradox-rift-219-182-e2fed22461,Paradox Rift,Garchomp ex,219/182,NO_VARIANT_LINK
pkm-paradox-rift-220-182-be76e61027,Paradox Rift,Tsareena ex,220/182,NO_VARIANT_LINK
pkm-paradox-rift-221-182-5c1b05fee6,Paradox Rift,Golisopod ex,221/182,NO_VARIANT_LINK
pkm-paradox-rift-222-182-5f8671ec2a,Paradox Rift,Tapu Koko ex,222/182,NO_VARIANT_LINK
pkm-paradox-rift-223-182-0741f5b845,Paradox Rift,Iron Hands ex,223/182,NO_VARIANT_LINK
pkm-paradox-rift-224-182-28d61d3872,Paradox Rift,Cofagrigus ex,224/182,NO_VARIANT_LINK
pkm-paradox-rift-225-182-69e5187c82,Paradox Rift,Iron Valiant ex,225/182,NO_VARIANT_LINK
pkm-paradox-rift-226-182-3d1bc65bce,Paradox Rift,Hoopa ex,226/182,NO_VARIANT_LINK
pkm-paradox-rift-227-182-11bb5fe1e9,Paradox Rift,Toxtricity ex,227/182,NO_VARIANT_LINK
pkm-paradox-rift-228-182-8d8ec0f580,Paradox Rift,Sandy Shocks ex,228/182,NO_VARIANT_LINK
pkm-paradox-rift-229-182-893ad770f8,Paradox Rift,Roaring Moon ex,229/182,NO_VARIANT_LINK
pkm-paradox-rift-230-182-11c24f852b,Paradox Rift,Aegislash ex,230/182,NO_VARIANT_LINK
pkm-paradox-rift-231-182-762afef26d,Paradox Rift,Gholdengo ex,231/182,NO_VARIANT_LINK
pkm-paradox-rift-232-182-3ccfd7c300,Paradox Rift,Altaria ex,232/182,NO_VARIANT_LINK
pkm-paradox-rift-233-182-67ac27195e,Paradox Rift,Maushold ex,233/182,NO_VARIANT_LINK
pkm-paradox-rift-234-182-44ca5c521c,Paradox Rift,Bombirdier ex,234/182,NO_VARIANT_LINK
pkm-paradox-rift-235-182-be5a1dcc8c,Paradox Rift,Larry,235/182,NO_VARIANT_LINK
pkm-paradox-rift-236-182-09add27168,Paradox Rift,Mela,236/182,NO_VARIANT_LINK
pkm-paradox-rift-237-182-9f89007aae,Paradox Rift,Norman,237/182,NO_VARIANT_LINK
pkm-paradox-rift-238-182-576d783f63,Paradox Rift,Parasol Lady,238/182,NO_VARIANT_LINK
pkm-paradox-rift-239-182-1484b943af,Paradox Rift,Professor Sada's Vitality,239/182,NO_VARIANT_LINK
pkm-paradox-rift-240-182-e9d6685aab,Paradox Rift,Professor Turo's Scenario,240/182,NO_VARIANT_LINK
pkm-paradox-rift-241-182-f9c6c53b5e,Paradox Rift,Rika,241/182,NO_VARIANT_LINK
pkm-paradox-rift-242-182-cd74bf85a9,Paradox Rift,Roark,242/182,NO_VARIANT_LINK
pkm-paradox-rift-243-182-a87ae1a682,Paradox Rift,Shauntal,243/182,NO_VARIANT_LINK
pkm-paradox-rift-244-182-d5a4c6804a,Paradox Rift,Tulip,244/182,NO_VARIANT_LINK
pkm-paradox-rift-245-182-fdcd910c06,Paradox Rift,Garchomp ex,245/182,NO_VARIANT_LINK
pkm-paradox-rift-246-182-d858fa81a7,Paradox Rift,Golisopod ex,246/182,NO_VARIANT_LINK
pkm-paradox-rift-247-182-41d8e90890,Paradox Rift,Tapu Koko ex,247/182,NO_VARIANT_LINK
pkm-paradox-rift-248-182-a9025c6b10,Paradox Rift,Iron Hands ex,248/182,NO_VARIANT_LINK
pkm-paradox-rift-249-182-360e2832bf,Paradox Rift,Iron Valiant ex,249/182,NO_VARIANT_LINK
pkm-paradox-rift-250-182-4f385c5341,Paradox Rift,Sandy Shocks ex,250/182,NO_VARIANT_LINK
pkm-paradox-rift-251-182-760acc6211,Paradox Rift,Roaring Moon ex,251/182,NO_VARIANT_LINK
pkm-paradox-rift-252-182-2d001226bb,Paradox Rift,Gholdengo ex,252/182,NO_VARIANT_LINK
pkm-paradox-rift-253-182-6b28363913,Paradox Rift,Altaria ex,253/182,NO_VARIANT_LINK
pkm-paradox-rift-254-182-914e51fe60,Paradox Rift,Mela,254/182,NO_VARIANT_LINK
pkm-paradox-rift-255-182-4e0f1f1ce1,Paradox Rift,Parasol Lady,255/182,NO_VARIANT_LINK
pkm-paradox-rift-256-182-6dc2ce19e0,Paradox Rift,Professor Sada's Vitality,256/182,NO_VARIANT_LINK
pkm-paradox-rift-257-182-3140045de2,Paradox Rift,Professor Turo's Scenario,257/182,NO_VARIANT_LINK
pkm-paradox-rift-258-182-17092f6d2e,Paradox Rift,Rika,258/182,NO_VARIANT_LINK
pkm-paradox-rift-259-182-41cb7515f6,Paradox Rift,Tulip,259/182,NO_VARIANT_LINK
pkm-paradox-rift-260-182-30e6ac13bb,Paradox Rift,Garchomp ex,260/182,NO_VARIANT_LINK
pkm-paradox-rift-261-182-9dfd332c47,Paradox Rift,Iron Valiant ex,261/182,NO_VARIANT_LINK
pkm-paradox-rift-262-182-6f69cdb318,Paradox Rift,Roaring Moon ex,262/182,NO_VARIANT_LINK
pkm-paradox-rift-263-182-fecbba435e,Paradox Rift,Beach Court,263/182,NO_VARIANT_LINK
pkm-paradox-rift-264-182-6836039a64,Paradox Rift,Counter Catcher,264/182,NO_VARIANT_LINK
pkm-paradox-rift-265-182-83d6cb8c1e,Paradox Rift,Luxurious Cape,265/182,NO_VARIANT_LINK
pkm-paradox-rift-266-182-be8ad930c9,Paradox Rift,Reversal Energy,266/182,NO_VARIANT_LINK
pkm-perfect-order-8-88-e3d7138578,Perfect Order,Spewpa,8/88,NO_VARIANT_LINK
pkm-perfect-order-10-88-70fa51cda4,Perfect Order,Rowlet,10/88,NO_VARIANT_LINK
pkm-perfect-order-12-88-b6e2b477f6,Perfect Order,Decidueye ex,12/88,NO_VARIANT_LINK
pkm-perfect-order-14-88-4718715a6c,Perfect Order,Talonflame,14/88,NO_VARIANT_LINK
pkm-perfect-order-16-88-38b8573700,Perfect Order,Salazzle ex,16/88,NO_VARIANT_LINK
pkm-perfect-order-21-88-ca450ed360,Perfect Order,Mega Starmie ex,21/88,NO_VARIANT_LINK
pkm-perfect-order-24-88-3683e1555a,Perfect Order,Aurorus,24/88,NO_VARIANT_LINK
pkm-perfect-order-29-88-2ee424b9fb,Perfect Order,Dedenne,29/88,NO_VARIANT_LINK
pkm-perfect-order-30-88-30263fb614,Perfect Order,Clefairy,30/88,NO_VARIANT_LINK
pkm-perfect-order-31-88-dbaacc22ae,Perfect Order,Mega Clefable ex,31/88,NO_VARIANT_LINK
pkm-perfect-order-33-88-2289187ad5,Perfect Order,Espurr,33/88,NO_VARIANT_LINK
pkm-perfect-order-38-88-522c446611,Perfect Order,Probopass,38/88,NO_VARIANT_LINK
pkm-perfect-order-47-88-075c89ca56,Perfect Order,Mega Zygarde ex,47/88,NO_VARIANT_LINK
pkm-perfect-order-52-88-db76497328,Perfect Order,Drapion,52/88,NO_VARIANT_LINK
pkm-perfect-order-53-88-ec1397b1ab,Perfect Order,Yveltal ex,53/88,NO_VARIANT_LINK
pkm-perfect-order-55-88-2a652ed736,Perfect Order,Mega Skarmory ex,55/88,NO_VARIANT_LINK
pkm-perfect-order-57-88-b8da2d7e3f,Perfect Order,Doublade,57/88,NO_VARIANT_LINK
pkm-perfect-order-61-88-3bbdcbf7d9,Perfect Order,Raticate,61/88,NO_VARIANT_LINK
pkm-perfect-order-62-88-66c6660570,Perfect Order,Meowth ex,62/88,NO_VARIANT_LINK
pkm-perfect-order-75-88-2e50202463,Perfect Order,Jacinthe,75/88,NO_VARIANT_LINK
pkm-perfect-order-77-88-565ca3713f,Perfect Order,Lumiose City,77/88,NO_VARIANT_LINK
pkm-perfect-order-79-88-8ff80e57db,Perfect Order,Naveen,79/88,NO_VARIANT_LINK
pkm-perfect-order-81-88-96dbd6a0f4,Perfect Order,Poké Pad,81/88,NO_VARIANT_LINK
pkm-perfect-order-84-88-e4be9089f8,Perfect Order,Rosa's Encouragement,84/88,NO_VARIANT_LINK
pkm-perfect-order-85-88-fd91422c06,Perfect Order,Tarragon,85/88,NO_VARIANT_LINK
pkm-perfect-order-87-88-2a6889615a,Perfect Order,Rocky Fighting Energy,87/88,NO_VARIANT_LINK
pkm-perfect-order-89-88-7347a5b1d7,Perfect Order,Spewpa,89/88,NO_VARIANT_LINK
pkm-perfect-order-90-88-1feb0aaf93,Perfect Order,Rowlet,90/88,NO_VARIANT_LINK
pkm-perfect-order-91-88-5a533d5c5f,Perfect Order,Talonflame,91/88,NO_VARIANT_LINK
pkm-perfect-order-92-88-89fbad7be6,Perfect Order,Aurorus,92/88,NO_VARIANT_LINK
pkm-perfect-order-93-88-8597a26de9,Perfect Order,Dedenne,93/88,NO_VARIANT_LINK
pkm-perfect-order-94-88-bcf2dad438,Perfect Order,Clefairy,94/88,NO_VARIANT_LINK
pkm-perfect-order-95-88-e535a5f86e,Perfect Order,Espurr,95/88,NO_VARIANT_LINK
pkm-perfect-order-96-88-ff3f29cf8c,Perfect Order,Probopass,96/88,NO_VARIANT_LINK
pkm-perfect-order-97-88-df5a992c4a,Perfect Order,Drapion,97/88,NO_VARIANT_LINK
pkm-perfect-order-98-88-8b60be651b,Perfect Order,Doublade,98/88,NO_VARIANT_LINK
pkm-perfect-order-99-88-d1cc0d934d,Perfect Order,Raticate,99/88,NO_VARIANT_LINK
pkm-perfect-order-100-88-1a509c429c,Perfect Order,Decidueye ex,100/88,NO_VARIANT_LINK
pkm-perfect-order-101-88-99c3f7dd4b,Perfect Order,Salazzle ex,101/88,NO_VARIANT_LINK
pkm-perfect-order-102-88-6646a8a12e,Perfect Order,Mega Starmie ex,102/88,NO_VARIANT_LINK
pkm-perfect-order-103-88-a0c458a3a1,Perfect Order,Mega Clefable ex,103/88,NO_VARIANT_LINK
pkm-perfect-order-104-88-b8c961843e,Perfect Order,Mega Zygarde ex,104/88,NO_VARIANT_LINK
pkm-perfect-order-105-88-4b46c51c8e,Perfect Order,Yveltal ex,105/88,NO_VARIANT_LINK
pkm-perfect-order-106-88-a95ffefce2,Perfect Order,Mega Skarmory ex,106/88,NO_VARIANT_LINK
pkm-perfect-order-107-88-85e73c7e80,Perfect Order,Meowth ex,107/88,NO_VARIANT_LINK
pkm-perfect-order-110-88-68d9ae9d0b,Perfect Order,Jacinthe,110/88,NO_VARIANT_LINK
pkm-perfect-order-111-88-ecd784a69e,Perfect Order,Lumiose City,111/88,NO_VARIANT_LINK
pkm-perfect-order-112-88-d5d936ea2b,Perfect Order,Naveen,112/88,NO_VARIANT_LINK
pkm-perfect-order-113-88-d9b34d2ef5,Perfect Order,Poké Pad,113/88,NO_VARIANT_LINK
pkm-perfect-order-114-88-252e62da66,Perfect Order,Rosa's Encouragement,114/88,NO_VARIANT_LINK
pkm-perfect-order-116-88-d5226ba091,Perfect Order,Tarragon,116/88,NO_VARIANT_LINK
pkm-perfect-order-118-88-f25d52bf44,Perfect Order,Mega Starmie ex,118/88,NO_VARIANT_LINK
pkm-perfect-order-119-88-440d8a29ab,Perfect Order,Mega Clefable ex,119/88,NO_VARIANT_LINK
pkm-perfect-order-120-88-04cfa7fcce,Perfect Order,Mega Zygarde ex,120/88,NO_VARIANT_LINK
pkm-perfect-order-121-88-6e22b494ad,Perfect Order,Meowth ex,121/88,NO_VARIANT_LINK
pkm-perfect-order-122-88-f94cc69b46,Perfect Order,Jacinthe,122/88,NO_VARIANT_LINK
pkm-perfect-order-123-88-48d0d9b9fc,Perfect Order,Rosa's Encouragement,123/88,NO_VARIANT_LINK
pkm-perfect-order-124-88-89cdd52ca6,Perfect Order,Mega Zygarde ex,124/88,NO_VARIANT_LINK
pkm-phantasmal-flames-4-94-f4df864ddb,Phantasmal Flames,Mega Heracross ex,4/94,NO_VARIANT_LINK
pkm-phantasmal-flames-7-94-eec213ada2,Phantasmal Flames,Ludicolo,7/94,NO_VARIANT_LINK
pkm-phantasmal-flames-9-94-9bd451a69b,Phantasmal Flames,Nymble,9/94,NO_VARIANT_LINK
pkm-phantasmal-flames-13-94-1b9b1d6407,Phantasmal Flames,Mega Charizard X ex,13/94,NO_VARIANT_LINK
pkm-phantasmal-flames-18-94-370b662c32,Phantasmal Flames,Oricorio ex,18/94,NO_VARIANT_LINK
pkm-phantasmal-flames-22-94-4f74435267,Phantasmal Flames,Dewgong,22/94,NO_VARIANT_LINK
pkm-phantasmal-flames-27-94-8c4fdbf1a4,Phantasmal Flames,Piplup,27/94,NO_VARIANT_LINK
pkm-phantasmal-flames-29-94-0419f36d3c,Phantasmal Flames,Rotom ex,29/94,NO_VARIANT_LINK
pkm-phantasmal-flames-30-94-41f9ccb3f7,Phantasmal Flames,Yamper,30/94,NO_VARIANT_LINK
pkm-phantasmal-flames-36-94-fa54a13cc4,Phantasmal Flames,Mismagius ex,36/94,NO_VARIANT_LINK
pkm-phantasmal-flames-45-94-b8714fd22b,Phantasmal Flames,Zacian,45/94,NO_VARIANT_LINK
pkm-phantasmal-flames-53-94-3f6d6b42b6,Phantasmal Flames,Flygon,53/94,NO_VARIANT_LINK
pkm-phantasmal-flames-55-94-c9c0b9881e,Phantasmal Flames,Haunter,55/94,NO_VARIANT_LINK
pkm-phantasmal-flames-61-94-9aac8de648,Phantasmal Flames,Mega Sharpedo ex,61/94,NO_VARIANT_LINK
pkm-phantasmal-flames-70-94-213a71a570,Phantasmal Flames,Empoleon ex,70/94,NO_VARIANT_LINK
pkm-phantasmal-flames-73-94-583864036d,Phantasmal Flames,Togedemaru,73/94,NO_VARIANT_LINK
pkm-phantasmal-flames-77-94-69b1ba24e8,Phantasmal Flames,Wigglytuff,77/94,NO_VARIANT_LINK
pkm-phantasmal-flames-79-94-94ef35561b,Phantasmal Flames,Ambipom,79/94,NO_VARIANT_LINK
pkm-phantasmal-flames-84-94-23c1a70d17,Phantasmal Flames,Mega Lopunny ex,84/94,NO_VARIANT_LINK
pkm-phantasmal-flames-85-94-968c5c13d8,Phantasmal Flames,Battle Cage,85/94,NO_VARIANT_LINK
pkm-phantasmal-flames-86-94-8cb31a27ee,Phantasmal Flames,Blowtorch,86/94,NO_VARIANT_LINK
pkm-phantasmal-flames-89-94-8785782f06,Phantasmal Flames,Firebreather,89/94,NO_VARIANT_LINK
pkm-phantasmal-flames-93-94-52c36e9ffc,Phantasmal Flames,Sacred Charm,93/94,NO_VARIANT_LINK
pkm-phantasmal-flames-95-94-8ddd67f7a1,Phantasmal Flames,Ludicolo,95/94,NO_VARIANT_LINK
pkm-phantasmal-flames-96-94-309c7eef52,Phantasmal Flames,Nymble,96/94,NO_VARIANT_LINK
pkm-phantasmal-flames-97-94-4a3d1119e5,Phantasmal Flames,Dewgong,97/94,NO_VARIANT_LINK
pkm-phantasmal-flames-98-94-a9bf27727d,Phantasmal Flames,Piplup,98/94,NO_VARIANT_LINK
pkm-phantasmal-flames-99-94-5a601846bf,Phantasmal Flames,Yamper,99/94,NO_VARIANT_LINK
pkm-phantasmal-flames-100-94-bc8d17f4fd,Phantasmal Flames,Zacian,100/94,NO_VARIANT_LINK
pkm-phantasmal-flames-101-94-0692efb4d6,Phantasmal Flames,Flygon,101/94,NO_VARIANT_LINK
pkm-phantasmal-flames-103-94-bbdfece09c,Phantasmal Flames,Toxtricity,103/94,NO_VARIANT_LINK
pkm-phantasmal-flames-104-94-e2ca5bbb76,Phantasmal Flames,Togedemaru,104/94,NO_VARIANT_LINK
pkm-phantasmal-flames-105-94-6bc95af685,Phantasmal Flames,Wigglytuff,105/94,NO_VARIANT_LINK
pkm-phantasmal-flames-107-94-e03d78393c,Phantasmal Flames,Ambipom,107/94,NO_VARIANT_LINK
pkm-phantasmal-flames-108-94-56d0621471,Phantasmal Flames,Mega Heracross ex,108/94,NO_VARIANT_LINK
pkm-phantasmal-flames-109-94-b8fc46b28e,Phantasmal Flames,Mega Charizard X ex,109/94,NO_VARIANT_LINK
pkm-phantasmal-flames-110-94-6436c4e22f,Phantasmal Flames,Oricorio ex,110/94,NO_VARIANT_LINK
pkm-phantasmal-flames-111-94-18c9902b54,Phantasmal Flames,Rotom ex,111/94,NO_VARIANT_LINK
pkm-phantasmal-flames-112-94-2b8e881039,Phantasmal Flames,Mismagius ex,112/94,NO_VARIANT_LINK
pkm-phantasmal-flames-113-94-bab8905b89,Phantasmal Flames,Mega Sharpedo ex,113/94,NO_VARIANT_LINK
pkm-phantasmal-flames-114-94-97f08f5386,Phantasmal Flames,Empoleon ex,114/94,NO_VARIANT_LINK
pkm-phantasmal-flames-115-94-1f0429d940,Phantasmal Flames,Mega Lopunny ex,115/94,NO_VARIANT_LINK
pkm-phantasmal-flames-116-94-1f68a77eb1,Phantasmal Flames,Battle Cage,116/94,NO_VARIANT_LINK
pkm-phantasmal-flames-117-94-806dc68eef,Phantasmal Flames,Blowtorch,117/94,NO_VARIANT_LINK
pkm-phantasmal-flames-118-94-ddfe78b318,Phantasmal Flames,Dawn,118/94,NO_VARIANT_LINK
pkm-phantasmal-flames-119-94-c31bbd980e,Phantasmal Flames,Firebreather,119/94,NO_VARIANT_LINK
pkm-phantasmal-flames-120-94-e213d5da01,Phantasmal Flames,Grimsley's Move,120/94,NO_VARIANT_LINK
pkm-phantasmal-flames-121-94-c3c9adc418,Phantasmal Flames,Punk Helmet,121/94,NO_VARIANT_LINK
pkm-phantasmal-flames-122-94-f1f1981fdb,Phantasmal Flames,Sacred Charm,122/94,NO_VARIANT_LINK
pkm-phantasmal-flames-125-94-e7e19a356f,Phantasmal Flames,Mega Charizard X ex,125/94,NO_VARIANT_LINK
pkm-phantasmal-flames-126-94-ed8c4c0834,Phantasmal Flames,Rotom ex,126/94,NO_VARIANT_LINK
pkm-phantasmal-flames-127-94-5fa3ba999c,Phantasmal Flames,Mega Sharpedo ex,127/94,NO_VARIANT_LINK
pkm-phantasmal-flames-128-94-28314a318d,Phantasmal Flames,Mega Lopunny ex,128/94,NO_VARIANT_LINK
pkm-phantasmal-flames-129-94-3e8cd394e8,Phantasmal Flames,Dawn,129/94,NO_VARIANT_LINK
pkm-phantasmal-flames-130-94-07096f12cd,Phantasmal Flames,Mega Charizard X ex,130/94,NO_VARIANT_LINK
pkm-prismatic-evolutions-6-131-bc4a1c723c,Prismatic Evolutions,Leafeon ex,6/131,NO_VARIANT_LINK
pkm-prismatic-evolutions-12-131-3b8b76c9fe,Prismatic Evolutions,Teal Mask Ogerpon ex,12/131,NO_VARIANT_LINK
pkm-prismatic-evolutions-14-131-bf1ac3b847,Prismatic Evolutions,Flareon ex,14/131,NO_VARIANT_LINK
pkm-prismatic-evolutions-17-131-0b974560c8,Prismatic Evolutions,Hearthflame Mask Ogerpon ex,17/131,NO_VARIANT_LINK
pkm-prismatic-evolutions-23-131-347189ff85,Prismatic Evolutions,Vaporeon ex,23/131,NO_VARIANT_LINK
pkm-prismatic-evolutions-26-131-9eec23c0ca,Prismatic Evolutions,Glaceon ex,26/131,NO_VARIANT_LINK
pkm-prismatic-evolutions-27-131-68195b8ba9,Prismatic Evolutions,Wellspring Mask Ogerpon ex,27/131,NO_VARIANT_LINK
pkm-prismatic-evolutions-28-131-609c9ea613,Prismatic Evolutions,Pikachu ex,28/131,NO_VARIANT_LINK
pkm-prismatic-evolutions-30-131-8857b27ba9,Prismatic Evolutions,Jolteon ex,30/131,NO_VARIANT_LINK
pkm-prismatic-evolutions-31-131-d08347b1f5,Prismatic Evolutions,Iron Hands ex,31/131,NO_VARIANT_LINK
pkm-prismatic-evolutions-34-131-23bbb8bbb8,Prismatic Evolutions,Espeon ex,34/131,NO_VARIANT_LINK
pkm-prismatic-evolutions-41-131-17e82cd127,Prismatic Evolutions,Sylveon ex,41/131,NO_VARIANT_LINK
pkm-prismatic-evolutions-56-131-169d1a15fe,Prismatic Evolutions,Sandy Shocks ex,56/131,NO_VARIANT_LINK
pkm-prismatic-evolutions-58-131-c68c5bf16c,Prismatic Evolutions,Cornerstone Mask Ogerpon ex,58/131,NO_VARIANT_LINK
pkm-prismatic-evolutions-60-131-9234d0d089,Prismatic Evolutions,Umbreon ex,60/131,NO_VARIANT_LINK
pkm-prismatic-evolutions-73-131-04cff46412,Prismatic Evolutions,Dragapult ex,73/131,NO_VARIANT_LINK
pkm-prismatic-evolutions-75-131-6c40c009a2,Prismatic Evolutions,Eevee ex,75/131,NO_VARIANT_LINK
pkm-prismatic-evolutions-92-131-b595ca17cd,Prismatic Evolutions,Terapagos ex,92/131,NO_VARIANT_LINK
pkm-prismatic-evolutions-93-131-7896151ea6,Prismatic Evolutions,Amarys,93/131,NO_VARIANT_LINK
pkm-prismatic-evolutions-96-131-3e26d97d3f,Prismatic Evolutions,Black Belt's Training,96/131,NO_VARIANT_LINK
pkm-prismatic-evolutions-97-131-e4d7e92627,Prismatic Evolutions,Black Belt's Training,97/131,NO_VARIANT_LINK
pkm-prismatic-evolutions-98-131-aac04c0cf6,Prismatic Evolutions,Black Belt's Training,98/131,NO_VARIANT_LINK
pkm-prismatic-evolutions-99-131-2a40070dbf,Prismatic Evolutions,Black Belt's Training,99/131,NO_VARIANT_LINK
pkm-prismatic-evolutions-105-131-edf6076b38,Prismatic Evolutions,Crispin,105/131,NO_VARIANT_LINK
pkm-prismatic-evolutions-109-131-63a75b1acd,Prismatic Evolutions,Friends in Paldea,109/131,NO_VARIANT_LINK
pkm-prismatic-evolutions-112-131-61d2fc621c,Prismatic Evolutions,Janine's Secret Art,112/131,NO_VARIANT_LINK
pkm-prismatic-evolutions-113-131-610f1dc3d4,Prismatic Evolutions,Kieran,113/131,NO_VARIANT_LINK
pkm-prismatic-evolutions-114-131-726ed8dc68,Prismatic Evolutions,Lacey,114/131,NO_VARIANT_LINK
pkm-prismatic-evolutions-115-131-4fe0d855af,Prismatic Evolutions,Larry's Skill,115/131,NO_VARIANT_LINK
pkm-prismatic-evolutions-122-131-2a3925509d,Prismatic Evolutions,Professor's Research,122/131,NO_VARIANT_LINK
pkm-prismatic-evolutions-123-131-834fb417fc,Prismatic Evolutions,Professor's Research,123/131,NO_VARIANT_LINK
pkm-prismatic-evolutions-124-131-6b2c8248c9,Prismatic Evolutions,Professor's Research,124/131,NO_VARIANT_LINK
pkm-prismatic-evolutions-125-131-98e0670d8f,Prismatic Evolutions,Professor's Research,125/131,NO_VARIANT_LINK
pkm-prismatic-evolutions-132-131-edcb9088ce,Prismatic Evolutions,Amarys,132/131,NO_VARIANT_LINK
pkm-prismatic-evolutions-133-131-e64eef3aa9,Prismatic Evolutions,Atticus,133/131,NO_VARIANT_LINK
pkm-prismatic-evolutions-134-131-464e722be8,Prismatic Evolutions,Atticus,134/131,NO_VARIANT_LINK
pkm-prismatic-evolutions-137-131-2431e02a2b,Prismatic Evolutions,Friends in Paldea,137/131,NO_VARIANT_LINK
pkm-prismatic-evolutions-139-131-b69136e5eb,Prismatic Evolutions,Larry's Skill,139/131,NO_VARIANT_LINK
pkm-prismatic-evolutions-144-131-053c6b7211,Prismatic Evolutions,Leafeon ex,144/131,NO_VARIANT_LINK
pkm-prismatic-evolutions-145-131-a8ab35c594,Prismatic Evolutions,Teal Mask Ogerpon ex,145/131,NO_VARIANT_LINK
pkm-prismatic-evolutions-146-131-af0604aa62,Prismatic Evolutions,Flareon ex,146/131,NO_VARIANT_LINK
pkm-prismatic-evolutions-148-131-936ff87045,Prismatic Evolutions,Hearthflame Mask Ogerpon ex,148/131,NO_VARIANT_LINK
pkm-prismatic-evolutions-149-131-44c98d3dc0,Prismatic Evolutions,Vaporeon ex,149/131,NO_VARIANT_LINK
pkm-prismatic-evolutions-150-131-651afd656a,Prismatic Evolutions,Glaceon ex,150/131,NO_VARIANT_LINK
pkm-prismatic-evolutions-152-131-60a0a11125,Prismatic Evolutions,Wellspring Mask Ogerpon ex,152/131,NO_VARIANT_LINK
pkm-prismatic-evolutions-153-131-34f34a2cec,Prismatic Evolutions,Jolteon ex,153/131,NO_VARIANT_LINK
pkm-prismatic-evolutions-154-131-1c4c0c1ca5,Prismatic Evolutions,Iron Hands ex,154/131,NO_VARIANT_LINK
pkm-prismatic-evolutions-155-131-3116d1c429,Prismatic Evolutions,Espeon ex,155/131,NO_VARIANT_LINK
pkm-prismatic-evolutions-156-131-f775a6ff1a,Prismatic Evolutions,Sylveon ex,156/131,NO_VARIANT_LINK
pkm-prismatic-evolutions-159-131-e53611cbac,Prismatic Evolutions,Sandy Shocks ex,159/131,NO_VARIANT_LINK
pkm-prismatic-evolutions-160-131-bf5077f7ca,Prismatic Evolutions,Cornerstone Mask Ogerpon ex,160/131,NO_VARIANT_LINK
pkm-prismatic-evolutions-161-131-a3c27a38a2,Prismatic Evolutions,Umbreon ex,161/131,NO_VARIANT_LINK
pkm-prismatic-evolutions-165-131-67f20129e6,Prismatic Evolutions,Dragapult ex,165/131,NO_VARIANT_LINK
pkm-prismatic-evolutions-167-131-4b701b1c10,Prismatic Evolutions,Eevee ex,167/131,NO_VARIANT_LINK
pkm-prismatic-evolutions-169-131-b4dd1edeec,Prismatic Evolutions,Terapagos ex,169/131,NO_VARIANT_LINK
pkm-prismatic-evolutions-170-131-b2880fc6b5,Prismatic Evolutions,Amarys,170/131,NO_VARIANT_LINK
pkm-prismatic-evolutions-171-131-6f4faff345,Prismatic Evolutions,Crispin,171/131,NO_VARIANT_LINK
pkm-prismatic-evolutions-173-131-5640037fa6,Prismatic Evolutions,Janine's Secret Art,173/131,NO_VARIANT_LINK
pkm-prismatic-evolutions-174-131-775e100923,Prismatic Evolutions,Kieran,174/131,NO_VARIANT_LINK
pkm-prismatic-evolutions-175-131-0b8de66688,Prismatic Evolutions,Lacey,175/131,NO_VARIANT_LINK
pkm-prismatic-evolutions-177-131-11a4dcce27,Prismatic Evolutions,Teal Mask Ogerpon ex,177/131,NO_VARIANT_LINK
pkm-prismatic-evolutions-179-131-294b3f3f10,Prismatic Evolutions,Pikachu ex,179/131,NO_VARIANT_LINK
pkm-prismatic-evolutions-180-131-ffe78a394c,Prismatic Evolutions,Terapagos ex,180/131,NO_VARIANT_LINK
pkm-rebel-clash-20-192-bc2df49210,Rebel Clash,Applin,20/192,NO_VARIANT_LINK
pkm-rebel-clash-21-192-371ffd6d12,Rebel Clash,Applin,21/192,NO_VARIANT_LINK
pkm-rebel-clash-172-192-945c8db308,Rebel Clash,Horror Psychic Energy,172/192,NO_VARIANT_LINK
pkm-rebel-clash-173-192-ee1cc9eefd,Rebel Clash,Speed Lightning Energy,173/192,NO_VARIANT_LINK
pkm-swsh-black-star-promos-swsh001-307-3427e49df3,SWSH Black Star Promos,Grookey,SWSH001/307,NO_VARIANT_LINK
pkm-swsh-black-star-promos-swsh002-307-813fcac39d,SWSH Black Star Promos,Scorbunny,SWSH002/307,NO_VARIANT_LINK
pkm-swsh-black-star-promos-swsh003-307-169ed20311,SWSH Black Star Promos,Sobble,SWSH003/307,NO_VARIANT_LINK
pkm-swsh-black-star-promos-swsh004-307-db92bc625f,SWSH Black Star Promos,Meowth V,SWSH004/307,NO_VARIANT_LINK
pkm-swsh-black-star-promos-swsh005-307-7ff8bc479f,SWSH Black Star Promos,Meowth VMAX,SWSH005/307,NO_VARIANT_LINK
pkm-swsh-black-star-promos-swsh006-307-da58fbe6c3,SWSH Black Star Promos,Rillaboom,SWSH006/307,NO_VARIANT_LINK
pkm-swsh-black-star-promos-swsh007-307-020c95d270,SWSH Black Star Promos,Frosmoth,SWSH007/307,NO_VARIANT_LINK
pkm-swsh-black-star-promos-swsh008-307-09631d3068,SWSH Black Star Promos,Galarian Perrserker,SWSH008/307,NO_VARIANT_LINK
pkm-swsh-black-star-promos-swsh009-307-d283536c87,SWSH Black Star Promos,Cinccino,SWSH009/307,NO_VARIANT_LINK
pkm-swsh-black-star-promos-swsh010-307-d0b6198f9d,SWSH Black Star Promos,Gossifleur,SWSH010/307,NO_VARIANT_LINK
pkm-swsh-black-star-promos-swsh011-307-f9d7d5bf50,SWSH Black Star Promos,Wooloo,SWSH011/307,NO_VARIANT_LINK
pkm-swsh-black-star-promos-swsh012-307-32644c2cb0,SWSH Black Star Promos,Morpeko,SWSH012/307,NO_VARIANT_LINK
pkm-swsh-black-star-promos-swsh013-307-2acdb14502,SWSH Black Star Promos,Galarian Ponyta,SWSH013/307,NO_VARIANT_LINK
pkm-swsh-black-star-promos-swsh014-307-e2d97db323,SWSH Black Star Promos,Rillaboom V,SWSH014/307,NO_VARIANT_LINK
pkm-swsh-black-star-promos-swsh015-307-cff1d99ff8,SWSH Black Star Promos,Cinderace V,SWSH015/307,NO_VARIANT_LINK
pkm-swsh-black-star-promos-swsh016-307-7cdc444aec,SWSH Black Star Promos,Inteleon V,SWSH016/307,NO_VARIANT_LINK
pkm-swsh-black-star-promos-swsh017-307-717f0cde46,SWSH Black Star Promos,Toxtricity V,SWSH017/307,NO_VARIANT_LINK
pkm-swsh-black-star-promos-swsh018-307-99ed30277a,SWSH Black Star Promos,Zacian V,SWSH018/307,NO_VARIANT_LINK
pkm-swsh-black-star-promos-swsh019-307-a90daf2f9d,SWSH Black Star Promos,Zamazenta V,SWSH019/307,NO_VARIANT_LINK
pkm-swsh-black-star-promos-swsh020-307-f62ddc77d4,SWSH Black Star Promos,Pikachu,SWSH020/307,NO_VARIANT_LINK
pkm-swsh-black-star-promos-swsh021-307-236bb149b5,SWSH Black Star Promos,Polteageist V,SWSH021/307,NO_VARIANT_LINK
pkm-swsh-black-star-promos-swsh022-307-0b62c8f680,SWSH Black Star Promos,Flapple,SWSH022/307,NO_VARIANT_LINK
pkm-swsh-black-star-promos-swsh023-307-fd5a535841,SWSH Black Star Promos,Luxray,SWSH023/307,NO_VARIANT_LINK
pkm-swsh-black-star-promos-swsh024-307-9d276e92d4,SWSH Black Star Promos,Coalossal,SWSH024/307,NO_VARIANT_LINK
pkm-swsh-black-star-promos-swsh025-307-eaf96e6c15,SWSH Black Star Promos,Garbodor,SWSH025/307,NO_VARIANT_LINK
pkm-swsh-black-star-promos-swsh026-307-e1f95e00ff,SWSH Black Star Promos,Mantine,SWSH026/307,NO_VARIANT_LINK
pkm-swsh-black-star-promos-swsh027-307-299e0077f0,SWSH Black Star Promos,Noctowl,SWSH027/307,NO_VARIANT_LINK
pkm-swsh-black-star-promos-swsh028-307-b1c61312b9,SWSH Black Star Promos,Duraludon,SWSH028/307,NO_VARIANT_LINK
pkm-swsh-black-star-promos-swsh029-307-26cb3068b7,SWSH Black Star Promos,Rayquaza,SWSH029/307,NO_VARIANT_LINK
pkm-swsh-black-star-promos-swsh030-307-d7f1cc3833,SWSH Black Star Promos,Copperajah V,SWSH030/307,NO_VARIANT_LINK
pkm-swsh-black-star-promos-swsh031-307-54d40ce1df,SWSH Black Star Promos,Morpeko,SWSH031/307,NO_VARIANT_LINK
pkm-swsh-black-star-promos-swsh032-307-d0698a0a37,SWSH Black Star Promos,Snorlax,SWSH032/307,NO_VARIANT_LINK
pkm-swsh-black-star-promos-swsh033-307-45fe28c866,SWSH Black Star Promos,Zacian,SWSH033/307,NO_VARIANT_LINK
pkm-swsh-black-star-promos-swsh034-307-eb98f1029a,SWSH Black Star Promos,Zamazenta,SWSH034/307,NO_VARIANT_LINK
pkm-swsh-black-star-promos-swsh035-307-f92dc19f07,SWSH Black Star Promos,Decidueye,SWSH035/307,NO_VARIANT_LINK
pkm-swsh-black-star-promos-swsh036-307-651205b30f,SWSH Black Star Promos,Arctozolt,SWSH036/307,NO_VARIANT_LINK
pkm-swsh-black-star-promos-swsh037-307-ac3d206154,SWSH Black Star Promos,Hydreigon,SWSH037/307,NO_VARIANT_LINK
pkm-swsh-black-star-promos-swsh038-307-87aa596689,SWSH Black Star Promos,Kangaskhan,SWSH038/307,NO_VARIANT_LINK
pkm-swsh-black-star-promos-swsh039-307-542ff75edb,SWSH Black Star Promos,Pikachu,SWSH039/307,NO_VARIANT_LINK
pkm-swsh-black-star-promos-swsh040-307-f8d44c377e,SWSH Black Star Promos,Hatenna,SWSH040/307,NO_VARIANT_LINK
pkm-swsh-black-star-promos-swsh041-307-e6be820d4a,SWSH Black Star Promos,Flareon,SWSH041/307,NO_VARIANT_LINK
pkm-swsh-black-star-promos-swsh042-307-8fac8e15cb,SWSH Black Star Promos,Eevee,SWSH042/307,NO_VARIANT_LINK
pkm-swsh-black-star-promos-swsh043-307-9ecf8e8451,SWSH Black Star Promos,Galarian Sirfetch'd V,SWSH043/307,NO_VARIANT_LINK
pkm-swsh-black-star-promos-swsh044-307-79057dec76,SWSH Black Star Promos,Eternatus V,SWSH044/307,NO_VARIANT_LINK
pkm-swsh-black-star-promos-swsh045-307-b8a319507a,SWSH Black Star Promos,Eternatus VMAX,SWSH045/307,NO_VARIANT_LINK
pkm-swsh-black-star-promos-swsh046-307-86b30af025,SWSH Black Star Promos,Eldegoss,SWSH046/307,NO_VARIANT_LINK
pkm-swsh-black-star-promos-swsh047-307-386b2efc8e,SWSH Black Star Promos,Drednaw,SWSH047/307,NO_VARIANT_LINK
pkm-swsh-black-star-promos-swsh048-307-6d42d89a50,SWSH Black Star Promos,Centiskorch,SWSH048/307,NO_VARIANT_LINK
pkm-swsh-black-star-promos-swsh049-307-fc9c852a22,SWSH Black Star Promos,Dubwool V,SWSH049/307,NO_VARIANT_LINK
pkm-swsh-black-star-promos-swsh050-307-13e0bd909c,SWSH Black Star Promos,Charizard V,SWSH050/307,NO_VARIANT_LINK
pkm-swsh-black-star-promos-swsh051-307-c3d4efb63c,SWSH Black Star Promos,Lapras,SWSH051/307,NO_VARIANT_LINK
pkm-swsh-black-star-promos-swsh052-307-465b3afbd1,SWSH Black Star Promos,Gengar,SWSH052/307,NO_VARIANT_LINK
pkm-swsh-black-star-promos-swsh053-307-8f79665088,SWSH Black Star Promos,Machamp,SWSH053/307,NO_VARIANT_LINK
pkm-swsh-black-star-promos-swsh054-307-1fdf5d381d,SWSH Black Star Promos,Coalossal,SWSH054/307,NO_VARIANT_LINK
pkm-swsh-black-star-promos-swsh055-307-ad11476c92,SWSH Black Star Promos,Hatterene V,SWSH055/307,NO_VARIANT_LINK
pkm-swsh-black-star-promos-swsh056-307-0d6105c223,SWSH Black Star Promos,Morpeko V,SWSH056/307,NO_VARIANT_LINK
pkm-swsh-black-star-promos-swsh057-307-1790804501,SWSH Black Star Promos,Grimmsnarl V,SWSH057/307,NO_VARIANT_LINK
pkm-swsh-black-star-promos-swsh058-307-08d6e2cf60,SWSH Black Star Promos,Alcremie,SWSH058/307,NO_VARIANT_LINK
pkm-swsh-black-star-promos-swsh059-307-319d03e624,SWSH Black Star Promos,Galarian Obstagoon,SWSH059/307,NO_VARIANT_LINK
pkm-swsh-black-star-promos-swsh060-307-25c58eec48,SWSH Black Star Promos,Duraludon,SWSH060/307,NO_VARIANT_LINK
pkm-swsh-black-star-promos-swsh061-307-aceec5b31d,SWSH Black Star Promos,Pikachu V,SWSH061/307,NO_VARIANT_LINK
pkm-swsh-black-star-promos-swsh062-307-aafd68eec2,SWSH Black Star Promos,Pikachu VMAX,SWSH062/307,NO_VARIANT_LINK
pkm-swsh-black-star-promos-swsh063-307-a116838666,SWSH Black Star Promos,Pikachu V,SWSH063/307,NO_VARIANT_LINK
pkm-swsh-black-star-promos-swsh064-307-320b5ee4d0,SWSH Black Star Promos,Eternatus V,SWSH064/307,NO_VARIANT_LINK
pkm-swsh-black-star-promos-swsh065-307-1d2a0fae32,SWSH Black Star Promos,Eevee V,SWSH065/307,NO_VARIANT_LINK
pkm-swsh-black-star-promos-swsh066-307-7276bf182c,SWSH Black Star Promos,Charizard,SWSH066/307,NO_VARIANT_LINK
pkm-swsh-black-star-promos-swsh067-307-704936ae76,SWSH Black Star Promos,Donphan,SWSH067/307,NO_VARIANT_LINK
pkm-swsh-black-star-promos-swsh068-307-07f0f48616,SWSH Black Star Promos,Snorlax,SWSH068/307,NO_VARIANT_LINK
pkm-swsh-black-star-promos-swsh069-307-8e55dc8d39,SWSH Black Star Promos,Lugia,SWSH069/307,NO_VARIANT_LINK
pkm-swsh-black-star-promos-swsh070-307-779b85947a,SWSH Black Star Promos,Grookey,SWSH070/307,NO_VARIANT_LINK
pkm-swsh-black-star-promos-swsh071-307-62fe50c528,SWSH Black Star Promos,Scorbunny,SWSH071/307,NO_VARIANT_LINK
pkm-swsh-black-star-promos-swsh072-307-d1648583c0,SWSH Black Star Promos,Vaporeon,SWSH072/307,NO_VARIANT_LINK
pkm-swsh-black-star-promos-swsh073-307-6264d386c4,SWSH Black Star Promos,Sobble,SWSH073/307,NO_VARIANT_LINK
pkm-swsh-black-star-promos-swsh074-307-942f1e5b69,SWSH Black Star Promos,Special Delivery Pikachu,SWSH074/307,NO_VARIANT_LINK
pkm-swsh-black-star-promos-swsh075-307-673add0fdf,SWSH Black Star Promos,Special Delivery Charizard,SWSH075/307,NO_VARIANT_LINK
pkm-swsh-black-star-promos-swsh076-307-0060d20372,SWSH Black Star Promos,Zacian V,SWSH076/307,NO_VARIANT_LINK
pkm-swsh-black-star-promos-swsh077-307-233f8bcb0b,SWSH Black Star Promos,Zamazenta V,SWSH077/307,NO_VARIANT_LINK
pkm-swsh-black-star-promos-swsh078-307-2c20f41987,SWSH Black Star Promos,Orbeetle V,SWSH078/307,NO_VARIANT_LINK
pkm-swsh-black-star-promos-swsh079-307-bc4ada8d68,SWSH Black Star Promos,Galarian Mr. Rime,SWSH079/307,NO_VARIANT_LINK
pkm-swsh-black-star-promos-swsh080-307-71d20c4739,SWSH Black Star Promos,Dedenne,SWSH080/307,NO_VARIANT_LINK
pkm-swsh-black-star-promos-swsh081-307-be1888f08f,SWSH Black Star Promos,Polteageist,SWSH081/307,NO_VARIANT_LINK
pkm-swsh-black-star-promos-swsh082-307-f96ac7d7da,SWSH Black Star Promos,Bunnelby,SWSH082/307,NO_VARIANT_LINK
pkm-swsh-black-star-promos-swsh083-307-6c768081bf,SWSH Black Star Promos,Alakazam V,SWSH083/307,NO_VARIANT_LINK
pkm-swsh-black-star-promos-swsh084-307-b920791af4,SWSH Black Star Promos,Eldegoss V,SWSH084/307,NO_VARIANT_LINK
pkm-swsh-black-star-promos-swsh085-307-c055ecdad4,SWSH Black Star Promos,Boltund V,SWSH085/307,NO_VARIANT_LINK
pkm-swsh-black-star-promos-swsh086-307-71c06d2a7c,SWSH Black Star Promos,Cramorant V,SWSH086/307,NO_VARIANT_LINK
pkm-swsh-black-star-promos-swsh087-307-effea080e1,SWSH Black Star Promos,Eevee VMAX,SWSH087/307,NO_VARIANT_LINK
pkm-swsh-black-star-promos-swsh088-307-bdaf5b7e3c,SWSH Black Star Promos,Cherrim,SWSH088/307,NO_VARIANT_LINK
pkm-swsh-black-star-promos-swsh089-307-f40fa8397a,SWSH Black Star Promos,Octillery,SWSH089/307,NO_VARIANT_LINK
pkm-swsh-black-star-promos-swsh090-307-e9289e90bb,SWSH Black Star Promos,Houndoom,SWSH090/307,NO_VARIANT_LINK
pkm-swsh-black-star-promos-swsh091-307-f8e865819f,SWSH Black Star Promos,Bronzong,SWSH091/307,NO_VARIANT_LINK
pkm-swsh-black-star-promos-swsh092-307-557b8a3e68,SWSH Black Star Promos,Charmander,SWSH092/307,NO_VARIANT_LINK
pkm-swsh-black-star-promos-swsh093-307-80f1414881,SWSH Black Star Promos,Arrokuda,SWSH093/307,NO_VARIANT_LINK
pkm-swsh-black-star-promos-swsh094-307-bd7cff437b,SWSH Black Star Promos,Jolteon,SWSH094/307,NO_VARIANT_LINK
pkm-swsh-black-star-promos-swsh095-307-4a33cefa7b,SWSH Black Star Promos,Eevee,SWSH095/307,NO_VARIANT_LINK
pkm-swsh-black-star-promos-swsh096-307-c64506397e,SWSH Black Star Promos,Dragapult V,SWSH096/307,NO_VARIANT_LINK
pkm-swsh-black-star-promos-swsh097-307-bf15cf27d6,SWSH Black Star Promos,Dragapult VMAX,SWSH097/307,NO_VARIANT_LINK
pkm-swsh-black-star-promos-swsh098-307-6156a365a7,SWSH Black Star Promos,Crobat V,SWSH098/307,NO_VARIANT_LINK
pkm-swsh-black-star-promos-swsh099-307-3c49e9ee5a,SWSH Black Star Promos,Crobat VMAX,SWSH099/307,NO_VARIANT_LINK
pkm-swsh-black-star-promos-swsh100-307-9536a86060,SWSH Black Star Promos,Venusaur V,SWSH100/307,NO_VARIANT_LINK
pkm-swsh-black-star-promos-swsh101-307-badb35cb9f,SWSH Black Star Promos,Blastoise V,SWSH101/307,NO_VARIANT_LINK
pkm-swsh-black-star-promos-swsh102-307-bbed71cf4d,SWSH Black Star Promos,Venusaur VMAX,SWSH102/307,NO_VARIANT_LINK
pkm-swsh-black-star-promos-swsh103-307-fa546b593e,SWSH Black Star Promos,Blastoise VMAX,SWSH103/307,NO_VARIANT_LINK
pkm-swsh-black-star-promos-swsh104-307-0082c8ca63,SWSH Black Star Promos,Victini V,SWSH104/307,NO_VARIANT_LINK
pkm-swsh-black-star-promos-swsh105-307-fa7e187a70,SWSH Black Star Promos,Gardevoir V,SWSH105/307,NO_VARIANT_LINK
pkm-swsh-black-star-promos-swsh106-307-4af025b983,SWSH Black Star Promos,Single Strike Urshifu V,SWSH106/307,NO_VARIANT_LINK
pkm-swsh-black-star-promos-swsh107-307-39898ec97e,SWSH Black Star Promos,Rapid Strike Urshifu V,SWSH107/307,NO_VARIANT_LINK
pkm-swsh-black-star-promos-swsh108-307-a1be88f0fa,SWSH Black Star Promos,Empoleon V,SWSH108/307,NO_VARIANT_LINK
pkm-swsh-black-star-promos-swsh109-307-c39fb8ba22,SWSH Black Star Promos,Tyranitar V,SWSH109/307,NO_VARIANT_LINK
pkm-swsh-black-star-promos-swsh110-307-23f641f064,SWSH Black Star Promos,Crobat V,SWSH110/307,NO_VARIANT_LINK
pkm-swsh-black-star-promos-swsh111-307-c50bc2b58b,SWSH Black Star Promos,Galarian Rapidash V,SWSH111/307,NO_VARIANT_LINK
pkm-swsh-black-star-promos-swsh112-307-d92fc498f3,SWSH Black Star Promos,Cinderace,SWSH112/307,NO_VARIANT_LINK
pkm-swsh-black-star-promos-swsh113-307-6a032ca026,SWSH Black Star Promos,Inteleon,SWSH113/307,NO_VARIANT_LINK
pkm-swsh-black-star-promos-swsh114-307-12fe210907,SWSH Black Star Promos,Cresselia,SWSH114/307,NO_VARIANT_LINK
pkm-swsh-black-star-promos-swsh115-307-0a88996970,SWSH Black Star Promos,Passimian,SWSH115/307,NO_VARIANT_LINK
pkm-swsh-black-star-promos-swsh116-307-31eaba7e7d,SWSH Black Star Promos,Morpeko,SWSH116/307,NO_VARIANT_LINK
pkm-swsh-black-star-promos-swsh117-307-af584f2da2,SWSH Black Star Promos,Phanpy,SWSH117/307,NO_VARIANT_LINK
pkm-swsh-black-star-promos-swsh118-307-9f3a94ed11,SWSH Black Star Promos,Eevee,SWSH118/307,NO_VARIANT_LINK
pkm-swsh-black-star-promos-swsh119-307-cc56cdd2e0,SWSH Black Star Promos,Snorlax,SWSH119/307,NO_VARIANT_LINK
pkm-swsh-black-star-promos-swsh120-307-4c4f912a46,SWSH Black Star Promos,Marnie,SWSH120/307,NO_VARIANT_LINK
pkm-swsh-black-star-promos-swsh121-307-c0a5d91836,SWSH Black Star Promos,Marnie,SWSH121/307,NO_VARIANT_LINK
pkm-swsh-black-star-promos-swsh122-307-941f2b9194,SWSH Black Star Promos,Flaaffy,SWSH122/307,NO_VARIANT_LINK
pkm-swsh-black-star-promos-swsh123-307-7f3f27f5ed,SWSH Black Star Promos,Galarian Articuno,SWSH123/307,NO_VARIANT_LINK
pkm-swsh-black-star-promos-swsh124-307-3976957fcd,SWSH Black Star Promos,Galarian Zapdos,SWSH124/307,NO_VARIANT_LINK
pkm-swsh-black-star-promos-swsh125-307-5f10d5692d,SWSH Black Star Promos,Galarian Moltres,SWSH125/307,NO_VARIANT_LINK
pkm-swsh-black-star-promos-swsh126-307-44496aadd6,SWSH Black Star Promos,Galarian Slowpoke,SWSH126/307,NO_VARIANT_LINK
pkm-swsh-black-star-promos-swsh127-307-fb20d5d91f,SWSH Black Star Promos,Eevee,SWSH127/307,NO_VARIANT_LINK
pkm-swsh-black-star-promos-swsh128-307-54013a8da1,SWSH Black Star Promos,Eiscue,SWSH128/307,NO_VARIANT_LINK
pkm-swsh-black-star-promos-swsh129-307-26e8947d77,SWSH Black Star Promos,Umbreon,SWSH129/307,NO_VARIANT_LINK
pkm-swsh-black-star-promos-swsh130-307-0de672569d,SWSH Black Star Promos,Ice Rider Calyrex V,SWSH130/307,NO_VARIANT_LINK
pkm-swsh-black-star-promos-swsh131-307-4c999cf702,SWSH Black Star Promos,Shadow Rider Calyrex V,SWSH131/307,NO_VARIANT_LINK
pkm-swsh-black-star-promos-swsh132-307-5e588c9f31,SWSH Black Star Promos,Dragapult,SWSH132/307,NO_VARIANT_LINK
pkm-swsh-black-star-promos-swsh133-307-260b84296b,SWSH Black Star Promos,Lance's Charizard V,SWSH133/307,NO_VARIANT_LINK
pkm-swsh-black-star-promos-swsh134-307-8b392c6517,SWSH Black Star Promos,Dark Sylveon V,SWSH134/307,NO_VARIANT_LINK
pkm-swsh-black-star-promos-swsh135-307-864a4032a0,SWSH Black Star Promos,Zacian LV.X,SWSH135/307,NO_VARIANT_LINK
pkm-swsh-black-star-promos-swsh136-307-9eb68989ac,SWSH Black Star Promos,Mimikyu δ,SWSH136/307,NO_VARIANT_LINK
pkm-swsh-black-star-promos-swsh137-307-0f51f57956,SWSH Black Star Promos,Light Toxtricity,SWSH137/307,NO_VARIANT_LINK
pkm-swsh-black-star-promos-swsh138-307-cd02aec86d,SWSH Black Star Promos,Hydreigon C,SWSH138/307,NO_VARIANT_LINK
pkm-swsh-black-star-promos-swsh139-307-d9de053675,SWSH Black Star Promos,Pikachu V-UNION,SWSH139/307,NO_VARIANT_LINK
pkm-swsh-black-star-promos-swsh140-307-f3d5cb45b0,SWSH Black Star Promos,Pikachu V-UNION,SWSH140/307,NO_VARIANT_LINK
pkm-swsh-black-star-promos-swsh141-307-e63f6880a7,SWSH Black Star Promos,Pikachu V-UNION,SWSH141/307,NO_VARIANT_LINK
pkm-swsh-black-star-promos-swsh142-307-b76af1187a,SWSH Black Star Promos,Pikachu V-UNION,SWSH142/307,NO_VARIANT_LINK
pkm-swsh-black-star-promos-swsh143-307-c7c1f18b15,SWSH Black Star Promos,Pikachu V,SWSH143/307,NO_VARIANT_LINK
pkm-swsh-black-star-promos-swsh144-307-f3e187b2dd,SWSH Black Star Promos,Greninja ★,SWSH144/307,NO_VARIANT_LINK
pkm-swsh-black-star-promos-swsh145-307-ffdb0518f3,SWSH Black Star Promos,Pikachu V,SWSH145/307,NO_VARIANT_LINK
pkm-swsh-black-star-promos-swsh146-307-f48c35d4f6,SWSH Black Star Promos,Poké Ball,SWSH146/307,NO_VARIANT_LINK
pkm-swsh-black-star-promos-swsh147-307-fdd42e83aa,SWSH Black Star Promos,Rayquaza V,SWSH147/307,NO_VARIANT_LINK
pkm-swsh-black-star-promos-swsh148-307-8e04e0acc2,SWSH Black Star Promos,Noivern V,SWSH148/307,NO_VARIANT_LINK
pkm-swsh-black-star-promos-swsh149-307-9860723dec,SWSH Black Star Promos,Flareon V,SWSH149/307,NO_VARIANT_LINK
pkm-swsh-black-star-promos-swsh150-307-28172e63f7,SWSH Black Star Promos,Vaporeon V,SWSH150/307,NO_VARIANT_LINK
pkm-swsh-black-star-promos-swsh151-307-97b5d428a6,SWSH Black Star Promos,Jolteon V,SWSH151/307,NO_VARIANT_LINK
pkm-swsh-black-star-promos-swsh152-307-17dbbeaf40,SWSH Black Star Promos,Professor's Research,SWSH152/307,NO_VARIANT_LINK
pkm-swsh-black-star-promos-swsh153-307-2ed4142afc,SWSH Black Star Promos,Pikachu,SWSH153/307,NO_VARIANT_LINK
pkm-swsh-black-star-promos-swsh154-307-0388d42e2d,SWSH Black Star Promos,Dragonite V,SWSH154/307,NO_VARIANT_LINK
pkm-swsh-black-star-promos-swsh155-307-8b14f590c1,SWSH Black Star Promos,Greninja V-UNION,SWSH155/307,NO_VARIANT_LINK
pkm-swsh-black-star-promos-swsh156-307-f890ab4355,SWSH Black Star Promos,Greninja V-UNION,SWSH156/307,NO_VARIANT_LINK
pkm-swsh-black-star-promos-swsh157-307-d868e6c19c,SWSH Black Star Promos,Greninja V-UNION,SWSH157/307,NO_VARIANT_LINK
pkm-swsh-black-star-promos-swsh158-307-e724a9ba4e,SWSH Black Star Promos,Greninja V-UNION,SWSH158/307,NO_VARIANT_LINK
pkm-swsh-black-star-promos-swsh159-307-feaed0a009,SWSH Black Star Promos,Mewtwo V-UNION,SWSH159/307,NO_VARIANT_LINK
pkm-swsh-black-star-promos-swsh160-307-2852ebea8a,SWSH Black Star Promos,Mewtwo V-UNION,SWSH160/307,NO_VARIANT_LINK
pkm-swsh-black-star-promos-swsh161-307-16d4062ab9,SWSH Black Star Promos,Mewtwo V-UNION,SWSH161/307,NO_VARIANT_LINK
pkm-swsh-black-star-promos-swsh162-307-b4fe2aa249,SWSH Black Star Promos,Mewtwo V-UNION,SWSH162/307,NO_VARIANT_LINK
pkm-swsh-black-star-promos-swsh163-307-f1b286acc4,SWSH Black Star Promos,Zacian V-UNION,SWSH163/307,NO_VARIANT_LINK
pkm-swsh-black-star-promos-swsh164-307-af645f5537,SWSH Black Star Promos,Zacian V-UNION,SWSH164/307,NO_VARIANT_LINK
pkm-swsh-black-star-promos-swsh165-307-fb6437fb31,SWSH Black Star Promos,Zacian V-UNION,SWSH165/307,NO_VARIANT_LINK
pkm-swsh-black-star-promos-swsh166-307-8c9663674d,SWSH Black Star Promos,Zacian V-UNION,SWSH166/307,NO_VARIANT_LINK
pkm-swsh-black-star-promos-swsh167-307-07198127cf,SWSH Black Star Promos,Professor Burnet,SWSH167/307,NO_VARIANT_LINK
pkm-swsh-black-star-promos-swsh168-307-7d0ccf752b,SWSH Black Star Promos,Oricorio,SWSH168/307,NO_VARIANT_LINK
pkm-swsh-black-star-promos-swsh169-307-ee81e589af,SWSH Black Star Promos,Pyukumuku,SWSH169/307,NO_VARIANT_LINK
pkm-swsh-black-star-promos-swsh170-307-9a60209d8e,SWSH Black Star Promos,Deoxys,SWSH170/307,NO_VARIANT_LINK
pkm-swsh-black-star-promos-swsh171-307-568363f571,SWSH Black Star Promos,Latias,SWSH171/307,NO_VARIANT_LINK
pkm-swsh-black-star-promos-swsh172-307-e79f211d05,SWSH Black Star Promos,Tepig,SWSH172/307,NO_VARIANT_LINK
pkm-swsh-black-star-promos-swsh173-307-68018c24c4,SWSH Black Star Promos,Blitzle,SWSH173/307,NO_VARIANT_LINK
pkm-swsh-black-star-promos-swsh174-307-ea734633c3,SWSH Black Star Promos,Espeon,SWSH174/307,NO_VARIANT_LINK
pkm-swsh-black-star-promos-swsh175-307-73981de99b,SWSH Black Star Promos,Eevee,SWSH175/307,NO_VARIANT_LINK
pkm-swsh-black-star-promos-swsh176-307-9d12946270,SWSH Black Star Promos,Hoopa V,SWSH176/307,NO_VARIANT_LINK
pkm-swsh-black-star-promos-swsh177-307-589accbd3a,SWSH Black Star Promos,Special Delivery Bidoof,SWSH177/307,NO_VARIANT_LINK
pkm-swsh-black-star-promos-swsh178-307-737ef26407,SWSH Black Star Promos,Professor's Research,SWSH178/307,NO_VARIANT_LINK
pkm-swsh-black-star-promos-swsh179-307-dc643e6dd5,SWSH Black Star Promos,Flareon V,SWSH179/307,NO_VARIANT_LINK
pkm-swsh-black-star-promos-swsh180-307-a34d9c7b07,SWSH Black Star Promos,Flareon VMAX,SWSH180/307,NO_VARIANT_LINK
pkm-swsh-black-star-promos-swsh181-307-0e8a93c743,SWSH Black Star Promos,Vaporeon V,SWSH181/307,NO_VARIANT_LINK
pkm-swsh-black-star-promos-swsh182-307-8b0c65e5a8,SWSH Black Star Promos,Vaporeon VMAX,SWSH182/307,NO_VARIANT_LINK
pkm-swsh-black-star-promos-swsh183-307-7efaf103c1,SWSH Black Star Promos,Jolteon V,SWSH183/307,NO_VARIANT_LINK
pkm-swsh-black-star-promos-swsh184-307-2614e4850e,SWSH Black Star Promos,Jolteon VMAX,SWSH184/307,NO_VARIANT_LINK
pkm-swsh-black-star-promos-swsh185-307-c5c0198737,SWSH Black Star Promos,Moltres,SWSH185/307,NO_VARIANT_LINK
pkm-swsh-black-star-promos-swsh186-307-7087af0a96,SWSH Black Star Promos,Lucario,SWSH186/307,NO_VARIANT_LINK
pkm-swsh-black-star-promos-swsh187-307-707476be06,SWSH Black Star Promos,Liepard,SWSH187/307,NO_VARIANT_LINK
pkm-swsh-black-star-promos-swsh188-307-abdf3d0e57,SWSH Black Star Promos,Bibarel,SWSH188/307,NO_VARIANT_LINK
pkm-swsh-black-star-promos-swsh189-307-1be7eb3f54,SWSH Black Star Promos,Flapple,SWSH189/307,NO_VARIANT_LINK
pkm-swsh-black-star-promos-swsh190-307-1766ab0ef0,SWSH Black Star Promos,Eevee,SWSH190/307,NO_VARIANT_LINK
pkm-swsh-black-star-promos-swsh191-307-9838dd33cc,SWSH Black Star Promos,Leafeon,SWSH191/307,NO_VARIANT_LINK
pkm-swsh-black-star-promos-swsh192-307-86f63b61cc,SWSH Black Star Promos,Glaceon,SWSH192/307,NO_VARIANT_LINK
pkm-swsh-black-star-promos-swsh193-307-5e0a53d633,SWSH Black Star Promos,Galarian Obstagoon,SWSH193/307,NO_VARIANT_LINK
pkm-swsh-black-star-promos-swsh194-307-e248975068,SWSH Black Star Promos,Leafeon V,SWSH194/307,NO_VARIANT_LINK
pkm-swsh-black-star-promos-swsh195-307-2cd5856a64,SWSH Black Star Promos,Leafeon VSTAR,SWSH195/307,NO_VARIANT_LINK
pkm-swsh-black-star-promos-swsh196-307-dc28b482ed,SWSH Black Star Promos,Glaceon V,SWSH196/307,NO_VARIANT_LINK
pkm-swsh-black-star-promos-swsh197-307-d86639a1ad,SWSH Black Star Promos,Glaceon VSTAR,SWSH197/307,NO_VARIANT_LINK
pkm-swsh-black-star-promos-swsh198-307-e35d72aa74,SWSH Black Star Promos,Pikachu V,SWSH198/307,NO_VARIANT_LINK
pkm-swsh-black-star-promos-swsh199-307-461b17e440,SWSH Black Star Promos,Lycanroc V,SWSH199/307,NO_VARIANT_LINK
pkm-swsh-black-star-promos-swsh200-307-1a57f9e797,SWSH Black Star Promos,Corviknight V,SWSH200/307,NO_VARIANT_LINK
pkm-swsh-black-star-promos-swsh201-307-8f5b416776,SWSH Black Star Promos,Espeon V,SWSH201/307,NO_VARIANT_LINK
pkm-swsh-black-star-promos-swsh202-307-24af83b921,SWSH Black Star Promos,Sylveon V,SWSH202/307,NO_VARIANT_LINK
pkm-swsh-black-star-promos-swsh203-307-bf815cf1ee,SWSH Black Star Promos,Umbreon V,SWSH203/307,NO_VARIANT_LINK
pkm-swsh-black-star-promos-swsh204-307-60410dcb8b,SWSH Black Star Promos,Arceus V,SWSH204/307,NO_VARIANT_LINK
pkm-swsh-black-star-promos-swsh205-307-42747031e1,SWSH Black Star Promos,Hisuian Basculegion,SWSH205/307,NO_VARIANT_LINK
pkm-swsh-black-star-promos-swsh206-307-11deeceb9a,SWSH Black Star Promos,Wyrdeer,SWSH206/307,NO_VARIANT_LINK
pkm-swsh-black-star-promos-swsh207-307-0c20d3a807,SWSH Black Star Promos,Hisuian Samurott,SWSH207/307,NO_VARIANT_LINK
pkm-swsh-black-star-promos-swsh208-307-69cdefe4e1,SWSH Black Star Promos,Magnezone,SWSH208/307,NO_VARIANT_LINK
pkm-swsh-black-star-promos-swsh209-307-80cd980057,SWSH Black Star Promos,Toxel,SWSH209/307,NO_VARIANT_LINK
pkm-swsh-black-star-promos-swsh210-307-a2e559e68f,SWSH Black Star Promos,Oricorio,SWSH210/307,NO_VARIANT_LINK
pkm-swsh-black-star-promos-swsh211-307-b79bae7ac1,SWSH Black Star Promos,Sylveon,SWSH211/307,NO_VARIANT_LINK
pkm-swsh-black-star-promos-swsh212-307-ae58d0c433,SWSH Black Star Promos,Eevee,SWSH212/307,NO_VARIANT_LINK
pkm-swsh-black-star-promos-swsh213-307-c9d47e86b2,SWSH Black Star Promos,Lucario V,SWSH213/307,NO_VARIANT_LINK
pkm-swsh-black-star-promos-swsh214-307-da976a95c0,SWSH Black Star Promos,Lucario VSTAR,SWSH214/307,NO_VARIANT_LINK
pkm-swsh-black-star-promos-swsh215-307-352b40f41d,SWSH Black Star Promos,Morpeko V-UNION,SWSH215/307,NO_VARIANT_LINK
pkm-swsh-black-star-promos-swsh216-307-9f3e1f0be9,SWSH Black Star Promos,Morpeko V-UNION,SWSH216/307,NO_VARIANT_LINK
pkm-swsh-black-star-promos-swsh217-307-abf7422c25,SWSH Black Star Promos,Morpeko V-UNION,SWSH217/307,NO_VARIANT_LINK
pkm-swsh-black-star-promos-swsh218-307-6dc79a825a,SWSH Black Star Promos,Morpeko V-UNION,SWSH218/307,NO_VARIANT_LINK
pkm-swsh-black-star-promos-swsh219-307-801281e56d,SWSH Black Star Promos,Boltund V,SWSH219/307,NO_VARIANT_LINK
pkm-swsh-black-star-promos-swsh220-307-cbcb0867c6,SWSH Black Star Promos,Rowlet,SWSH220/307,NO_VARIANT_LINK
pkm-swsh-black-star-promos-swsh221-307-db7e1e33ab,SWSH Black Star Promos,Cyndaquil,SWSH221/307,NO_VARIANT_LINK
pkm-swsh-black-star-promos-swsh222-307-3e960ed70c,SWSH Black Star Promos,Oshawott,SWSH222/307,NO_VARIANT_LINK
pkm-swsh-black-star-promos-swsh223-307-a69b1f230d,SWSH Black Star Promos,Mewtwo V,SWSH223/307,NO_VARIANT_LINK
pkm-swsh-black-star-promos-swsh224-307-7c6980f11b,SWSH Black Star Promos,Melmetal V,SWSH224/307,NO_VARIANT_LINK
pkm-swsh-black-star-promos-swsh225-307-1440495975,SWSH Black Star Promos,Alolan Exeggutor V,SWSH225/307,NO_VARIANT_LINK
pkm-swsh-black-star-promos-swsh226-307-d1188a7f76,SWSH Black Star Promos,Spark,SWSH226/307,NO_VARIANT_LINK
pkm-swsh-black-star-promos-swsh227-307-f631290da9,SWSH Black Star Promos,Blanche,SWSH227/307,NO_VARIANT_LINK
pkm-swsh-black-star-promos-swsh228-307-197781d1f8,SWSH Black Star Promos,Candela,SWSH228/307,NO_VARIANT_LINK
pkm-swsh-black-star-promos-swsh229-307-fb01493979,SWSH Black Star Promos,Mewtwo V,SWSH229/307,NO_VARIANT_LINK
pkm-swsh-black-star-promos-swsh230-307-689c95ac63,SWSH Black Star Promos,Radiant Eevee,SWSH230/307,NO_VARIANT_LINK
pkm-swsh-black-star-promos-swsh231-307-c29a3a246d,SWSH Black Star Promos,Bulbasaur,SWSH231/307,NO_VARIANT_LINK
pkm-swsh-black-star-promos-swsh232-307-2862f4cd9b,SWSH Black Star Promos,Charmander,SWSH232/307,NO_VARIANT_LINK
pkm-swsh-black-star-promos-swsh233-307-58565f1b28,SWSH Black Star Promos,Squirtle,SWSH233/307,NO_VARIANT_LINK
pkm-swsh-black-star-promos-swsh234-307-7d796588b3,SWSH Black Star Promos,Pikachu,SWSH234/307,NO_VARIANT_LINK
pkm-swsh-black-star-promos-swsh235-307-e41bca3211,SWSH Black Star Promos,Dragonite V,SWSH235/307,NO_VARIANT_LINK
pkm-swsh-black-star-promos-swsh236-307-7b2c5b0c92,SWSH Black Star Promos,Dragonite VSTAR,SWSH236/307,NO_VARIANT_LINK
pkm-swsh-black-star-promos-swsh237-307-20ea05b586,SWSH Black Star Promos,Hisuian Typhlosion V,SWSH237/307,NO_VARIANT_LINK
pkm-swsh-black-star-promos-swsh238-307-ca827d7e27,SWSH Black Star Promos,Hisuian Decidueye V,SWSH238/307,NO_VARIANT_LINK
pkm-swsh-black-star-promos-swsh239-307-3a18c5fa8a,SWSH Black Star Promos,Hisuian Samurott V,SWSH239/307,NO_VARIANT_LINK
pkm-swsh-black-star-promos-swsh240-307-808a01f337,SWSH Black Star Promos,Finneon,SWSH240/307,NO_VARIANT_LINK
pkm-swsh-black-star-promos-swsh241-307-f7e05038f2,SWSH Black Star Promos,Gengar,SWSH241/307,NO_VARIANT_LINK
pkm-swsh-black-star-promos-swsh242-307-5b8d5ce4c4,SWSH Black Star Promos,Comfey,SWSH242/307,NO_VARIANT_LINK
pkm-swsh-black-star-promos-swsh243-307-b3f0f74793,SWSH Black Star Promos,Machamp,SWSH243/307,NO_VARIANT_LINK
pkm-swsh-black-star-promos-swsh244-307-78b0414e00,SWSH Black Star Promos,Scorbunny,SWSH244/307,NO_VARIANT_LINK
pkm-swsh-black-star-promos-swsh245-307-277644b6d5,SWSH Black Star Promos,Croagunk,SWSH245/307,NO_VARIANT_LINK
pkm-swsh-black-star-promos-swsh246-307-900a128a00,SWSH Black Star Promos,Weavile,SWSH246/307,NO_VARIANT_LINK
pkm-swsh-black-star-promos-swsh247-307-f7cbfe9db4,SWSH Black Star Promos,Regigigas,SWSH247/307,NO_VARIANT_LINK
pkm-swsh-black-star-promos-swsh248-307-1035cbf1ad,SWSH Black Star Promos,Kleavor V,SWSH248/307,NO_VARIANT_LINK
pkm-swsh-black-star-promos-swsh249-307-6bcbe17d0d,SWSH Black Star Promos,Kleavor VSTAR,SWSH249/307,NO_VARIANT_LINK
pkm-swsh-black-star-promos-swsh250-307-00e195a802,SWSH Black Star Promos,Lumineon V,SWSH250/307,NO_VARIANT_LINK
pkm-swsh-black-star-promos-swsh251-307-952e2d3346,SWSH Black Star Promos,Boss's Orders,SWSH251/307,NO_VARIANT_LINK
pkm-swsh-black-star-promos-swsh252-307-6d3c958d99,SWSH Black Star Promos,Infernape V,SWSH252/307,NO_VARIANT_LINK
pkm-swsh-black-star-promos-swsh253-307-2048674982,SWSH Black Star Promos,Origin Forme Palkia V,SWSH253/307,NO_VARIANT_LINK
pkm-swsh-black-star-promos-swsh254-307-e0d4eec63b,SWSH Black Star Promos,Origin Forme Palkia VSTAR,SWSH254/307,NO_VARIANT_LINK
pkm-swsh-black-star-promos-swsh255-307-fe5ef4e0c1,SWSH Black Star Promos,Origin Forme Dialga V,SWSH255/307,NO_VARIANT_LINK
pkm-swsh-black-star-promos-swsh256-307-9104f54d35,SWSH Black Star Promos,Origin Forme Dialga VSTAR,SWSH256/307,NO_VARIANT_LINK
pkm-swsh-black-star-promos-swsh257-307-bd8cbe75b0,SWSH Black Star Promos,Rotom V,SWSH257/307,NO_VARIANT_LINK
pkm-swsh-black-star-promos-swsh258-307-e89afe68bc,SWSH Black Star Promos,Gallade V,SWSH258/307,NO_VARIANT_LINK
pkm-swsh-black-star-promos-swsh259-307-a99faf8574,SWSH Black Star Promos,Giratina V,SWSH259/307,NO_VARIANT_LINK
pkm-swsh-black-star-promos-swsh260-307-305977f9cb,SWSH Black Star Promos,Charizard V,SWSH260/307,NO_VARIANT_LINK
pkm-swsh-black-star-promos-swsh261-307-2118c27152,SWSH Black Star Promos,Charizard VMAX,SWSH261/307,NO_VARIANT_LINK
pkm-swsh-black-star-promos-swsh262-307-2894c00c35,SWSH Black Star Promos,Charizard VSTAR,SWSH262/307,NO_VARIANT_LINK
pkm-swsh-black-star-promos-swsh263-307-25597aa52d,SWSH Black Star Promos,Zeraora V,SWSH263/307,NO_VARIANT_LINK
pkm-swsh-black-star-promos-swsh264-307-530b04c4fa,SWSH Black Star Promos,Zeraora VMAX,SWSH264/307,NO_VARIANT_LINK
pkm-swsh-black-star-promos-swsh265-307-3956ff8558,SWSH Black Star Promos,Zeraora VSTAR,SWSH265/307,NO_VARIANT_LINK
pkm-swsh-black-star-promos-swsh266-307-a54b2b8959,SWSH Black Star Promos,Deoxys V,SWSH266/307,NO_VARIANT_LINK
pkm-swsh-black-star-promos-swsh267-307-681bbee96c,SWSH Black Star Promos,Deoxys VMAX,SWSH267/307,NO_VARIANT_LINK
pkm-swsh-black-star-promos-swsh268-307-4fdf1b6627,SWSH Black Star Promos,Deoxys VSTAR,SWSH268/307,NO_VARIANT_LINK
pkm-swsh-black-star-promos-swsh269-307-9515019b46,SWSH Black Star Promos,Sunflora,SWSH269/307,NO_VARIANT_LINK
pkm-swsh-black-star-promos-swsh270-307-bbbff618ee,SWSH Black Star Promos,Rapidash,SWSH270/307,NO_VARIANT_LINK
pkm-swsh-black-star-promos-swsh271-307-784cfefe9b,SWSH Black Star Promos,Kirlia,SWSH271/307,NO_VARIANT_LINK
pkm-swsh-black-star-promos-swsh272-307-d33797d207,SWSH Black Star Promos,Archeops,SWSH272/307,NO_VARIANT_LINK
pkm-swsh-black-star-promos-swsh273-307-f939eab50e,SWSH Black Star Promos,Hisuian Basculin,SWSH273/307,NO_VARIANT_LINK
pkm-swsh-black-star-promos-swsh274-307-d3ddbca099,SWSH Black Star Promos,Cranidos,SWSH274/307,NO_VARIANT_LINK
pkm-swsh-black-star-promos-swsh275-307-261b9e6ba1,SWSH Black Star Promos,Manaphy,SWSH275/307,NO_VARIANT_LINK
pkm-swsh-black-star-promos-swsh276-307-7d5f4e91c2,SWSH Black Star Promos,Togetic,SWSH276/307,NO_VARIANT_LINK
pkm-swsh-black-star-promos-swsh277-307-0f61b5a997,SWSH Black Star Promos,Rillaboom,SWSH277/307,NO_VARIANT_LINK
pkm-swsh-black-star-promos-swsh278-307-42cf9e4c5a,SWSH Black Star Promos,Cinderace,SWSH278/307,NO_VARIANT_LINK
pkm-swsh-black-star-promos-swsh279-307-2ae65f99c6,SWSH Black Star Promos,Inteleon,SWSH279/307,NO_VARIANT_LINK
pkm-swsh-black-star-promos-swsh280-307-40c854ea1d,SWSH Black Star Promos,Regieleki V,SWSH280/307,NO_VARIANT_LINK
pkm-swsh-black-star-promos-swsh281-307-f864d38ec7,SWSH Black Star Promos,Regidrago V,SWSH281/307,NO_VARIANT_LINK
pkm-swsh-black-star-promos-swsh282-307-2a4dcbc6a5,SWSH Black Star Promos,Galarian Articuno,SWSH282/307,NO_VARIANT_LINK
pkm-swsh-black-star-promos-swsh283-307-a141eb91e4,SWSH Black Star Promos,Galarian Zapdos,SWSH283/307,NO_VARIANT_LINK
pkm-swsh-black-star-promos-swsh284-307-c467ddafa9,SWSH Black Star Promos,Galarian Moltres,SWSH284/307,NO_VARIANT_LINK
pkm-swsh-black-star-promos-swsh285-307-4ca90a6498,SWSH Black Star Promos,Pikachu V,SWSH285/307,NO_VARIANT_LINK
pkm-swsh-black-star-promos-swsh286-307-0ee498f9eb,SWSH Black Star Promos,Pikachu VMAX,SWSH286/307,NO_VARIANT_LINK
pkm-swsh-black-star-promos-swsh287-307-45a225421c,SWSH Black Star Promos,Morpeko V-UNION,SWSH287/307,NO_VARIANT_LINK
pkm-swsh-black-star-promos-swsh288-307-1facb380f9,SWSH Black Star Promos,Morpeko V-UNION,SWSH288/307,NO_VARIANT_LINK
pkm-swsh-black-star-promos-swsh289-307-78fe24ef93,SWSH Black Star Promos,Morpeko V-UNION,SWSH289/307,NO_VARIANT_LINK
pkm-swsh-black-star-promos-swsh290-307-4420050451,SWSH Black Star Promos,Morpeko V-UNION,SWSH290/307,NO_VARIANT_LINK
pkm-swsh-black-star-promos-swsh291-307-c2ef0f5c97,SWSH Black Star Promos,Lucario VSTAR,SWSH291/307,NO_VARIANT_LINK
pkm-swsh-black-star-promos-swsh292-307-95026cef58,SWSH Black Star Promos,Zacian V,SWSH292/307,NO_VARIANT_LINK
pkm-swsh-black-star-promos-swsh293-307-73dfc768c3,SWSH Black Star Promos,Zamazenta V,SWSH293/307,NO_VARIANT_LINK
pkm-swsh-black-star-promos-swsh294-307-6115083e2c,SWSH Black Star Promos,Hisuian Electrode V,SWSH294/307,NO_VARIANT_LINK
pkm-swsh-black-star-promos-swsh295-307-dca270427d,SWSH Black Star Promos,Virizion V,SWSH295/307,NO_VARIANT_LINK
pkm-swsh-black-star-promos-swsh296-307-b95e25db9d,SWSH Black Star Promos,Champions Festival,SWSH296/307,NO_VARIANT_LINK
pkm-swsh-black-star-promos-swsh297-307-75dd5c37cf,SWSH Black Star Promos,Hisuian Zoroark V,SWSH297/307,NO_VARIANT_LINK
pkm-swsh-black-star-promos-swsh298-307-02e7496a4b,SWSH Black Star Promos,Hisuian Zoroark VSTAR,SWSH298/307,NO_VARIANT_LINK
pkm-swsh-black-star-promos-swsh302-307-f737c9346d,SWSH Black Star Promos,Klara,SWSH302/307,NO_VARIANT_LINK
pkm-swsh-black-star-promos-swsh303-307-59c35b409d,SWSH Black Star Promos,Bulbasaur,SWSH303/307,NO_VARIANT_LINK
pkm-swsh-black-star-promos-swsh304-307-972733eb1c,SWSH Black Star Promos,Arcanine,SWSH304/307,NO_VARIANT_LINK
pkm-swsh-black-star-promos-swsh305-307-4ae160f3e2,SWSH Black Star Promos,Greninja,SWSH305/307,NO_VARIANT_LINK
pkm-swsh-black-star-promos-swsh306-307-3f7662caff,SWSH Black Star Promos,Arceus V,SWSH306/307,NO_VARIANT_LINK
pkm-swsh-black-star-promos-swsh307-307-14d50c096b,SWSH Black Star Promos,Arceus VSTAR,SWSH307/307,NO_VARIANT_LINK
pkm-scarlet-and-violet-black-star-promos-1-102-96ca4d4a3e,Scarlet and Violet Black Star Promos,Sprigatito,1/102,NO_VARIANT_LINK
pkm-scarlet-and-violet-black-star-promos-2-102-59d0d7826a,Scarlet and Violet Black Star Promos,Fuecoco,2/102,NO_VARIANT_LINK
pkm-scarlet-and-violet-black-star-promos-3-102-11c8bfff3e,Scarlet and Violet Black Star Promos,Quaxly,3/102,NO_VARIANT_LINK
pkm-scarlet-and-violet-black-star-promos-4-102-c1162f180d,Scarlet and Violet Black Star Promos,Mimikyu ex,4/102,NO_VARIANT_LINK
pkm-scarlet-and-violet-black-star-promos-5-102-32c35ffa39,Scarlet and Violet Black Star Promos,Quaquaval,5/102,NO_VARIANT_LINK
pkm-scarlet-and-violet-black-star-promos-6-102-33c51f490d,Scarlet and Violet Black Star Promos,Pawmot,6/102,NO_VARIANT_LINK
pkm-scarlet-and-violet-black-star-promos-7-102-0f6308c340,Scarlet and Violet Black Star Promos,Hawlucha,7/102,NO_VARIANT_LINK
pkm-scarlet-and-violet-black-star-promos-8-102-d2e18e18ce,Scarlet and Violet Black Star Promos,Revavroom,8/102,NO_VARIANT_LINK
pkm-scarlet-and-violet-black-star-promos-9-102-a3557e97f8,Scarlet and Violet Black Star Promos,Spidops,9/102,NO_VARIANT_LINK
pkm-scarlet-and-violet-black-star-promos-10-102-ca246c57bd,Scarlet and Violet Black Star Promos,Espathra,10/102,NO_VARIANT_LINK
pkm-scarlet-and-violet-black-star-promos-11-102-b058877a20,Scarlet and Violet Black Star Promos,Arcanine,11/102,NO_VARIANT_LINK
pkm-scarlet-and-violet-black-star-promos-12-102-cd2a283a43,Scarlet and Violet Black Star Promos,Dondozo,12/102,NO_VARIANT_LINK
pkm-scarlet-and-violet-black-star-promos-13-102-d5ca66f021,Scarlet and Violet Black Star Promos,Miraidon,13/102,NO_VARIANT_LINK
pkm-scarlet-and-violet-black-star-promos-14-102-af2f56d1cf,Scarlet and Violet Black Star Promos,Koraidon,14/102,NO_VARIANT_LINK
pkm-scarlet-and-violet-black-star-promos-15-102-0a69be2e43,Scarlet and Violet Black Star Promos,Flaaffy,15/102,NO_VARIANT_LINK
pkm-scarlet-and-violet-black-star-promos-16-102-561e9103af,Scarlet and Violet Black Star Promos,Ampharos ex,16/102,NO_VARIANT_LINK
pkm-scarlet-and-violet-black-star-promos-17-102-3b816543be,Scarlet and Violet Black Star Promos,Lucario ex,17/102,NO_VARIANT_LINK
pkm-scarlet-and-violet-black-star-promos-18-102-592a04c430,Scarlet and Violet Black Star Promos,Cyclizar ex,18/102,NO_VARIANT_LINK
pkm-scarlet-and-violet-black-star-promos-19-102-cf107138a8,Scarlet and Violet Black Star Promos,Baxcalibur,19/102,NO_VARIANT_LINK
pkm-scarlet-and-violet-black-star-promos-20-102-0e4e4f9599,Scarlet and Violet Black Star Promos,Tinkaton,20/102,NO_VARIANT_LINK
pkm-scarlet-and-violet-black-star-promos-21-102-dd8d8ddfd6,Scarlet and Violet Black Star Promos,Murkrow,21/102,NO_VARIANT_LINK
pkm-scarlet-and-violet-black-star-promos-22-102-0036a77a6f,Scarlet and Violet Black Star Promos,Pelipper,22/102,NO_VARIANT_LINK
pkm-scarlet-and-violet-black-star-promos-23-102-eaa3402527,Scarlet and Violet Black Star Promos,Smoliv,23/102,NO_VARIANT_LINK
pkm-scarlet-and-violet-black-star-promos-24-102-1819bc860e,Scarlet and Violet Black Star Promos,Growlithe,24/102,NO_VARIANT_LINK
pkm-scarlet-and-violet-black-star-promos-25-102-cc3ecbf473,Scarlet and Violet Black Star Promos,Tinkatink,25/102,NO_VARIANT_LINK
pkm-scarlet-and-violet-black-star-promos-26-102-84162f696d,Scarlet and Violet Black Star Promos,Varoom,26/102,NO_VARIANT_LINK
pkm-scarlet-and-violet-black-star-promos-27-102-0c66f653ea,Scarlet and Violet Black Star Promos,Pikachu,27/102,NO_VARIANT_LINK
pkm-scarlet-and-violet-black-star-promos-28-102-a468b2242a,Scarlet and Violet Black Star Promos,Miraidon ex,28/102,NO_VARIANT_LINK
pkm-scarlet-and-violet-black-star-promos-29-102-f5de95bf7e,Scarlet and Violet Black Star Promos,Koraidon ex,29/102,NO_VARIANT_LINK
pkm-scarlet-and-violet-black-star-promos-30-102-f3491a080b,Scarlet and Violet Black Star Promos,Chien-Pao ex,30/102,NO_VARIANT_LINK
pkm-scarlet-and-violet-black-star-promos-31-102-3688fe7ec5,Scarlet and Violet Black Star Promos,Tinkaton ex,31/102,NO_VARIANT_LINK
pkm-scarlet-and-violet-black-star-promos-32-102-0e0a76ba3a,Scarlet and Violet Black Star Promos,Annihilape ex,32/102,NO_VARIANT_LINK
pkm-scarlet-and-violet-black-star-promos-33-102-3d8c3295fb,Scarlet and Violet Black Star Promos,Meowscarada ex,33/102,NO_VARIANT_LINK
pkm-scarlet-and-violet-black-star-promos-34-102-9afee4d901,Scarlet and Violet Black Star Promos,Skeledirge ex,34/102,NO_VARIANT_LINK
pkm-scarlet-and-violet-black-star-promos-35-102-0a3ce749ac,Scarlet and Violet Black Star Promos,Quaquaval ex,35/102,NO_VARIANT_LINK
pkm-scarlet-and-violet-black-star-promos-36-102-acefb8d990,Scarlet and Violet Black Star Promos,Palafin,36/102,NO_VARIANT_LINK
pkm-scarlet-and-violet-black-star-promos-37-102-08edc27216,Scarlet and Violet Black Star Promos,Cleffa,37/102,NO_VARIANT_LINK
pkm-scarlet-and-violet-black-star-promos-38-102-5e206db241,Scarlet and Violet Black Star Promos,Togekiss,38/102,NO_VARIANT_LINK
pkm-scarlet-and-violet-black-star-promos-39-102-9b05482a12,Scarlet and Violet Black Star Promos,Mawile,39/102,NO_VARIANT_LINK
pkm-scarlet-and-violet-black-star-promos-40-102-be06d506d8,Scarlet and Violet Black Star Promos,Pawmi,40/102,NO_VARIANT_LINK
pkm-scarlet-and-violet-black-star-promos-41-102-0b1889a0b0,Scarlet and Violet Black Star Promos,Paldean Wooper,41/102,NO_VARIANT_LINK
pkm-scarlet-and-violet-black-star-promos-42-102-877ad5e155,Scarlet and Violet Black Star Promos,Houndstone,42/102,NO_VARIANT_LINK
pkm-scarlet-and-violet-black-star-promos-43-102-f4b9d80792,Scarlet and Violet Black Star Promos,Eevee,43/102,NO_VARIANT_LINK
pkm-scarlet-and-violet-black-star-promos-44-102-4573490312,Scarlet and Violet Black Star Promos,Charmander,44/102,NO_VARIANT_LINK
pkm-scarlet-and-violet-black-star-promos-45-102-0d3907c6dd,Scarlet and Violet Black Star Promos,Paradise Resort,45/102,NO_VARIANT_LINK
pkm-scarlet-and-violet-black-star-promos-46-102-4aee4c798e,Scarlet and Violet Black Star Promos,Bulbasaur,46/102,NO_VARIANT_LINK
pkm-scarlet-and-violet-black-star-promos-47-102-7c37641415,Scarlet and Violet Black Star Promos,Charmander,47/102,NO_VARIANT_LINK
pkm-scarlet-and-violet-black-star-promos-48-102-dff776fdc8,Scarlet and Violet Black Star Promos,Squirtle,48/102,NO_VARIANT_LINK
pkm-scarlet-and-violet-black-star-promos-49-102-0d82027e73,Scarlet and Violet Black Star Promos,Zapdos ex,49/102,NO_VARIANT_LINK
pkm-scarlet-and-violet-black-star-promos-50-102-517ac10aa5,Scarlet and Violet Black Star Promos,Alakazam ex,50/102,NO_VARIANT_LINK
pkm-scarlet-and-violet-black-star-promos-51-102-8901e0f979,Scarlet and Violet Black Star Promos,Snorlax,51/102,NO_VARIANT_LINK
pkm-scarlet-and-violet-black-star-promos-52-102-b350d3034a,Scarlet and Violet Black Star Promos,Mewtwo,52/102,NO_VARIANT_LINK
pkm-scarlet-and-violet-black-star-promos-53-102-039058d136,Scarlet and Violet Black Star Promos,Mew ex,53/102,NO_VARIANT_LINK
pkm-scarlet-and-violet-black-star-promos-54-102-9a25692547,Scarlet and Violet Black Star Promos,Greninja ex,54/102,NO_VARIANT_LINK
pkm-scarlet-and-violet-black-star-promos-55-102-2f97246d23,Scarlet and Violet Black Star Promos,Kangaskhan ex,55/102,NO_VARIANT_LINK
pkm-scarlet-and-violet-black-star-promos-56-102-e46162eb99,Scarlet and Violet Black Star Promos,Charizard ex,56/102,NO_VARIANT_LINK
pkm-scarlet-and-violet-black-star-promos-57-102-1badfb6ed7,Scarlet and Violet Black Star Promos,Chi-Yu,57/102,NO_VARIANT_LINK
pkm-scarlet-and-violet-black-star-promos-58-102-7450b4afee,Scarlet and Violet Black Star Promos,Iron Bundle,58/102,NO_VARIANT_LINK
pkm-scarlet-and-violet-black-star-promos-59-102-865f7f0e50,Scarlet and Violet Black Star Promos,Xatu,59/102,NO_VARIANT_LINK
pkm-scarlet-and-violet-black-star-promos-60-102-f5d4f2b50d,Scarlet and Violet Black Star Promos,Aegislash,60/102,NO_VARIANT_LINK
pkm-scarlet-and-violet-black-star-promos-61-102-bdf411c783,Scarlet and Violet Black Star Promos,Pineco,61/102,NO_VARIANT_LINK
pkm-scarlet-and-violet-black-star-promos-62-102-7502f3d1b2,Scarlet and Violet Black Star Promos,Sinistea,62/102,NO_VARIANT_LINK
pkm-scarlet-and-violet-black-star-promos-63-102-06fb57921c,Scarlet and Violet Black Star Promos,Cetitan,63/102,NO_VARIANT_LINK
pkm-scarlet-and-violet-black-star-promos-64-102-acf31d850b,Scarlet and Violet Black Star Promos,Arctibax,64/102,NO_VARIANT_LINK
pkm-scarlet-and-violet-black-star-promos-65-102-ea0fba9ac1,Scarlet and Violet Black Star Promos,Scream Tail,65/102,NO_VARIANT_LINK
pkm-scarlet-and-violet-black-star-promos-66-102-71ed111014,Scarlet and Violet Black Star Promos,Iron Bundle,66/102,NO_VARIANT_LINK
pkm-scarlet-and-violet-black-star-promos-67-102-7f1f89c2b7,Scarlet and Violet Black Star Promos,Roaring Moon ex,67/102,NO_VARIANT_LINK
pkm-scarlet-and-violet-black-star-promos-68-102-3041415c92,Scarlet and Violet Black Star Promos,Iron Valiant ex,68/102,NO_VARIANT_LINK
pkm-scarlet-and-violet-black-star-promos-69-102-a2b1586783,Scarlet and Violet Black Star Promos,Fidough,69/102,NO_VARIANT_LINK
pkm-scarlet-and-violet-black-star-promos-70-102-5b6a28127b,Scarlet and Violet Black Star Promos,Greavard,70/102,NO_VARIANT_LINK
pkm-scarlet-and-violet-black-star-promos-71-102-eec04b625f,Scarlet and Violet Black Star Promos,Maschiff,71/102,NO_VARIANT_LINK
pkm-scarlet-and-violet-black-star-promos-72-102-813a6cdc6d,Scarlet and Violet Black Star Promos,Great Tusk ex,72/102,NO_VARIANT_LINK
pkm-scarlet-and-violet-black-star-promos-73-102-4731a6a96e,Scarlet and Violet Black Star Promos,Iron Treads ex,73/102,NO_VARIANT_LINK
pkm-scarlet-and-violet-black-star-promos-74-102-2da441d0ff,Scarlet and Violet Black Star Promos,Charizard ex,74/102,NO_VARIANT_LINK
pkm-scarlet-and-violet-black-star-promos-75-102-158f9a333c,Scarlet and Violet Black Star Promos,Mimikyu,75/102,NO_VARIANT_LINK
pkm-scarlet-and-violet-black-star-promos-76-102-969e867c04,Scarlet and Violet Black Star Promos,Sprigatito,76/102,NO_VARIANT_LINK
pkm-scarlet-and-violet-black-star-promos-77-102-ed5d63c4ac,Scarlet and Violet Black Star Promos,Floragato,77/102,NO_VARIANT_LINK
pkm-scarlet-and-violet-black-star-promos-78-102-87e6537c79,Scarlet and Violet Black Star Promos,Meowscarada ex,78/102,NO_VARIANT_LINK
pkm-scarlet-and-violet-black-star-promos-79-102-a7d25a9782,Scarlet and Violet Black Star Promos,Fuecoco,79/102,NO_VARIANT_LINK
pkm-scarlet-and-violet-black-star-promos-80-102-cf1fd58b85,Scarlet and Violet Black Star Promos,Crocalor,80/102,NO_VARIANT_LINK
pkm-scarlet-and-violet-black-star-promos-81-102-d2a33cae1b,Scarlet and Violet Black Star Promos,Skeledirge ex,81/102,NO_VARIANT_LINK
pkm-scarlet-and-violet-black-star-promos-82-102-59722609de,Scarlet and Violet Black Star Promos,Quaxly,82/102,NO_VARIANT_LINK
pkm-scarlet-and-violet-black-star-promos-83-102-740bc476ca,Scarlet and Violet Black Star Promos,Quaxwell,83/102,NO_VARIANT_LINK
pkm-scarlet-and-violet-black-star-promos-84-102-b472a89aa3,Scarlet and Violet Black Star Promos,Quaquaval ex,84/102,NO_VARIANT_LINK
pkm-scarlet-and-violet-black-star-promos-85-102-594cca92af,Scarlet and Violet Black Star Promos,Pikachu with Grey Felt Hat,85/102,NO_VARIANT_LINK
pkm-scarlet-and-violet-black-star-promos-86-102-f48f6b2081,Scarlet and Violet Black Star Promos,Mabosstiff ex,86/102,NO_VARIANT_LINK
pkm-scarlet-and-violet-black-star-promos-87-102-27727a8aee,Scarlet and Violet Black Star Promos,Sprigatito ex,87/102,NO_VARIANT_LINK
pkm-scarlet-and-violet-black-star-promos-88-102-8720e747e1,Scarlet and Violet Black Star Promos,Pikachu,88/102,NO_VARIANT_LINK
pkm-scarlet-and-violet-black-star-promos-89-102-c9b0812bcd,Scarlet and Violet Black Star Promos,Feraligatr,89/102,NO_VARIANT_LINK
pkm-scarlet-and-violet-black-star-promos-90-102-adbc53dd51,Scarlet and Violet Black Star Promos,Metang,90/102,NO_VARIANT_LINK
pkm-scarlet-and-violet-black-star-promos-91-102-b6555687c1,Scarlet and Violet Black Star Promos,Koraidon,91/102,NO_VARIANT_LINK
pkm-scarlet-and-violet-black-star-promos-92-102-bb8d086185,Scarlet and Violet Black Star Promos,Miraidon,92/102,NO_VARIANT_LINK
pkm-scarlet-and-violet-black-star-promos-93-102-222146b8b1,Scarlet and Violet Black Star Promos,Carvanha,93/102,NO_VARIANT_LINK
pkm-scarlet-and-violet-black-star-promos-94-102-c9555ad2b3,Scarlet and Violet Black Star Promos,Bellibolt,94/102,NO_VARIANT_LINK
pkm-scarlet-and-violet-black-star-promos-95-102-80ae50e6b9,Scarlet and Violet Black Star Promos,Cleffa,95/102,NO_VARIANT_LINK
pkm-scarlet-and-violet-black-star-promos-96-102-63cc34824a,Scarlet and Violet Black Star Promos,Cyclizar,96/102,NO_VARIANT_LINK
pkm-scarlet-and-violet-black-star-promos-97-102-f84976e01e,Scarlet and Violet Black Star Promos,Flutter Mane,97/102,NO_VARIANT_LINK
pkm-scarlet-and-violet-black-star-promos-98-102-79e11448cd,Scarlet and Violet Black Star Promos,Iron Thorns,98/102,NO_VARIANT_LINK
pkm-scarlet-and-violet-black-star-promos-99-102-bddfdeec0f,Scarlet and Violet Black Star Promos,Shroodle,99/102,NO_VARIANT_LINK
pkm-scarlet-and-violet-black-star-promos-100-102-12c5212164,Scarlet and Violet Black Star Promos,Grafaiai ex,100/102,NO_VARIANT_LINK
pkm-scarlet-and-violet-black-star-promos-101-102-8aa0eeb692,Scarlet and Violet Black Star Promos,Pikachu,101/102,NO_VARIANT_LINK
pkm-scarlet-and-violet-black-star-promos-102-102-c7b7305213,Scarlet and Violet Black Star Promos,Oddish,102/102,NO_VARIANT_LINK
pkm-scarlet-and-violet-black-star-promos-103-102-b18f264c0c,Scarlet and Violet Black Star Promos,Houndoom ex,103/102,NO_VARIANT_LINK
pkm-scarlet-and-violet-black-star-promos-104-102-e59580e56b,Scarlet and Violet Black Star Promos,Melmetal ex,104/102,NO_VARIANT_LINK
pkm-scarlet-and-violet-black-star-promos-105-102-0a1e459a80,Scarlet and Violet Black Star Promos,Armarouge ex,105/102,NO_VARIANT_LINK
pkm-scarlet-and-violet-black-star-promos-106-102-850e4678f3,Scarlet and Violet Black Star Promos,Pikachu ex,106/102,NO_VARIANT_LINK
pkm-scarlet-and-violet-black-star-promos-107-102-754abe212f,Scarlet and Violet Black Star Promos,Mareep,107/102,NO_VARIANT_LINK
pkm-scarlet-and-violet-black-star-promos-108-102-96f8935798,Scarlet and Violet Black Star Promos,Flaaffy,108/102,NO_VARIANT_LINK
pkm-scarlet-and-violet-black-star-promos-109-102-4dc20b396d,Scarlet and Violet Black Star Promos,Ampharos,109/102,NO_VARIANT_LINK
pkm-scarlet-and-violet-black-star-promos-110-102-c52c1f982d,Scarlet and Violet Black Star Promos,Darkrai ex,110/102,NO_VARIANT_LINK
pkm-scarlet-and-violet-black-star-promos-111-102-0639b81ac6,Scarlet and Violet Black Star Promos,Pawniard,111/102,NO_VARIANT_LINK
pkm-scarlet-and-violet-black-star-promos-112-102-a82e874ca9,Scarlet and Violet Black Star Promos,Bisharp,112/102,NO_VARIANT_LINK
pkm-scarlet-and-violet-black-star-promos-113-102-602a0ea8e0,Scarlet and Violet Black Star Promos,Kingambit,113/102,NO_VARIANT_LINK
pkm-scarlet-and-violet-black-star-promos-114-102-a88dd9f2ce,Scarlet and Violet Black Star Promos,Picnicker,114/102,NO_VARIANT_LINK
pkm-scarlet-and-violet-black-star-promos-115-102-7055a9ba95,Scarlet and Violet Black Star Promos,Thwackey,115/102,NO_VARIANT_LINK
pkm-scarlet-and-violet-black-star-promos-116-102-ec7fbcf699,Scarlet and Violet Black Star Promos,Infernape,116/102,NO_VARIANT_LINK
pkm-scarlet-and-violet-black-star-promos-117-102-3096e60505,Scarlet and Violet Black Star Promos,Froslass,117/102,NO_VARIANT_LINK
pkm-scarlet-and-violet-black-star-promos-118-102-ed91b40c48,Scarlet and Violet Black Star Promos,Tatsugiri,118/102,NO_VARIANT_LINK
pkm-scarlet-and-violet-black-star-promos-119-102-96ca032e9d,Scarlet and Violet Black Star Promos,Toxel,119/102,NO_VARIANT_LINK
pkm-scarlet-and-violet-black-star-promos-120-102-dd54bd7723,Scarlet and Violet Black Star Promos,Pupitar,120/102,NO_VARIANT_LINK
pkm-scarlet-and-violet-black-star-promos-121-102-ff4f2fcfe8,Scarlet and Violet Black Star Promos,Revavroom,121/102,NO_VARIANT_LINK
pkm-scarlet-and-violet-black-star-promos-122-102-d1c84b4135,Scarlet and Violet Black Star Promos,Snorlax,122/102,NO_VARIANT_LINK
pkm-scarlet-and-violet-black-star-promos-123-102-4506e959f7,Scarlet and Violet Black Star Promos,Teal Mask Ogerpon,123/102,NO_VARIANT_LINK
pkm-scarlet-and-violet-black-star-promos-124-102-9255799f60,Scarlet and Violet Black Star Promos,Iono,124/102,NO_VARIANT_LINK
pkm-scarlet-and-violet-black-star-promos-125-102-cc84185b48,Scarlet and Violet Black Star Promos,Armarouge ex,125/102,NO_VARIANT_LINK
pkm-scarlet-and-violet-black-star-promos-126-102-0e41289495,Scarlet and Violet Black Star Promos,Palafin ex,126/102,NO_VARIANT_LINK
pkm-scarlet-and-violet-black-star-promos-127-102-a2831055f9,Scarlet and Violet Black Star Promos,Walking Wake ex,127/102,NO_VARIANT_LINK
pkm-scarlet-and-violet-black-star-promos-128-102-b65739dacd,Scarlet and Violet Black Star Promos,Iron Leaves ex,128/102,NO_VARIANT_LINK
pkm-scarlet-and-violet-black-star-promos-129-102-d346cb7441,Scarlet and Violet Black Star Promos,Pecharunt,129/102,NO_VARIANT_LINK
pkm-scarlet-and-violet-black-star-promos-130-102-976d6a22bf,Scarlet and Violet Black Star Promos,Kingambit,130/102,NO_VARIANT_LINK
pkm-scarlet-and-violet-black-star-promos-131-102-2becb3b664,Scarlet and Violet Black Star Promos,Kingdra ex,131/102,NO_VARIANT_LINK
pkm-scarlet-and-violet-black-star-promos-132-102-24bac2b5b1,Scarlet and Violet Black Star Promos,Greninja ex,132/102,NO_VARIANT_LINK
pkm-scarlet-and-violet-black-star-promos-133-102-b9b6236f4c,Scarlet and Violet Black Star Promos,Ledian,133/102,NO_VARIANT_LINK
pkm-scarlet-and-violet-black-star-promos-134-102-8269981207,Scarlet and Violet Black Star Promos,Crabominable,134/102,NO_VARIANT_LINK
pkm-scarlet-and-violet-black-star-promos-135-102-7ecde6d465,Scarlet and Violet Black Star Promos,Drifblim,135/102,NO_VARIANT_LINK
pkm-scarlet-and-violet-black-star-promos-136-102-64c9c1887e,Scarlet and Violet Black Star Promos,Bouffalant,136/102,NO_VARIANT_LINK
pkm-scarlet-and-violet-black-star-promos-137-102-a337e42dfa,Scarlet and Violet Black Star Promos,Horsea,137/102,NO_VARIANT_LINK
pkm-scarlet-and-violet-black-star-promos-138-102-5e2983d139,Scarlet and Violet Black Star Promos,Porygon2,138/102,NO_VARIANT_LINK
pkm-scarlet-and-violet-black-star-promos-139-102-6245e45d77,Scarlet and Violet Black Star Promos,Latias,139/102,NO_VARIANT_LINK
pkm-scarlet-and-violet-black-star-promos-140-102-bc2b3ac246,Scarlet and Violet Black Star Promos,Tinkaton,140/102,NO_VARIANT_LINK
pkm-scarlet-and-violet-black-star-promos-141-102-c0f5de7302,Scarlet and Violet Black Star Promos,Noctowl,141/102,NO_VARIANT_LINK
pkm-scarlet-and-violet-black-star-promos-142-102-f668bce565,Scarlet and Violet Black Star Promos,Victini ex,142/102,NO_VARIANT_LINK
pkm-scarlet-and-violet-black-star-promos-143-102-7fd3dc07e3,Scarlet and Violet Black Star Promos,Miraidon ex,143/102,NO_VARIANT_LINK
pkm-scarlet-and-violet-black-star-promos-144-102-b59774fde6,Scarlet and Violet Black Star Promos,Gouging Fire ex,144/102,NO_VARIANT_LINK
pkm-scarlet-and-violet-black-star-promos-145-102-268c46f847,Scarlet and Violet Black Star Promos,Raging Bolt ex,145/102,NO_VARIANT_LINK
pkm-scarlet-and-violet-black-star-promos-146-102-a9750cd5aa,Scarlet and Violet Black Star Promos,Iron Crown ex,146/102,NO_VARIANT_LINK
pkm-scarlet-and-violet-black-star-promos-147-102-b282cdbfbf,Scarlet and Violet Black Star Promos,Iron Boulder ex,147/102,NO_VARIANT_LINK
pkm-scarlet-and-violet-black-star-promos-148-102-60c05f469a,Scarlet and Violet Black Star Promos,Miraidon,148/102,NO_VARIANT_LINK
pkm-scarlet-and-violet-black-star-promos-149-102-f45e3eb4a9,Scarlet and Violet Black Star Promos,Pecharunt,149/102,NO_VARIANT_LINK
pkm-scarlet-and-violet-black-star-promos-150-102-2e07202f0f,Scarlet and Violet Black Star Promos,Paradise Resort,150/102,NO_VARIANT_LINK
pkm-scarlet-and-violet-black-star-promos-151-102-99d96a23da,Scarlet and Violet Black Star Promos,Gouging Fire,151/102,NO_VARIANT_LINK
pkm-scarlet-and-violet-black-star-promos-152-102-6c85839e11,Scarlet and Violet Black Star Promos,Chien-Pao,152/102,NO_VARIANT_LINK
pkm-scarlet-and-violet-black-star-promos-153-102-2627941637,Scarlet and Violet Black Star Promos,Magneton,153/102,NO_VARIANT_LINK
pkm-scarlet-and-violet-black-star-promos-154-102-9e8ee4c990,Scarlet and Violet Black Star Promos,Indeedee,154/102,NO_VARIANT_LINK
pkm-scarlet-and-violet-black-star-promos-155-102-1ac07a5028,Scarlet and Violet Black Star Promos,Wooper,155/102,NO_VARIANT_LINK
pkm-scarlet-and-violet-black-star-promos-156-102-41b6497605,Scarlet and Violet Black Star Promos,Quagsire,156/102,NO_VARIANT_LINK
pkm-scarlet-and-violet-black-star-promos-157-102-72dae6a3a3,Scarlet and Violet Black Star Promos,Zapdos,157/102,NO_VARIANT_LINK
pkm-scarlet-and-violet-black-star-promos-158-102-c68afa6108,Scarlet and Violet Black Star Promos,Pachirisu,158/102,NO_VARIANT_LINK
pkm-scarlet-and-violet-black-star-promos-159-102-a8524b738a,Scarlet and Violet Black Star Promos,Magneton,159/102,NO_VARIANT_LINK
pkm-scarlet-and-violet-black-star-promos-160-102-64cb34b700,Scarlet and Violet Black Star Promos,Squawkabilly ex,160/102,NO_VARIANT_LINK
pkm-scarlet-and-violet-black-star-promos-161-102-29ee939251,Scarlet and Violet Black Star Promos,Charizard ex,161/102,NO_VARIANT_LINK
pkm-scarlet-and-violet-black-star-promos-162-102-9155899b30,Scarlet and Violet Black Star Promos,Houndstone ex,162/102,NO_VARIANT_LINK
pkm-scarlet-and-violet-black-star-promos-163-102-a3f1d6c1ce,Scarlet and Violet Black Star Promos,Cinderace ex,163/102,NO_VARIANT_LINK
pkm-scarlet-and-violet-black-star-promos-164-102-ce5196119a,Scarlet and Violet Black Star Promos,Lapras ex,164/102,NO_VARIANT_LINK
pkm-scarlet-and-violet-black-star-promos-165-102-3791ccfd55,Scarlet and Violet Black Star Promos,Terapagos ex,165/102,NO_VARIANT_LINK
pkm-scarlet-and-violet-energies-1-8-e4602d39cd,Scarlet and Violet Energies,Basic Grass Energy,1/8,NO_VARIANT_LINK
pkm-scarlet-and-violet-energies-2-8-ed2981ad3e,Scarlet and Violet Energies,Basic Fire Energy,2/8,NO_VARIANT_LINK
pkm-scarlet-and-violet-energies-3-8-0ac636116c,Scarlet and Violet Energies,Basic Water Energy,3/8,NO_VARIANT_LINK
pkm-scarlet-and-violet-energies-4-8-23e6dccda6,Scarlet and Violet Energies,Basic Lightning Energy,4/8,NO_VARIANT_LINK
pkm-scarlet-and-violet-energies-5-8-64aa2e0ae9,Scarlet and Violet Energies,Basic Psychic Energy,5/8,NO_VARIANT_LINK
pkm-scarlet-and-violet-energies-6-8-428e04661c,Scarlet and Violet Energies,Basic Fighting Energy,6/8,NO_VARIANT_LINK
pkm-scarlet-and-violet-energies-7-8-ade3609a70,Scarlet and Violet Energies,Basic Darkness Energy,7/8,NO_VARIANT_LINK
pkm-scarlet-and-violet-energies-8-8-e214ec26c4,Scarlet and Violet Energies,Basic Metal Energy,8/8,NO_VARIANT_LINK
pkm-scarlet-and-violet-energies-9-8-9bb536ecb2,Scarlet and Violet Energies,Basic Grass Energy,9/8,NO_VARIANT_LINK
pkm-scarlet-and-violet-energies-10-8-22775c0b5c,Scarlet and Violet Energies,Basic Fire Energy,10/8,NO_VARIANT_LINK
pkm-scarlet-and-violet-energies-11-8-eb2f9424a0,Scarlet and Violet Energies,Basic Water Energy,11/8,NO_VARIANT_LINK
pkm-scarlet-and-violet-energies-12-8-e0dfca052d,Scarlet and Violet Energies,Basic Lightning Energy,12/8,NO_VARIANT_LINK
pkm-scarlet-and-violet-energies-13-8-767e23bc84,Scarlet and Violet Energies,Basic Psychic Energy,13/8,NO_VARIANT_LINK
pkm-scarlet-and-violet-energies-14-8-ff2ccdc1fb,Scarlet and Violet Energies,Basic Fighting Energy,14/8,NO_VARIANT_LINK
pkm-scarlet-and-violet-energies-15-8-aa09691548,Scarlet and Violet Energies,Basic Darkness Energy,15/8,NO_VARIANT_LINK
pkm-scarlet-and-violet-energies-16-8-bc9497f292,Scarlet and Violet Energies,Basic Metal Energy,16/8,NO_VARIANT_LINK
pkm-scarlet-and-violet-1-198-751d9a1c0d,Scarlet and Violet,Pineco,1/198,NO_VARIANT_LINK
pkm-scarlet-and-violet-2-198-d8992151f2,Scarlet and Violet,Heracross,2/198,NO_VARIANT_LINK
pkm-scarlet-and-violet-3-198-b0d1c80b1e,Scarlet and Violet,Shroomish,3/198,NO_VARIANT_LINK
pkm-scarlet-and-violet-4-198-e1da7f32c3,Scarlet and Violet,Breloom,4/198,NO_VARIANT_LINK
pkm-scarlet-and-violet-5-198-42fbbbf19f,Scarlet and Violet,Cacnea,5/198,NO_VARIANT_LINK
pkm-scarlet-and-violet-6-198-1c7266744e,Scarlet and Violet,Cacturne,6/198,NO_VARIANT_LINK
pkm-scarlet-and-violet-7-198-045c5c7e35,Scarlet and Violet,Tropius,7/198,NO_VARIANT_LINK
pkm-scarlet-and-violet-8-198-38df92c394,Scarlet and Violet,Scatterbug,8/198,NO_VARIANT_LINK
pkm-scarlet-and-violet-9-198-8cabc3b47a,Scarlet and Violet,Spewpa,9/198,NO_VARIANT_LINK
pkm-scarlet-and-violet-10-198-ac2641d55f,Scarlet and Violet,Vivillon,10/198,NO_VARIANT_LINK
pkm-scarlet-and-violet-11-198-e0e9719c10,Scarlet and Violet,Skiddo,11/198,NO_VARIANT_LINK
pkm-scarlet-and-violet-12-198-463d716653,Scarlet and Violet,Gogoat,12/198,NO_VARIANT_LINK
pkm-scarlet-and-violet-13-198-72e8dd4cb5,Scarlet and Violet,Sprigatito,13/198,NO_VARIANT_LINK
pkm-scarlet-and-violet-14-198-2b8476feff,Scarlet and Violet,Floragato,14/198,NO_VARIANT_LINK
pkm-scarlet-and-violet-15-198-73b1947d0e,Scarlet and Violet,Meowscarada,15/198,NO_VARIANT_LINK
pkm-scarlet-and-violet-16-198-ae1f9dd418,Scarlet and Violet,Tarountula,16/198,NO_VARIANT_LINK
pkm-scarlet-and-violet-17-198-facb05962a,Scarlet and Violet,Tarountula,17/198,NO_VARIANT_LINK
pkm-scarlet-and-violet-18-198-28bfe3525b,Scarlet and Violet,Tarountula,18/198,NO_VARIANT_LINK
pkm-scarlet-and-violet-19-198-ee2a9ed24d,Scarlet and Violet,Spidops ex,19/198,NO_VARIANT_LINK
pkm-scarlet-and-violet-20-198-a337aef13b,Scarlet and Violet,Smoliv,20/198,NO_VARIANT_LINK
pkm-scarlet-and-violet-21-198-387fd1175d,Scarlet and Violet,Smoliv,21/198,NO_VARIANT_LINK
pkm-scarlet-and-violet-22-198-6df3b60226,Scarlet and Violet,Dolliv,22/198,NO_VARIANT_LINK
pkm-scarlet-and-violet-23-198-00c71de87d,Scarlet and Violet,Arboliva,23/198,NO_VARIANT_LINK
pkm-scarlet-and-violet-24-198-436f716ce4,Scarlet and Violet,Toedscool,24/198,NO_VARIANT_LINK
pkm-scarlet-and-violet-25-198-d1f981583e,Scarlet and Violet,Toedscool,25/198,NO_VARIANT_LINK
pkm-scarlet-and-violet-26-198-36a81afb9d,Scarlet and Violet,Toedscruel,26/198,NO_VARIANT_LINK
pkm-scarlet-and-violet-27-198-9082b359b7,Scarlet and Violet,Capsakid,27/198,NO_VARIANT_LINK
pkm-scarlet-and-violet-28-198-a33ecca66b,Scarlet and Violet,Capsakid,28/198,NO_VARIANT_LINK
pkm-scarlet-and-violet-29-198-6b435bc678,Scarlet and Violet,Scovillain,29/198,NO_VARIANT_LINK
pkm-scarlet-and-violet-30-198-97875dc4ab,Scarlet and Violet,Growlithe,30/198,NO_VARIANT_LINK
pkm-scarlet-and-violet-31-198-c887a825e0,Scarlet and Violet,Growlithe,31/198,NO_VARIANT_LINK
pkm-scarlet-and-violet-32-198-5f8329fdb5,Scarlet and Violet,Arcanine ex,32/198,NO_VARIANT_LINK
pkm-scarlet-and-violet-33-198-94c0d449c2,Scarlet and Violet,Houndour,33/198,NO_VARIANT_LINK
pkm-scarlet-and-violet-34-198-25d6629e99,Scarlet and Violet,Houndoom,34/198,NO_VARIANT_LINK
pkm-scarlet-and-violet-35-198-90b7492117,Scarlet and Violet,Torkoal,35/198,NO_VARIANT_LINK
pkm-scarlet-and-violet-36-198-38c54ff585,Scarlet and Violet,Fuecoco,36/198,NO_VARIANT_LINK
pkm-scarlet-and-violet-37-198-549e0b9673,Scarlet and Violet,Crocalor,37/198,NO_VARIANT_LINK
pkm-scarlet-and-violet-38-198-ca640074c5,Scarlet and Violet,Skeledirge,38/198,NO_VARIANT_LINK
pkm-scarlet-and-violet-39-198-b76a5c34c1,Scarlet and Violet,Charcadet,39/198,NO_VARIANT_LINK
pkm-scarlet-and-violet-40-198-ddcbf9907a,Scarlet and Violet,Charcadet,40/198,NO_VARIANT_LINK
pkm-scarlet-and-violet-41-198-184d8d83f3,Scarlet and Violet,Armarouge,41/198,NO_VARIANT_LINK
pkm-scarlet-and-violet-42-198-e1628e1f2c,Scarlet and Violet,Slowpoke,42/198,NO_VARIANT_LINK
pkm-scarlet-and-violet-43-198-b82c422008,Scarlet and Violet,Slowbro,43/198,NO_VARIANT_LINK
pkm-scarlet-and-violet-44-198-77e6d3eda9,Scarlet and Violet,Magikarp,44/198,NO_VARIANT_LINK
pkm-scarlet-and-violet-45-198-d425a8a669,Scarlet and Violet,Gyarados ex,45/198,NO_VARIANT_LINK
pkm-scarlet-and-violet-46-198-c4070edd04,Scarlet and Violet,Buizel,46/198,NO_VARIANT_LINK
pkm-scarlet-and-violet-47-198-b68e156918,Scarlet and Violet,Floatzel,47/198,NO_VARIANT_LINK
pkm-scarlet-and-violet-48-198-c0246002e7,Scarlet and Violet,Alomomola,48/198,NO_VARIANT_LINK
pkm-scarlet-and-violet-49-198-e789214336,Scarlet and Violet,Clauncher,49/198,NO_VARIANT_LINK
pkm-scarlet-and-violet-50-198-fa45a9f88c,Scarlet and Violet,Clawitzer,50/198,NO_VARIANT_LINK
pkm-scarlet-and-violet-51-198-1b2f996ba6,Scarlet and Violet,Bruxish,51/198,NO_VARIANT_LINK
pkm-scarlet-and-violet-52-198-102811a683,Scarlet and Violet,Quaxly,52/198,NO_VARIANT_LINK
pkm-scarlet-and-violet-53-198-bb16d558c2,Scarlet and Violet,Quaxwell,53/198,NO_VARIANT_LINK
pkm-scarlet-and-violet-54-198-ac680fbd1d,Scarlet and Violet,Quaquaval,54/198,NO_VARIANT_LINK
pkm-scarlet-and-violet-55-198-eb8e3c6a73,Scarlet and Violet,Wiglett,55/198,NO_VARIANT_LINK
pkm-scarlet-and-violet-56-198-4bf6c234f5,Scarlet and Violet,Wiglett,56/198,NO_VARIANT_LINK
pkm-scarlet-and-violet-57-198-71c296293a,Scarlet and Violet,Wugtrio,57/198,NO_VARIANT_LINK
pkm-scarlet-and-violet-58-198-76d1a69023,Scarlet and Violet,Cetoddle,58/198,NO_VARIANT_LINK
pkm-scarlet-and-violet-59-198-2f1bba16d6,Scarlet and Violet,Cetoddle,59/198,NO_VARIANT_LINK
pkm-scarlet-and-violet-60-198-3c59c095db,Scarlet and Violet,Cetitan,60/198,NO_VARIANT_LINK
pkm-scarlet-and-violet-61-198-58f52b8b02,Scarlet and Violet,Dondozo,61/198,NO_VARIANT_LINK
pkm-scarlet-and-violet-62-198-4b07756727,Scarlet and Violet,Tatsugiri,62/198,NO_VARIANT_LINK
pkm-scarlet-and-violet-63-198-2878bd195d,Scarlet and Violet,Magnemite,63/198,NO_VARIANT_LINK
pkm-scarlet-and-violet-64-198-3856fa32fb,Scarlet and Violet,Magneton,64/198,NO_VARIANT_LINK
pkm-scarlet-and-violet-65-198-74af81cd6f,Scarlet and Violet,Magnezone ex,65/198,NO_VARIANT_LINK
pkm-scarlet-and-violet-66-198-48f85920c6,Scarlet and Violet,Mareep,66/198,NO_VARIANT_LINK
pkm-scarlet-and-violet-67-198-b126a20d06,Scarlet and Violet,Flaaffy,67/198,NO_VARIANT_LINK
pkm-scarlet-and-violet-68-198-eba1d188a2,Scarlet and Violet,Pachirisu,68/198,NO_VARIANT_LINK
pkm-scarlet-and-violet-69-198-2f8584eeac,Scarlet and Violet,Rotom,69/198,NO_VARIANT_LINK
pkm-scarlet-and-violet-70-198-b8422da5f6,Scarlet and Violet,Rotom,70/198,NO_VARIANT_LINK
pkm-scarlet-and-violet-71-198-6884d237ef,Scarlet and Violet,Toxel,71/198,NO_VARIANT_LINK
pkm-scarlet-and-violet-72-198-4fd0d7baf0,Scarlet and Violet,Toxtricity,72/198,NO_VARIANT_LINK
pkm-scarlet-and-violet-73-198-362c9585b6,Scarlet and Violet,Pawmi,73/198,NO_VARIANT_LINK
pkm-scarlet-and-violet-74-198-71bf3ed4bb,Scarlet and Violet,Pawmi,74/198,NO_VARIANT_LINK
pkm-scarlet-and-violet-75-198-a3f61137f2,Scarlet and Violet,Pawmo,75/198,NO_VARIANT_LINK
pkm-scarlet-and-violet-76-198-aafe274454,Scarlet and Violet,Pawmot,76/198,NO_VARIANT_LINK
pkm-scarlet-and-violet-77-198-276b5f5736,Scarlet and Violet,Wattrel,77/198,NO_VARIANT_LINK
pkm-scarlet-and-violet-78-198-16e91a4227,Scarlet and Violet,Wattrel,78/198,NO_VARIANT_LINK
pkm-scarlet-and-violet-79-198-f7a246ea9c,Scarlet and Violet,Kilowattrel,79/198,NO_VARIANT_LINK
pkm-scarlet-and-violet-80-198-86b88f8c7d,Scarlet and Violet,Miraidon,80/198,NO_VARIANT_LINK
pkm-scarlet-and-violet-81-198-9189adaa18,Scarlet and Violet,Miraidon ex,81/198,NO_VARIANT_LINK
pkm-scarlet-and-violet-82-198-143d238b2a,Scarlet and Violet,Drowzee,82/198,NO_VARIANT_LINK
pkm-scarlet-and-violet-83-198-338f835fc7,Scarlet and Violet,Hypno,83/198,NO_VARIANT_LINK
pkm-scarlet-and-violet-84-198-7fde06a065,Scarlet and Violet,Ralts,84/198,NO_VARIANT_LINK
pkm-scarlet-and-violet-85-198-dbddab9b66,Scarlet and Violet,Kirlia,85/198,NO_VARIANT_LINK
pkm-scarlet-and-violet-86-198-b043864e5b,Scarlet and Violet,Gardevoir ex,86/198,NO_VARIANT_LINK
pkm-scarlet-and-violet-87-198-bc51c6a0a0,Scarlet and Violet,Shuppet,87/198,NO_VARIANT_LINK
pkm-scarlet-and-violet-88-198-80d941a4e8,Scarlet and Violet,Banette ex,88/198,NO_VARIANT_LINK
pkm-scarlet-and-violet-89-198-c7734e9f4b,Scarlet and Violet,Drifloon,89/198,NO_VARIANT_LINK
pkm-scarlet-and-violet-90-198-e672fb0234,Scarlet and Violet,Drifblim,90/198,NO_VARIANT_LINK
pkm-scarlet-and-violet-91-198-63aaa7cf6e,Scarlet and Violet,Flabébé,91/198,NO_VARIANT_LINK
pkm-scarlet-and-violet-92-198-14b280ba45,Scarlet and Violet,Floette,92/198,NO_VARIANT_LINK
pkm-scarlet-and-violet-93-198-90f52d269e,Scarlet and Violet,Florges,93/198,NO_VARIANT_LINK
pkm-scarlet-and-violet-94-198-8177b6ab18,Scarlet and Violet,Dedenne,94/198,NO_VARIANT_LINK
pkm-scarlet-and-violet-95-198-4b293542ca,Scarlet and Violet,Dedenne,95/198,NO_VARIANT_LINK
pkm-scarlet-and-violet-96-198-ec48279391,Scarlet and Violet,Klefki,96/198,NO_VARIANT_LINK
pkm-scarlet-and-violet-97-198-952f29535f,Scarlet and Violet,Fidough,97/198,NO_VARIANT_LINK
pkm-scarlet-and-violet-98-198-6c371a0359,Scarlet and Violet,Fidough,98/198,NO_VARIANT_LINK
pkm-scarlet-and-violet-99-198-94fda9d04a,Scarlet and Violet,Dachsbun,99/198,NO_VARIANT_LINK
pkm-scarlet-and-violet-100-198-5a69d21d42,Scarlet and Violet,Flittle,100/198,NO_VARIANT_LINK
pkm-scarlet-and-violet-101-198-8a182e30f7,Scarlet and Violet,Flittle,101/198,NO_VARIANT_LINK
pkm-scarlet-and-violet-102-198-b6734fe138,Scarlet and Violet,Flittle,102/198,NO_VARIANT_LINK
pkm-scarlet-and-violet-103-198-92082fc030,Scarlet and Violet,Espathra,103/198,NO_VARIANT_LINK
pkm-scarlet-and-violet-104-198-d9f6439643,Scarlet and Violet,Greavard,104/198,NO_VARIANT_LINK
pkm-scarlet-and-violet-105-198-032dd9b6b8,Scarlet and Violet,Greavard,105/198,NO_VARIANT_LINK
pkm-scarlet-and-violet-106-198-7ebcacbebf,Scarlet and Violet,Houndstone,106/198,NO_VARIANT_LINK
pkm-scarlet-and-violet-107-198-f741ea3586,Scarlet and Violet,Mankey,107/198,NO_VARIANT_LINK
pkm-scarlet-and-violet-108-198-7b42be7895,Scarlet and Violet,Primeape,108/198,NO_VARIANT_LINK
pkm-scarlet-and-violet-109-198-4c5e97073a,Scarlet and Violet,Annihilape,109/198,NO_VARIANT_LINK
pkm-scarlet-and-violet-110-198-b811a19eee,Scarlet and Violet,Meditite,110/198,NO_VARIANT_LINK
pkm-scarlet-and-violet-111-198-b61c3f049a,Scarlet and Violet,Medicham,111/198,NO_VARIANT_LINK
pkm-scarlet-and-violet-112-198-a134b5c1a0,Scarlet and Violet,Riolu,112/198,NO_VARIANT_LINK
pkm-scarlet-and-violet-113-198-8d888e7748,Scarlet and Violet,Riolu,113/198,NO_VARIANT_LINK
pkm-scarlet-and-violet-114-198-a0a03be706,Scarlet and Violet,Lucario,114/198,NO_VARIANT_LINK
pkm-scarlet-and-violet-115-198-306923e4c7,Scarlet and Violet,Sandile,115/198,NO_VARIANT_LINK
pkm-scarlet-and-violet-116-198-3479f01148,Scarlet and Violet,Krokorok,116/198,NO_VARIANT_LINK
pkm-scarlet-and-violet-117-198-1e88511716,Scarlet and Violet,Krookodile,117/198,NO_VARIANT_LINK
pkm-scarlet-and-violet-118-198-f0ceebc4bb,Scarlet and Violet,Hawlucha,118/198,NO_VARIANT_LINK
pkm-scarlet-and-violet-119-198-59c7d2e747,Scarlet and Violet,Silicobra,119/198,NO_VARIANT_LINK
pkm-scarlet-and-violet-120-198-440b1e5df5,Scarlet and Violet,Sandaconda,120/198,NO_VARIANT_LINK
pkm-scarlet-and-violet-121-198-572af26ffc,Scarlet and Violet,Stonjourner,121/198,NO_VARIANT_LINK
pkm-scarlet-and-violet-122-198-a6f5921315,Scarlet and Violet,Klawf,122/198,NO_VARIANT_LINK
pkm-scarlet-and-violet-123-198-1b26d58c08,Scarlet and Violet,Great Tusk ex,123/198,NO_VARIANT_LINK
pkm-scarlet-and-violet-124-198-4db80c5038,Scarlet and Violet,Koraidon,124/198,NO_VARIANT_LINK
pkm-scarlet-and-violet-125-198-743d3e3d1c,Scarlet and Violet,Koraidon ex,125/198,NO_VARIANT_LINK
pkm-scarlet-and-violet-126-198-bf52a24cea,Scarlet and Violet,Grimer,126/198,NO_VARIANT_LINK
pkm-scarlet-and-violet-127-198-168df3925e,Scarlet and Violet,Muk,127/198,NO_VARIANT_LINK
pkm-scarlet-and-violet-128-198-d10f8bdf8f,Scarlet and Violet,Seviper,128/198,NO_VARIANT_LINK
pkm-scarlet-and-violet-129-198-2ea4e012da,Scarlet and Violet,Spiritomb,129/198,NO_VARIANT_LINK
pkm-scarlet-and-violet-130-198-676426d4ba,Scarlet and Violet,Croagunk,130/198,NO_VARIANT_LINK
pkm-scarlet-and-violet-131-198-b52961db5e,Scarlet and Violet,Toxicroak ex,131/198,NO_VARIANT_LINK
pkm-scarlet-and-violet-132-198-e64306b067,Scarlet and Violet,Pawniard,132/198,NO_VARIANT_LINK
pkm-scarlet-and-violet-133-198-3d342cc500,Scarlet and Violet,Bisharp,133/198,NO_VARIANT_LINK
pkm-scarlet-and-violet-134-198-e2f8035f81,Scarlet and Violet,Kingambit,134/198,NO_VARIANT_LINK
pkm-scarlet-and-violet-135-198-e83c4ae942,Scarlet and Violet,Maschiff,135/198,NO_VARIANT_LINK
pkm-scarlet-and-violet-136-198-068e5ea3aa,Scarlet and Violet,Maschiff,136/198,NO_VARIANT_LINK
pkm-scarlet-and-violet-137-198-7d25f38226,Scarlet and Violet,Mabosstiff,137/198,NO_VARIANT_LINK
pkm-scarlet-and-violet-138-198-0d400d522a,Scarlet and Violet,Bombirdier,138/198,NO_VARIANT_LINK
pkm-scarlet-and-violet-139-198-6bb3232782,Scarlet and Violet,Forretress,139/198,NO_VARIANT_LINK
pkm-scarlet-and-violet-140-198-316c1de814,Scarlet and Violet,Varoom,140/198,NO_VARIANT_LINK
pkm-scarlet-and-violet-141-198-11aa8a1eff,Scarlet and Violet,Varoom,141/198,NO_VARIANT_LINK
pkm-scarlet-and-violet-142-198-3342cf2c85,Scarlet and Violet,Revavroom,142/198,NO_VARIANT_LINK
pkm-scarlet-and-violet-143-198-af2d2453c8,Scarlet and Violet,Iron Treads ex,143/198,NO_VARIANT_LINK
pkm-scarlet-and-violet-144-198-fd21fe83fe,Scarlet and Violet,Chansey,144/198,NO_VARIANT_LINK
pkm-scarlet-and-violet-145-198-e4b1e5ebc0,Scarlet and Violet,Blissey,145/198,NO_VARIANT_LINK
pkm-scarlet-and-violet-146-198-69b51bab86,Scarlet and Violet,Zangoose,146/198,NO_VARIANT_LINK
pkm-scarlet-and-violet-147-198-308920303b,Scarlet and Violet,Zangoose,147/198,NO_VARIANT_LINK
pkm-scarlet-and-violet-148-198-201f26ad03,Scarlet and Violet,Starly,148/198,NO_VARIANT_LINK
pkm-scarlet-and-violet-149-198-63a7949032,Scarlet and Violet,Staravia,149/198,NO_VARIANT_LINK
pkm-scarlet-and-violet-150-198-c3c2ddbe1f,Scarlet and Violet,Staraptor,150/198,NO_VARIANT_LINK
pkm-scarlet-and-violet-151-198-9a35e5c1aa,Scarlet and Violet,Skwovet,151/198,NO_VARIANT_LINK
pkm-scarlet-and-violet-152-198-9128d912ab,Scarlet and Violet,Greedent,152/198,NO_VARIANT_LINK
pkm-scarlet-and-violet-153-198-18cf3f3502,Scarlet and Violet,Indeedee,153/198,NO_VARIANT_LINK
pkm-scarlet-and-violet-154-198-adaf888a85,Scarlet and Violet,Lechonk,154/198,NO_VARIANT_LINK
pkm-scarlet-and-violet-155-198-3713e3e41e,Scarlet and Violet,Lechonk,155/198,NO_VARIANT_LINK
pkm-scarlet-and-violet-156-198-c6eb7b7428,Scarlet and Violet,Lechonk,156/198,NO_VARIANT_LINK
pkm-scarlet-and-violet-157-198-8bc628d0d7,Scarlet and Violet,Oinkologne,157/198,NO_VARIANT_LINK
pkm-scarlet-and-violet-158-198-12ebaa8614,Scarlet and Violet,Oinkologne ex,158/198,NO_VARIANT_LINK
pkm-scarlet-and-violet-159-198-3ebc8306f3,Scarlet and Violet,Tandemaus,159/198,NO_VARIANT_LINK
pkm-scarlet-and-violet-160-198-32f3c88d7f,Scarlet and Violet,Tandemaus,160/198,NO_VARIANT_LINK
pkm-scarlet-and-violet-161-198-ea11e21099,Scarlet and Violet,Maushold,161/198,NO_VARIANT_LINK
pkm-scarlet-and-violet-162-198-7856e5cce4,Scarlet and Violet,Squawkabilly,162/198,NO_VARIANT_LINK
pkm-scarlet-and-violet-163-198-69a2e51641,Scarlet and Violet,Cyclizar,163/198,NO_VARIANT_LINK
pkm-scarlet-and-violet-164-198-81c768177b,Scarlet and Violet,Cyclizar,164/198,NO_VARIANT_LINK
pkm-scarlet-and-violet-165-198-191e3013fa,Scarlet and Violet,Flamigo,165/198,NO_VARIANT_LINK
pkm-scarlet-and-violet-166-198-22d62e97b8,Scarlet and Violet,Arven,166/198,NO_VARIANT_LINK
pkm-scarlet-and-violet-167-198-7e77b27650,Scarlet and Violet,Beach Court,167/198,NO_VARIANT_LINK
pkm-scarlet-and-violet-168-198-fcf8cb2f2d,Scarlet and Violet,Crushing Hammer,168/198,NO_VARIANT_LINK
pkm-scarlet-and-violet-169-198-c6528d4f2b,Scarlet and Violet,Defiance Band,169/198,NO_VARIANT_LINK
pkm-scarlet-and-violet-170-198-0dd3a6997d,Scarlet and Violet,Electric Generator,170/198,NO_VARIANT_LINK
pkm-scarlet-and-violet-171-198-cf9bbec9c2,Scarlet and Violet,Energy Retrieval,171/198,NO_VARIANT_LINK
pkm-scarlet-and-violet-172-198-3c7c4476d3,Scarlet and Violet,Energy Search,172/198,NO_VARIANT_LINK
pkm-scarlet-and-violet-173-198-79d566eab7,Scarlet and Violet,Energy Switch,173/198,NO_VARIANT_LINK
pkm-scarlet-and-violet-174-198-bce2c9ebf9,Scarlet and Violet,Exp. Share,174/198,NO_VARIANT_LINK
pkm-scarlet-and-violet-175-198-665376e07b,Scarlet and Violet,Jacq,175/198,NO_VARIANT_LINK
pkm-scarlet-and-violet-176-198-0d18b70c19,Scarlet and Violet,Judge,176/198,NO_VARIANT_LINK
pkm-scarlet-and-violet-177-198-ffb53170d7,Scarlet and Violet,Katy,177/198,NO_VARIANT_LINK
pkm-scarlet-and-violet-178-198-e3e4c041a9,Scarlet and Violet,Mesagoza,178/198,NO_VARIANT_LINK
pkm-scarlet-and-violet-179-198-d727ddcd87,Scarlet and Violet,Miriam,179/198,NO_VARIANT_LINK
pkm-scarlet-and-violet-180-198-c821558eef,Scarlet and Violet,Nemona,180/198,NO_VARIANT_LINK
pkm-scarlet-and-violet-181-198-bb27190751,Scarlet and Violet,Nest Ball,181/198,NO_VARIANT_LINK
pkm-scarlet-and-violet-182-198-7ecae2422d,Scarlet and Violet,Pal Pad,182/198,NO_VARIANT_LINK
pkm-scarlet-and-violet-183-198-b60e79b49b,Scarlet and Violet,Penny,183/198,NO_VARIANT_LINK
pkm-scarlet-and-violet-184-198-a5f997e4bc,Scarlet and Violet,Picnic Basket,184/198,NO_VARIANT_LINK
pkm-scarlet-and-violet-185-198-ab6a6e4afc,Scarlet and Violet,Poké Ball,185/198,NO_VARIANT_LINK
pkm-scarlet-and-violet-186-198-0dbffca4eb,Scarlet and Violet,Pokégear 3.0,186/198,NO_VARIANT_LINK
pkm-scarlet-and-violet-187-198-bc72e6b141,Scarlet and Violet,Pokémon Catcher,187/198,NO_VARIANT_LINK
pkm-scarlet-and-violet-188-198-94e2c75b90,Scarlet and Violet,Potion,188/198,NO_VARIANT_LINK
pkm-scarlet-and-violet-189-198-86dc549134,Scarlet and Violet,Professor's Research (Professor Sada),189/198,NO_VARIANT_LINK
pkm-scarlet-and-violet-190-198-fa20efb79a,Scarlet and Violet,Professor's Research (Professor Turo),190/198,NO_VARIANT_LINK
pkm-scarlet-and-violet-191-198-38b70e1111,Scarlet and Violet,Rare Candy,191/198,NO_VARIANT_LINK
pkm-scarlet-and-violet-192-198-d07207797f,Scarlet and Violet,Rock Chestplate,192/198,NO_VARIANT_LINK
pkm-scarlet-and-violet-193-198-d2da4b8dd1,Scarlet and Violet,Rocky Helmet,193/198,NO_VARIANT_LINK
pkm-scarlet-and-violet-194-198-e83c43c28a,Scarlet and Violet,Switch,194/198,NO_VARIANT_LINK
pkm-scarlet-and-violet-195-198-5a2cfe0da4,Scarlet and Violet,Team Star Grunt,195/198,NO_VARIANT_LINK
pkm-scarlet-and-violet-196-198-384887b756,Scarlet and Violet,Ultra Ball,196/198,NO_VARIANT_LINK
pkm-scarlet-and-violet-197-198-333d1e5a18,Scarlet and Violet,Vitality Band,197/198,NO_VARIANT_LINK
pkm-scarlet-and-violet-198-198-5c96179f85,Scarlet and Violet,Youngster,198/198,NO_VARIANT_LINK
pkm-scarlet-and-violet-199-198-c74b5e66da,Scarlet and Violet,Tarountula,199/198,NO_VARIANT_LINK
pkm-scarlet-and-violet-200-198-fd0b9541b5,Scarlet and Violet,Dolliv,200/198,NO_VARIANT_LINK
pkm-scarlet-and-violet-201-198-b619c609ff,Scarlet and Violet,Toedscool,201/198,NO_VARIANT_LINK
pkm-scarlet-and-violet-202-198-27fc3c9518,Scarlet and Violet,Scovillain,202/198,NO_VARIANT_LINK
pkm-scarlet-and-violet-203-198-f4f353fe07,Scarlet and Violet,Armarouge,203/198,NO_VARIANT_LINK
pkm-scarlet-and-violet-204-198-c727f52a5c,Scarlet and Violet,Slowpoke,204/198,NO_VARIANT_LINK
pkm-scarlet-and-violet-205-198-0ee8f6c2ce,Scarlet and Violet,Clauncher,205/198,NO_VARIANT_LINK
pkm-scarlet-and-violet-206-198-ef8718d151,Scarlet and Violet,Wiglett,206/198,NO_VARIANT_LINK
pkm-scarlet-and-violet-207-198-2b2ec6ce46,Scarlet and Violet,Dondozo,207/198,NO_VARIANT_LINK
pkm-scarlet-and-violet-208-198-59379d2ba7,Scarlet and Violet,Pachirisu,208/198,NO_VARIANT_LINK
pkm-scarlet-and-violet-209-198-b9568dbc0b,Scarlet and Violet,Pawmot,209/198,NO_VARIANT_LINK
pkm-scarlet-and-violet-210-198-60fc3f51a6,Scarlet and Violet,Drowzee,210/198,NO_VARIANT_LINK
pkm-scarlet-and-violet-211-198-40f131d172,Scarlet and Violet,Ralts,211/198,NO_VARIANT_LINK
pkm-scarlet-and-violet-212-198-05eae73331,Scarlet and Violet,Kirlia,212/198,NO_VARIANT_LINK
pkm-scarlet-and-violet-213-198-efeccd942f,Scarlet and Violet,Fidough,213/198,NO_VARIANT_LINK
pkm-scarlet-and-violet-214-198-fc160550e0,Scarlet and Violet,Greavard,214/198,NO_VARIANT_LINK
pkm-scarlet-and-violet-215-198-6651d29d1a,Scarlet and Violet,Riolu,215/198,NO_VARIANT_LINK
pkm-scarlet-and-violet-216-198-811a0c38a0,Scarlet and Violet,Sandile,216/198,NO_VARIANT_LINK
pkm-scarlet-and-violet-217-198-fbcf8b0396,Scarlet and Violet,Klawf,217/198,NO_VARIANT_LINK
pkm-scarlet-and-violet-218-198-f238a4ccdc,Scarlet and Violet,Mabosstiff,218/198,NO_VARIANT_LINK
pkm-scarlet-and-violet-219-198-86d1e5e7b4,Scarlet and Violet,Bombirdier,219/198,NO_VARIANT_LINK
pkm-scarlet-and-violet-220-198-1605d4f5ff,Scarlet and Violet,Kingambit,220/198,NO_VARIANT_LINK
pkm-scarlet-and-violet-221-198-f5ebf1b748,Scarlet and Violet,Starly,221/198,NO_VARIANT_LINK
pkm-scarlet-and-violet-222-198-4d986b8479,Scarlet and Violet,Skwovet,222/198,NO_VARIANT_LINK
pkm-scarlet-and-violet-223-198-9fd5b29683,Scarlet and Violet,Spidops ex,223/198,NO_VARIANT_LINK
pkm-scarlet-and-violet-224-198-6536329b31,Scarlet and Violet,Arcanine ex,224/198,NO_VARIANT_LINK
pkm-scarlet-and-violet-225-198-9de896c90b,Scarlet and Violet,Gyarados ex,225/198,NO_VARIANT_LINK
pkm-scarlet-and-violet-226-198-74659a9bc9,Scarlet and Violet,Magnezone ex,226/198,NO_VARIANT_LINK
pkm-scarlet-and-violet-227-198-b91c6979ed,Scarlet and Violet,Miraidon ex,227/198,NO_VARIANT_LINK
pkm-scarlet-and-violet-228-198-d86a995353,Scarlet and Violet,Gardevoir ex,228/198,NO_VARIANT_LINK
pkm-scarlet-and-violet-229-198-59c6c8302f,Scarlet and Violet,Banette ex,229/198,NO_VARIANT_LINK
pkm-scarlet-and-violet-230-198-17415bf4d4,Scarlet and Violet,Great Tusk ex,230/198,NO_VARIANT_LINK
pkm-scarlet-and-violet-231-198-ddc87144e1,Scarlet and Violet,Koraidon ex,231/198,NO_VARIANT_LINK
pkm-scarlet-and-violet-232-198-bfe307cf5a,Scarlet and Violet,Toxicroak ex,232/198,NO_VARIANT_LINK
pkm-scarlet-and-violet-233-198-d8f925b8c7,Scarlet and Violet,Iron Treads ex,233/198,NO_VARIANT_LINK
pkm-scarlet-and-violet-234-198-edc40a5bf9,Scarlet and Violet,Oinkologne ex,234/198,NO_VARIANT_LINK
pkm-scarlet-and-violet-235-198-d33dc53fdd,Scarlet and Violet,Arven,235/198,NO_VARIANT_LINK
pkm-scarlet-and-violet-236-198-907e74f0fa,Scarlet and Violet,Jacq,236/198,NO_VARIANT_LINK
pkm-scarlet-and-violet-237-198-5f4cf0faa4,Scarlet and Violet,Katy,237/198,NO_VARIANT_LINK
pkm-scarlet-and-violet-238-198-dd0821f304,Scarlet and Violet,Miriam,238/198,NO_VARIANT_LINK
pkm-scarlet-and-violet-239-198-e7f08911c8,Scarlet and Violet,Penny,239/198,NO_VARIANT_LINK
pkm-scarlet-and-violet-240-198-06a2819fb3,Scarlet and Violet,Professor's Research (Professor Sada),240/198,NO_VARIANT_LINK
pkm-scarlet-and-violet-241-198-f77a6971d2,Scarlet and Violet,Professor's Research (Professor Turo),241/198,NO_VARIANT_LINK
pkm-scarlet-and-violet-242-198-2690188b66,Scarlet and Violet,Team Star Grunt,242/198,NO_VARIANT_LINK
pkm-scarlet-and-violet-243-198-8e6c207bdb,Scarlet and Violet,Spidops ex,243/198,NO_VARIANT_LINK
pkm-scarlet-and-violet-244-198-6b90209930,Scarlet and Violet,Miraidon ex,244/198,NO_VARIANT_LINK
pkm-scarlet-and-violet-245-198-a74bd01414,Scarlet and Violet,Gardevoir ex,245/198,NO_VARIANT_LINK
pkm-scarlet-and-violet-246-198-18f7d9d821,Scarlet and Violet,Great Tusk ex,246/198,NO_VARIANT_LINK
pkm-scarlet-and-violet-247-198-8efa4a954c,Scarlet and Violet,Koraidon ex,247/198,NO_VARIANT_LINK
pkm-scarlet-and-violet-248-198-d1a86a0b57,Scarlet and Violet,Iron Treads ex,248/198,NO_VARIANT_LINK
pkm-scarlet-and-violet-249-198-33830f3e59,Scarlet and Violet,Arven,249/198,NO_VARIANT_LINK
pkm-scarlet-and-violet-250-198-bb62b52adc,Scarlet and Violet,Jacq,250/198,NO_VARIANT_LINK
pkm-scarlet-and-violet-251-198-a56f4ff989,Scarlet and Violet,Miriam,251/198,NO_VARIANT_LINK
pkm-scarlet-and-violet-252-198-f1b4045a53,Scarlet and Violet,Penny,252/198,NO_VARIANT_LINK
pkm-scarlet-and-violet-253-198-258c94ca04,Scarlet and Violet,Miraidon ex,253/198,NO_VARIANT_LINK
pkm-scarlet-and-violet-254-198-27a0d403f6,Scarlet and Violet,Koraidon ex,254/198,NO_VARIANT_LINK
pkm-scarlet-and-violet-255-198-68c513ff41,Scarlet and Violet,Nest Ball,255/198,NO_VARIANT_LINK
pkm-scarlet-and-violet-256-198-b9b176e991,Scarlet and Violet,Rare Candy,256/198,NO_VARIANT_LINK
pkm-scarlet-and-violet-257-198-80431fe727,Scarlet and Violet,Basic Lightning Energy,257/198,NO_VARIANT_LINK
pkm-scarlet-and-violet-258-198-c2bf170114,Scarlet and Violet,Basic Fighting Energy,258/198,NO_VARIANT_LINK
pkm-shrouded-fable-6-64-3bd462be3f,Shrouded Fable,Tapu Bulu,6/64,NO_VARIANT_LINK
pkm-shrouded-fable-8-64-ea8ba529a8,Shrouded Fable,Houndoom,8/64,NO_VARIANT_LINK
pkm-shrouded-fable-10-64-a0a71f4263,Shrouded Fable,Horsea,10/64,NO_VARIANT_LINK
pkm-shrouded-fable-12-64-89bb83dd54,Shrouded Fable,Kingdra ex,12/64,NO_VARIANT_LINK
pkm-shrouded-fable-15-64-ff44363765,Shrouded Fable,Revavroom ex,15/64,NO_VARIANT_LINK
pkm-shrouded-fable-18-64-ff73f249f3,Shrouded Fable,Duskull,18/64,NO_VARIANT_LINK
pkm-shrouded-fable-19-64-64896587db,Shrouded Fable,Dusclops,19/64,NO_VARIANT_LINK
pkm-shrouded-fable-20-64-3a4e9408fb,Shrouded Fable,Dusknoir,20/64,NO_VARIANT_LINK
pkm-shrouded-fable-21-64-f58e5e5968,Shrouded Fable,Cresselia,21/64,NO_VARIANT_LINK
pkm-shrouded-fable-31-64-def82b98af,Shrouded Fable,Zorua,31/64,NO_VARIANT_LINK
pkm-shrouded-fable-36-64-f5b0badc08,Shrouded Fable,Okidogi ex,36/64,NO_VARIANT_LINK
pkm-shrouded-fable-37-64-a9f1b0b2d9,Shrouded Fable,Munkidori ex,37/64,NO_VARIANT_LINK
pkm-shrouded-fable-38-64-c7b483aca1,Shrouded Fable,Fezandipiti ex,38/64,NO_VARIANT_LINK
pkm-shrouded-fable-39-64-1284e8a25d,Shrouded Fable,Pecharunt ex,39/64,NO_VARIANT_LINK
pkm-shrouded-fable-41-64-7857e0a216,Shrouded Fable,Cufant,41/64,NO_VARIANT_LINK
pkm-shrouded-fable-45-64-e81e1000ba,Shrouded Fable,Fraxure,45/64,NO_VARIANT_LINK
pkm-shrouded-fable-49-64-8899324feb,Shrouded Fable,Persian,49/64,NO_VARIANT_LINK
pkm-shrouded-fable-53-64-690a0aa78f,Shrouded Fable,Bewear,53/64,NO_VARIANT_LINK
pkm-shrouded-fable-56-64-a85c478fc0,Shrouded Fable,Cassiopeia,56/64,NO_VARIANT_LINK
pkm-shrouded-fable-57-64-d64fcac626,Shrouded Fable,Colress's Tenacity,57/64,NO_VARIANT_LINK
pkm-shrouded-fable-59-64-a69f1353e8,Shrouded Fable,Janine's Secret Art,59/64,NO_VARIANT_LINK
pkm-shrouded-fable-63-64-af2117f6e4,Shrouded Fable,Powerglass,63/64,NO_VARIANT_LINK
pkm-shrouded-fable-64-64-613fda1387,Shrouded Fable,Xerosic's Machinations,64/64,NO_VARIANT_LINK
pkm-shrouded-fable-65-64-ed090dd7bf,Shrouded Fable,Tapu Bulu,65/64,NO_VARIANT_LINK
pkm-shrouded-fable-66-64-26429e736b,Shrouded Fable,Houndoom,66/64,NO_VARIANT_LINK
pkm-shrouded-fable-67-64-b9ae146705,Shrouded Fable,Horsea,67/64,NO_VARIANT_LINK
pkm-shrouded-fable-68-64-e7ffa04e47,Shrouded Fable,Duskull,68/64,NO_VARIANT_LINK
pkm-shrouded-fable-69-64-dc606d3c1c,Shrouded Fable,Dusclops,69/64,NO_VARIANT_LINK
pkm-shrouded-fable-70-64-666d3bc75d,Shrouded Fable,Dusknoir,70/64,NO_VARIANT_LINK
pkm-shrouded-fable-71-64-4c39b1e8cd,Shrouded Fable,Cresselia,71/64,NO_VARIANT_LINK
pkm-shrouded-fable-75-64-b9993c9651,Shrouded Fable,Zorua,75/64,NO_VARIANT_LINK
pkm-shrouded-fable-76-64-742dfd9939,Shrouded Fable,Cufant,76/64,NO_VARIANT_LINK
pkm-shrouded-fable-77-64-b63c906bdd,Shrouded Fable,Fraxure,77/64,NO_VARIANT_LINK
pkm-shrouded-fable-78-64-ca5540659c,Shrouded Fable,Persian,78/64,NO_VARIANT_LINK
pkm-shrouded-fable-79-64-f2c3edc509,Shrouded Fable,Bewear,79/64,NO_VARIANT_LINK
pkm-shrouded-fable-80-64-dce119946e,Shrouded Fable,Kingdra ex,80/64,NO_VARIANT_LINK
pkm-shrouded-fable-81-64-5c2300bd6b,Shrouded Fable,Revavroom ex,81/64,NO_VARIANT_LINK
pkm-shrouded-fable-82-64-45491dcfb8,Shrouded Fable,Okidogi ex,82/64,NO_VARIANT_LINK
pkm-shrouded-fable-83-64-2173138060,Shrouded Fable,Munkidori ex,83/64,NO_VARIANT_LINK
pkm-shrouded-fable-84-64-0bf0cf7462,Shrouded Fable,Fezandipiti ex,84/64,NO_VARIANT_LINK
pkm-shrouded-fable-85-64-3761e4d89b,Shrouded Fable,Pecharunt ex,85/64,NO_VARIANT_LINK
pkm-shrouded-fable-86-64-1d517a7635,Shrouded Fable,Cassiopeia,86/64,NO_VARIANT_LINK
pkm-shrouded-fable-87-64-c1e4ef277e,Shrouded Fable,Colress's Tenacity,87/64,NO_VARIANT_LINK
pkm-shrouded-fable-88-64-e8dbdc0e80,Shrouded Fable,Janine's Secret Art,88/64,NO_VARIANT_LINK
pkm-shrouded-fable-89-64-b88fe71815,Shrouded Fable,Xerosic's Machinations,89/64,NO_VARIANT_LINK
pkm-shrouded-fable-90-64-3b19a73df3,Shrouded Fable,Okidogi ex,90/64,NO_VARIANT_LINK
pkm-shrouded-fable-91-64-b1a4cb468d,Shrouded Fable,Munkidori ex,91/64,NO_VARIANT_LINK
pkm-shrouded-fable-92-64-344437445d,Shrouded Fable,Fezandipiti ex,92/64,NO_VARIANT_LINK
pkm-shrouded-fable-93-64-321df08e5f,Shrouded Fable,Pecharunt ex,93/64,NO_VARIANT_LINK
pkm-shrouded-fable-94-64-a67bfe8637,Shrouded Fable,Cassiopeia,94/64,NO_VARIANT_LINK
pkm-shrouded-fable-95-64-6966ba91a7,Shrouded Fable,Pecharunt ex,95/64,NO_VARIANT_LINK
pkm-shrouded-fable-97-64-64df821293,Shrouded Fable,Powerglass,97/64,NO_VARIANT_LINK
pkm-silver-tempest-23-195-2fd9532108,Silver Tempest,Victini,23/195,NO_VARIANT_LINK
pkm-silver-tempest-129-195-d081da80dd,Silver Tempest,Dratini,129/195,NO_VARIANT_LINK
pkm-silver-tempest-177-195-72a72b4db5,Silver Tempest,Unown V,177/195,NO_VARIANT_LINK
pkm-silver-tempest-181-195-929f5f25c8,Silver Tempest,Skuntank V,181/195,NO_VARIANT_LINK
pkm-silver-tempest-184-195-efb2ebd45c,Silver Tempest,Regidrago V,184/195,NO_VARIANT_LINK
pkm-silver-tempest-186-195-2b2c7ee436,Silver Tempest,Lugia V,186/195,NO_VARIANT_LINK
pkm-silver-tempest-202-195-5178f66d91,Silver Tempest,Lugia VSTAR,202/195,NO_VARIANT_LINK
pkm-silver-tempest-210-195-a3b5738005,Silver Tempest,Serperior VSTAR,210/195,NO_VARIANT_LINK
pkm-silver-tempest-211-195-e1f6021d2a,Silver Tempest,Lugia VSTAR,211/195,NO_VARIANT_LINK
pkm-stellar-crown-3-142-cced2a3a0c,Stellar Crown,Ledian,3/142,NO_VARIANT_LINK
pkm-stellar-crown-5-142-99c8bd4bad,Stellar Crown,Lileep,5/142,NO_VARIANT_LINK
pkm-stellar-crown-14-142-228cd5503c,Stellar Crown,Hydrapple ex,14/142,NO_VARIANT_LINK
pkm-stellar-crown-25-142-22fb401705,Stellar Crown,Turtonator,25/142,NO_VARIANT_LINK
pkm-stellar-crown-27-142-783334a7a9,Stellar Crown,Raboot,27/142,NO_VARIANT_LINK
pkm-stellar-crown-28-142-cbfad5cba5,Stellar Crown,Cinderace ex,28/142,NO_VARIANT_LINK
pkm-stellar-crown-32-142-5a8897b5e6,Stellar Crown,Lapras ex,32/142,NO_VARIANT_LINK
pkm-stellar-crown-42-142-1ea76999a3,Stellar Crown,Crabominable,42/142,NO_VARIANT_LINK
pkm-stellar-crown-50-142-b12b84ee19,Stellar Crown,Joltik,50/142,NO_VARIANT_LINK
pkm-stellar-crown-51-142-2d43db97b0,Stellar Crown,Galvantula ex,51/142,NO_VARIANT_LINK
pkm-stellar-crown-55-142-7beb312e63,Stellar Crown,Zeraora,55/142,NO_VARIANT_LINK
pkm-stellar-crown-64-142-d6cd45fb6f,Stellar Crown,Milcery,64/142,NO_VARIANT_LINK
pkm-stellar-crown-67-142-920ae8941a,Stellar Crown,Dachsbun ex,67/142,NO_VARIANT_LINK
pkm-stellar-crown-77-142-6b8e0d0e69,Stellar Crown,Meditite,77/142,NO_VARIANT_LINK
pkm-stellar-crown-78-142-d60f499957,Stellar Crown,Meditite,78/142,NO_VARIANT_LINK
pkm-stellar-crown-80-142-bfdea12dca,Stellar Crown,Medicham ex,80/142,NO_VARIANT_LINK
pkm-stellar-crown-91-142-0c18c3bd1e,Stellar Crown,Gulpin,91/142,NO_VARIANT_LINK
pkm-stellar-crown-102-142-2d98044cbc,Stellar Crown,Meltan,102/142,NO_VARIANT_LINK
pkm-stellar-crown-103-142-d921910018,Stellar Crown,Meltan,103/142,NO_VARIANT_LINK
pkm-stellar-crown-107-142-baf21ebd50,Stellar Crown,Archaludon,107/142,NO_VARIANT_LINK
pkm-stellar-crown-110-142-edbf8155a5,Stellar Crown,Orthworm ex,110/142,NO_VARIANT_LINK
pkm-stellar-crown-128-142-267924e250,Stellar Crown,Terapagos ex,128/142,NO_VARIANT_LINK
pkm-stellar-crown-131-142-5fbfc25c1c,Stellar Crown,Area Zero Underdepths,131/142,NO_VARIANT_LINK
pkm-stellar-crown-132-142-27cdd7ca45,Stellar Crown,Briar,132/142,NO_VARIANT_LINK
pkm-stellar-crown-133-142-ef45f206a3,Stellar Crown,Crispin,133/142,NO_VARIANT_LINK
pkm-stellar-crown-138-142-410602880f,Stellar Crown,Kofu,138/142,NO_VARIANT_LINK
pkm-stellar-crown-139-142-5fbb9e3fd5,Stellar Crown,Lacey,139/142,NO_VARIANT_LINK
pkm-stellar-crown-144-142-e5e87cd147,Stellar Crown,Ledian,144/142,NO_VARIANT_LINK
pkm-stellar-crown-145-142-b28f8a2628,Stellar Crown,Lileep,145/142,NO_VARIANT_LINK
pkm-stellar-crown-146-142-2888dbc68d,Stellar Crown,Turtonator,146/142,NO_VARIANT_LINK
pkm-stellar-crown-147-142-4eab6fd65f,Stellar Crown,Raboot,147/142,NO_VARIANT_LINK
pkm-stellar-crown-149-142-5a6ba32eae,Stellar Crown,Crabominable,149/142,NO_VARIANT_LINK
pkm-stellar-crown-150-142-1d41cc08a5,Stellar Crown,Joltik,150/142,NO_VARIANT_LINK
pkm-stellar-crown-151-142-b5422305e4,Stellar Crown,Zeraora,151/142,NO_VARIANT_LINK
pkm-stellar-crown-152-142-d50a8b863f,Stellar Crown,Milcery,152/142,NO_VARIANT_LINK
pkm-stellar-crown-153-142-650803a006,Stellar Crown,Meditite,153/142,NO_VARIANT_LINK
pkm-stellar-crown-154-142-566d058d22,Stellar Crown,Gulpin,154/142,NO_VARIANT_LINK
pkm-stellar-crown-155-142-d0265244db,Stellar Crown,Archaludon,155/142,NO_VARIANT_LINK
pkm-stellar-crown-156-142-476e299fa2,Stellar Crown,Hydrapple ex,156/142,NO_VARIANT_LINK
pkm-stellar-crown-157-142-ea6ea1af11,Stellar Crown,Cinderace ex,157/142,NO_VARIANT_LINK
pkm-stellar-crown-158-142-c7ac19bdbc,Stellar Crown,Lapras ex,158/142,NO_VARIANT_LINK
pkm-stellar-crown-159-142-62f2141d4a,Stellar Crown,Galvantula ex,159/142,NO_VARIANT_LINK
pkm-stellar-crown-160-142-23a1f8defa,Stellar Crown,Dachsbun ex,160/142,NO_VARIANT_LINK
pkm-stellar-crown-161-142-84c7e1deb8,Stellar Crown,Medicham ex,161/142,NO_VARIANT_LINK
pkm-stellar-crown-162-142-d96c9a8f9e,Stellar Crown,Orthworm ex,162/142,NO_VARIANT_LINK
pkm-stellar-crown-163-142-1a944e30a8,Stellar Crown,Briar,163/142,NO_VARIANT_LINK
pkm-stellar-crown-164-142-682ecc8bb9,Stellar Crown,Crispin,164/142,NO_VARIANT_LINK
pkm-stellar-crown-165-142-0239731af7,Stellar Crown,Kofu,165/142,NO_VARIANT_LINK
pkm-stellar-crown-166-142-094dc16db8,Stellar Crown,Lacey,166/142,NO_VARIANT_LINK
pkm-stellar-crown-167-142-94609e86bf,Stellar Crown,Hydrapple ex,167/142,NO_VARIANT_LINK
pkm-stellar-crown-168-142-50473b84c9,Stellar Crown,Galvantula ex,168/142,NO_VARIANT_LINK
pkm-stellar-crown-169-142-9f2c9ccfb4,Stellar Crown,Dachsbun ex,169/142,NO_VARIANT_LINK
pkm-stellar-crown-170-142-2bf7782bd4,Stellar Crown,Terapagos ex,170/142,NO_VARIANT_LINK
pkm-stellar-crown-171-142-154bb1953b,Stellar Crown,Briar,171/142,NO_VARIANT_LINK
pkm-stellar-crown-172-142-677859d42d,Stellar Crown,Lacey,172/142,NO_VARIANT_LINK
pkm-stellar-crown-173-142-ea1e76bb82,Stellar Crown,Terapagos ex,173/142,NO_VARIANT_LINK
pkm-stellar-crown-174-142-697af4865b,Stellar Crown,Area Zero Underdepths,174/142,NO_VARIANT_LINK
pkm-surging-sparks-1-191-5a34e55dc0,Surging Sparks,Exeggcute,1/191,NO_VARIANT_LINK
pkm-surging-sparks-2-191-c6d0fe133f,Surging Sparks,Exeggcute,2/191,NO_VARIANT_LINK
pkm-surging-sparks-4-191-c61bcacb10,Surging Sparks,Durant ex,4/191,NO_VARIANT_LINK
pkm-surging-sparks-7-191-69c3635663,Surging Sparks,Vivillon,7/191,NO_VARIANT_LINK
pkm-surging-sparks-9-191-4ba701f8d6,Surging Sparks,Shiinotic,9/191,NO_VARIANT_LINK
pkm-surging-sparks-18-191-2f29f83bca,Surging Sparks,Paldean Tauros,18/191,NO_VARIANT_LINK
pkm-surging-sparks-20-191-dcbd6fd27a,Surging Sparks,Castform Sunny Form,20/191,NO_VARIANT_LINK
pkm-surging-sparks-21-191-55ad9227da,Surging Sparks,Victini,21/191,NO_VARIANT_LINK
pkm-surging-sparks-24-191-1b2189eb0b,Surging Sparks,Larvesta,24/191,NO_VARIANT_LINK
pkm-surging-sparks-26-191-b80ef81b32,Surging Sparks,Oricorio,26/191,NO_VARIANT_LINK
pkm-surging-sparks-32-191-2042c14a46,Surging Sparks,Charcadet,32/191,NO_VARIANT_LINK
pkm-surging-sparks-33-191-93ea839d25,Surging Sparks,Charcadet,33/191,NO_VARIANT_LINK
pkm-surging-sparks-35-191-95a7f93994,Surging Sparks,Ceruledge,35/191,NO_VARIANT_LINK
pkm-surging-sparks-37-191-fc42ea829c,Surging Sparks,Scovillain ex,37/191,NO_VARIANT_LINK
pkm-surging-sparks-39-191-516215949a,Surging Sparks,Paldean Tauros,39/191,NO_VARIANT_LINK
pkm-surging-sparks-40-191-fa3c284a9e,Surging Sparks,Mantine,40/191,NO_VARIANT_LINK
pkm-surging-sparks-41-191-823a63fc8c,Surging Sparks,Feebas,41/191,NO_VARIANT_LINK
pkm-surging-sparks-42-191-b1276197a4,Surging Sparks,Milotic ex,42/191,NO_VARIANT_LINK
pkm-surging-sparks-43-191-fd8fe6ae69,Surging Sparks,Spheal,43/191,NO_VARIANT_LINK
pkm-surging-sparks-48-191-fd397746f7,Surging Sparks,Black Kyurem ex,48/191,NO_VARIANT_LINK
pkm-surging-sparks-49-191-81caa8ea58,Surging Sparks,Bruxish,49/191,NO_VARIANT_LINK
pkm-surging-sparks-54-191-9a5383665f,Surging Sparks,Cetitan,54/191,NO_VARIANT_LINK
pkm-surging-sparks-55-191-0a68c50e44,Surging Sparks,Iron Bundle,55/191,NO_VARIANT_LINK
pkm-surging-sparks-57-191-0e647995ee,Surging Sparks,Pikachu ex,57/191,NO_VARIANT_LINK
pkm-surging-sparks-64-191-81415aadc5,Surging Sparks,Stunfisk,64/191,NO_VARIANT_LINK
pkm-surging-sparks-76-191-a2c01142de,Surging Sparks,Latias ex,76/191,NO_VARIANT_LINK
pkm-surging-sparks-77-191-85e3da9e43,Surging Sparks,Latios,77/191,NO_VARIANT_LINK
pkm-surging-sparks-79-191-4046d56892,Surging Sparks,Mesprit,79/191,NO_VARIANT_LINK
pkm-surging-sparks-89-191-17eca78925,Surging Sparks,Oricorio,89/191,NO_VARIANT_LINK
pkm-surging-sparks-91-191-107e67b8f0,Surging Sparks,Palossand ex,91/191,NO_VARIANT_LINK
pkm-surging-sparks-101-191-605cf9d73b,Surging Sparks,Paldean Tauros,101/191,NO_VARIANT_LINK
pkm-surging-sparks-102-191-8c6efb0e0f,Surging Sparks,Phanpy,102/191,NO_VARIANT_LINK
pkm-surging-sparks-105-191-2767d22ea6,Surging Sparks,Vibrava,105/191,NO_VARIANT_LINK
pkm-surging-sparks-106-191-814c3b1769,Surging Sparks,Flygon ex,106/191,NO_VARIANT_LINK
pkm-surging-sparks-112-191-6890f3d2e1,Surging Sparks,Clobbopus,112/191,NO_VARIANT_LINK
pkm-surging-sparks-119-191-eaaa02adce,Surging Sparks,Hydreigon ex,119/191,NO_VARIANT_LINK
pkm-surging-sparks-123-191-360c957583,Surging Sparks,Alolan Dugtrio,123/191,NO_VARIANT_LINK
pkm-surging-sparks-124-191-2c7be98042,Surging Sparks,Skarmory,124/191,NO_VARIANT_LINK
pkm-surging-sparks-130-191-d6f0cb346a,Surging Sparks,Archaludon ex,130/191,NO_VARIANT_LINK
pkm-surging-sparks-133-191-b9e50e5f2c,Surging Sparks,Alolan Exeggutor ex,133/191,NO_VARIANT_LINK
pkm-surging-sparks-139-191-1d3bdd0202,Surging Sparks,Flapple,139/191,NO_VARIANT_LINK
pkm-surging-sparks-140-191-caad93f013,Surging Sparks,Appletun,140/191,NO_VARIANT_LINK
pkm-surging-sparks-142-191-a821bca413,Surging Sparks,Tatsugiri ex,142/191,NO_VARIANT_LINK
pkm-surging-sparks-145-191-dd166c0a22,Surging Sparks,Slakoth,145/191,NO_VARIANT_LINK
pkm-surging-sparks-147-191-6086a43881,Surging Sparks,Slaking ex,147/191,NO_VARIANT_LINK
pkm-surging-sparks-150-191-b64ba94c45,Surging Sparks,Kecleon,150/191,NO_VARIANT_LINK
pkm-surging-sparks-153-191-3eff347fd0,Surging Sparks,Braviary,153/191,NO_VARIANT_LINK
pkm-surging-sparks-159-191-30bf1e1f89,Surging Sparks,Cyclizar ex,159/191,NO_VARIANT_LINK
pkm-surging-sparks-167-191-420d6848f6,Surging Sparks,Clemont's Quick Wit,167/191,NO_VARIANT_LINK
pkm-surging-sparks-170-191-79d35ff5a4,Surging Sparks,Cyrano,170/191,NO_VARIANT_LINK
pkm-surging-sparks-173-191-899505dea9,Surging Sparks,Drasna,173/191,NO_VARIANT_LINK
pkm-surging-sparks-174-191-fd48aa355d,Surging Sparks,Drayton,174/191,NO_VARIANT_LINK
pkm-surging-sparks-178-191-160e72f8de,Surging Sparks,Jasmine's Gaze,178/191,NO_VARIANT_LINK
pkm-surging-sparks-179-191-b0b91db1fb,Surging Sparks,Lisia's Appeal,179/191,NO_VARIANT_LINK
pkm-surging-sparks-187-191-be7973f735,Surging Sparks,Surfer,187/191,NO_VARIANT_LINK
pkm-surging-sparks-192-191-d899675f70,Surging Sparks,Exeggcute,192/191,NO_VARIANT_LINK
pkm-surging-sparks-193-191-9e6f259be2,Surging Sparks,Vivillon,193/191,NO_VARIANT_LINK
pkm-surging-sparks-194-191-ece18a2edf,Surging Sparks,Shiinotic,194/191,NO_VARIANT_LINK
pkm-surging-sparks-195-191-25604ef23a,Surging Sparks,Castform Sunny Form,195/191,NO_VARIANT_LINK
pkm-surging-sparks-196-191-bd19bc86f3,Surging Sparks,Larvesta,196/191,NO_VARIANT_LINK
pkm-surging-sparks-197-191-482fa846d5,Surging Sparks,Ceruledge,197/191,NO_VARIANT_LINK
pkm-surging-sparks-198-191-109d53c947,Surging Sparks,Feebas,198/191,NO_VARIANT_LINK
pkm-surging-sparks-199-191-924cb0f5fa,Surging Sparks,Spheal,199/191,NO_VARIANT_LINK
pkm-surging-sparks-200-191-487a0e945f,Surging Sparks,Bruxish,200/191,NO_VARIANT_LINK
pkm-surging-sparks-201-191-321175f012,Surging Sparks,Cetitan,201/191,NO_VARIANT_LINK
pkm-surging-sparks-202-191-7cf0aa8c1d,Surging Sparks,Stunfisk,202/191,NO_VARIANT_LINK
pkm-surging-sparks-203-191-970f71eba0,Surging Sparks,Latios,203/191,NO_VARIANT_LINK
pkm-surging-sparks-204-191-38d736314d,Surging Sparks,Mesprit,204/191,NO_VARIANT_LINK
pkm-surging-sparks-205-191-a822e112f9,Surging Sparks,Phanpy,205/191,NO_VARIANT_LINK
pkm-surging-sparks-206-191-e0cf190d65,Surging Sparks,Vibrava,206/191,NO_VARIANT_LINK
pkm-surging-sparks-207-191-379282185e,Surging Sparks,Clobbopus,207/191,NO_VARIANT_LINK
pkm-surging-sparks-208-191-f0516bb26b,Surging Sparks,Alolan Dugtrio,208/191,NO_VARIANT_LINK
pkm-surging-sparks-209-191-7aee4c307f,Surging Sparks,Skarmory,209/191,NO_VARIANT_LINK
pkm-surging-sparks-210-191-ac9d203839,Surging Sparks,Flapple,210/191,NO_VARIANT_LINK
pkm-surging-sparks-211-191-bf4995da6e,Surging Sparks,Appletun,211/191,NO_VARIANT_LINK
pkm-surging-sparks-212-191-94fd33a654,Surging Sparks,Slakoth,212/191,NO_VARIANT_LINK
pkm-surging-sparks-213-191-b06688a14d,Surging Sparks,Kecleon,213/191,NO_VARIANT_LINK
pkm-surging-sparks-214-191-3cc5cc8a63,Surging Sparks,Braviary,214/191,NO_VARIANT_LINK
pkm-surging-sparks-215-191-38237f43bb,Surging Sparks,Durant ex,215/191,NO_VARIANT_LINK
pkm-surging-sparks-216-191-900ab106dc,Surging Sparks,Scovillain ex,216/191,NO_VARIANT_LINK
pkm-surging-sparks-217-191-043a7ef011,Surging Sparks,Milotic ex,217/191,NO_VARIANT_LINK
pkm-surging-sparks-218-191-be010b6ade,Surging Sparks,Black Kyurem ex,218/191,NO_VARIANT_LINK
pkm-surging-sparks-219-191-e55a101fd2,Surging Sparks,Pikachu ex,219/191,NO_VARIANT_LINK
pkm-surging-sparks-220-191-cfc376a26e,Surging Sparks,Latias ex,220/191,NO_VARIANT_LINK
pkm-surging-sparks-221-191-b56926e2b6,Surging Sparks,Palossand ex,221/191,NO_VARIANT_LINK
pkm-surging-sparks-222-191-fe24250960,Surging Sparks,Flygon ex,222/191,NO_VARIANT_LINK
pkm-surging-sparks-223-191-a1423e4f7a,Surging Sparks,Hydreigon ex,223/191,NO_VARIANT_LINK
pkm-surging-sparks-224-191-bd56c2bde5,Surging Sparks,Archaludon ex,224/191,NO_VARIANT_LINK
pkm-surging-sparks-225-191-30e092b162,Surging Sparks,Alolan Exeggutor ex,225/191,NO_VARIANT_LINK
pkm-surging-sparks-226-191-fdeed866f3,Surging Sparks,Tatsugiri ex,226/191,NO_VARIANT_LINK
pkm-surging-sparks-227-191-f04d75044a,Surging Sparks,Slaking ex,227/191,NO_VARIANT_LINK
pkm-surging-sparks-228-191-40e9ba8d29,Surging Sparks,Cyclizar ex,228/191,NO_VARIANT_LINK
pkm-surging-sparks-229-191-de6c1e599d,Surging Sparks,Clemont's Quick Wit,229/191,NO_VARIANT_LINK
pkm-surging-sparks-230-191-0d8fae87bf,Surging Sparks,Cyrano,230/191,NO_VARIANT_LINK
pkm-surging-sparks-231-191-e0d097fae3,Surging Sparks,Drasna,231/191,NO_VARIANT_LINK
pkm-surging-sparks-232-191-1736eca4c8,Surging Sparks,Drayton,232/191,NO_VARIANT_LINK
pkm-surging-sparks-233-191-8212e82f5b,Surging Sparks,Jasmine's Gaze,233/191,NO_VARIANT_LINK
pkm-surging-sparks-234-191-a485062e7f,Surging Sparks,Lisia's Appeal,234/191,NO_VARIANT_LINK
pkm-surging-sparks-235-191-84a44e0b8f,Surging Sparks,Surfer,235/191,NO_VARIANT_LINK
pkm-surging-sparks-236-191-086c41e170,Surging Sparks,Durant ex,236/191,NO_VARIANT_LINK
pkm-surging-sparks-237-191-7f8548767e,Surging Sparks,Milotic ex,237/191,NO_VARIANT_LINK
pkm-surging-sparks-238-191-b09bd9a9a6,Surging Sparks,Pikachu ex,238/191,NO_VARIANT_LINK
pkm-surging-sparks-239-191-0ce9eb80a7,Surging Sparks,Latias ex,239/191,NO_VARIANT_LINK
pkm-surging-sparks-240-191-4caa61efe4,Surging Sparks,Hydreigon ex,240/191,NO_VARIANT_LINK
pkm-surging-sparks-241-191-28d5e5de06,Surging Sparks,Archaludon ex,241/191,NO_VARIANT_LINK
pkm-surging-sparks-242-191-b425033c05,Surging Sparks,Alolan Exeggutor ex,242/191,NO_VARIANT_LINK
pkm-surging-sparks-243-191-2a2f46f833,Surging Sparks,Clemont's Quick Wit,243/191,NO_VARIANT_LINK
pkm-surging-sparks-244-191-8a82f6bef5,Surging Sparks,Drayton,244/191,NO_VARIANT_LINK
pkm-surging-sparks-245-191-e09618b5e1,Surging Sparks,Jasmine's Gaze,245/191,NO_VARIANT_LINK
pkm-surging-sparks-246-191-6502df03c1,Surging Sparks,Lisia's Appeal,246/191,NO_VARIANT_LINK
pkm-surging-sparks-247-191-1e9571c141,Surging Sparks,Pikachu ex,247/191,NO_VARIANT_LINK
pkm-surging-sparks-248-191-85b1841aa3,Surging Sparks,Alolan Exeggutor ex,248/191,NO_VARIANT_LINK
pkm-surging-sparks-249-191-4021675e1a,Surging Sparks,Counter Gain,249/191,NO_VARIANT_LINK
pkm-surging-sparks-250-191-b56f80cf56,Surging Sparks,Gravity Mountain,250/191,NO_VARIANT_LINK
pkm-surging-sparks-251-191-16bebb6e49,Surging Sparks,Night Stretcher,251/191,NO_VARIANT_LINK
pkm-sword-and-shield-1-202-4e31cdc7eb,Sword and Shield,Celebi V,1/202,NO_VARIANT_LINK
pkm-sword-and-shield-2-202-0814838c93,Sword and Shield,Roselia,2/202,NO_VARIANT_LINK
pkm-sword-and-shield-3-202-257b24f2a9,Sword and Shield,Roselia,3/202,NO_VARIANT_LINK
pkm-sword-and-shield-4-202-1f502179ea,Sword and Shield,Roserade,4/202,NO_VARIANT_LINK
pkm-sword-and-shield-5-202-9919356fe7,Sword and Shield,Cottonee,5/202,NO_VARIANT_LINK
pkm-sword-and-shield-6-202-d78de18a28,Sword and Shield,Whimsicott,6/202,NO_VARIANT_LINK
pkm-sword-and-shield-7-202-280d9dc855,Sword and Shield,Maractus,7/202,NO_VARIANT_LINK
pkm-sword-and-shield-8-202-c07185a492,Sword and Shield,Durant,8/202,NO_VARIANT_LINK
pkm-sword-and-shield-9-202-c5b70ee758,Sword and Shield,Dhelmise V,9/202,NO_VARIANT_LINK
pkm-sword-and-shield-10-202-9d1926e622,Sword and Shield,Grookey,10/202,NO_VARIANT_LINK
pkm-sword-and-shield-11-202-93f85793b2,Sword and Shield,Grookey,11/202,NO_VARIANT_LINK
pkm-sword-and-shield-12-202-111df335dd,Sword and Shield,Thwackey,12/202,NO_VARIANT_LINK
pkm-sword-and-shield-13-202-8c60c502ca,Sword and Shield,Thwackey,13/202,NO_VARIANT_LINK
pkm-sword-and-shield-14-202-bb35806870,Sword and Shield,Rillaboom,14/202,NO_VARIANT_LINK
pkm-sword-and-shield-15-202-373210fd96,Sword and Shield,Rillaboom,15/202,NO_VARIANT_LINK
pkm-sword-and-shield-16-202-3b8f9ecb76,Sword and Shield,Blipbug,16/202,NO_VARIANT_LINK
pkm-sword-and-shield-17-202-f41746369c,Sword and Shield,Blipbug,17/202,NO_VARIANT_LINK
pkm-sword-and-shield-18-202-1f5f10dfc2,Sword and Shield,Dottler,18/202,NO_VARIANT_LINK
pkm-sword-and-shield-19-202-f05fc5025d,Sword and Shield,Orbeetle,19/202,NO_VARIANT_LINK
pkm-sword-and-shield-20-202-8a58f61943,Sword and Shield,Gossifleur,20/202,NO_VARIANT_LINK
pkm-sword-and-shield-21-202-0b1abf17be,Sword and Shield,Eldegoss,21/202,NO_VARIANT_LINK
pkm-sword-and-shield-22-202-5b6218dd88,Sword and Shield,Vulpix,22/202,NO_VARIANT_LINK
pkm-sword-and-shield-23-202-37e6d119ab,Sword and Shield,Ninetales,23/202,NO_VARIANT_LINK
pkm-sword-and-shield-24-202-9dd92b22c3,Sword and Shield,Torkoal V,24/202,NO_VARIANT_LINK
pkm-sword-and-shield-25-202-b85d45c17e,Sword and Shield,Victini V,25/202,NO_VARIANT_LINK
pkm-sword-and-shield-26-202-75745d7351,Sword and Shield,Heatmor,26/202,NO_VARIANT_LINK
pkm-sword-and-shield-27-202-21d2f6dbd2,Sword and Shield,Salandit,27/202,NO_VARIANT_LINK
pkm-sword-and-shield-28-202-5e595a7f61,Sword and Shield,Salazzle,28/202,NO_VARIANT_LINK
pkm-sword-and-shield-29-202-ccc3a8fae4,Sword and Shield,Turtonator,29/202,NO_VARIANT_LINK
pkm-sword-and-shield-30-202-d315d65cdc,Sword and Shield,Scorbunny,30/202,NO_VARIANT_LINK
pkm-sword-and-shield-31-202-8f99f55e4f,Sword and Shield,Scorbunny,31/202,NO_VARIANT_LINK
pkm-sword-and-shield-32-202-461610cd77,Sword and Shield,Raboot,32/202,NO_VARIANT_LINK
pkm-sword-and-shield-33-202-9a64b20e13,Sword and Shield,Raboot,33/202,NO_VARIANT_LINK
pkm-sword-and-shield-34-202-23bf7443a5,Sword and Shield,Cinderace,34/202,NO_VARIANT_LINK
pkm-sword-and-shield-35-202-38b75ba356,Sword and Shield,Cinderace,35/202,NO_VARIANT_LINK
pkm-sword-and-shield-36-202-56fe19dd85,Sword and Shield,Cinderace,36/202,NO_VARIANT_LINK
pkm-sword-and-shield-37-202-a324aaeac4,Sword and Shield,Sizzlipede,37/202,NO_VARIANT_LINK
pkm-sword-and-shield-38-202-340e2aa9fc,Sword and Shield,Sizzlipede,38/202,NO_VARIANT_LINK
pkm-sword-and-shield-39-202-8b645f2f94,Sword and Shield,Centiskorch,39/202,NO_VARIANT_LINK
pkm-sword-and-shield-40-202-0ee53ebb5a,Sword and Shield,Shellder,40/202,NO_VARIANT_LINK
pkm-sword-and-shield-41-202-ab217a3e14,Sword and Shield,Cloyster,41/202,NO_VARIANT_LINK
pkm-sword-and-shield-42-202-6dab2dd059,Sword and Shield,Krabby,42/202,NO_VARIANT_LINK
pkm-sword-and-shield-43-202-441953f71e,Sword and Shield,Krabby,43/202,NO_VARIANT_LINK
pkm-sword-and-shield-44-202-a1c3c182a0,Sword and Shield,Kingler,44/202,NO_VARIANT_LINK
pkm-sword-and-shield-45-202-bc26e15570,Sword and Shield,Goldeen,45/202,NO_VARIANT_LINK
pkm-sword-and-shield-46-202-204b38d5fa,Sword and Shield,Goldeen,46/202,NO_VARIANT_LINK
pkm-sword-and-shield-47-202-7c0b686dc6,Sword and Shield,Seaking,47/202,NO_VARIANT_LINK
pkm-sword-and-shield-48-202-cb34d67912,Sword and Shield,Lapras,48/202,NO_VARIANT_LINK
pkm-sword-and-shield-49-202-4efcb1a0f9,Sword and Shield,Lapras V,49/202,NO_VARIANT_LINK
pkm-sword-and-shield-50-202-cd79d63c74,Sword and Shield,Lapras VMAX,50/202,NO_VARIANT_LINK
pkm-sword-and-shield-51-202-e0f0c32c02,Sword and Shield,Qwilfish,51/202,NO_VARIANT_LINK
pkm-sword-and-shield-52-202-eef7109144,Sword and Shield,Mantine,52/202,NO_VARIANT_LINK
pkm-sword-and-shield-53-202-d9c97e7e5a,Sword and Shield,Keldeo V,53/202,NO_VARIANT_LINK
pkm-sword-and-shield-54-202-fbe63cbee4,Sword and Shield,Sobble,54/202,NO_VARIANT_LINK
pkm-sword-and-shield-55-202-c6a9981eaa,Sword and Shield,Sobble,55/202,NO_VARIANT_LINK
pkm-sword-and-shield-56-202-047ac671fe,Sword and Shield,Drizzile,56/202,NO_VARIANT_LINK
pkm-sword-and-shield-57-202-27aabdf532,Sword and Shield,Drizzile,57/202,NO_VARIANT_LINK
pkm-sword-and-shield-58-202-17b85bec52,Sword and Shield,Inteleon,58/202,NO_VARIANT_LINK
pkm-sword-and-shield-59-202-a3f884b099,Sword and Shield,Inteleon,59/202,NO_VARIANT_LINK
pkm-sword-and-shield-60-202-fe673a1fa0,Sword and Shield,Chewtle,60/202,NO_VARIANT_LINK
pkm-sword-and-shield-61-202-64aed1de2e,Sword and Shield,Drednaw,61/202,NO_VARIANT_LINK
pkm-sword-and-shield-62-202-e6b70323d9,Sword and Shield,Cramorant,62/202,NO_VARIANT_LINK
pkm-sword-and-shield-63-202-ac054ef658,Sword and Shield,Snom,63/202,NO_VARIANT_LINK
pkm-sword-and-shield-64-202-089969165e,Sword and Shield,Frosmoth,64/202,NO_VARIANT_LINK
pkm-sword-and-shield-65-202-827c4b7dee,Sword and Shield,Pikachu,65/202,NO_VARIANT_LINK
pkm-sword-and-shield-66-202-45da57a67e,Sword and Shield,Raichu,66/202,NO_VARIANT_LINK
pkm-sword-and-shield-67-202-3d778578f6,Sword and Shield,Chinchou,67/202,NO_VARIANT_LINK
pkm-sword-and-shield-68-202-5ab6432b4b,Sword and Shield,Chinchou,68/202,NO_VARIANT_LINK
pkm-sword-and-shield-69-202-218e93f950,Sword and Shield,Lanturn,69/202,NO_VARIANT_LINK
pkm-sword-and-shield-70-202-a55e0b43d7,Sword and Shield,Joltik,70/202,NO_VARIANT_LINK
pkm-sword-and-shield-71-202-92c348a5c3,Sword and Shield,Galvantula,71/202,NO_VARIANT_LINK
pkm-sword-and-shield-72-202-5125a450e9,Sword and Shield,Tapu Koko V,72/202,NO_VARIANT_LINK
pkm-sword-and-shield-73-202-f378f81a06,Sword and Shield,Yamper,73/202,NO_VARIANT_LINK
pkm-sword-and-shield-74-202-7fcc594045,Sword and Shield,Yamper,74/202,NO_VARIANT_LINK
pkm-sword-and-shield-75-202-7e33803e30,Sword and Shield,Boltund,75/202,NO_VARIANT_LINK
pkm-sword-and-shield-76-202-ad96b7ad73,Sword and Shield,Boltund,76/202,NO_VARIANT_LINK
pkm-sword-and-shield-77-202-8c41c05695,Sword and Shield,Pincurchin,77/202,NO_VARIANT_LINK
pkm-sword-and-shield-78-202-eccecd3912,Sword and Shield,Morpeko,78/202,NO_VARIANT_LINK
pkm-sword-and-shield-79-202-8a1b27ea9f,Sword and Shield,Morpeko V,79/202,NO_VARIANT_LINK
pkm-sword-and-shield-80-202-f77cca6fbd,Sword and Shield,Morpeko VMAX,80/202,NO_VARIANT_LINK
pkm-sword-and-shield-81-202-97fdcaaae0,Sword and Shield,Galarian Ponyta,81/202,NO_VARIANT_LINK
pkm-sword-and-shield-82-202-9a6ffbaf1e,Sword and Shield,Galarian Rapidash,82/202,NO_VARIANT_LINK
pkm-sword-and-shield-83-202-6c4df99523,Sword and Shield,Gastly,83/202,NO_VARIANT_LINK
pkm-sword-and-shield-84-202-3654e820ac,Sword and Shield,Haunter,84/202,NO_VARIANT_LINK
pkm-sword-and-shield-85-202-82a4e289eb,Sword and Shield,Gengar,85/202,NO_VARIANT_LINK
pkm-sword-and-shield-86-202-71bdfa586b,Sword and Shield,Wobbuffet V,86/202,NO_VARIANT_LINK
pkm-sword-and-shield-87-202-8af35b06fd,Sword and Shield,Munna,87/202,NO_VARIANT_LINK
pkm-sword-and-shield-88-202-7a01a3ad12,Sword and Shield,Musharna,88/202,NO_VARIANT_LINK
pkm-sword-and-shield-89-202-27b8f0e926,Sword and Shield,Sinistea,89/202,NO_VARIANT_LINK
pkm-sword-and-shield-90-202-fe477c9aad,Sword and Shield,Polteageist,90/202,NO_VARIANT_LINK
pkm-sword-and-shield-91-202-192588588c,Sword and Shield,Indeedee V,91/202,NO_VARIANT_LINK
pkm-sword-and-shield-92-202-5feaddf319,Sword and Shield,Diglett,92/202,NO_VARIANT_LINK
pkm-sword-and-shield-93-202-6f04db5411,Sword and Shield,Dugtrio,93/202,NO_VARIANT_LINK
pkm-sword-and-shield-94-202-113ac2d682,Sword and Shield,Hitmonlee,94/202,NO_VARIANT_LINK
pkm-sword-and-shield-95-202-a5ba0fb2f3,Sword and Shield,Hitmonchan,95/202,NO_VARIANT_LINK
pkm-sword-and-shield-96-202-24b0e7a6f8,Sword and Shield,Rhyhorn,96/202,NO_VARIANT_LINK
pkm-sword-and-shield-97-202-5078da92d6,Sword and Shield,Rhyhorn,97/202,NO_VARIANT_LINK
pkm-sword-and-shield-98-202-5af0e40d9c,Sword and Shield,Rhydon,98/202,NO_VARIANT_LINK
pkm-sword-and-shield-99-202-a550aa8e36,Sword and Shield,Rhyperior,99/202,NO_VARIANT_LINK
pkm-sword-and-shield-100-202-baf7693244,Sword and Shield,Sudowoodo,100/202,NO_VARIANT_LINK
pkm-sword-and-shield-101-202-fecb64b334,Sword and Shield,Baltoy,101/202,NO_VARIANT_LINK
pkm-sword-and-shield-102-202-323258e576,Sword and Shield,Baltoy,102/202,NO_VARIANT_LINK
pkm-sword-and-shield-103-202-cbb8363ded,Sword and Shield,Claydol,103/202,NO_VARIANT_LINK
pkm-sword-and-shield-104-202-c4a7900870,Sword and Shield,Regirock V,104/202,NO_VARIANT_LINK
pkm-sword-and-shield-105-202-2c7955648f,Sword and Shield,Mudbray,105/202,NO_VARIANT_LINK
pkm-sword-and-shield-106-202-ae9ff5bd3b,Sword and Shield,Mudsdale,106/202,NO_VARIANT_LINK
pkm-sword-and-shield-107-202-f92b573123,Sword and Shield,Silicobra,107/202,NO_VARIANT_LINK
pkm-sword-and-shield-108-202-bf697d04a7,Sword and Shield,Silicobra,108/202,NO_VARIANT_LINK
pkm-sword-and-shield-109-202-40e31385dc,Sword and Shield,Sandaconda,109/202,NO_VARIANT_LINK
pkm-sword-and-shield-110-202-47266e4cb9,Sword and Shield,Sandaconda,110/202,NO_VARIANT_LINK
pkm-sword-and-shield-111-202-a5101fe580,Sword and Shield,Clobbopus,111/202,NO_VARIANT_LINK
pkm-sword-and-shield-112-202-8221925ceb,Sword and Shield,Clobbopus,112/202,NO_VARIANT_LINK
pkm-sword-and-shield-113-202-e0140d6b4c,Sword and Shield,Grapploct,113/202,NO_VARIANT_LINK
pkm-sword-and-shield-114-202-080412e18a,Sword and Shield,Stonjourner,114/202,NO_VARIANT_LINK
pkm-sword-and-shield-115-202-b576b51c35,Sword and Shield,Stonjourner V,115/202,NO_VARIANT_LINK
pkm-sword-and-shield-116-202-caa5e53c85,Sword and Shield,Stonjourner VMAX,116/202,NO_VARIANT_LINK
pkm-sword-and-shield-117-202-4591a595c0,Sword and Shield,Galarian Zigzagoon,117/202,NO_VARIANT_LINK
pkm-sword-and-shield-118-202-1ad2188ff6,Sword and Shield,Galarian Linoone,118/202,NO_VARIANT_LINK
pkm-sword-and-shield-119-202-585bc8454f,Sword and Shield,Galarian Obstagoon,119/202,NO_VARIANT_LINK
pkm-sword-and-shield-120-202-657ba93f15,Sword and Shield,Sableye V,120/202,NO_VARIANT_LINK
pkm-sword-and-shield-121-202-43f34abec4,Sword and Shield,Skorupi,121/202,NO_VARIANT_LINK
pkm-sword-and-shield-122-202-32cc5e26ae,Sword and Shield,Drapion,122/202,NO_VARIANT_LINK
pkm-sword-and-shield-123-202-f9cba659ec,Sword and Shield,Croagunk,123/202,NO_VARIANT_LINK
pkm-sword-and-shield-124-202-1c482d7a29,Sword and Shield,Toxicroak,124/202,NO_VARIANT_LINK
pkm-sword-and-shield-125-202-95eb7062f3,Sword and Shield,Nickit,125/202,NO_VARIANT_LINK
pkm-sword-and-shield-126-202-c7e74c0073,Sword and Shield,Thievul,126/202,NO_VARIANT_LINK
pkm-sword-and-shield-127-202-f53bf723e1,Sword and Shield,Galarian Meowth,127/202,NO_VARIANT_LINK
pkm-sword-and-shield-128-202-3621dbb69c,Sword and Shield,Galarian Perrserker,128/202,NO_VARIANT_LINK
pkm-sword-and-shield-129-202-d774910c50,Sword and Shield,Mawile,129/202,NO_VARIANT_LINK
pkm-sword-and-shield-130-202-e5358973ed,Sword and Shield,Ferroseed,130/202,NO_VARIANT_LINK
pkm-sword-and-shield-131-202-5a866e099b,Sword and Shield,Ferrothorn,131/202,NO_VARIANT_LINK
pkm-sword-and-shield-132-202-7d12f9d9d8,Sword and Shield,Galarian Stunfisk,132/202,NO_VARIANT_LINK
pkm-sword-and-shield-133-202-1cd06f0cf2,Sword and Shield,Pawniard,133/202,NO_VARIANT_LINK
pkm-sword-and-shield-134-202-e0b939720b,Sword and Shield,Bisharp,134/202,NO_VARIANT_LINK
pkm-sword-and-shield-135-202-f652626108,Sword and Shield,Corviknight,135/202,NO_VARIANT_LINK
pkm-sword-and-shield-136-202-049ca06e60,Sword and Shield,Cufant,136/202,NO_VARIANT_LINK
pkm-sword-and-shield-137-202-1f4e49f34d,Sword and Shield,Copperajah,137/202,NO_VARIANT_LINK
pkm-sword-and-shield-138-202-082f9afab3,Sword and Shield,Zacian V,138/202,NO_VARIANT_LINK
pkm-sword-and-shield-139-202-5e53d06d08,Sword and Shield,Zamazenta V,139/202,NO_VARIANT_LINK
pkm-sword-and-shield-140-202-ccc0b84a13,Sword and Shield,Snorlax,140/202,NO_VARIANT_LINK
pkm-sword-and-shield-141-202-3207862978,Sword and Shield,Snorlax V,141/202,NO_VARIANT_LINK
pkm-sword-and-shield-142-202-86ba9a56b4,Sword and Shield,Snorlax VMAX,142/202,NO_VARIANT_LINK
pkm-sword-and-shield-143-202-36798c337a,Sword and Shield,Hoothoot,143/202,NO_VARIANT_LINK
pkm-sword-and-shield-144-202-abec0518e7,Sword and Shield,Noctowl,144/202,NO_VARIANT_LINK
pkm-sword-and-shield-145-202-195b640897,Sword and Shield,Minccino,145/202,NO_VARIANT_LINK
pkm-sword-and-shield-146-202-fe6a35a2be,Sword and Shield,Minccino,146/202,NO_VARIANT_LINK
pkm-sword-and-shield-147-202-45d9f80362,Sword and Shield,Cinccino,147/202,NO_VARIANT_LINK
pkm-sword-and-shield-148-202-b31a06c0f2,Sword and Shield,Oranguru,148/202,NO_VARIANT_LINK
pkm-sword-and-shield-149-202-b9aa4854e2,Sword and Shield,Drampa,149/202,NO_VARIANT_LINK
pkm-sword-and-shield-150-202-a4d3d99c6d,Sword and Shield,Rookidee,150/202,NO_VARIANT_LINK
pkm-sword-and-shield-151-202-904736b954,Sword and Shield,Corvisquire,151/202,NO_VARIANT_LINK
pkm-sword-and-shield-152-202-5a5a1075c5,Sword and Shield,Wooloo,152/202,NO_VARIANT_LINK
pkm-sword-and-shield-153-202-742b5e97f9,Sword and Shield,Wooloo,153/202,NO_VARIANT_LINK
pkm-sword-and-shield-154-202-9879e86be2,Sword and Shield,Dubwool,154/202,NO_VARIANT_LINK
pkm-sword-and-shield-155-202-bcf42ff43b,Sword and Shield,Cramorant V,155/202,NO_VARIANT_LINK
pkm-sword-and-shield-156-202-f82c373ecf,Sword and Shield,Air Balloon,156/202,NO_VARIANT_LINK
pkm-sword-and-shield-157-202-80447e5fbc,Sword and Shield,Bede,157/202,NO_VARIANT_LINK
pkm-sword-and-shield-158-202-282045c040,Sword and Shield,Big Charm,158/202,NO_VARIANT_LINK
pkm-sword-and-shield-159-202-5bb7bf1a43,Sword and Shield,Crushing Hammer,159/202,NO_VARIANT_LINK
pkm-sword-and-shield-160-202-eb60ecf91e,Sword and Shield,Energy Retrieval,160/202,NO_VARIANT_LINK
pkm-sword-and-shield-161-202-6717fce109,Sword and Shield,Energy Search,161/202,NO_VARIANT_LINK
pkm-sword-and-shield-162-202-d2832489e8,Sword and Shield,Energy Switch,162/202,NO_VARIANT_LINK
pkm-sword-and-shield-163-202-b548b87fdc,Sword and Shield,Evolution Incense,163/202,NO_VARIANT_LINK
pkm-sword-and-shield-164-202-dd25c49a64,Sword and Shield,Great Ball,164/202,NO_VARIANT_LINK
pkm-sword-and-shield-165-202-99eef1c9de,Sword and Shield,Hop,165/202,NO_VARIANT_LINK
pkm-sword-and-shield-166-202-722247725d,Sword and Shield,Hyper Potion,166/202,NO_VARIANT_LINK
pkm-sword-and-shield-167-202-027fc2cba4,Sword and Shield,Lucky Egg,167/202,NO_VARIANT_LINK
pkm-sword-and-shield-168-202-3e73ef8a1e,Sword and Shield,Lum Berry,168/202,NO_VARIANT_LINK
pkm-sword-and-shield-169-202-626b05bc7d,Sword and Shield,Marnie,169/202,NO_VARIANT_LINK
pkm-sword-and-shield-170-202-9301464aae,Sword and Shield,Metal Saucer,170/202,NO_VARIANT_LINK
pkm-sword-and-shield-171-202-c521f43a8c,Sword and Shield,Ordinary Rod,171/202,NO_VARIANT_LINK
pkm-sword-and-shield-172-202-4dea858dd4,Sword and Shield,Pal Pad,172/202,NO_VARIANT_LINK
pkm-sword-and-shield-173-202-dd4a91756b,Sword and Shield,Poké Kid,173/202,NO_VARIANT_LINK
pkm-sword-and-shield-174-202-326b00cc96,Sword and Shield,Pokégear 3.0,174/202,NO_VARIANT_LINK
pkm-sword-and-shield-175-202-d15ac248da,Sword and Shield,Pokémon Catcher,175/202,NO_VARIANT_LINK
pkm-sword-and-shield-176-202-870d3c7fd1,Sword and Shield,Pokémon Center Lady,176/202,NO_VARIANT_LINK
pkm-sword-and-shield-177-202-0e3ed619d3,Sword and Shield,Potion,177/202,NO_VARIANT_LINK
pkm-sword-and-shield-178-202-a8ecda4b46,Sword and Shield,Professor's Research (Professor Magnolia),178/202,NO_VARIANT_LINK
pkm-sword-and-shield-179-202-7f2aaf71d6,Sword and Shield,Quick Ball,179/202,NO_VARIANT_LINK
pkm-sword-and-shield-180-202-8d221e95d9,Sword and Shield,Rare Candy,180/202,NO_VARIANT_LINK
pkm-sword-and-shield-181-202-5286a8c76a,Sword and Shield,Rotom Bike,181/202,NO_VARIANT_LINK
pkm-sword-and-shield-182-202-f5e335347e,Sword and Shield,Sitrus Berry,182/202,NO_VARIANT_LINK
pkm-sword-and-shield-183-202-50f0386224,Sword and Shield,Switch,183/202,NO_VARIANT_LINK
pkm-sword-and-shield-184-202-b718b61449,Sword and Shield,Team Yell Grunt,184/202,NO_VARIANT_LINK
pkm-sword-and-shield-185-202-b9ed35c16f,Sword and Shield,Vitality Band,185/202,NO_VARIANT_LINK
pkm-sword-and-shield-186-202-ad28b67383,Sword and Shield,Aurora Energy,186/202,NO_VARIANT_LINK
pkm-sword-and-shield-187-202-8ec7aee25d,Sword and Shield,Dhelmise V,187/202,NO_VARIANT_LINK
pkm-sword-and-shield-188-202-b546292936,Sword and Shield,Torkoal V,188/202,NO_VARIANT_LINK
pkm-sword-and-shield-189-202-d7e18fb374,Sword and Shield,Lapras V,189/202,NO_VARIANT_LINK
pkm-sword-and-shield-190-202-c8d953655d,Sword and Shield,Morpeko V,190/202,NO_VARIANT_LINK
pkm-sword-and-shield-191-202-2bf42e237e,Sword and Shield,Wobbuffet V,191/202,NO_VARIANT_LINK
pkm-sword-and-shield-192-202-b233a2243d,Sword and Shield,Indeedee V,192/202,NO_VARIANT_LINK
pkm-sword-and-shield-193-202-ab47d4e39d,Sword and Shield,Stonjourner V,193/202,NO_VARIANT_LINK
pkm-sword-and-shield-194-202-e8a3d317fe,Sword and Shield,Sableye V,194/202,NO_VARIANT_LINK
pkm-sword-and-shield-195-202-2ecd175e01,Sword and Shield,Zacian V,195/202,NO_VARIANT_LINK
pkm-sword-and-shield-196-202-10d0541834,Sword and Shield,Zamazenta V,196/202,NO_VARIANT_LINK
pkm-sword-and-shield-197-202-a02562aa39,Sword and Shield,Snorlax V,197/202,NO_VARIANT_LINK
pkm-sword-and-shield-198-202-c1bcb5e342,Sword and Shield,Cramorant V,198/202,NO_VARIANT_LINK
pkm-sword-and-shield-199-202-52084ef391,Sword and Shield,Bede,199/202,NO_VARIANT_LINK
pkm-sword-and-shield-200-202-5283a68e1e,Sword and Shield,Marnie,200/202,NO_VARIANT_LINK
pkm-sword-and-shield-201-202-9e94b4f0a8,Sword and Shield,Professor's Research (Professor Magnolia),201/202,NO_VARIANT_LINK
pkm-sword-and-shield-202-202-0e6eeb1c89,Sword and Shield,Team Yell Grunt,202/202,NO_VARIANT_LINK
pkm-sword-and-shield-203-202-0bbfffe677,Sword and Shield,Lapras VMAX,203/202,NO_VARIANT_LINK
pkm-sword-and-shield-204-202-4495661792,Sword and Shield,Morpeko VMAX,204/202,NO_VARIANT_LINK
pkm-sword-and-shield-205-202-3884768578,Sword and Shield,Stonjourner VMAX,205/202,NO_VARIANT_LINK
pkm-sword-and-shield-206-202-7625c57e8c,Sword and Shield,Snorlax VMAX,206/202,NO_VARIANT_LINK
pkm-sword-and-shield-207-202-109bc4784a,Sword and Shield,Bede,207/202,NO_VARIANT_LINK
pkm-sword-and-shield-208-202-accc14905c,Sword and Shield,Marnie,208/202,NO_VARIANT_LINK
pkm-sword-and-shield-209-202-1e30fc8990,Sword and Shield,Professor's Research (Professor Magnolia),209/202,NO_VARIANT_LINK
pkm-sword-and-shield-210-202-39a9ad33c5,Sword and Shield,Team Yell Grunt,210/202,NO_VARIANT_LINK
pkm-sword-and-shield-211-202-e5032c62ff,Sword and Shield,Zacian V,211/202,NO_VARIANT_LINK
pkm-sword-and-shield-212-202-c0c308b250,Sword and Shield,Zamazenta V,212/202,NO_VARIANT_LINK
pkm-sword-and-shield-213-202-c9758ea16b,Sword and Shield,Air Balloon,213/202,NO_VARIANT_LINK
pkm-sword-and-shield-214-202-bd7630fdfc,Sword and Shield,Metal Saucer,214/202,NO_VARIANT_LINK
pkm-sword-and-shield-215-202-40e48ef6c7,Sword and Shield,Ordinary Rod,215/202,NO_VARIANT_LINK
pkm-sword-and-shield-216-202-a7d7f611e3,Sword and Shield,Quick Ball,216/202,NO_VARIANT_LINK
pkm-temporal-forces-5-162-d13941c454,Temporal Forces,Shiftry,5/162,NO_VARIANT_LINK
pkm-temporal-forces-11-162-fe9e9f178a,Temporal Forces,Grotle,11/162,NO_VARIANT_LINK
pkm-temporal-forces-12-162-012c34f978,Temporal Forces,Torterra ex,12/162,NO_VARIANT_LINK
pkm-temporal-forces-16-162-1731ae803e,Temporal Forces,Deerling,16/162,NO_VARIANT_LINK
pkm-temporal-forces-17-162-aa51a33b73,Temporal Forces,Sawsbuck,17/162,NO_VARIANT_LINK
pkm-temporal-forces-25-162-6211c00b05,Temporal Forces,Iron Leaves ex,25/162,NO_VARIANT_LINK
pkm-temporal-forces-30-162-5ed8bca909,Temporal Forces,Victini,30/162,NO_VARIANT_LINK
pkm-temporal-forces-32-162-fe2c42a40f,Temporal Forces,Litten,32/162,NO_VARIANT_LINK
pkm-temporal-forces-34-162-acb943b993,Temporal Forces,Incineroar ex,34/162,NO_VARIANT_LINK
pkm-temporal-forces-38-162-6a19cefe07,Temporal Forces,Gouging Fire ex,38/162,NO_VARIANT_LINK
pkm-temporal-forces-45-162-db8bf6f7f9,Temporal Forces,Snom,45/162,NO_VARIANT_LINK
pkm-temporal-forces-50-162-f010b5c882,Temporal Forces,Walking Wake ex,50/162,NO_VARIANT_LINK
pkm-temporal-forces-55-162-9a38851899,Temporal Forces,Charjabug,55/162,NO_VARIANT_LINK
pkm-temporal-forces-60-162-2cd02d6839,Temporal Forces,Wugtrio ex,60/162,NO_VARIANT_LINK
pkm-temporal-forces-68-162-d900920c66,Temporal Forces,Bronzor,68/162,NO_VARIANT_LINK
pkm-temporal-forces-72-162-83c381961d,Temporal Forces,Reuniclus,72/162,NO_VARIANT_LINK
pkm-temporal-forces-75-162-4f6378de50,Temporal Forces,Cutiefly,75/162,NO_VARIANT_LINK
pkm-temporal-forces-79-162-f099e7a47b,Temporal Forces,Iron Valiant,79/162,NO_VARIANT_LINK
pkm-temporal-forces-80-162-3af18c6ae3,Temporal Forces,Iron Valiant,80/162,NO_VARIANT_LINK
pkm-temporal-forces-81-162-4eca2b0c86,Temporal Forces,Iron Crown ex,81/162,NO_VARIANT_LINK
pkm-temporal-forces-84-162-fb60b87835,Temporal Forces,Relicanth,84/162,NO_VARIANT_LINK
pkm-temporal-forces-86-162-1c3423f81a,Temporal Forces,Excadrill,86/162,NO_VARIANT_LINK
pkm-temporal-forces-92-162-5f93a84da4,Temporal Forces,Mudsdale,92/162,NO_VARIANT_LINK
pkm-temporal-forces-96-162-e5ef619963,Temporal Forces,Great Tusk,96/162,NO_VARIANT_LINK
pkm-temporal-forces-97-162-2cbac9fd3f,Temporal Forces,Great Tusk,97/162,NO_VARIANT_LINK
pkm-temporal-forces-99-162-73502225a5,Temporal Forces,Iron Boulder ex,99/162,NO_VARIANT_LINK
pkm-temporal-forces-101-162-470feb253e,Temporal Forces,Arbok,101/162,NO_VARIANT_LINK
pkm-temporal-forces-102-162-b880ffa3e2,Temporal Forces,Gastly,102/162,NO_VARIANT_LINK
pkm-temporal-forces-104-162-812cc3340e,Temporal Forces,Gengar ex,104/162,NO_VARIANT_LINK
pkm-temporal-forces-108-162-3e4faee700,Temporal Forces,Farigiraf ex,108/162,NO_VARIANT_LINK
pkm-temporal-forces-111-162-260dce5f34,Temporal Forces,Scizor ex,111/162,NO_VARIANT_LINK
pkm-temporal-forces-115-162-2af05d1246,Temporal Forces,Metagross,115/162,NO_VARIANT_LINK
pkm-temporal-forces-116-162-c9505abbe1,Temporal Forces,Meltan,116/162,NO_VARIANT_LINK
pkm-temporal-forces-123-162-6583da19e2,Temporal Forces,Raging Bolt ex,123/162,NO_VARIANT_LINK
pkm-temporal-forces-124-162-948eaa55c0,Temporal Forces,Lickitung,124/162,NO_VARIANT_LINK
pkm-temporal-forces-132-162-9b4b41e699,Temporal Forces,Chatot,132/162,NO_VARIANT_LINK
pkm-temporal-forces-136-162-0468ecaf43,Temporal Forces,Minccino,136/162,NO_VARIANT_LINK
pkm-temporal-forces-137-162-d6150a2dd5,Temporal Forces,Cinccino,137/162,NO_VARIANT_LINK
pkm-temporal-forces-138-162-38eea1375b,Temporal Forces,Drampa,138/162,NO_VARIANT_LINK
pkm-temporal-forces-140-162-4ebf1e01e1,Temporal Forces,Ancient Booster Energy Capsule,140/162,NO_VARIANT_LINK
pkm-temporal-forces-142-162-bc5fc987d0,Temporal Forces,Bianca's Devotion,142/162,NO_VARIANT_LINK
pkm-temporal-forces-143-162-753351129a,Temporal Forces,Boxed Order,143/162,NO_VARIANT_LINK
pkm-temporal-forces-145-162-289387e5b0,Temporal Forces,Ciphermaniac's Codebreaking,145/162,NO_VARIANT_LINK
pkm-temporal-forces-146-162-f1aee08ad8,Temporal Forces,Eri,146/162,NO_VARIANT_LINK
pkm-temporal-forces-147-162-6d3ca260ee,Temporal Forces,Explorer's Guidance,147/162,NO_VARIANT_LINK
pkm-temporal-forces-149-162-6e16064301,Temporal Forces,Future Booster Energy Capsule,149/162,NO_VARIANT_LINK
pkm-temporal-forces-155-162-f1b99d6328,Temporal Forces,Morty's Conviction,155/162,NO_VARIANT_LINK
pkm-temporal-forces-160-162-c2f1f53b39,Temporal Forces,Salvatore,160/162,NO_VARIANT_LINK
pkm-temporal-forces-163-162-377692dacc,Temporal Forces,Shiftry,163/162,NO_VARIANT_LINK
pkm-temporal-forces-164-162-17ae144cb6,Temporal Forces,Grotle,164/162,NO_VARIANT_LINK
pkm-temporal-forces-165-162-4864e51e7c,Temporal Forces,Deerling,165/162,NO_VARIANT_LINK
pkm-temporal-forces-166-162-172910ab2d,Temporal Forces,Sawsbuck,166/162,NO_VARIANT_LINK
pkm-temporal-forces-167-162-f5c484c95d,Temporal Forces,Litten,167/162,NO_VARIANT_LINK
pkm-temporal-forces-168-162-b69f1d58cb,Temporal Forces,Snom,168/162,NO_VARIANT_LINK
pkm-temporal-forces-169-162-6667719b08,Temporal Forces,Charjabug,169/162,NO_VARIANT_LINK
pkm-temporal-forces-170-162-dd6bf5661b,Temporal Forces,Bronzor,170/162,NO_VARIANT_LINK
pkm-temporal-forces-171-162-f0606c2eb7,Temporal Forces,Reuniclus,171/162,NO_VARIANT_LINK
pkm-temporal-forces-172-162-0e06f464f0,Temporal Forces,Cutiefly,172/162,NO_VARIANT_LINK
pkm-temporal-forces-173-162-f8f1bac2b7,Temporal Forces,Relicanth,173/162,NO_VARIANT_LINK
pkm-temporal-forces-174-162-1695b89f4c,Temporal Forces,Excadrill,174/162,NO_VARIANT_LINK
pkm-temporal-forces-175-162-422d2dd64a,Temporal Forces,Mudsdale,175/162,NO_VARIANT_LINK
pkm-temporal-forces-176-162-7a12cd7218,Temporal Forces,Arbok,176/162,NO_VARIANT_LINK
pkm-temporal-forces-177-162-474ce1fd5d,Temporal Forces,Gastly,177/162,NO_VARIANT_LINK
pkm-temporal-forces-178-162-b89feafd9d,Temporal Forces,Metagross,178/162,NO_VARIANT_LINK
pkm-temporal-forces-179-162-dfc3e4f3fc,Temporal Forces,Meltan,179/162,NO_VARIANT_LINK
pkm-temporal-forces-180-162-d7ba16b728,Temporal Forces,Lickitung,180/162,NO_VARIANT_LINK
pkm-temporal-forces-181-162-8366164e08,Temporal Forces,Chatot,181/162,NO_VARIANT_LINK
pkm-temporal-forces-182-162-1f6f82193b,Temporal Forces,Minccino,182/162,NO_VARIANT_LINK
pkm-temporal-forces-183-162-bf00134a5b,Temporal Forces,Cinccino,183/162,NO_VARIANT_LINK
pkm-temporal-forces-184-162-33ee3b162c,Temporal Forces,Drampa,184/162,NO_VARIANT_LINK
pkm-temporal-forces-185-162-060c080c60,Temporal Forces,Torterra ex,185/162,NO_VARIANT_LINK
pkm-temporal-forces-186-162-cb7b3db157,Temporal Forces,Iron Leaves ex,186/162,NO_VARIANT_LINK
pkm-temporal-forces-187-162-d4905daafb,Temporal Forces,Incineroar ex,187/162,NO_VARIANT_LINK
pkm-temporal-forces-188-162-f23875b58f,Temporal Forces,Gouging Fire ex,188/162,NO_VARIANT_LINK
pkm-temporal-forces-189-162-a110b36215,Temporal Forces,Walking Wake ex,189/162,NO_VARIANT_LINK
pkm-temporal-forces-190-162-d286a09653,Temporal Forces,Wugtrio ex,190/162,NO_VARIANT_LINK
pkm-temporal-forces-191-162-a22961d4dc,Temporal Forces,Iron Crown ex,191/162,NO_VARIANT_LINK
pkm-temporal-forces-192-162-ff8c5ef689,Temporal Forces,Iron Boulder ex,192/162,NO_VARIANT_LINK
pkm-temporal-forces-193-162-6724b497fc,Temporal Forces,Gengar ex,193/162,NO_VARIANT_LINK
pkm-temporal-forces-194-162-f557916f18,Temporal Forces,Farigiraf ex,194/162,NO_VARIANT_LINK
pkm-temporal-forces-195-162-eb5b22e640,Temporal Forces,Scizor ex,195/162,NO_VARIANT_LINK
pkm-temporal-forces-196-162-01a41c522b,Temporal Forces,Raging Bolt ex,196/162,NO_VARIANT_LINK
pkm-temporal-forces-197-162-2857f9ee0d,Temporal Forces,Bianca's Devotion,197/162,NO_VARIANT_LINK
pkm-temporal-forces-198-162-7adcbcc796,Temporal Forces,Ciphermaniac's Codebreaking,198/162,NO_VARIANT_LINK
pkm-temporal-forces-199-162-7ab61d1ab1,Temporal Forces,Eri,199/162,NO_VARIANT_LINK
pkm-temporal-forces-200-162-25de644402,Temporal Forces,Explorer's Guidance,200/162,NO_VARIANT_LINK
pkm-temporal-forces-201-162-cbaae40130,Temporal Forces,Morty's Conviction,201/162,NO_VARIANT_LINK
pkm-temporal-forces-202-162-25cd1a5913,Temporal Forces,Salvatore,202/162,NO_VARIANT_LINK
pkm-temporal-forces-203-162-b434980ed2,Temporal Forces,Iron Leaves ex,203/162,NO_VARIANT_LINK
pkm-temporal-forces-204-162-5b1fa3801d,Temporal Forces,Gouging Fire ex,204/162,NO_VARIANT_LINK
pkm-temporal-forces-205-162-75d0981469,Temporal Forces,Walking Wake ex,205/162,NO_VARIANT_LINK
pkm-temporal-forces-206-162-179e8ee9f7,Temporal Forces,Iron Crown ex,206/162,NO_VARIANT_LINK
pkm-temporal-forces-207-162-f788005777,Temporal Forces,Iron Boulder ex,207/162,NO_VARIANT_LINK
pkm-temporal-forces-208-162-9c4b9613a6,Temporal Forces,Raging Bolt ex,208/162,NO_VARIANT_LINK
pkm-temporal-forces-209-162-9b6b94f1b7,Temporal Forces,Bianca's Devotion,209/162,NO_VARIANT_LINK
pkm-temporal-forces-210-162-186695af88,Temporal Forces,Eri,210/162,NO_VARIANT_LINK
pkm-temporal-forces-211-162-f4a3becb82,Temporal Forces,Morty's Conviction,211/162,NO_VARIANT_LINK
pkm-temporal-forces-212-162-f937e78b07,Temporal Forces,Salvatore,212/162,NO_VARIANT_LINK
pkm-temporal-forces-213-162-5d9b54a94d,Temporal Forces,Iron Leaves ex,213/162,NO_VARIANT_LINK
pkm-temporal-forces-214-162-e9c1b551b6,Temporal Forces,Gouging Fire ex,214/162,NO_VARIANT_LINK
pkm-temporal-forces-215-162-ab1ab6138f,Temporal Forces,Walking Wake ex,215/162,NO_VARIANT_LINK
pkm-temporal-forces-216-162-ea5946e84a,Temporal Forces,Iron Crown ex,216/162,NO_VARIANT_LINK
pkm-temporal-forces-217-162-89240bf7ce,Temporal Forces,Iron Boulder ex,217/162,NO_VARIANT_LINK
pkm-temporal-forces-218-162-624e2c0c30,Temporal Forces,Raging Bolt ex,218/162,NO_VARIANT_LINK
pkm-twilight-masquerade-3-167-c5a0252b40,Twilight Masquerade,Pinsir,3/167,NO_VARIANT_LINK
pkm-twilight-masquerade-7-167-12c227b8fb,Twilight Masquerade,Sunflora,7/167,NO_VARIANT_LINK
pkm-twilight-masquerade-17-167-9e1409480d,Twilight Masquerade,Applin,17/167,NO_VARIANT_LINK
pkm-twilight-masquerade-18-167-6c1cb7128f,Twilight Masquerade,Dipplin,18/167,NO_VARIANT_LINK
pkm-twilight-masquerade-20-167-d24c417923,Twilight Masquerade,Poltchageist,20/167,NO_VARIANT_LINK
pkm-twilight-masquerade-21-167-5319a7d52f,Twilight Masquerade,Poltchageist,21/167,NO_VARIANT_LINK
pkm-twilight-masquerade-23-167-b5016c3f40,Twilight Masquerade,Sinistcha ex,23/167,NO_VARIANT_LINK
pkm-twilight-masquerade-25-167-f8a1f69574,Twilight Masquerade,Teal Mask Ogerpon ex,25/167,NO_VARIANT_LINK
pkm-twilight-masquerade-29-167-146af8f325,Twilight Masquerade,Magcargo ex,29/167,NO_VARIANT_LINK
pkm-twilight-masquerade-30-167-4a440ba929,Twilight Masquerade,Torkoal,30/167,NO_VARIANT_LINK
pkm-twilight-masquerade-33-167-5d9f1b3597,Twilight Masquerade,Infernape,33/167,NO_VARIANT_LINK
pkm-twilight-masquerade-40-167-7fca775179,Twilight Masquerade,Hearthflame Mask Ogerpon ex,40/167,NO_VARIANT_LINK
pkm-twilight-masquerade-53-167-a1c8b3587a,Twilight Masquerade,Froslass,53/167,NO_VARIANT_LINK
pkm-twilight-masquerade-55-167-cd73b34f94,Twilight Masquerade,Phione,55/167,NO_VARIANT_LINK
pkm-twilight-masquerade-58-167-96785a2725,Twilight Masquerade,Cramorant,58/167,NO_VARIANT_LINK
pkm-twilight-masquerade-61-167-11d2b0ae05,Twilight Masquerade,Palafin ex,61/167,NO_VARIANT_LINK
pkm-twilight-masquerade-62-167-ed7db7f20c,Twilight Masquerade,Iron Bundle,62/167,NO_VARIANT_LINK
pkm-twilight-masquerade-64-167-838129220b,Twilight Masquerade,Wellspring Mask Ogerpon ex,64/167,NO_VARIANT_LINK
pkm-twilight-masquerade-68-167-3643282240,Twilight Masquerade,Luxray ex,68/167,NO_VARIANT_LINK
pkm-twilight-masquerade-71-167-50cbb52f73,Twilight Masquerade,Heliolisk,71/167,NO_VARIANT_LINK
pkm-twilight-masquerade-75-167-1db1c21634,Twilight Masquerade,Wattrel,75/167,NO_VARIANT_LINK
pkm-twilight-masquerade-77-167-150eb4abf1,Twilight Masquerade,Iron Thorns ex,77/167,NO_VARIANT_LINK
pkm-twilight-masquerade-85-167-0b1bf61532,Twilight Masquerade,Chimecho,85/167,NO_VARIANT_LINK
pkm-twilight-masquerade-86-167-f2d12b3262,Twilight Masquerade,Flabébé,86/167,NO_VARIANT_LINK
pkm-twilight-masquerade-93-167-5a75eab167,Twilight Masquerade,Enamorus,93/167,NO_VARIANT_LINK
pkm-twilight-masquerade-94-167-ef663464d7,Twilight Masquerade,Scream Tail ex,94/167,NO_VARIANT_LINK
pkm-twilight-masquerade-99-167-a6e18081cd,Twilight Masquerade,Hisuian Growlithe,99/167,NO_VARIANT_LINK
pkm-twilight-masquerade-102-167-9336d387cd,Twilight Masquerade,Probopass,102/167,NO_VARIANT_LINK
pkm-twilight-masquerade-103-167-c02e37c8f5,Twilight Masquerade,Timburr,103/167,NO_VARIANT_LINK
pkm-twilight-masquerade-106-167-ff6b1c93ab,Twilight Masquerade,Greninja ex,106/167,NO_VARIANT_LINK
pkm-twilight-masquerade-110-167-cbc12b0f62,Twilight Masquerade,Ting-Lu,110/167,NO_VARIANT_LINK
pkm-twilight-masquerade-112-167-d289ad41ab,Twilight Masquerade,Cornerstone Mask Ogerpon ex,112/167,NO_VARIANT_LINK
pkm-twilight-masquerade-121-167-2b843b66d3,Twilight Masquerade,Lairon,121/167,NO_VARIANT_LINK
pkm-twilight-masquerade-126-167-3240480228,Twilight Masquerade,Applin,126/167,NO_VARIANT_LINK
pkm-twilight-masquerade-127-167-2b16a469a2,Twilight Masquerade,Dipplin,127/167,NO_VARIANT_LINK
pkm-twilight-masquerade-130-167-5ebebf3d20,Twilight Masquerade,Dragapult ex,130/167,NO_VARIANT_LINK
pkm-twilight-masquerade-131-167-cecae1741a,Twilight Masquerade,Tatsugiri,131/167,NO_VARIANT_LINK
pkm-twilight-masquerade-133-167-95de90e887,Twilight Masquerade,Chansey,133/167,NO_VARIANT_LINK
pkm-twilight-masquerade-134-167-e01c9bb58c,Twilight Masquerade,Blissey ex,134/167,NO_VARIANT_LINK
pkm-twilight-masquerade-135-167-d6bebe0c30,Twilight Masquerade,Eevee,135/167,NO_VARIANT_LINK
pkm-twilight-masquerade-141-167-30d4c76599,Twilight Masquerade,Bloodmoon Ursaluna ex,141/167,NO_VARIANT_LINK
pkm-twilight-masquerade-144-167-d29d8b0cd7,Twilight Masquerade,Caretaker,144/167,NO_VARIANT_LINK
pkm-twilight-masquerade-145-167-4915e31f76,Twilight Masquerade,Carmine,145/167,NO_VARIANT_LINK
pkm-twilight-masquerade-148-167-78c9cc63ed,Twilight Masquerade,Enhanced Hammer,148/167,NO_VARIANT_LINK
pkm-twilight-masquerade-151-167-4a32ea5194,Twilight Masquerade,Hassel,151/167,NO_VARIANT_LINK
pkm-twilight-masquerade-154-167-e9d4def992,Twilight Masquerade,Kieran,154/167,NO_VARIANT_LINK
pkm-twilight-masquerade-155-167-c22857cabe,Twilight Masquerade,Lana's Aid,155/167,NO_VARIANT_LINK
pkm-twilight-masquerade-157-167-f294edd0c9,Twilight Masquerade,Lucian,157/167,NO_VARIANT_LINK
pkm-twilight-masquerade-160-167-17541438dc,Twilight Masquerade,Perrin,160/167,NO_VARIANT_LINK
pkm-twilight-masquerade-163-167-2a28359ea6,Twilight Masquerade,Secret Box,163/167,NO_VARIANT_LINK
pkm-twilight-masquerade-168-167-c03bc475ac,Twilight Masquerade,Pinsir,168/167,NO_VARIANT_LINK
pkm-twilight-masquerade-169-167-8320c41f42,Twilight Masquerade,Sunflora,169/167,NO_VARIANT_LINK
pkm-twilight-masquerade-170-167-4c3bd02291,Twilight Masquerade,Dipplin,170/167,NO_VARIANT_LINK
pkm-twilight-masquerade-171-167-87cac23446,Twilight Masquerade,Poltchageist,171/167,NO_VARIANT_LINK
pkm-twilight-masquerade-172-167-19508138cd,Twilight Masquerade,Torkoal,172/167,NO_VARIANT_LINK
pkm-twilight-masquerade-173-167-d79d3de8e3,Twilight Masquerade,Infernape,173/167,NO_VARIANT_LINK
pkm-twilight-masquerade-174-167-47659ac83a,Twilight Masquerade,Froslass,174/167,NO_VARIANT_LINK
pkm-twilight-masquerade-175-167-b3e8e6e1a1,Twilight Masquerade,Phione,175/167,NO_VARIANT_LINK
pkm-twilight-masquerade-176-167-3b67e703b1,Twilight Masquerade,Cramorant,176/167,NO_VARIANT_LINK
pkm-twilight-masquerade-177-167-9a6c90de6a,Twilight Masquerade,Heliolisk,177/167,NO_VARIANT_LINK
pkm-twilight-masquerade-178-167-67276d858b,Twilight Masquerade,Wattrel,178/167,NO_VARIANT_LINK
pkm-twilight-masquerade-179-167-041c983d4f,Twilight Masquerade,Chimecho,179/167,NO_VARIANT_LINK
pkm-twilight-masquerade-180-167-6172300721,Twilight Masquerade,Enamorus,180/167,NO_VARIANT_LINK
pkm-twilight-masquerade-181-167-e74a2983c8,Twilight Masquerade,Hisuian Growlithe,181/167,NO_VARIANT_LINK
pkm-twilight-masquerade-182-167-48e2869944,Twilight Masquerade,Probopass,182/167,NO_VARIANT_LINK
pkm-twilight-masquerade-183-167-9ba5695429,Twilight Masquerade,Timburr,183/167,NO_VARIANT_LINK
pkm-twilight-masquerade-184-167-630e16b1d5,Twilight Masquerade,Lairon,184/167,NO_VARIANT_LINK
pkm-twilight-masquerade-185-167-262ed5b7f0,Twilight Masquerade,Applin,185/167,NO_VARIANT_LINK
pkm-twilight-masquerade-186-167-6a2bbb8dac,Twilight Masquerade,Tatsugiri,186/167,NO_VARIANT_LINK
pkm-twilight-masquerade-187-167-66e0fff7c0,Twilight Masquerade,Chansey,187/167,NO_VARIANT_LINK
pkm-twilight-masquerade-188-167-addb482096,Twilight Masquerade,Eevee,188/167,NO_VARIANT_LINK
pkm-twilight-masquerade-189-167-4bde1925d0,Twilight Masquerade,Sinistcha ex,189/167,NO_VARIANT_LINK
pkm-twilight-masquerade-190-167-8ea0ad30a4,Twilight Masquerade,Teal Mask Ogerpon ex,190/167,NO_VARIANT_LINK
pkm-twilight-masquerade-191-167-1e882be066,Twilight Masquerade,Magcargo ex,191/167,NO_VARIANT_LINK
pkm-twilight-masquerade-192-167-be2cb09f5a,Twilight Masquerade,Hearthflame Mask Ogerpon ex,192/167,NO_VARIANT_LINK
pkm-twilight-masquerade-193-167-e64ed6cc59,Twilight Masquerade,Palafin ex,193/167,NO_VARIANT_LINK
pkm-twilight-masquerade-194-167-7fe015c12f,Twilight Masquerade,Wellspring Mask Ogerpon ex,194/167,NO_VARIANT_LINK
pkm-twilight-masquerade-195-167-3be23453d7,Twilight Masquerade,Luxray ex,195/167,NO_VARIANT_LINK
pkm-twilight-masquerade-196-167-7546726bde,Twilight Masquerade,Iron Thorns ex,196/167,NO_VARIANT_LINK
pkm-twilight-masquerade-197-167-9b60e01919,Twilight Masquerade,Scream Tail ex,197/167,NO_VARIANT_LINK
pkm-twilight-masquerade-198-167-0a41848f79,Twilight Masquerade,Greninja ex,198/167,NO_VARIANT_LINK
pkm-twilight-masquerade-199-167-a1e568a52b,Twilight Masquerade,Cornerstone Mask Ogerpon ex,199/167,NO_VARIANT_LINK
pkm-twilight-masquerade-200-167-b89c3ddfb1,Twilight Masquerade,Dragapult ex,200/167,NO_VARIANT_LINK
pkm-twilight-masquerade-201-167-a8bcbf50b6,Twilight Masquerade,Blissey ex,201/167,NO_VARIANT_LINK
pkm-twilight-masquerade-202-167-d187a7c06b,Twilight Masquerade,Bloodmoon Ursaluna ex,202/167,NO_VARIANT_LINK
pkm-twilight-masquerade-203-167-aebd969044,Twilight Masquerade,Caretaker,203/167,NO_VARIANT_LINK
pkm-twilight-masquerade-204-167-e83bbc5974,Twilight Masquerade,Carmine,204/167,NO_VARIANT_LINK
pkm-twilight-masquerade-205-167-b51ae50cde,Twilight Masquerade,Hassel,205/167,NO_VARIANT_LINK
pkm-twilight-masquerade-206-167-c96f018132,Twilight Masquerade,Kieran,206/167,NO_VARIANT_LINK
pkm-twilight-masquerade-207-167-a518c2fe44,Twilight Masquerade,Lana's Aid,207/167,NO_VARIANT_LINK
pkm-twilight-masquerade-208-167-73e1a3af6e,Twilight Masquerade,Lucian,208/167,NO_VARIANT_LINK
pkm-twilight-masquerade-209-167-8e028b12ac,Twilight Masquerade,Perrin,209/167,NO_VARIANT_LINK
pkm-twilight-masquerade-210-167-5d40ce85d1,Twilight Masquerade,Sinistcha ex,210/167,NO_VARIANT_LINK
pkm-twilight-masquerade-211-167-5afb8112d2,Twilight Masquerade,Teal Mask Ogerpon ex,211/167,NO_VARIANT_LINK
pkm-twilight-masquerade-212-167-5efbc67636,Twilight Masquerade,Hearthflame Mask Ogerpon ex,212/167,NO_VARIANT_LINK
pkm-twilight-masquerade-213-167-fd3cb8e7f4,Twilight Masquerade,Wellspring Mask Ogerpon ex,213/167,NO_VARIANT_LINK
pkm-twilight-masquerade-214-167-d69cb475d1,Twilight Masquerade,Greninja ex,214/167,NO_VARIANT_LINK
pkm-twilight-masquerade-215-167-d923f49b41,Twilight Masquerade,Cornerstone Mask Ogerpon ex,215/167,NO_VARIANT_LINK
pkm-twilight-masquerade-216-167-933c789c14,Twilight Masquerade,Bloodmoon Ursaluna ex,216/167,NO_VARIANT_LINK
pkm-twilight-masquerade-217-167-0e4304ad5b,Twilight Masquerade,Carmine,217/167,NO_VARIANT_LINK
pkm-twilight-masquerade-218-167-9f8e80cf37,Twilight Masquerade,Kieran,218/167,NO_VARIANT_LINK
pkm-twilight-masquerade-219-167-2ad5382f82,Twilight Masquerade,Lana's Aid,219/167,NO_VARIANT_LINK
pkm-twilight-masquerade-220-167-70f88b9a1e,Twilight Masquerade,Perrin,220/167,NO_VARIANT_LINK
pkm-twilight-masquerade-221-167-762e4fd446,Twilight Masquerade,Teal Mask Ogerpon ex,221/167,NO_VARIANT_LINK
pkm-twilight-masquerade-222-167-3703c87d2b,Twilight Masquerade,Bloodmoon Ursaluna ex,222/167,NO_VARIANT_LINK
pkm-twilight-masquerade-224-167-c0f00c2ade,Twilight Masquerade,Enhanced Hammer,224/167,NO_VARIANT_LINK
pkm-vivid-voltage-163-185-6720e76f86,Vivid Voltage,Coating Metal Energy,163/185,NO_VARIANT_LINK
pkm-vivid-voltage-164-185-8722bff90a,Vivid Voltage,Stone Fighting Energy,164/185,NO_VARIANT_LINK
pkm-white-flare-87-86-49df5f91cd,White Flare,Sewaddle,87/86,NO_VARIANT_LINK
pkm-white-flare-88-86-206d7de3be,White Flare,Swadloon,88/86,NO_VARIANT_LINK
pkm-white-flare-89-86-dc7831025a,White Flare,Leavanny,89/86,NO_VARIANT_LINK
pkm-white-flare-90-86-98b1cb82a3,White Flare,Cottonee,90/86,NO_VARIANT_LINK
pkm-white-flare-91-86-db33f456a8,White Flare,Deerling,91/86,NO_VARIANT_LINK
pkm-white-flare-92-86-01ce2c69dc,White Flare,Sawsbuck,92/86,NO_VARIANT_LINK
pkm-white-flare-93-86-95196243c9,White Flare,Shelmet,93/86,NO_VARIANT_LINK
pkm-white-flare-94-86-7e2f181af5,White Flare,Accelgor,94/86,NO_VARIANT_LINK
pkm-white-flare-95-86-ed0dd243c3,White Flare,Virizion,95/86,NO_VARIANT_LINK
pkm-white-flare-96-86-3345ca25b5,White Flare,Tepig,96/86,NO_VARIANT_LINK
pkm-white-flare-97-86-9636bd28b1,White Flare,Pignite,97/86,NO_VARIANT_LINK
pkm-white-flare-98-86-887e4103af,White Flare,Emboar,98/86,NO_VARIANT_LINK
pkm-white-flare-99-86-f6f7f80fd2,White Flare,Pansear,99/86,NO_VARIANT_LINK
pkm-white-flare-100-86-10498bd8a8,White Flare,Simisear,100/86,NO_VARIANT_LINK
pkm-white-flare-101-86-bb2089987c,White Flare,Litwick,101/86,NO_VARIANT_LINK
pkm-white-flare-102-86-cf6a0e988c,White Flare,Lampent,102/86,NO_VARIANT_LINK
pkm-white-flare-103-86-6ce3bedfe0,White Flare,Chandelure,103/86,NO_VARIANT_LINK
pkm-white-flare-104-86-f47c3dc0f5,White Flare,Heatmor,104/86,NO_VARIANT_LINK
pkm-white-flare-105-86-eb62e0f558,White Flare,Oshawott,105/86,NO_VARIANT_LINK
pkm-white-flare-106-86-37ecee8d12,White Flare,Dewott,106/86,NO_VARIANT_LINK
pkm-white-flare-107-86-2d2f508152,White Flare,Samurott,107/86,NO_VARIANT_LINK
pkm-white-flare-108-86-d8d9a70aa9,White Flare,Basculin,108/86,NO_VARIANT_LINK
pkm-white-flare-109-86-bade0d2525,White Flare,Ducklett,109/86,NO_VARIANT_LINK
pkm-white-flare-110-86-01b12dfd60,White Flare,Swanna,110/86,NO_VARIANT_LINK
pkm-white-flare-111-86-1ec4a412fa,White Flare,Vanillite,111/86,NO_VARIANT_LINK
pkm-white-flare-112-86-8894a96b6e,White Flare,Vanillish,112/86,NO_VARIANT_LINK
pkm-white-flare-113-86-b00c465ddd,White Flare,Vanilluxe,113/86,NO_VARIANT_LINK
pkm-white-flare-114-86-26bdea1010,White Flare,Blitzle,114/86,NO_VARIANT_LINK
pkm-white-flare-115-86-993698ab41,White Flare,Zebstrika,115/86,NO_VARIANT_LINK
pkm-white-flare-116-86-96ee8a4863,White Flare,Joltik,116/86,NO_VARIANT_LINK
pkm-white-flare-117-86-6c37fe402f,White Flare,Galvantula,117/86,NO_VARIANT_LINK
pkm-white-flare-118-86-e72d279ae4,White Flare,Stunfisk,118/86,NO_VARIANT_LINK
pkm-white-flare-119-86-8271a310d7,White Flare,Woobat,119/86,NO_VARIANT_LINK
pkm-white-flare-120-86-023c169836,White Flare,Swoobat,120/86,NO_VARIANT_LINK
pkm-white-flare-121-86-b3cccda7b4,White Flare,Sigilyph,121/86,NO_VARIANT_LINK
pkm-white-flare-122-86-1cb089a952,White Flare,Yamask,122/86,NO_VARIANT_LINK
pkm-white-flare-123-86-843c78deed,White Flare,Cofagrigus,123/86,NO_VARIANT_LINK
pkm-white-flare-124-86-aaef639a5f,White Flare,Gothita,124/86,NO_VARIANT_LINK
pkm-white-flare-125-86-18d77264b5,White Flare,Gothorita,125/86,NO_VARIANT_LINK
pkm-white-flare-126-86-11ab0f0511,White Flare,Frillish,126/86,NO_VARIANT_LINK
pkm-white-flare-127-86-3ab01bb488,White Flare,Roggenrola,127/86,NO_VARIANT_LINK
pkm-white-flare-128-86-d92de834eb,White Flare,Boldore,128/86,NO_VARIANT_LINK
pkm-white-flare-129-86-f88881df46,White Flare,Gigalith,129/86,NO_VARIANT_LINK
pkm-white-flare-130-86-3a3a07d8e1,White Flare,Sawk,130/86,NO_VARIANT_LINK
pkm-white-flare-131-86-5a5a48baf6,White Flare,Archen,131/86,NO_VARIANT_LINK
pkm-white-flare-132-86-407bf169e8,White Flare,Archeops,132/86,NO_VARIANT_LINK
pkm-white-flare-133-86-2507b65490,White Flare,Mienfoo,133/86,NO_VARIANT_LINK
pkm-white-flare-134-86-5c9b5c8601,White Flare,Mienshao,134/86,NO_VARIANT_LINK
pkm-white-flare-135-86-e7eb3e4551,White Flare,Terrakion,135/86,NO_VARIANT_LINK
pkm-white-flare-136-86-0a194645ad,White Flare,Purrloin,136/86,NO_VARIANT_LINK
pkm-white-flare-137-86-1ba43e66cf,White Flare,Liepard,137/86,NO_VARIANT_LINK
pkm-white-flare-138-86-0dcb95aad5,White Flare,Scraggy,138/86,NO_VARIANT_LINK
pkm-white-flare-139-86-29b29204ab,White Flare,Scrafty,139/86,NO_VARIANT_LINK
pkm-white-flare-140-86-dc994ff696,White Flare,Trubbish,140/86,NO_VARIANT_LINK
pkm-white-flare-141-86-88794e8fa7,White Flare,Garbodor,141/86,NO_VARIANT_LINK
pkm-white-flare-142-86-b7b7010854,White Flare,Zorua,142/86,NO_VARIANT_LINK
pkm-white-flare-143-86-64d443a974,White Flare,Zoroark,143/86,NO_VARIANT_LINK
pkm-white-flare-144-86-2cc037d7fe,White Flare,Vullaby,144/86,NO_VARIANT_LINK
pkm-white-flare-145-86-7df88eea3e,White Flare,Mandibuzz,145/86,NO_VARIANT_LINK
pkm-white-flare-146-86-0fd6f7dc02,White Flare,Deino,146/86,NO_VARIANT_LINK
pkm-white-flare-147-86-355330999a,White Flare,Zweilous,147/86,NO_VARIANT_LINK
pkm-white-flare-148-86-64d23b2fb7,White Flare,Ferroseed,148/86,NO_VARIANT_LINK
pkm-white-flare-149-86-ee5c692d68,White Flare,Ferrothorn,149/86,NO_VARIANT_LINK
pkm-white-flare-150-86-f47e242edb,White Flare,Durant,150/86,NO_VARIANT_LINK
pkm-white-flare-151-86-091fe31fda,White Flare,Druddigon,151/86,NO_VARIANT_LINK
pkm-white-flare-152-86-75e541ee37,White Flare,Patrat,152/86,NO_VARIANT_LINK
pkm-white-flare-153-86-4cc7feec28,White Flare,Watchog,153/86,NO_VARIANT_LINK
pkm-white-flare-154-86-f734a5c412,White Flare,Lillipup,154/86,NO_VARIANT_LINK
pkm-white-flare-155-86-a9de42b424,White Flare,Herdier,155/86,NO_VARIANT_LINK
pkm-white-flare-156-86-bc248cabea,White Flare,Stoutland,156/86,NO_VARIANT_LINK
pkm-white-flare-157-86-8354e0759b,White Flare,Whimsicott ex,157/86,NO_VARIANT_LINK
pkm-white-flare-158-86-c27450684d,White Flare,Reshiram ex,158/86,NO_VARIANT_LINK
pkm-white-flare-159-86-7cf58aa33f,White Flare,Keldeo ex,159/86,NO_VARIANT_LINK
pkm-white-flare-160-86-9dbaf19546,White Flare,Jellicent ex,160/86,NO_VARIANT_LINK
pkm-white-flare-161-86-3f23a3979b,White Flare,Hydreigon ex,161/86,NO_VARIANT_LINK
pkm-white-flare-162-86-ef65716f80,White Flare,Bouffalant ex,162/86,NO_VARIANT_LINK
pkm-white-flare-163-86-27631fb457,White Flare,Harlequin,163/86,NO_VARIANT_LINK
pkm-white-flare-164-86-83709e601e,White Flare,Hilda,164/86,NO_VARIANT_LINK
pkm-white-flare-165-86-ed46e05d13,White Flare,Whimsicott ex,165/86,NO_VARIANT_LINK
pkm-white-flare-166-86-d024862bd4,White Flare,Reshiram ex,166/86,NO_VARIANT_LINK
pkm-white-flare-167-86-6e6e976483,White Flare,Keldeo ex,167/86,NO_VARIANT_LINK
pkm-white-flare-168-86-d9b6efbab6,White Flare,Jellicent ex,168/86,NO_VARIANT_LINK
pkm-white-flare-169-86-dbeba9d953,White Flare,Hydreigon ex,169/86,NO_VARIANT_LINK
pkm-white-flare-170-86-3835788534,White Flare,Bouffalant ex,170/86,NO_VARIANT_LINK
pkm-white-flare-171-86-3d924302d1,White Flare,Hilda,171/86,NO_VARIANT_LINK
pkm-white-flare-172-86-739d845a95,White Flare,Victini,172/86,NO_VARIANT_LINK
pkm-white-flare-173-86-08ccc1f7af,White Flare,Reshiram ex,173/86,NO_VARIANT_LINK
pkm-base-set-2-38-130-88ab187ca9,Base Set 2,Dratini,38/130,NO_VARIANT_LINK
pkm-base-set-2-82-130-3e5238317f,Base Set 2,Nidoran ♀,82/130,NO_VARIANT_LINK
pkm-base-set-2-83-130-434ed1d89a,Base Set 2,Nidoran ♂,83/130,NO_VARIANT_LINK
pkm-base-set-2-102-130-c695405d87,Base Set 2,Imposter Professor Oak,102/130,NO_VARIANT_LINK
pkm-base-set-2-125-130-eb47e3d913,Base Set 2,Fighting Energy,125/130,NO_VARIANT_LINK
pkm-base-1-102-769caa7fdc,Base,Alakazam,1/102,NO_VARIANT_LINK
pkm-base-2-102-630337911d,Base,Blastoise,2/102,NO_VARIANT_LINK
pkm-base-3-102-c24abb077f,Base,Chansey,3/102,NO_VARIANT_LINK
pkm-base-4-102-c940fd1372,Base,Charizard,4/102,NO_VARIANT_LINK
pkm-base-5-102-2c688ca9d7,Base,Clefairy,5/102,NO_VARIANT_LINK
pkm-base-6-102-759365cd96,Base,Gyarados,6/102,NO_VARIANT_LINK
pkm-base-7-102-3a50ac8942,Base,Hitmonchan,7/102,NO_VARIANT_LINK
pkm-base-8-102-12f0b40d25,Base,Machamp,8/102,NO_VARIANT_LINK
pkm-base-9-102-be17f69202,Base,Magneton,9/102,NO_VARIANT_LINK
pkm-base-10-102-e3a7767584,Base,Mewtwo,10/102,NO_VARIANT_LINK
pkm-base-11-102-226b0f0efd,Base,Nidoking,11/102,NO_VARIANT_LINK
pkm-base-12-102-e9632081eb,Base,Ninetales,12/102,NO_VARIANT_LINK
pkm-base-13-102-85584c2d36,Base,Poliwrath,13/102,NO_VARIANT_LINK
pkm-base-14-102-29e7d225f4,Base,Raichu,14/102,NO_VARIANT_LINK
pkm-base-15-102-d9f838467d,Base,Venusaur,15/102,NO_VARIANT_LINK
pkm-base-16-102-dbafa62800,Base,Zapdos,16/102,NO_VARIANT_LINK
pkm-base-17-102-75971c095a,Base,Beedrill,17/102,NO_VARIANT_LINK
pkm-base-18-102-e85f95e4a5,Base,Dragonair,18/102,NO_VARIANT_LINK
pkm-base-19-102-9db53ccada,Base,Dugtrio,19/102,NO_VARIANT_LINK
pkm-base-20-102-080f1ac48a,Base,Electabuzz,20/102,NO_VARIANT_LINK
pkm-base-21-102-ff65f24280,Base,Electrode,21/102,NO_VARIANT_LINK
pkm-base-22-102-9430cb5660,Base,Pidgeotto,22/102,NO_VARIANT_LINK
pkm-base-23-102-5db2c92826,Base,Arcanine,23/102,NO_VARIANT_LINK
pkm-base-24-102-57c15ff2cf,Base,Charmeleon,24/102,NO_VARIANT_LINK
pkm-base-25-102-f4960d12f8,Base,Dewgong,25/102,NO_VARIANT_LINK
pkm-base-26-102-f83fb9911b,Base,Dratini,26/102,NO_VARIANT_LINK
pkm-base-27-102-8bea98ba81,Base,Farfetch'd,27/102,NO_VARIANT_LINK
pkm-base-28-102-2c52b6088c,Base,Growlithe,28/102,NO_VARIANT_LINK
pkm-base-29-102-78eebd3e66,Base,Haunter,29/102,NO_VARIANT_LINK
pkm-base-30-102-c7e68161a1,Base,Ivysaur,30/102,NO_VARIANT_LINK
pkm-base-31-102-8ffdd99203,Base,Jynx,31/102,NO_VARIANT_LINK
pkm-base-32-102-6119585ab2,Base,Kadabra,32/102,NO_VARIANT_LINK
pkm-base-33-102-923e7f86ff,Base,Kakuna,33/102,NO_VARIANT_LINK
pkm-base-34-102-a8d4afbf2f,Base,Machoke,34/102,NO_VARIANT_LINK
pkm-base-35-102-06e12bf0b2,Base,Magikarp,35/102,NO_VARIANT_LINK
pkm-base-36-102-e3d5e376c2,Base,Magmar,36/102,NO_VARIANT_LINK
pkm-base-37-102-495b34f8e0,Base,Nidorino,37/102,NO_VARIANT_LINK
pkm-base-38-102-27fc13f63f,Base,Poliwhirl,38/102,NO_VARIANT_LINK
pkm-base-39-102-b21b9fdd2c,Base,Porygon,39/102,NO_VARIANT_LINK
pkm-base-40-102-a9dc409694,Base,Raticate,40/102,NO_VARIANT_LINK
pkm-base-41-102-5b9021933a,Base,Seel,41/102,NO_VARIANT_LINK
pkm-base-42-102-2f3a81d0ab,Base,Wartortle,42/102,NO_VARIANT_LINK
pkm-base-43-102-53857139de,Base,Abra,43/102,NO_VARIANT_LINK
pkm-base-44-102-3ebd488979,Base,Bulbasaur,44/102,NO_VARIANT_LINK
pkm-base-45-102-e22ae85e04,Base,Caterpie,45/102,NO_VARIANT_LINK
pkm-base-46-102-e69556723e,Base,Charmander,46/102,NO_VARIANT_LINK
pkm-base-47-102-fff40d21b4,Base,Diglett,47/102,NO_VARIANT_LINK
pkm-base-48-102-2d753990b4,Base,Doduo,48/102,NO_VARIANT_LINK
pkm-base-49-102-1fe12bf2cd,Base,Drowzee,49/102,NO_VARIANT_LINK
pkm-base-50-102-f97cc17cac,Base,Gastly,50/102,NO_VARIANT_LINK
pkm-base-51-102-b4b90bfdd9,Base,Koffing,51/102,NO_VARIANT_LINK
pkm-base-52-102-1d8e7a203f,Base,Machop,52/102,NO_VARIANT_LINK
pkm-base-53-102-245661a732,Base,Magnemite,53/102,NO_VARIANT_LINK
pkm-base-54-102-6dbb3c69da,Base,Metapod,54/102,NO_VARIANT_LINK
pkm-base-55-102-bbaa978f0f,Base,Nidoran ♂,55/102,NO_VARIANT_LINK
pkm-base-56-102-eee358e22a,Base,Onix,56/102,NO_VARIANT_LINK
pkm-base-57-102-6331df9656,Base,Pidgey,57/102,NO_VARIANT_LINK
pkm-base-58-102-92e4a6a893,Base,Pikachu,58/102,NO_VARIANT_LINK
pkm-base-59-102-d817b4c4a6,Base,Poliwag,59/102,NO_VARIANT_LINK
pkm-base-60-102-64d7dd4ba3,Base,Ponyta,60/102,NO_VARIANT_LINK
pkm-base-61-102-9ef37c19f6,Base,Rattata,61/102,NO_VARIANT_LINK
pkm-base-62-102-91092ead86,Base,Sandshrew,62/102,NO_VARIANT_LINK
pkm-base-63-102-1181a53ef9,Base,Squirtle,63/102,NO_VARIANT_LINK
pkm-base-64-102-909f13a019,Base,Starmie,64/102,NO_VARIANT_LINK
pkm-base-65-102-219b62b056,Base,Staryu,65/102,NO_VARIANT_LINK
pkm-base-66-102-af476f6d3d,Base,Tangela,66/102,NO_VARIANT_LINK
pkm-base-67-102-497b3ffe66,Base,Voltorb,67/102,NO_VARIANT_LINK
pkm-base-68-102-4341982fd8,Base,Vulpix,68/102,NO_VARIANT_LINK
pkm-base-69-102-5ab483016c,Base,Weedle,69/102,NO_VARIANT_LINK
pkm-base-70-102-fafd53f7a7,Base,Clefairy Doll,70/102,NO_VARIANT_LINK
pkm-base-71-102-08eb199435,Base,Computer Search,71/102,NO_VARIANT_LINK
pkm-base-72-102-75c9f24df7,Base,Devolution Spray,72/102,NO_VARIANT_LINK
pkm-base-73-102-bf3418c58a,Base,Impostor Professor Oak,73/102,NO_VARIANT_LINK
pkm-base-74-102-547d808816,Base,Item Finder,74/102,NO_VARIANT_LINK
pkm-base-75-102-c0ffe2a9fa,Base,Lass,75/102,NO_VARIANT_LINK
pkm-base-76-102-74e43c0483,Base,Pokémon Breeder,76/102,NO_VARIANT_LINK
pkm-base-77-102-5dc6da1dfc,Base,Pokémon Trader,77/102,NO_VARIANT_LINK
pkm-base-78-102-45990eab43,Base,Scoop Up,78/102,NO_VARIANT_LINK
pkm-base-79-102-03156b25a3,Base,Super Energy Removal,79/102,NO_VARIANT_LINK
pkm-base-80-102-70f0b2ad0c,Base,Defender,80/102,NO_VARIANT_LINK
pkm-base-81-102-4ff4718fde,Base,Energy Retrieval,81/102,NO_VARIANT_LINK
pkm-base-82-102-a50339cae9,Base,Full Heal,82/102,NO_VARIANT_LINK
pkm-base-83-102-01eecede66,Base,Maintenance,83/102,NO_VARIANT_LINK
pkm-base-84-102-a6d416c0aa,Base,PlusPower,84/102,NO_VARIANT_LINK
pkm-base-85-102-7d569bccf9,Base,Pokémon Center,85/102,NO_VARIANT_LINK
pkm-base-86-102-46f7e6060c,Base,Pokémon Flute,86/102,NO_VARIANT_LINK
pkm-base-87-102-b45809934b,Base,Pokédex,87/102,NO_VARIANT_LINK
pkm-base-88-102-98d604bcc8,Base,Professor Oak,88/102,NO_VARIANT_LINK
pkm-base-89-102-210eae8d39,Base,Revive,89/102,NO_VARIANT_LINK
pkm-base-90-102-842d4b0dc0,Base,Super Potion,90/102,NO_VARIANT_LINK
pkm-base-91-102-19232452fe,Base,Bill,91/102,NO_VARIANT_LINK
pkm-base-92-102-acadda4323,Base,Energy Removal,92/102,NO_VARIANT_LINK
pkm-base-93-102-75de1b67b6,Base,Gust of Wind,93/102,NO_VARIANT_LINK
pkm-base-94-102-8270ed5b41,Base,Potion,94/102,NO_VARIANT_LINK
pkm-base-95-102-190a136058,Base,Switch,95/102,NO_VARIANT_LINK
pkm-base-96-102-9564f30dd7,Base,Double Colorless Energy,96/102,NO_VARIANT_LINK
pkm-base-97-102-bcd32aafb6,Base,Fighting Energy,97/102,NO_VARIANT_LINK
pkm-base-98-102-1c06b3260a,Base,Fire Energy,98/102,NO_VARIANT_LINK
pkm-base-99-102-165dd4b033,Base,Grass Energy,99/102,NO_VARIANT_LINK
pkm-base-100-102-8a1e31161f,Base,Lightning Energy,100/102,NO_VARIANT_LINK
pkm-base-101-102-2c42e10191,Base,Psychic Energy,101/102,NO_VARIANT_LINK
pkm-base-102-102-d4f85592e7,Base,Water Energy,102/102,NO_VARIANT_LINK
pkm-jungle-57-64-5dbd26566a,Jungle,Nidoran ♀,57/64,NO_VARIANT_LINK
pkm-team-rocket-53-82-46f8423748,Team Rocket,Dratini,53/82,NO_VARIANT_LINK
pkm-team-rocket-76-82-f5a8afffc3,Team Rocket,Imposter Oak's Revenge,76/82,NO_VARIANT_LINK
pkm-wizards-black-star-promos-1-53-18c0742931,Wizards Black Star Promos,Pikachu,1/53,NO_VARIANT_LINK
pkm-wizards-black-star-promos-2-53-d8a3f73e67,Wizards Black Star Promos,Electabuzz,2/53,NO_VARIANT_LINK
pkm-wizards-black-star-promos-3-53-7ac3906f02,Wizards Black Star Promos,Mewtwo,3/53,NO_VARIANT_LINK
pkm-wizards-black-star-promos-4-53-737085b8b0,Wizards Black Star Promos,Pikachu,4/53,NO_VARIANT_LINK
pkm-wizards-black-star-promos-5-53-58c037e548,Wizards Black Star Promos,Dragonite,5/53,NO_VARIANT_LINK
pkm-wizards-black-star-promos-6-53-7a7d1430aa,Wizards Black Star Promos,Arcanine,6/53,NO_VARIANT_LINK
pkm-wizards-black-star-promos-7-53-5d5712674b,Wizards Black Star Promos,Jigglypuff,7/53,NO_VARIANT_LINK
pkm-wizards-black-star-promos-8-53-3fc871e21c,Wizards Black Star Promos,Mew,8/53,NO_VARIANT_LINK
pkm-wizards-black-star-promos-9-53-ce1740d88a,Wizards Black Star Promos,Mew,9/53,NO_VARIANT_LINK
pkm-wizards-black-star-promos-10-53-3030d21a62,Wizards Black Star Promos,Meowth,10/53,NO_VARIANT_LINK
pkm-wizards-black-star-promos-11-53-f09e669e60,Wizards Black Star Promos,Eevee,11/53,NO_VARIANT_LINK
pkm-wizards-black-star-promos-12-53-487a66bd56,Wizards Black Star Promos,Mewtwo,12/53,NO_VARIANT_LINK
pkm-wizards-black-star-promos-13-53-93658abc8f,Wizards Black Star Promos,Venusaur,13/53,NO_VARIANT_LINK
pkm-wizards-black-star-promos-14-53-89ae9fda53,Wizards Black Star Promos,Mewtwo,14/53,NO_VARIANT_LINK
pkm-wizards-black-star-promos-15-53-d1aa86bd90,Wizards Black Star Promos,Cool Porygon,15/53,NO_VARIANT_LINK
pkm-wizards-black-star-promos-16-53-36a3e3917e,Wizards Black Star Promos,Computer Error,16/53,NO_VARIANT_LINK
pkm-wizards-black-star-promos-17-53-ce0e4ebb87,Wizards Black Star Promos,Dark Persian,17/53,NO_VARIANT_LINK
pkm-wizards-black-star-promos-18-53-f2ebcfb646,Wizards Black Star Promos,Team Rocket's Meowth,18/53,NO_VARIANT_LINK
pkm-wizards-black-star-promos-19-53-f28ca1ec25,Wizards Black Star Promos,Sabrina's Abra,19/53,NO_VARIANT_LINK
pkm-wizards-black-star-promos-20-53-53f455cbcf,Wizards Black Star Promos,Psyduck,20/53,NO_VARIANT_LINK
pkm-wizards-black-star-promos-21-53-a24d353c90,Wizards Black Star Promos,Moltres,21/53,NO_VARIANT_LINK
pkm-wizards-black-star-promos-22-53-764aa516f5,Wizards Black Star Promos,Articuno,22/53,NO_VARIANT_LINK
pkm-wizards-black-star-promos-23-53-aa0ea8b900,Wizards Black Star Promos,Zapdos,23/53,NO_VARIANT_LINK
pkm-wizards-black-star-promos-24-53-751283e3c4,Wizards Black Star Promos,_____'s Pikachu,24/53,NO_VARIANT_LINK
pkm-wizards-black-star-promos-25-53-a160d42920,Wizards Black Star Promos,Flying Pikachu,25/53,NO_VARIANT_LINK
pkm-wizards-black-star-promos-26-53-3199aa00fc,Wizards Black Star Promos,Pikachu,26/53,NO_VARIANT_LINK
pkm-wizards-black-star-promos-27-53-d53478c463,Wizards Black Star Promos,Pikachu,27/53,NO_VARIANT_LINK
pkm-wizards-black-star-promos-28-53-52b816440a,Wizards Black Star Promos,Surfing Pikachu,28/53,NO_VARIANT_LINK
pkm-wizards-black-star-promos-29-53-e30943b88a,Wizards Black Star Promos,Marill,29/53,NO_VARIANT_LINK
pkm-wizards-black-star-promos-30-53-cac728f755,Wizards Black Star Promos,Togepi,30/53,NO_VARIANT_LINK
pkm-wizards-black-star-promos-31-53-92b786d8ab,Wizards Black Star Promos,Cleffa,31/53,NO_VARIANT_LINK
pkm-wizards-black-star-promos-32-53-42bfe422b4,Wizards Black Star Promos,Smeargle,32/53,NO_VARIANT_LINK
pkm-wizards-black-star-promos-33-53-fd491d505f,Wizards Black Star Promos,Scizor,33/53,NO_VARIANT_LINK
pkm-wizards-black-star-promos-34-53-0251ed19a5,Wizards Black Star Promos,Entei,34/53,NO_VARIANT_LINK
pkm-wizards-black-star-promos-35-53-3a0304cf47,Wizards Black Star Promos,Pichu,35/53,NO_VARIANT_LINK
pkm-wizards-black-star-promos-36-53-dde040394f,Wizards Black Star Promos,Igglybuff,36/53,NO_VARIANT_LINK
pkm-wizards-black-star-promos-37-53-fb65544bae,Wizards Black Star Promos,Hitmontop,37/53,NO_VARIANT_LINK
pkm-wizards-black-star-promos-38-53-ac19ad7578,Wizards Black Star Promos,Unown [J],38/53,NO_VARIANT_LINK
pkm-wizards-black-star-promos-39-53-60577b8404,Wizards Black Star Promos,Misdreavus,39/53,NO_VARIANT_LINK
pkm-wizards-black-star-promos-40-53-6e1c4ea5c0,Wizards Black Star Promos,Pokémon Center,40/53,NO_VARIANT_LINK
pkm-wizards-black-star-promos-41-53-7b822854b5,Wizards Black Star Promos,Lucky Stadium,41/53,NO_VARIANT_LINK
pkm-wizards-black-star-promos-42-53-390622cb38,Wizards Black Star Promos,Pokémon Tower,42/53,NO_VARIANT_LINK
pkm-wizards-black-star-promos-43-53-90cb93b620,Wizards Black Star Promos,Machamp,43/53,NO_VARIANT_LINK
pkm-wizards-black-star-promos-44-53-353d5151ef,Wizards Black Star Promos,Magmar,44/53,NO_VARIANT_LINK
pkm-wizards-black-star-promos-45-53-f311e0ae11,Wizards Black Star Promos,Scyther,45/53,NO_VARIANT_LINK
pkm-wizards-black-star-promos-46-53-e20f3c7a88,Wizards Black Star Promos,Electabuzz,46/53,NO_VARIANT_LINK
pkm-wizards-black-star-promos-47-53-1f53adfef0,Wizards Black Star Promos,Mew,47/53,NO_VARIANT_LINK
pkm-wizards-black-star-promos-48-53-fa68227394,Wizards Black Star Promos,Articuno,48/53,NO_VARIANT_LINK
pkm-wizards-black-star-promos-49-53-b25c85ffbe,Wizards Black Star Promos,Snorlax,49/53,NO_VARIANT_LINK
pkm-wizards-black-star-promos-50-53-b5051ba7e9,Wizards Black Star Promos,Celebi,50/53,NO_VARIANT_LINK
pkm-wizards-black-star-promos-51-53-eeaeae17bd,Wizards Black Star Promos,Rapidash,51/53,NO_VARIANT_LINK
pkm-wizards-black-star-promos-52-53-2acf2f1adb,Wizards Black Star Promos,Ho-oh,52/53,NO_VARIANT_LINK
pkm-wizards-black-star-promos-53-53-f168224cfc,Wizards Black Star Promos,Suicune,53/53,NO_VARIANT_LINK
pkm-black-and-white-110-114-e02410b9f3,Black and White,Fighting Energy,110/114,NO_VARIANT_LINK
pkm-boundaries-crossed-23-149-56849a1ce5,Boundaries Crossed,Victini,23/149,NO_VARIANT_LINK
pkm-bw-black-star-promos-bw01-101-425906d511,BW Black Star Promos,Snivy,BW01/101,NO_VARIANT_LINK
pkm-bw-black-star-promos-bw02-101-dee01b457f,BW Black Star Promos,Tepig,BW02/101,NO_VARIANT_LINK
pkm-bw-black-star-promos-bw03-101-f395159513,BW Black Star Promos,Oshawott,BW03/101,NO_VARIANT_LINK
pkm-bw-black-star-promos-bw004-101-ca7c195eaa,BW Black Star Promos,Reshiram,BW004/101,NO_VARIANT_LINK
pkm-bw-black-star-promos-bw005-101-4c1c5ee48d,BW Black Star Promos,Zekrom,BW005/101,NO_VARIANT_LINK
pkm-bw-black-star-promos-bw06-101-69da14f4ce,BW Black Star Promos,Snivy,BW06/101,NO_VARIANT_LINK
pkm-bw-black-star-promos-bw07-101-b3f2800728,BW Black Star Promos,Tepig,BW07/101,NO_VARIANT_LINK
pkm-bw-black-star-promos-bw08-101-42a037e8c1,BW Black Star Promos,Oshawott,BW08/101,NO_VARIANT_LINK
pkm-bw-black-star-promos-bw09-101-91b0b5979f,BW Black Star Promos,Zoroark,BW09/101,NO_VARIANT_LINK
pkm-bw-black-star-promos-bw10-101-476ad80900,BW Black Star Promos,Axew,BW10/101,NO_VARIANT_LINK
pkm-bw-black-star-promos-bw11-101-821c0cba76,BW Black Star Promos,Pansage,BW11/101,NO_VARIANT_LINK
pkm-bw-black-star-promos-bw12-101-10ec07a6e1,BW Black Star Promos,Zorua,BW12/101,NO_VARIANT_LINK
pkm-bw-black-star-promos-bw13-101-5bb2beda48,BW Black Star Promos,Minccino,BW13/101,NO_VARIANT_LINK
pkm-bw-black-star-promos-bw14-101-a487d30333,BW Black Star Promos,Pansage,BW14/101,NO_VARIANT_LINK
pkm-bw-black-star-promos-bw15-101-4c22bea2c3,BW Black Star Promos,Pidove,BW15/101,NO_VARIANT_LINK
pkm-bw-black-star-promos-bw16-101-bc2bfb5519,BW Black Star Promos,Axew,BW16/101,NO_VARIANT_LINK
pkm-bw-black-star-promos-bw17-101-ad2d5c41b2,BW Black Star Promos,Ducklett,BW17/101,NO_VARIANT_LINK
pkm-bw-black-star-promos-bw18-101-038ce70fda,BW Black Star Promos,Darumaka,BW18/101,NO_VARIANT_LINK
pkm-bw-black-star-promos-bw19-101-13c578b325,BW Black Star Promos,Zoroark,BW19/101,NO_VARIANT_LINK
pkm-bw-black-star-promos-bw20-101-6d9096ad87,BW Black Star Promos,Serperior,BW20/101,NO_VARIANT_LINK
pkm-bw-black-star-promos-bw21-101-9bffe67f7a,BW Black Star Promos,Emboar,BW21/101,NO_VARIANT_LINK
pkm-bw-black-star-promos-bw22-101-ebff63e1ae,BW Black Star Promos,Samurott,BW22/101,NO_VARIANT_LINK
pkm-bw-black-star-promos-bw23-101-cca2f97da7,BW Black Star Promos,Reshiram,BW23/101,NO_VARIANT_LINK
pkm-bw-black-star-promos-bw24-101-edaf4719e5,BW Black Star Promos,Zekrom,BW24/101,NO_VARIANT_LINK
pkm-bw-black-star-promos-bw25-101-b23b4d7ced,BW Black Star Promos,Scraggy,BW25/101,NO_VARIANT_LINK
pkm-bw-black-star-promos-bw26-101-ecb8a1cc2b,BW Black Star Promos,Axew,BW26/101,NO_VARIANT_LINK
pkm-bw-black-star-promos-bw27-101-c9e5444e17,BW Black Star Promos,Litwick,BW27/101,NO_VARIANT_LINK
pkm-bw-black-star-promos-bw28-101-046004a973,BW Black Star Promos,Tropical Beach,BW28/101,NO_VARIANT_LINK
pkm-bw-black-star-promos-bw29-101-e6ee3aa8f5,BW Black Star Promos,Victory Cup,BW29/101,NO_VARIANT_LINK
pkm-bw-black-star-promos-bw30-101-ff68752185,BW Black Star Promos,Victory Cup,BW30/101,NO_VARIANT_LINK
pkm-bw-black-star-promos-bw31-101-a7fe090f95,BW Black Star Promos,Victory Cup,BW31/101,NO_VARIANT_LINK
pkm-bw-black-star-promos-bw32-101-b0c13247ee,BW Black Star Promos,Victini,BW32/101,NO_VARIANT_LINK
pkm-bw-black-star-promos-bw33-101-03e552e4b8,BW Black Star Promos,Riolu,BW33/101,NO_VARIANT_LINK
pkm-bw-black-star-promos-bw34-101-8afc66db44,BW Black Star Promos,Luxio,BW34/101,NO_VARIANT_LINK
pkm-bw-black-star-promos-bw35-101-29a2c2018e,BW Black Star Promos,Meowth,BW35/101,NO_VARIANT_LINK
pkm-bw-black-star-promos-bw36-101-6f6ff058a5,BW Black Star Promos,Reshiram-EX,BW36/101,NO_VARIANT_LINK
pkm-bw-black-star-promos-bw37-101-3589f847dc,BW Black Star Promos,Kyurem-EX,BW37/101,NO_VARIANT_LINK
pkm-bw-black-star-promos-bw38-101-812978cd2b,BW Black Star Promos,Zekrom-EX,BW38/101,NO_VARIANT_LINK
pkm-bw-black-star-promos-bw39-101-2ec0b5c697,BW Black Star Promos,Battle City,BW39/101,NO_VARIANT_LINK
pkm-bw-black-star-promos-bw40-101-caa113e7f8,BW Black Star Promos,Volcarona,BW40/101,NO_VARIANT_LINK
pkm-bw-black-star-promos-bw41-101-f37440f72c,BW Black Star Promos,Thundurus,BW41/101,NO_VARIANT_LINK
pkm-bw-black-star-promos-bw42-101-4141fc2eba,BW Black Star Promos,Tornadus,BW42/101,NO_VARIANT_LINK
pkm-bw-black-star-promos-bw43-101-74da346e98,BW Black Star Promos,Landorus,BW43/101,NO_VARIANT_LINK
pkm-bw-black-star-promos-bw44-101-180dcc58c7,BW Black Star Promos,Kyurem,BW44/101,NO_VARIANT_LINK
pkm-bw-black-star-promos-bw45-101-93f44c2d9a,BW Black Star Promos,Mewtwo-EX,BW45/101,NO_VARIANT_LINK
pkm-bw-black-star-promos-bw46-101-83fc4f867d,BW Black Star Promos,Darkrai-EX,BW46/101,NO_VARIANT_LINK
pkm-bw-black-star-promos-bw47-101-87d3d99057,BW Black Star Promos,Rayquaza-EX,BW47/101,NO_VARIANT_LINK
pkm-bw-black-star-promos-bw48-101-1e7b647233,BW Black Star Promos,Altaria,BW48/101,NO_VARIANT_LINK
pkm-bw-black-star-promos-bw49-101-44047ffdea,BW Black Star Promos,Lilligant,BW49/101,NO_VARIANT_LINK
pkm-bw-black-star-promos-bw50-101-aefcbb9233,BW Black Star Promos,Tropical Beach,BW50/101,NO_VARIANT_LINK
pkm-bw-black-star-promos-bw51-101-2d840f7412,BW Black Star Promos,Crobat,BW51/101,NO_VARIANT_LINK
pkm-bw-black-star-promos-bw52-101-7d10915d07,BW Black Star Promos,Lillipup,BW52/101,NO_VARIANT_LINK
pkm-bw-black-star-promos-bw53-101-2a52ceba6f,BW Black Star Promos,Flygon,BW53/101,NO_VARIANT_LINK
pkm-bw-black-star-promos-bw54-101-7c4c2e81a7,BW Black Star Promos,Pikachu,BW54/101,NO_VARIANT_LINK
pkm-bw-black-star-promos-bw55-101-faca588acd,BW Black Star Promos,Elgyem,BW55/101,NO_VARIANT_LINK
pkm-bw-black-star-promos-bw56-101-7f990e1ae8,BW Black Star Promos,Empoleon,BW56/101,NO_VARIANT_LINK
pkm-bw-black-star-promos-bw57-101-5630593c04,BW Black Star Promos,Haxorus,BW57/101,NO_VARIANT_LINK
pkm-bw-black-star-promos-bw58-101-a5850759a2,BW Black Star Promos,Black Kyurem,BW58/101,NO_VARIANT_LINK
pkm-bw-black-star-promos-bw59-101-12746f8ac6,BW Black Star Promos,White Kyurem,BW59/101,NO_VARIANT_LINK
pkm-bw-black-star-promos-bw60-101-fddb3bc596,BW Black Star Promos,Keldeo,BW60/101,NO_VARIANT_LINK
pkm-bw-black-star-promos-bw61-101-5ec052370a,BW Black Star Promos,Keldeo-EX,BW61/101,NO_VARIANT_LINK
pkm-bw-black-star-promos-bw62-101-0a9211d27e,BW Black Star Promos,Black Kyurem-EX,BW62/101,NO_VARIANT_LINK
pkm-bw-black-star-promos-bw63-101-677c260851,BW Black Star Promos,White Kyurem-EX,BW63/101,NO_VARIANT_LINK
pkm-bw-black-star-promos-bw64-101-4a18382d5d,BW Black Star Promos,Drifblim,BW64/101,NO_VARIANT_LINK
pkm-bw-black-star-promos-bw65-101-5788e9467c,BW Black Star Promos,Jigglypuff,BW65/101,NO_VARIANT_LINK
pkm-bw-black-star-promos-bw66-101-c3f3d8dfa9,BW Black Star Promos,Ninetales,BW66/101,NO_VARIANT_LINK
pkm-bw-black-star-promos-bw67-101-80c03c2cd8,BW Black Star Promos,Ampharos,BW67/101,NO_VARIANT_LINK
pkm-bw-black-star-promos-bw68-101-0651a42d48,BW Black Star Promos,Meloetta,BW68/101,NO_VARIANT_LINK
pkm-bw-black-star-promos-bw69-101-cafdc7859a,BW Black Star Promos,Meloetta,BW69/101,NO_VARIANT_LINK
pkm-bw-black-star-promos-bw70-101-661d146188,BW Black Star Promos,Virizion,BW70/101,NO_VARIANT_LINK
pkm-bw-black-star-promos-bw71-101-bde7d6a0b6,BW Black Star Promos,Terrakion,BW71/101,NO_VARIANT_LINK
pkm-bw-black-star-promos-bw72-101-05ab409577,BW Black Star Promos,Cobalion,BW72/101,NO_VARIANT_LINK
pkm-bw-black-star-promos-bw73-101-1149340393,BW Black Star Promos,Darkrai,BW73/101,NO_VARIANT_LINK
pkm-bw-black-star-promos-bw74-101-bb7e3d9d05,BW Black Star Promos,Giratina,BW74/101,NO_VARIANT_LINK
pkm-bw-black-star-promos-bw75-101-bf34016bc4,BW Black Star Promos,Metagross,BW75/101,NO_VARIANT_LINK
pkm-bw-black-star-promos-bw76-101-33b1460de2,BW Black Star Promos,Electrode,BW76/101,NO_VARIANT_LINK
pkm-bw-black-star-promos-bw77-101-bf2a714ae1,BW Black Star Promos,Pikachu,BW77/101,NO_VARIANT_LINK
pkm-bw-black-star-promos-bw78-101-366c9fd88f,BW Black Star Promos,Raichu,BW78/101,NO_VARIANT_LINK
pkm-bw-black-star-promos-bw79-101-9c087fcae4,BW Black Star Promos,Landorus,BW79/101,NO_VARIANT_LINK
pkm-bw-black-star-promos-bw80-101-a4801075ad,BW Black Star Promos,Druddigon,BW80/101,NO_VARIANT_LINK
pkm-bw-black-star-promos-bw81-101-1b90ce38c5,BW Black Star Promos,Thundurus-EX,BW81/101,NO_VARIANT_LINK
pkm-bw-black-star-promos-bw82-101-0db073f35a,BW Black Star Promos,Deoxys-EX,BW82/101,NO_VARIANT_LINK
pkm-bw-black-star-promos-bw83-101-8232d9e1fe,BW Black Star Promos,Lugia-EX,BW83/101,NO_VARIANT_LINK
pkm-bw-black-star-promos-bw84-101-6e9f154e0c,BW Black Star Promos,Porygon-Z,BW84/101,NO_VARIANT_LINK
pkm-bw-black-star-promos-bw85-101-5f842a615f,BW Black Star Promos,Lucario,BW85/101,NO_VARIANT_LINK
pkm-bw-black-star-promos-bw86-101-465400cf66,BW Black Star Promos,Genesect,BW86/101,NO_VARIANT_LINK
pkm-bw-black-star-promos-bw87-101-a5a6fdd4c7,BW Black Star Promos,Leafeon,BW87/101,NO_VARIANT_LINK
pkm-bw-black-star-promos-bw88-101-04cb7e8667,BW Black Star Promos,Flareon,BW88/101,NO_VARIANT_LINK
pkm-bw-black-star-promos-bw89-101-dd311125fc,BW Black Star Promos,Vaporeon,BW89/101,NO_VARIANT_LINK
pkm-bw-black-star-promos-bw90-101-1d3c8572f0,BW Black Star Promos,Glaceon,BW90/101,NO_VARIANT_LINK
pkm-bw-black-star-promos-bw91-101-9e1dabb9a5,BW Black Star Promos,Jolteon,BW91/101,NO_VARIANT_LINK
pkm-bw-black-star-promos-bw92-101-4160237b74,BW Black Star Promos,Espeon,BW92/101,NO_VARIANT_LINK
pkm-bw-black-star-promos-bw93-101-b0376e87bb,BW Black Star Promos,Umbreon,BW93/101,NO_VARIANT_LINK
pkm-bw-black-star-promos-bw94-101-70e7bab5bb,BW Black Star Promos,Eevee,BW94/101,NO_VARIANT_LINK
pkm-bw-black-star-promos-bw95-101-d264c58fb9,BW Black Star Promos,Champions Festival,BW95/101,NO_VARIANT_LINK
pkm-bw-black-star-promos-bw96-101-2ed74c0772,BW Black Star Promos,Tornadus-EX,BW96/101,NO_VARIANT_LINK
pkm-bw-black-star-promos-bw97-101-180d5d105a,BW Black Star Promos,Eevee,BW97/101,NO_VARIANT_LINK
pkm-bw-black-star-promos-bw98-101-a3065fdaea,BW Black Star Promos,Mew,BW98/101,NO_VARIANT_LINK
pkm-bw-black-star-promos-bw99-101-053f53ab31,BW Black Star Promos,Genesect,BW99/101,NO_VARIANT_LINK
pkm-bw-black-star-promos-bw100-101-8bf1fbbe17,BW Black Star Promos,N,BW100/101,NO_VARIANT_LINK
pkm-bw-black-star-promos-bw101-101-15db3b0559,BW Black Star Promos,Genesect,BW101/101,NO_VARIANT_LINK
pkm-dark-explorers-111-108-53b74eaf41,Dark Explorers,Pokémon Catcher,111/108,NO_VARIANT_LINK
pkm-dragon-vault-1-20-62867a5aac,Dragon Vault,Dratini,1/20,NO_VARIANT_LINK
pkm-dragon-vault-2-20-c51a52be83,Dragon Vault,Dratini,2/20,NO_VARIANT_LINK
pkm-dragons-exalted-92-124-69336aa7f0,Dragons Exalted,Giratina-EX,92/124,NO_VARIANT_LINK
pkm-dragons-exalted-117-124-16b0c134d0,Dragons Exalted,Blend Energy GrassFirePsychicDarkness,117/124,NO_VARIANT_LINK
pkm-dragons-exalted-118-124-581453d41c,Dragons Exalted,Blend Energy WaterLightningFightingMetal,118/124,NO_VARIANT_LINK
pkm-dragons-exalted-124-124-7dd12d6cab,Dragons Exalted,Giratina-EX,124/124,NO_VARIANT_LINK
pkm-legendary-treasures-23-113-7818bcab0c,Legendary Treasures,Victini,23/113,NO_VARIANT_LINK
pkm-legendary-treasures-24-113-3309332c8a,Legendary Treasures,Victini-EX,24/113,NO_VARIANT_LINK
pkm-legendary-treasures-rc1-113-f8b49984d2,Legendary Treasures,Snivy,RC1/113,NO_VARIANT_LINK
pkm-legendary-treasures-rc2-113-ee53ab5ab2,Legendary Treasures,Servine,RC2/113,NO_VARIANT_LINK
pkm-legendary-treasures-rc3-113-5c582ff7c5,Legendary Treasures,Serperior,RC3/113,NO_VARIANT_LINK
pkm-legendary-treasures-rc4-113-c191e541ff,Legendary Treasures,Growlithe,RC4/113,NO_VARIANT_LINK
pkm-legendary-treasures-rc5-113-783870f777,Legendary Treasures,Torchic,RC5/113,NO_VARIANT_LINK
pkm-legendary-treasures-rc6-113-52027ab469,Legendary Treasures,Piplup,RC6/113,NO_VARIANT_LINK
pkm-legendary-treasures-rc7-113-974e8a4ddf,Legendary Treasures,Pikachu,RC7/113,NO_VARIANT_LINK
pkm-legendary-treasures-rc8-113-938c25f9cd,Legendary Treasures,Ralts,RC8/113,NO_VARIANT_LINK
pkm-legendary-treasures-rc9-113-dfc150f04e,Legendary Treasures,Kirlia,RC9/113,NO_VARIANT_LINK
pkm-legendary-treasures-rc10-113-8abc6dc293,Legendary Treasures,Gardevoir,RC10/113,NO_VARIANT_LINK
pkm-legendary-treasures-rc11-113-e09621ac3c,Legendary Treasures,Meloetta-EX,RC11/113,NO_VARIANT_LINK
pkm-legendary-treasures-rc12-113-ac38617694,Legendary Treasures,Stunfisk,RC12/113,NO_VARIANT_LINK
pkm-legendary-treasures-rc13-113-e489de7a68,Legendary Treasures,Purrloin,RC13/113,NO_VARIANT_LINK
pkm-legendary-treasures-rc14-113-c2cbe99e8f,Legendary Treasures,Eevee,RC14/113,NO_VARIANT_LINK
pkm-legendary-treasures-rc15-113-336242b1ab,Legendary Treasures,Teddiursa,RC15/113,NO_VARIANT_LINK
pkm-legendary-treasures-rc16-113-3929aca96a,Legendary Treasures,Ursaring,RC16/113,NO_VARIANT_LINK
pkm-legendary-treasures-rc17-113-3624057410,Legendary Treasures,Audino,RC17/113,NO_VARIANT_LINK
pkm-legendary-treasures-rc18-113-74b570ce6c,Legendary Treasures,Minccino,RC18/113,NO_VARIANT_LINK
pkm-legendary-treasures-rc19-113-eff794a80c,Legendary Treasures,Cinccino,RC19/113,NO_VARIANT_LINK
pkm-legendary-treasures-rc20-113-e15d13157e,Legendary Treasures,Elesa,RC20/113,NO_VARIANT_LINK
pkm-legendary-treasures-rc21-113-031424acc7,Legendary Treasures,Shaymin-EX,RC21/113,NO_VARIANT_LINK
pkm-legendary-treasures-rc22-113-b2019ce8cd,Legendary Treasures,Reshiram,RC22/113,NO_VARIANT_LINK
pkm-legendary-treasures-rc23-113-e1a0ab06af,Legendary Treasures,Emolga,RC23/113,NO_VARIANT_LINK
pkm-legendary-treasures-rc24-113-5f705aff90,Legendary Treasures,Mew-EX,RC24/113,NO_VARIANT_LINK
pkm-legendary-treasures-rc25-113-af2b9ba8ec,Legendary Treasures,Meloetta-EX,RC25/113,NO_VARIANT_LINK
pkm-noble-victories-14-101-ccb5f64dec,Noble Victories,Victini,14/101,NO_VARIANT_LINK
pkm-noble-victories-15-101-3f38040f97,Noble Victories,Victini,15/101,NO_VARIANT_LINK
pkm-noble-victories-43-101-60780e8164,Noble Victories,Victini,43/101,NO_VARIANT_LINK
pkm-noble-victories-98-101-605c2f0e7c,Noble Victories,Victini,98/101,NO_VARIANT_LINK
pkm-plasma-blast-92-101-4cc43d5b04,Plasma Blast,G Booster,92/101,NO_VARIANT_LINK
pkm-plasma-freeze-40-116-a73c9e5019,Plasma Freeze,Nidoran ♀,40/116,NO_VARIANT_LINK
pkm-plasma-freeze-43-116-d8ab69e0e9,Plasma Freeze,Nidoran ♂,43/116,NO_VARIANT_LINK
pkm-plasma-freeze-81-116-c834364c3d,Plasma Freeze,Dratini,81/116,NO_VARIANT_LINK
pkm-plasma-storm-18-135-60496ca455,Plasma Storm,Victini-EX,18/135,NO_VARIANT_LINK
pkm-plasma-storm-62-135-cb83597baf,Plasma Storm,Giratina,62/135,NO_VARIANT_LINK
pkm-plasma-storm-131-135-dca95fe976,Plasma Storm,Victini-EX,131/135,NO_VARIANT_LINK
pkm-diamond-and-pearl-128-130-86f757d2a9,Diamond and Pearl,Fighting Energy,128/130,NO_VARIANT_LINK
pkm-dp-black-star-promos-dp01-56-47767b9da3,DP Black Star Promos,Turtwig,DP01/56,NO_VARIANT_LINK
pkm-dp-black-star-promos-dp02-56-21fc4f10dc,DP Black Star Promos,Chimchar,DP02/56,NO_VARIANT_LINK
pkm-dp-black-star-promos-dp03-56-7727ea2f83,DP Black Star Promos,Piplup,DP03/56,NO_VARIANT_LINK
pkm-dp-black-star-promos-dp04-56-b84c56a873,DP Black Star Promos,Pachirisu,DP04/56,NO_VARIANT_LINK
pkm-dp-black-star-promos-dp05-56-6b0df1a7b6,DP Black Star Promos,Tropical Wind,DP05/56,NO_VARIANT_LINK
pkm-dp-black-star-promos-dp06-56-dfe95d4026,DP Black Star Promos,Buneary,DP06/56,NO_VARIANT_LINK
pkm-dp-black-star-promos-dp07-56-3960049a42,DP Black Star Promos,Cranidos,DP07/56,NO_VARIANT_LINK
pkm-dp-black-star-promos-dp08-56-2feff79c5d,DP Black Star Promos,Shieldon,DP08/56,NO_VARIANT_LINK
pkm-dp-black-star-promos-dp09-56-60234f50dd,DP Black Star Promos,Torterra LV.X,DP09/56,NO_VARIANT_LINK
pkm-dp-black-star-promos-dp10-56-6cac2fa1eb,DP Black Star Promos,Infernape LV.X,DP10/56,NO_VARIANT_LINK
pkm-dp-black-star-promos-dp11-56-1a3224dd34,DP Black Star Promos,Empoleon LV.X,DP11/56,NO_VARIANT_LINK
pkm-dp-black-star-promos-dp12-56-2d6899a865,DP Black Star Promos,Lucario LV.X,DP12/56,NO_VARIANT_LINK
pkm-dp-black-star-promos-dp13-56-834545b11a,DP Black Star Promos,Buizel,DP13/56,NO_VARIANT_LINK
pkm-dp-black-star-promos-dp14-56-1e458d6dd6,DP Black Star Promos,Chatot,DP14/56,NO_VARIANT_LINK
pkm-dp-black-star-promos-dp15-56-992e80a090,DP Black Star Promos,Shinx,DP15/56,NO_VARIANT_LINK
pkm-dp-black-star-promos-dp16-56-51a33df56b,DP Black Star Promos,Pikachu,DP16/56,NO_VARIANT_LINK
pkm-dp-black-star-promos-dp17-56-b933f8cfc9,DP Black Star Promos,Dialga LV.X,DP17/56,NO_VARIANT_LINK
pkm-dp-black-star-promos-dp18-56-7452a52461,DP Black Star Promos,Palkia LV.X,DP18/56,NO_VARIANT_LINK
pkm-dp-black-star-promos-dp19-56-728a9eaff9,DP Black Star Promos,Darkrai LV.X,DP19/56,NO_VARIANT_LINK
pkm-dp-black-star-promos-dp20-56-d3294e7b40,DP Black Star Promos,Magmortar,DP20/56,NO_VARIANT_LINK
pkm-dp-black-star-promos-dp21-56-030ae46356,DP Black Star Promos,Raichu,DP21/56,NO_VARIANT_LINK
pkm-dp-black-star-promos-dp22-56-265c78d00e,DP Black Star Promos,Mime Jr.,DP22/56,NO_VARIANT_LINK
pkm-dp-black-star-promos-dp23-56-75442f0f70,DP Black Star Promos,Glameow,DP23/56,NO_VARIANT_LINK
pkm-dp-black-star-promos-dp24-56-1a4f1a9c34,DP Black Star Promos,Darkrai,DP24/56,NO_VARIANT_LINK
pkm-dp-black-star-promos-dp25-56-b6125a188a,DP Black Star Promos,Tropical Wind,DP25/56,NO_VARIANT_LINK
pkm-dp-black-star-promos-dp26-56-f9213376f0,DP Black Star Promos,Dialga,DP26/56,NO_VARIANT_LINK
pkm-dp-black-star-promos-dp27-56-d079100c8d,DP Black Star Promos,Palkia,DP27/56,NO_VARIANT_LINK
pkm-dp-black-star-promos-dp28-56-89a0f9898a,DP Black Star Promos,Mewtwo LV.X,DP28/56,NO_VARIANT_LINK
pkm-dp-black-star-promos-dp29-56-a186b02325,DP Black Star Promos,Rhyperior LV.X,DP29/56,NO_VARIANT_LINK
pkm-dp-black-star-promos-dp30-56-1a2aab3c5c,DP Black Star Promos,Regigigas LV.X,DP30/56,NO_VARIANT_LINK
pkm-dp-black-star-promos-dp31-56-a662185467,DP Black Star Promos,Heatran LV.X,DP31/56,NO_VARIANT_LINK
pkm-dp-black-star-promos-dp32-56-45a4bb7712,DP Black Star Promos,Magnezone,DP32/56,NO_VARIANT_LINK
pkm-dp-black-star-promos-dp33-56-85158431fe,DP Black Star Promos,Dusknoir,DP33/56,NO_VARIANT_LINK
pkm-dp-black-star-promos-dp34-56-f978d35aec,DP Black Star Promos,Drifblim,DP34/56,NO_VARIANT_LINK
pkm-dp-black-star-promos-dp35-56-eff4bbe942,DP Black Star Promos,Porygon-Z,DP35/56,NO_VARIANT_LINK
pkm-dp-black-star-promos-dp36-56-c83357696a,DP Black Star Promos,Gliscor,DP36/56,NO_VARIANT_LINK
pkm-dp-black-star-promos-dp37-56-1321b70d6a,DP Black Star Promos,Dialga LV.X,DP37/56,NO_VARIANT_LINK
pkm-dp-black-star-promos-dp38-56-c107c93b2d,DP Black Star Promos,Giratina LV.X,DP38/56,NO_VARIANT_LINK
pkm-dp-black-star-promos-dp39-56-bba033c8b9,DP Black Star Promos,Shaymin LV.X,DP39/56,NO_VARIANT_LINK
pkm-dp-black-star-promos-dp40-56-df22ee1527,DP Black Star Promos,Regigigas,DP40/56,NO_VARIANT_LINK
pkm-dp-black-star-promos-dp41-56-f4a094aa9c,DP Black Star Promos,Toxicroak G,DP41/56,NO_VARIANT_LINK
pkm-dp-black-star-promos-dp42-56-2bed12cf9d,DP Black Star Promos,Carnivine G,DP42/56,NO_VARIANT_LINK
pkm-dp-black-star-promos-dp43-56-d16457e577,DP Black Star Promos,Probopass G,DP43/56,NO_VARIANT_LINK
pkm-dp-black-star-promos-dp44-56-9c01e9d3b0,DP Black Star Promos,Magnezone,DP44/56,NO_VARIANT_LINK
pkm-dp-black-star-promos-dp45-56-031f7e89dd,DP Black Star Promos,Charizard G LV.X,DP45/56,NO_VARIANT_LINK
pkm-dp-black-star-promos-dp46-56-27bff2bc2a,DP Black Star Promos,Garchomp C LV.X,DP46/56,NO_VARIANT_LINK
pkm-dp-black-star-promos-dp47-56-cbe8e2e4b3,DP Black Star Promos,Rayquaza C LV.X,DP47/56,NO_VARIANT_LINK
pkm-dp-black-star-promos-dp48-56-3c0b7522da,DP Black Star Promos,Tropical Wind,DP48/56,NO_VARIANT_LINK
pkm-dp-black-star-promos-dp49-56-d764edcbb3,DP Black Star Promos,Dialga,DP49/56,NO_VARIANT_LINK
pkm-dp-black-star-promos-dp50-56-471206d047,DP Black Star Promos,Arceus,DP50/56,NO_VARIANT_LINK
pkm-dp-black-star-promos-dp51-56-e6cc36d168,DP Black Star Promos,Cresselia,DP51/56,NO_VARIANT_LINK
pkm-dp-black-star-promos-dp52-56-7083257a28,DP Black Star Promos,Darkrai,DP52/56,NO_VARIANT_LINK
pkm-dp-black-star-promos-dp53-56-0a2f464e28,DP Black Star Promos,Arceus LV.X,DP53/56,NO_VARIANT_LINK
pkm-dp-black-star-promos-dp54-56-e162fb9e9d,DP Black Star Promos,Beginning Door,DP54/56,NO_VARIANT_LINK
pkm-dp-black-star-promos-dp55-56-eb9556464b,DP Black Star Promos,Ultimate Zone,DP55/56,NO_VARIANT_LINK
pkm-dp-black-star-promos-dp56-56-5a26aba706,DP Black Star Promos,Arceus LV.X,DP56/56,NO_VARIANT_LINK
pkm-legends-awakened-4-146-17312a8cbf,Legends Awakened,Giratina,4/146,NO_VARIANT_LINK
pkm-legends-awakened-91-146-5ecbec3302,Legends Awakened,Dratini,91/146,NO_VARIANT_LINK
pkm-mysterious-treasures-29-123-07706d25e6,Mysterious Treasures,Mantine,29/123,NO_VARIANT_LINK
pkm-mysterious-treasures-91-123-bf38aa79af,Mysterious Treasures,Nidoran ♀,91/123,NO_VARIANT_LINK
pkm-secret-wonders-97-132-9249b57651,Secret Wonders,Nidoran ♂,97/132,NO_VARIANT_LINK
pkm-stormfront-sh1-100-d30a18a450,Stormfront,Drifloon,SH1/100,NO_VARIANT_LINK
pkm-stormfront-sh2-100-7094cfc7f8,Stormfront,Duskull,SH2/100,NO_VARIANT_LINK
pkm-stormfront-sh3-100-c6cb8620a0,Stormfront,Voltorb,SH3/100,NO_VARIANT_LINK
pkm-aquapolis-50-147-849d35d3e2,Aquapolis,Golduck,50/147,NO_VARIANT_LINK
pkm-aquapolis-74-147-8dc8c1f005,Aquapolis,Drowzee,74/147,NO_VARIANT_LINK
pkm-aquapolis-95-147-f576e672b0,Aquapolis,Mr. Mime,95/147,NO_VARIANT_LINK
pkm-aquapolis-96-147-81e7e34279,Aquapolis,Nidoran ♂,96/147,NO_VARIANT_LINK
pkm-aquapolis-103-147-5769da181a,Aquapolis,Porygon,103/147,NO_VARIANT_LINK
pkm-aquapolis-121-147-4a09839584,Aquapolis,Fighting Cube 01,121/147,NO_VARIANT_LINK
pkm-aquapolis-h1-147-84c01f73eb,Aquapolis,Ampharos,H1/147,NO_VARIANT_LINK
pkm-aquapolis-h2-147-0b713806a8,Aquapolis,Arcanine,H2/147,NO_VARIANT_LINK
pkm-aquapolis-h3-147-799846bbcf,Aquapolis,Ariados,H3/147,NO_VARIANT_LINK
pkm-aquapolis-h4-147-6aa12649d9,Aquapolis,Azumarill,H4/147,NO_VARIANT_LINK
pkm-aquapolis-h5-147-aaa1712ec6,Aquapolis,Bellossom,H5/147,NO_VARIANT_LINK
pkm-aquapolis-h6-147-e1a5b67ffb,Aquapolis,Blissey,H6/147,NO_VARIANT_LINK
pkm-aquapolis-h7-147-73cde5ae4b,Aquapolis,Electrode,H7/147,NO_VARIANT_LINK
pkm-aquapolis-h8-147-c845984bdb,Aquapolis,Entei,H8/147,NO_VARIANT_LINK
pkm-aquapolis-h9-147-639b34b609,Aquapolis,Espeon,H9/147,NO_VARIANT_LINK
pkm-aquapolis-h10-147-c74686dcf7,Aquapolis,Exeggutor,H10/147,NO_VARIANT_LINK
pkm-aquapolis-h11-147-6277580ecf,Aquapolis,Houndoom,H11/147,NO_VARIANT_LINK
pkm-aquapolis-h12-147-a3cb9b8d4c,Aquapolis,Hypno,H12/147,NO_VARIANT_LINK
pkm-aquapolis-h13-147-b7eb139da2,Aquapolis,Jumpluff,H13/147,NO_VARIANT_LINK
pkm-aquapolis-h14-147-102ff91f98,Aquapolis,Kingdra,H14/147,NO_VARIANT_LINK
pkm-aquapolis-h15-147-4b8cc9a443,Aquapolis,Lanturn,H15/147,NO_VARIANT_LINK
pkm-aquapolis-h16-147-862368299f,Aquapolis,Magneton,H16/147,NO_VARIANT_LINK
pkm-aquapolis-h17-147-6e096a8eb4,Aquapolis,Muk,H17/147,NO_VARIANT_LINK
pkm-aquapolis-h18-147-e75f956517,Aquapolis,Nidoking,H18/147,NO_VARIANT_LINK
pkm-aquapolis-h19-147-62bfbb7515,Aquapolis,Ninetales,H19/147,NO_VARIANT_LINK
pkm-aquapolis-h20-147-180f87d4d9,Aquapolis,Octillery,H20/147,NO_VARIANT_LINK
pkm-aquapolis-h21-147-d5a88ffd80,Aquapolis,Scizor,H21/147,NO_VARIANT_LINK
pkm-aquapolis-h22-147-8e185fdae1,Aquapolis,Slowking,H22/147,NO_VARIANT_LINK
pkm-aquapolis-h23-147-be0b8bcc0b,Aquapolis,Steelix,H23/147,NO_VARIANT_LINK
pkm-aquapolis-h24-147-bead51f74f,Aquapolis,Sudowoodo,H24/147,NO_VARIANT_LINK
pkm-aquapolis-h25-147-d5518e5a2a,Aquapolis,Suicune,H25/147,NO_VARIANT_LINK
pkm-aquapolis-h26-147-8fa7efe097,Aquapolis,Tentacruel,H26/147,NO_VARIANT_LINK
pkm-aquapolis-h27-147-2541eaf4ab,Aquapolis,Togetic,H27/147,NO_VARIANT_LINK
pkm-aquapolis-h28-147-e272e76fc3,Aquapolis,Tyranitar,H28/147,NO_VARIANT_LINK
pkm-aquapolis-h29-147-31b0fab6cb,Aquapolis,Umbreon,H29/147,NO_VARIANT_LINK
pkm-aquapolis-h30-147-6f2aceeb71,Aquapolis,Victreebel,H30/147,NO_VARIANT_LINK
pkm-aquapolis-h31-147-3d7c0513b8,Aquapolis,Vileplume,H31/147,NO_VARIANT_LINK
pkm-aquapolis-h32-147-8ba8a0b99a,Aquapolis,Zapdos,H32/147,NO_VARIANT_LINK
pkm-expedition-base-set-1-165-a8675ebfb3,Expedition Base Set,Alakazam,1/165,NO_VARIANT_LINK
pkm-expedition-base-set-2-165-fcf97aa7d1,Expedition Base Set,Ampharos,2/165,NO_VARIANT_LINK
pkm-expedition-base-set-3-165-91c13b746a,Expedition Base Set,Arbok,3/165,NO_VARIANT_LINK
pkm-expedition-base-set-4-165-c9fadffd62,Expedition Base Set,Blastoise,4/165,NO_VARIANT_LINK
pkm-expedition-base-set-5-165-760c43f18f,Expedition Base Set,Butterfree,5/165,NO_VARIANT_LINK
pkm-expedition-base-set-6-165-86e25ef0d3,Expedition Base Set,Charizard,6/165,NO_VARIANT_LINK
pkm-expedition-base-set-7-165-d257b98cd7,Expedition Base Set,Clefable,7/165,NO_VARIANT_LINK
pkm-expedition-base-set-8-165-abf534a22f,Expedition Base Set,Cloyster,8/165,NO_VARIANT_LINK
pkm-expedition-base-set-9-165-c74b8f6021,Expedition Base Set,Dragonite,9/165,NO_VARIANT_LINK
pkm-expedition-base-set-10-165-9c4e8799d6,Expedition Base Set,Dugtrio,10/165,NO_VARIANT_LINK
pkm-expedition-base-set-11-165-f6eae3f00d,Expedition Base Set,Fearow,11/165,NO_VARIANT_LINK
pkm-expedition-base-set-12-165-76799011e1,Expedition Base Set,Feraligatr,12/165,NO_VARIANT_LINK
pkm-expedition-base-set-13-165-ff20355371,Expedition Base Set,Gengar,13/165,NO_VARIANT_LINK
pkm-expedition-base-set-14-165-0fd6d90acf,Expedition Base Set,Golem,14/165,NO_VARIANT_LINK
pkm-expedition-base-set-15-165-3187f5c97e,Expedition Base Set,Kingler,15/165,NO_VARIANT_LINK
pkm-expedition-base-set-16-165-5fa47603c0,Expedition Base Set,Machamp,16/165,NO_VARIANT_LINK
pkm-expedition-base-set-17-165-d4764fa89c,Expedition Base Set,Magby,17/165,NO_VARIANT_LINK
pkm-expedition-base-set-18-165-5da114140e,Expedition Base Set,Meganium,18/165,NO_VARIANT_LINK
pkm-expedition-base-set-19-165-9ea0fb8e0f,Expedition Base Set,Mew,19/165,NO_VARIANT_LINK
pkm-expedition-base-set-20-165-2f0fbb9b1f,Expedition Base Set,Mewtwo,20/165,NO_VARIANT_LINK
pkm-expedition-base-set-21-165-73d2afd250,Expedition Base Set,Ninetales,21/165,NO_VARIANT_LINK
pkm-expedition-base-set-22-165-bd85e726ae,Expedition Base Set,Pichu,22/165,NO_VARIANT_LINK
pkm-expedition-base-set-23-165-13341df2fc,Expedition Base Set,Pidgeot,23/165,NO_VARIANT_LINK
pkm-expedition-base-set-24-165-a88a4c32a0,Expedition Base Set,Poliwrath,24/165,NO_VARIANT_LINK
pkm-expedition-base-set-25-165-ffd2931108,Expedition Base Set,Raichu,25/165,NO_VARIANT_LINK
pkm-expedition-base-set-26-165-4d3f3d2306,Expedition Base Set,Rapidash,26/165,NO_VARIANT_LINK
pkm-expedition-base-set-27-165-27dde9b78b,Expedition Base Set,Skarmory,27/165,NO_VARIANT_LINK
pkm-expedition-base-set-28-165-31f07ea75b,Expedition Base Set,Typhlosion,28/165,NO_VARIANT_LINK
pkm-expedition-base-set-29-165-568c63ec13,Expedition Base Set,Tyranitar,29/165,NO_VARIANT_LINK
pkm-expedition-base-set-30-165-8991f97931,Expedition Base Set,Venusaur,30/165,NO_VARIANT_LINK
pkm-expedition-base-set-31-165-5e71d14907,Expedition Base Set,Vileplume,31/165,NO_VARIANT_LINK
pkm-expedition-base-set-32-165-d93879eb5d,Expedition Base Set,Weezing,32/165,NO_VARIANT_LINK
pkm-expedition-base-set-33-165-74e3e46b85,Expedition Base Set,Alakazam,33/165,NO_VARIANT_LINK
pkm-expedition-base-set-34-165-2bf5b1366a,Expedition Base Set,Ampharos,34/165,NO_VARIANT_LINK
pkm-expedition-base-set-35-165-c255f63e71,Expedition Base Set,Arbok,35/165,NO_VARIANT_LINK
pkm-expedition-base-set-36-165-8bf302d1eb,Expedition Base Set,Blastoise,36/165,NO_VARIANT_LINK
pkm-expedition-base-set-37-165-45bb7aa641,Expedition Base Set,Blastoise,37/165,NO_VARIANT_LINK
pkm-expedition-base-set-38-165-77b2bd6609,Expedition Base Set,Butterfree,38/165,NO_VARIANT_LINK
pkm-expedition-base-set-39-165-9d644d568d,Expedition Base Set,Charizard,39/165,NO_VARIANT_LINK
pkm-expedition-base-set-40-165-c211773fc1,Expedition Base Set,Charizard,40/165,NO_VARIANT_LINK
pkm-expedition-base-set-41-165-49691b4dc5,Expedition Base Set,Clefable,41/165,NO_VARIANT_LINK
pkm-expedition-base-set-42-165-8250313b32,Expedition Base Set,Cloyster,42/165,NO_VARIANT_LINK
pkm-expedition-base-set-43-165-24a1c3f889,Expedition Base Set,Dragonite,43/165,NO_VARIANT_LINK
pkm-expedition-base-set-44-165-50e35ef266,Expedition Base Set,Dugtrio,44/165,NO_VARIANT_LINK
pkm-expedition-base-set-45-165-c518dfbc20,Expedition Base Set,Fearow,45/165,NO_VARIANT_LINK
pkm-expedition-base-set-46-165-63b2e3a3c7,Expedition Base Set,Feraligatr,46/165,NO_VARIANT_LINK
pkm-expedition-base-set-47-165-418fbf5431,Expedition Base Set,Feraligatr,47/165,NO_VARIANT_LINK
pkm-expedition-base-set-48-165-5ea5869874,Expedition Base Set,Gengar,48/165,NO_VARIANT_LINK
pkm-expedition-base-set-49-165-a05de3d2dd,Expedition Base Set,Golem,49/165,NO_VARIANT_LINK
pkm-expedition-base-set-50-165-410a0579ac,Expedition Base Set,Kingler,50/165,NO_VARIANT_LINK
pkm-expedition-base-set-51-165-11c12badb4,Expedition Base Set,Machamp,51/165,NO_VARIANT_LINK
pkm-expedition-base-set-52-165-bd098aea86,Expedition Base Set,Magby,52/165,NO_VARIANT_LINK
pkm-expedition-base-set-53-165-c3a57b89a7,Expedition Base Set,Meganium,53/165,NO_VARIANT_LINK
pkm-expedition-base-set-54-165-93342c2811,Expedition Base Set,Meganium,54/165,NO_VARIANT_LINK
pkm-expedition-base-set-55-165-222bea2e43,Expedition Base Set,Mew,55/165,NO_VARIANT_LINK
pkm-expedition-base-set-56-165-0cce7a59ae,Expedition Base Set,Mewtwo,56/165,NO_VARIANT_LINK
pkm-expedition-base-set-57-165-56802b5d89,Expedition Base Set,Ninetales,57/165,NO_VARIANT_LINK
pkm-expedition-base-set-58-165-380f54ca41,Expedition Base Set,Pichu,58/165,NO_VARIANT_LINK
pkm-expedition-base-set-59-165-defb74e94a,Expedition Base Set,Pidgeot,59/165,NO_VARIANT_LINK
pkm-expedition-base-set-60-165-98c0d54e27,Expedition Base Set,Poliwrath,60/165,NO_VARIANT_LINK
pkm-expedition-base-set-61-165-dda24f2155,Expedition Base Set,Raichu,61/165,NO_VARIANT_LINK
pkm-expedition-base-set-62-165-a597cc26b0,Expedition Base Set,Rapidash,62/165,NO_VARIANT_LINK
pkm-expedition-base-set-63-165-72ea7d320b,Expedition Base Set,Skarmory,63/165,NO_VARIANT_LINK
pkm-expedition-base-set-64-165-2cbab67ac5,Expedition Base Set,Typhlosion,64/165,NO_VARIANT_LINK
pkm-expedition-base-set-65-165-44c63d731f,Expedition Base Set,Typhlosion,65/165,NO_VARIANT_LINK
pkm-expedition-base-set-66-165-9503fb2d81,Expedition Base Set,Tyranitar,66/165,NO_VARIANT_LINK
pkm-expedition-base-set-67-165-3dc9fc57e4,Expedition Base Set,Venusaur,67/165,NO_VARIANT_LINK
pkm-expedition-base-set-68-165-10025935d3,Expedition Base Set,Venusaur,68/165,NO_VARIANT_LINK
pkm-expedition-base-set-69-165-d06572b59e,Expedition Base Set,Vileplume,69/165,NO_VARIANT_LINK
pkm-expedition-base-set-70-165-ee44025bf5,Expedition Base Set,Weezing,70/165,NO_VARIANT_LINK
pkm-expedition-base-set-71-165-bf3314b6d8,Expedition Base Set,Bayleef,71/165,NO_VARIANT_LINK
pkm-expedition-base-set-72-165-9770cd3f58,Expedition Base Set,Chansey,72/165,NO_VARIANT_LINK
pkm-expedition-base-set-73-165-71a5aa25e6,Expedition Base Set,Charmeleon,73/165,NO_VARIANT_LINK
pkm-expedition-base-set-74-165-ddb8768ff2,Expedition Base Set,Croconaw,74/165,NO_VARIANT_LINK
pkm-expedition-base-set-75-165-a28f1adbac,Expedition Base Set,Dragonair,75/165,NO_VARIANT_LINK
pkm-expedition-base-set-76-165-d8a243a462,Expedition Base Set,Electabuzz,76/165,NO_VARIANT_LINK
pkm-expedition-base-set-77-165-7b9f4afaa7,Expedition Base Set,Flaaffy,77/165,NO_VARIANT_LINK
pkm-expedition-base-set-78-165-a7f9d32aa3,Expedition Base Set,Gloom,78/165,NO_VARIANT_LINK
pkm-expedition-base-set-79-165-f3080bd84b,Expedition Base Set,Graveler,79/165,NO_VARIANT_LINK
pkm-expedition-base-set-80-165-c1d2353325,Expedition Base Set,Haunter,80/165,NO_VARIANT_LINK
pkm-expedition-base-set-81-165-27574c7197,Expedition Base Set,Hitmonlee,81/165,NO_VARIANT_LINK
pkm-expedition-base-set-82-165-d4d9ab48ff,Expedition Base Set,Ivysaur,82/165,NO_VARIANT_LINK
pkm-expedition-base-set-83-165-a4faedf4c4,Expedition Base Set,Jynx,83/165,NO_VARIANT_LINK
pkm-expedition-base-set-84-165-4858199c86,Expedition Base Set,Kadabra,84/165,NO_VARIANT_LINK
pkm-expedition-base-set-85-165-a0e8bc15ed,Expedition Base Set,Machoke,85/165,NO_VARIANT_LINK
pkm-expedition-base-set-86-165-71d38de9c3,Expedition Base Set,Magmar,86/165,NO_VARIANT_LINK
pkm-expedition-base-set-87-165-756e5968ab,Expedition Base Set,Metapod,87/165,NO_VARIANT_LINK
pkm-expedition-base-set-88-165-5e0d2a9031,Expedition Base Set,Pidgeotto,88/165,NO_VARIANT_LINK
pkm-expedition-base-set-89-165-60e21d4f66,Expedition Base Set,Poliwhirl,89/165,NO_VARIANT_LINK
pkm-expedition-base-set-90-165-85bd0c8343,Expedition Base Set,Pupitar,90/165,NO_VARIANT_LINK
pkm-expedition-base-set-91-165-e728aa3248,Expedition Base Set,Quilava,91/165,NO_VARIANT_LINK
pkm-expedition-base-set-92-165-3018ae1f81,Expedition Base Set,Wartortle,92/165,NO_VARIANT_LINK
pkm-expedition-base-set-93-165-382ed5e491,Expedition Base Set,Abra,93/165,NO_VARIANT_LINK
pkm-expedition-base-set-94-165-169d70d778,Expedition Base Set,Bulbasaur,94/165,NO_VARIANT_LINK
pkm-expedition-base-set-95-165-4b7e883a02,Expedition Base Set,Bulbasaur,95/165,NO_VARIANT_LINK
pkm-expedition-base-set-96-165-3870b3aa55,Expedition Base Set,Caterpie,96/165,NO_VARIANT_LINK
pkm-expedition-base-set-97-165-d81084b10a,Expedition Base Set,Charmander,97/165,NO_VARIANT_LINK
pkm-expedition-base-set-98-165-213275b748,Expedition Base Set,Charmander,98/165,NO_VARIANT_LINK
pkm-expedition-base-set-99-165-b7a2002152,Expedition Base Set,Chikorita,99/165,NO_VARIANT_LINK
pkm-expedition-base-set-100-165-e57f50e132,Expedition Base Set,Chikorita,100/165,NO_VARIANT_LINK
pkm-expedition-base-set-101-165-615b06375b,Expedition Base Set,Clefairy,101/165,NO_VARIANT_LINK
pkm-expedition-base-set-102-165-8ad1b3985f,Expedition Base Set,Corsola,102/165,NO_VARIANT_LINK
pkm-expedition-base-set-103-165-94864dbed5,Expedition Base Set,Cubone,103/165,NO_VARIANT_LINK
pkm-expedition-base-set-104-165-cd18d3d274,Expedition Base Set,Cyndaquil,104/165,NO_VARIANT_LINK
pkm-expedition-base-set-105-165-90db01e97a,Expedition Base Set,Cyndaquil,105/165,NO_VARIANT_LINK
pkm-expedition-base-set-106-165-dd7d24e9b3,Expedition Base Set,Diglett,106/165,NO_VARIANT_LINK
pkm-expedition-base-set-107-165-1235e09ff6,Expedition Base Set,Dratini,107/165,NO_VARIANT_LINK
pkm-expedition-base-set-108-165-a641d90cb5,Expedition Base Set,Ekans,108/165,NO_VARIANT_LINK
pkm-expedition-base-set-109-165-baaaa3a35d,Expedition Base Set,Gastly,109/165,NO_VARIANT_LINK
pkm-expedition-base-set-110-165-2f3548514f,Expedition Base Set,Geodude,110/165,NO_VARIANT_LINK
pkm-expedition-base-set-111-165-2735d5ea57,Expedition Base Set,Goldeen,111/165,NO_VARIANT_LINK
pkm-expedition-base-set-112-165-714663fcb5,Expedition Base Set,Hoppip,112/165,NO_VARIANT_LINK
pkm-expedition-base-set-113-165-a3c319bf62,Expedition Base Set,Houndour,113/165,NO_VARIANT_LINK
pkm-expedition-base-set-114-165-1a19c6b4b8,Expedition Base Set,Koffing,114/165,NO_VARIANT_LINK
pkm-expedition-base-set-115-165-e91f0b1dd7,Expedition Base Set,Krabby,115/165,NO_VARIANT_LINK
pkm-expedition-base-set-116-165-ae97dd8c1f,Expedition Base Set,Larvitar,116/165,NO_VARIANT_LINK
pkm-expedition-base-set-117-165-bb44cf2a98,Expedition Base Set,Machop,117/165,NO_VARIANT_LINK
pkm-expedition-base-set-118-165-ca3799b41c,Expedition Base Set,Magikarp,118/165,NO_VARIANT_LINK
pkm-expedition-base-set-119-165-e67ba1a5f1,Expedition Base Set,Mareep,119/165,NO_VARIANT_LINK
pkm-expedition-base-set-120-165-2b6410701c,Expedition Base Set,Marill,120/165,NO_VARIANT_LINK
pkm-expedition-base-set-121-165-cb7339865b,Expedition Base Set,Meowth,121/165,NO_VARIANT_LINK
pkm-expedition-base-set-122-165-bdf041143d,Expedition Base Set,Oddish,122/165,NO_VARIANT_LINK
pkm-expedition-base-set-123-165-f6ec7b1a24,Expedition Base Set,Pidgey,123/165,NO_VARIANT_LINK
pkm-expedition-base-set-124-165-9bea82bb90,Expedition Base Set,Pikachu,124/165,NO_VARIANT_LINK
pkm-expedition-base-set-125-165-902d12103a,Expedition Base Set,Poliwag,125/165,NO_VARIANT_LINK
pkm-expedition-base-set-126-165-e1e3debd58,Expedition Base Set,Ponyta,126/165,NO_VARIANT_LINK
pkm-expedition-base-set-127-165-8253466a3e,Expedition Base Set,Qwilfish,127/165,NO_VARIANT_LINK
pkm-expedition-base-set-128-165-29e5750dfa,Expedition Base Set,Rattata,128/165,NO_VARIANT_LINK
pkm-expedition-base-set-129-165-854aea27ae,Expedition Base Set,Shellder,129/165,NO_VARIANT_LINK
pkm-expedition-base-set-130-165-01eefb16bd,Expedition Base Set,Spearow,130/165,NO_VARIANT_LINK
pkm-expedition-base-set-131-165-f6be0d171d,Expedition Base Set,Squirtle,131/165,NO_VARIANT_LINK
pkm-expedition-base-set-132-165-5f464527f2,Expedition Base Set,Squirtle,132/165,NO_VARIANT_LINK
pkm-expedition-base-set-133-165-b000e1f450,Expedition Base Set,Tauros,133/165,NO_VARIANT_LINK
pkm-expedition-base-set-134-165-ded78826c9,Expedition Base Set,Totodile,134/165,NO_VARIANT_LINK
pkm-expedition-base-set-135-165-bbe09b35cf,Expedition Base Set,Totodile,135/165,NO_VARIANT_LINK
pkm-expedition-base-set-136-165-1c1c128d8f,Expedition Base Set,Vulpix,136/165,NO_VARIANT_LINK
pkm-expedition-base-set-137-165-09c388b2ba,Expedition Base Set,Bill's Maintenance,137/165,NO_VARIANT_LINK
pkm-expedition-base-set-138-165-a183e3d11b,Expedition Base Set,Copycat,138/165,NO_VARIANT_LINK
pkm-expedition-base-set-139-165-58f35e2737,Expedition Base Set,Dual Ball,139/165,NO_VARIANT_LINK
pkm-expedition-base-set-140-165-848c005ac5,Expedition Base Set,Energy Removal 2,140/165,NO_VARIANT_LINK
pkm-expedition-base-set-141-165-928eb74ded,Expedition Base Set,Energy Restore,141/165,NO_VARIANT_LINK
pkm-expedition-base-set-142-165-06ae47b65e,Expedition Base Set,Mary's Impulse,142/165,NO_VARIANT_LINK
pkm-expedition-base-set-143-165-97707ef896,Expedition Base Set,Master Ball,143/165,NO_VARIANT_LINK
pkm-expedition-base-set-144-165-d68d459b5f,Expedition Base Set,Multi Technical Machine 01,144/165,NO_VARIANT_LINK
pkm-expedition-base-set-145-165-9249bd2ce4,Expedition Base Set,Pokémon Nurse,145/165,NO_VARIANT_LINK
pkm-expedition-base-set-146-165-a66344608c,Expedition Base Set,Pokémon Reversal,146/165,NO_VARIANT_LINK
pkm-expedition-base-set-147-165-2c4e00087f,Expedition Base Set,Power Charge,147/165,NO_VARIANT_LINK
pkm-expedition-base-set-148-165-b5b106dd72,Expedition Base Set,Professor Elm's Training Method,148/165,NO_VARIANT_LINK
pkm-expedition-base-set-149-165-30b0cfbb92,Expedition Base Set,Professor Oak's Research,149/165,NO_VARIANT_LINK
pkm-expedition-base-set-150-165-ad5adaf988,Expedition Base Set,Strength Charm,150/165,NO_VARIANT_LINK
pkm-expedition-base-set-151-165-595bb51d44,Expedition Base Set,Super Scoop Up,151/165,NO_VARIANT_LINK
pkm-expedition-base-set-152-165-3a7f801be2,Expedition Base Set,Warp Point,152/165,NO_VARIANT_LINK
pkm-expedition-base-set-153-165-c5bd982707,Expedition Base Set,Energy Search,153/165,NO_VARIANT_LINK
pkm-expedition-base-set-154-165-e1d7efeef0,Expedition Base Set,Full Heal,154/165,NO_VARIANT_LINK
pkm-expedition-base-set-155-165-1965c74ea9,Expedition Base Set,Moo-Moo Milk,155/165,NO_VARIANT_LINK
pkm-expedition-base-set-156-165-f3e80bf92a,Expedition Base Set,Potion,156/165,NO_VARIANT_LINK
pkm-expedition-base-set-157-165-87606df294,Expedition Base Set,Switch,157/165,NO_VARIANT_LINK
pkm-expedition-base-set-158-165-1909d2fee5,Expedition Base Set,Darkness Energy,158/165,NO_VARIANT_LINK
pkm-expedition-base-set-159-165-46eec10e6f,Expedition Base Set,Metal Energy,159/165,NO_VARIANT_LINK
pkm-expedition-base-set-160-165-301c01f175,Expedition Base Set,Fighting Energy,160/165,NO_VARIANT_LINK
pkm-expedition-base-set-161-165-e994aeefc2,Expedition Base Set,Fire Energy,161/165,NO_VARIANT_LINK
pkm-expedition-base-set-162-165-ff5a606516,Expedition Base Set,Grass Energy,162/165,NO_VARIANT_LINK
pkm-expedition-base-set-163-165-a8e63c21ea,Expedition Base Set,Lightning Energy,163/165,NO_VARIANT_LINK
pkm-expedition-base-set-164-165-0fcd05f58b,Expedition Base Set,Psychic Energy,164/165,NO_VARIANT_LINK
pkm-expedition-base-set-165-165-c0f5b66234,Expedition Base Set,Water Energy,165/165,NO_VARIANT_LINK
pkm-skyridge-77-144-efcc1fab67,Skyridge,Mantine,77/144,NO_VARIANT_LINK
pkm-skyridge-81-144-1d320b8e4f,Skyridge,Nidoran ♀,81/144,NO_VARIANT_LINK
pkm-skyridge-82-144-38a718d80a,Skyridge,Nidoran ♀,82/144,NO_VARIANT_LINK
pkm-skyridge-129-144-bf8c82cd61,Skyridge,Miracle Sphere α,129/144,NO_VARIANT_LINK
pkm-skyridge-130-144-ec83ec0c30,Skyridge,Miracle Sphere β,130/144,NO_VARIANT_LINK
pkm-skyridge-131-144-f2d49fa8f0,Skyridge,Miracle Sphere γ,131/144,NO_VARIANT_LINK
pkm-skyridge-133-144-f90ee49267,Skyridge,Mystery Plate α,133/144,NO_VARIANT_LINK
pkm-skyridge-134-144-8ac3e37985,Skyridge,Mystery Plate β,134/144,NO_VARIANT_LINK
pkm-skyridge-135-144-774183022f,Skyridge,Mystery Plate γ,135/144,NO_VARIANT_LINK
pkm-skyridge-136-144-1190706e15,Skyridge,Mystery Plate δ,136/144,NO_VARIANT_LINK
pkm-skyridge-h1-144-cf20b28f65,Skyridge,Alakazam,H1/144,NO_VARIANT_LINK
pkm-skyridge-h2-144-d36c9691e6,Skyridge,Arcanine,H2/144,NO_VARIANT_LINK
pkm-skyridge-h3-144-6eb44be6f4,Skyridge,Articuno,H3/144,NO_VARIANT_LINK
pkm-skyridge-h4-144-c2c1d9357a,Skyridge,Beedrill,H4/144,NO_VARIANT_LINK
pkm-skyridge-h5-144-8857619f63,Skyridge,Crobat,H5/144,NO_VARIANT_LINK
pkm-skyridge-h6-144-714e1ae04b,Skyridge,Dewgong,H6/144,NO_VARIANT_LINK
pkm-skyridge-h7-144-7044e04cc8,Skyridge,Flareon,H7/144,NO_VARIANT_LINK
pkm-skyridge-h8-144-96a85192ad,Skyridge,Forretress,H8/144,NO_VARIANT_LINK
pkm-skyridge-h9-144-f9fd6bd165,Skyridge,Gengar,H9/144,NO_VARIANT_LINK
pkm-skyridge-h10-144-b2fc7d35f7,Skyridge,Gyarados,H10/144,NO_VARIANT_LINK
pkm-skyridge-h11-144-82b75db3c9,Skyridge,Houndoom,H11/144,NO_VARIANT_LINK
pkm-skyridge-h12-144-4ad5d39344,Skyridge,Jolteon,H12/144,NO_VARIANT_LINK
pkm-skyridge-h13-144-aa3d4340a8,Skyridge,Kabutops,H13/144,NO_VARIANT_LINK
pkm-skyridge-h14-144-85e3a9279a,Skyridge,Ledian,H14/144,NO_VARIANT_LINK
pkm-skyridge-h15-144-b38f9a7b51,Skyridge,Machamp,H15/144,NO_VARIANT_LINK
pkm-skyridge-h16-144-250b653e14,Skyridge,Magcargo,H16/144,NO_VARIANT_LINK
pkm-skyridge-h17-144-bee1c4b76b,Skyridge,Magcargo,H17/144,NO_VARIANT_LINK
pkm-skyridge-h18-144-8ae53e4771,Skyridge,Magneton,H18/144,NO_VARIANT_LINK
pkm-skyridge-h19-144-0a2a9402ee,Skyridge,Magneton,H19/144,NO_VARIANT_LINK
pkm-skyridge-h20-144-6c83d95b76,Skyridge,Moltres,H20/144,NO_VARIANT_LINK
pkm-skyridge-h21-144-17dccb9365,Skyridge,Nidoqueen,H21/144,NO_VARIANT_LINK
pkm-skyridge-h22-144-cecbdae3aa,Skyridge,Piloswine,H22/144,NO_VARIANT_LINK
pkm-skyridge-h23-144-f08b516bda,Skyridge,Politoed,H23/144,NO_VARIANT_LINK
pkm-skyridge-h24-144-0469c1d1a9,Skyridge,Poliwrath,H24/144,NO_VARIANT_LINK
pkm-skyridge-h25-144-141d4514d5,Skyridge,Raichu,H25/144,NO_VARIANT_LINK
pkm-skyridge-h26-144-997e0abd95,Skyridge,Raikou,H26/144,NO_VARIANT_LINK
pkm-skyridge-h27-144-e23442f584,Skyridge,Rhydon,H27/144,NO_VARIANT_LINK
pkm-skyridge-h28-144-0c8fe958d6,Skyridge,Starmie,H28/144,NO_VARIANT_LINK
pkm-skyridge-h29-144-465f1064a2,Skyridge,Steelix,H29/144,NO_VARIANT_LINK
pkm-skyridge-h30-144-5c1c96ed0b,Skyridge,Umbreon,H30/144,NO_VARIANT_LINK
pkm-skyridge-h31-144-7cd36b72cb,Skyridge,Vaporeon,H31/144,NO_VARIANT_LINK
pkm-skyridge-h32-144-f8d01eef6f,Skyridge,Xatu,H32/144,NO_VARIANT_LINK
pkm-crystal-guardians-16-100-5413a9cca8,Crystal Guardians,Combusken,16/100,NO_VARIANT_LINK
pkm-crystal-guardians-24-100-a50b3f3f24,Crystal Guardians,Marshtomp,24/100,NO_VARIANT_LINK
pkm-crystal-guardians-31-100-4294bb0761,Crystal Guardians,Combusken,31/100,NO_VARIANT_LINK
pkm-crystal-guardians-34-100-df97139da4,Crystal Guardians,Ivysaur,34/100,NO_VARIANT_LINK
pkm-crystal-guardians-35-100-e9586d0757,Crystal Guardians,Ivysaur,35/100,NO_VARIANT_LINK
pkm-crystal-guardians-38-100-afe6c55e35,Crystal Guardians,Marshtomp,38/100,NO_VARIANT_LINK
pkm-crystal-guardians-42-100-928282b726,Crystal Guardians,Wartortle,42/100,NO_VARIANT_LINK
pkm-crystal-guardians-43-100-738ec24728,Crystal Guardians,Wartortle,43/100,NO_VARIANT_LINK
pkm-crystal-guardians-45-100-219265db80,Crystal Guardians,Bulbasaur,45/100,NO_VARIANT_LINK
pkm-crystal-guardians-46-100-5c319cbab2,Crystal Guardians,Bulbasaur,46/100,NO_VARIANT_LINK
pkm-crystal-guardians-57-100-3f4d576c40,Crystal Guardians,Mudkip,57/100,NO_VARIANT_LINK
pkm-crystal-guardians-58-100-eb6915c9f9,Crystal Guardians,Mudkip,58/100,NO_VARIANT_LINK
pkm-crystal-guardians-63-100-a8ab2b3b48,Crystal Guardians,Squirtle,63/100,NO_VARIANT_LINK
pkm-crystal-guardians-64-100-0d303f382f,Crystal Guardians,Squirtle,64/100,NO_VARIANT_LINK
pkm-crystal-guardians-65-100-933691fc2c,Crystal Guardians,Torchic,65/100,NO_VARIANT_LINK
pkm-crystal-guardians-66-100-02b4d74bc3,Crystal Guardians,Torchic,66/100,NO_VARIANT_LINK
pkm-delta-species-15-113-f08b02c7f6,Delta Species,Starmie δ,15/113,NO_VARIANT_LINK
pkm-delta-species-30-113-7db92a491f,Delta Species,Starmie δ,30/113,NO_VARIANT_LINK
pkm-delta-species-37-113-8a70cd2401,Delta Species,Ditto,37/113,NO_VARIANT_LINK
pkm-delta-species-38-113-32836bfd01,Delta Species,Ditto,38/113,NO_VARIANT_LINK
pkm-delta-species-39-113-1c63b0c61a,Delta Species,Ditto,39/113,NO_VARIANT_LINK
pkm-delta-species-40-113-8d1b89171a,Delta Species,Ditto,40/113,NO_VARIANT_LINK
pkm-delta-species-41-113-f8b66c5185,Delta Species,Dragonair δ,41/113,NO_VARIANT_LINK
pkm-delta-species-42-113-5e12c7d90f,Delta Species,Dragonair δ,42/113,NO_VARIANT_LINK
pkm-delta-species-53-113-864508146c,Delta Species,Shelgon δ,53/113,NO_VARIANT_LINK
pkm-delta-species-54-113-e6045e41c7,Delta Species,Shelgon δ,54/113,NO_VARIANT_LINK
pkm-delta-species-57-113-f33d52a0ba,Delta Species,Bagon δ,57/113,NO_VARIANT_LINK
pkm-delta-species-58-113-dee92ae514,Delta Species,Bagon δ,58/113,NO_VARIANT_LINK
pkm-delta-species-61-113-835a81ed77,Delta Species,Ditto,61/113,NO_VARIANT_LINK
pkm-delta-species-63-113-c62d999272,Delta Species,Ditto,63/113,NO_VARIANT_LINK
pkm-delta-species-64-113-0bc50345eb,Delta Species,Ditto,64/113,NO_VARIANT_LINK
pkm-delta-species-65-113-196f9c4964,Delta Species,Dratini δ,65/113,NO_VARIANT_LINK
pkm-delta-species-66-113-46abd366ba,Delta Species,Dratini δ,66/113,NO_VARIANT_LINK
pkm-delta-species-68-113-f50cc3f6b0,Delta Species,Eevee δ,68/113,NO_VARIANT_LINK
pkm-delta-species-69-113-fa0b03b844,Delta Species,Eevee,69/113,NO_VARIANT_LINK
pkm-delta-species-84-113-46ac0101c5,Delta Species,Staryu,84/113,NO_VARIANT_LINK
pkm-delta-species-85-113-6926fc9c86,Delta Species,Staryu,85/113,NO_VARIANT_LINK
pkm-deoxys-10-107-000bce6d10,Deoxys,Ludicolo,10/107,NO_VARIANT_LINK
pkm-deoxys-19-107-3f47234c66,Deoxys,Ludicolo,19/107,NO_VARIANT_LINK
pkm-deoxys-20-107-4603f22df4,Deoxys,Magcargo,20/107,NO_VARIANT_LINK
pkm-deoxys-33-107-9bdfc17a0e,Deoxys,Lombre,33/107,NO_VARIANT_LINK
pkm-deoxys-34-107-e4de04aee9,Deoxys,Lombre,34/107,NO_VARIANT_LINK
pkm-deoxys-35-107-9658a06975,Deoxys,Lotad,35/107,NO_VARIANT_LINK
pkm-deoxys-37-107-8aa3527eec,Deoxys,Magcargo,37/107,NO_VARIANT_LINK
pkm-deoxys-59-107-9a2467774d,Deoxys,Electrike,59/107,NO_VARIANT_LINK
pkm-deoxys-60-107-65d0552f7e,Deoxys,Electrike,60/107,NO_VARIANT_LINK
pkm-deoxys-63-107-624baaf024,Deoxys,Lotad,63/107,NO_VARIANT_LINK
pkm-deoxys-74-107-4c486ceba8,Deoxys,Slugma,74/107,NO_VARIANT_LINK
pkm-deoxys-75-107-9f16412424,Deoxys,Slugma,75/107,NO_VARIANT_LINK
pkm-deoxys-87-107-4752a262e3,Deoxys,Lady Outing,87/107,NO_VARIANT_LINK
pkm-dragon-frontiers-20-101-b7959d9056,Dragon Frontiers,Mantine δ,20/101,NO_VARIANT_LINK
pkm-dragon-frontiers-22-101-8e455ed7cd,Dragon Frontiers,Seadra δ,22/101,NO_VARIANT_LINK
pkm-dragon-frontiers-24-101-26ed44affa,Dragon Frontiers,Vibrava δ,24/101,NO_VARIANT_LINK
pkm-dragon-frontiers-31-101-9443a96049,Dragon Frontiers,Horsea δ,31/101,NO_VARIANT_LINK
pkm-dragon-frontiers-37-101-b9a62a0d4e,Dragon Frontiers,Seadra δ,37/101,NO_VARIANT_LINK
pkm-dragon-frontiers-42-101-116930d43c,Dragon Frontiers,Vibrava δ,42/101,NO_VARIANT_LINK
pkm-dragon-frontiers-46-101-fb9282ef98,Dragon Frontiers,Dratini δ,46/101,NO_VARIANT_LINK
pkm-dragon-frontiers-50-101-44f9c61302,Dragon Frontiers,Horsea δ,50/101,NO_VARIANT_LINK
pkm-dragon-frontiers-56-101-51bff75e49,Dragon Frontiers,Nidoran ♀ δ,56/101,NO_VARIANT_LINK
pkm-dragon-frontiers-57-101-b5e8226eb7,Dragon Frontiers,Nidoran ♂ δ,57/101,NO_VARIANT_LINK
pkm-dragon-frontiers-68-101-413076a19d,Dragon Frontiers,Trapinch δ,68/101,NO_VARIANT_LINK
pkm-dragon-frontiers-69-101-614a5da1a0,Dragon Frontiers,Trapinch δ,69/101,NO_VARIANT_LINK
pkm-dragon-frontiers-88-101-a0a3487116,Dragon Frontiers,δ Rainbow Energy,88/101,NO_VARIANT_LINK
pkm-dragon-3-97-b2eec08d1a,Dragon,Crawdaunt,3/97,NO_VARIANT_LINK
pkm-dragon-4-97-7cb1b0db3d,Dragon,Flygon,4/97,NO_VARIANT_LINK
pkm-dragon-10-97-4c9a47b600,Dragon,Salamence,10/97,NO_VARIANT_LINK
pkm-dragon-13-97-2379679dc7,Dragon,Crawdaunt,13/97,NO_VARIANT_LINK
pkm-dragon-14-97-1d9b85cc0d,Dragon,Dragonair,14/97,NO_VARIANT_LINK
pkm-dragon-15-97-67a658fae4,Dragon,Flygon,15/97,NO_VARIANT_LINK
pkm-dragon-17-97-72a2721dd9,Dragon,Magneton,17/97,NO_VARIANT_LINK
pkm-dragon-18-97-ebefabaaef,Dragon,Ninjask,18/97,NO_VARIANT_LINK
pkm-dragon-19-97-280b9c0a89,Dragon,Salamence,19/97,NO_VARIANT_LINK
pkm-dragon-20-97-952d5f0eb4,Dragon,Shelgon,20/97,NO_VARIANT_LINK
pkm-dragon-22-97-8d19b924bf,Dragon,Vibrava,22/97,NO_VARIANT_LINK
pkm-dragon-23-97-bd5b27b3bd,Dragon,Bagon,23/97,NO_VARIANT_LINK
pkm-dragon-26-97-445b5a1780,Dragon,Dratini,26/97,NO_VARIANT_LINK
pkm-dragon-29-97-22a31575ae,Dragon,Graveler,29/97,NO_VARIANT_LINK
pkm-dragon-30-97-5e9a40a42f,Dragon,Graveler,30/97,NO_VARIANT_LINK
pkm-dragon-33-97-5ee83c7b41,Dragon,Horsea,33/97,NO_VARIANT_LINK
pkm-dragon-35-97-86116fd672,Dragon,Magneton,35/97,NO_VARIANT_LINK
pkm-dragon-38-97-8bc9e31914,Dragon,Ninjask,38/97,NO_VARIANT_LINK
pkm-dragon-39-97-ae1b198292,Dragon,Seadra,39/97,NO_VARIANT_LINK
pkm-dragon-40-97-57763027c1,Dragon,Seadra,40/97,NO_VARIANT_LINK
pkm-dragon-41-97-30abc7e30e,Dragon,Shelgon,41/97,NO_VARIANT_LINK
pkm-dragon-42-97-cc837f4591,Dragon,Shelgon,42/97,NO_VARIANT_LINK
pkm-dragon-46-97-643e82406a,Dragon,Vibrava,46/97,NO_VARIANT_LINK
pkm-dragon-47-97-a87c07c572,Dragon,Vibrava,47/97,NO_VARIANT_LINK
pkm-dragon-49-97-3d3f28a267,Dragon,Bagon,49/97,NO_VARIANT_LINK
pkm-dragon-50-97-245be64aa6,Dragon,Bagon,50/97,NO_VARIANT_LINK
pkm-dragon-52-97-1ed3bbc62b,Dragon,Corphish,52/97,NO_VARIANT_LINK
pkm-dragon-53-97-e3051e8d5a,Dragon,Corphish,53/97,NO_VARIANT_LINK
pkm-dragon-54-97-8959d5ebc8,Dragon,Corphish,54/97,NO_VARIANT_LINK
pkm-dragon-55-97-86ff500100,Dragon,Geodude,55/97,NO_VARIANT_LINK
pkm-dragon-56-97-0c41d7cc83,Dragon,Geodude,56/97,NO_VARIANT_LINK
pkm-dragon-58-97-38ea5c5c6a,Dragon,Horsea,58/97,NO_VARIANT_LINK
pkm-dragon-61-97-b951e4e215,Dragon,Magnemite,61/97,NO_VARIANT_LINK
pkm-dragon-62-97-e7a16ef8df,Dragon,Magnemite,62/97,NO_VARIANT_LINK
pkm-dragon-63-97-f521d83688,Dragon,Magnemite,63/97,NO_VARIANT_LINK
pkm-dragon-66-97-ed39a313da,Dragon,Nincada,66/97,NO_VARIANT_LINK
pkm-dragon-67-97-1f0cd26c14,Dragon,Nincada,67/97,NO_VARIANT_LINK
pkm-dragon-68-97-ba7559124c,Dragon,Nincada,68/97,NO_VARIANT_LINK
pkm-dragon-69-97-202b4a7485,Dragon,Numel,69/97,NO_VARIANT_LINK
pkm-dragon-73-97-82b04e7cd8,Dragon,Spoink,73/97,NO_VARIANT_LINK
pkm-dragon-74-97-2ced78f1ba,Dragon,Spoink,74/97,NO_VARIANT_LINK
pkm-dragon-78-97-fc9ad8ad30,Dragon,Trapinch,78/97,NO_VARIANT_LINK
pkm-dragon-79-97-381ce67b31,Dragon,Trapinch,79/97,NO_VARIANT_LINK
pkm-emerald-5-106-3fbf9a01d9,Emerald,Groudon,5/106,NO_VARIANT_LINK
pkm-emerald-6-106-177ed88b18,Emerald,Kyogre,6/106,NO_VARIANT_LINK
pkm-emerald-7-106-28c7bcf46e,Emerald,Manectric,7/106,NO_VARIANT_LINK
pkm-emerald-14-106-4c945d6523,Emerald,Groudon,14/106,NO_VARIANT_LINK
pkm-emerald-15-106-959b9b77ff,Emerald,Kyogre,15/106,NO_VARIANT_LINK
pkm-emerald-16-106-bb7a88844e,Emerald,Manectric,16/106,NO_VARIANT_LINK
pkm-emerald-29-106-2bf22c5cc4,Emerald,Grumpig,29/106,NO_VARIANT_LINK
pkm-emerald-30-106-ac7f0f8db3,Emerald,Grumpig,30/106,NO_VARIANT_LINK
pkm-emerald-47-106-371f001ddd,Emerald,Electrike,47/106,NO_VARIANT_LINK
pkm-emerald-48-106-0c3236e178,Emerald,Electrike,48/106,NO_VARIANT_LINK
pkm-emerald-49-106-75ada960ee,Emerald,Feebas,49/106,NO_VARIANT_LINK
pkm-emerald-50-106-a7df8f85ce,Emerald,Feebas,50/106,NO_VARIANT_LINK
pkm-emerald-57-106-7a65ac082c,Emerald,Numel,57/106,NO_VARIANT_LINK
pkm-emerald-58-106-98f0f5ff8a,Emerald,Numel,58/106,NO_VARIANT_LINK
pkm-emerald-65-106-332b3d49c1,Emerald,Spoink,65/106,NO_VARIANT_LINK
pkm-emerald-66-106-515ea26cdc,Emerald,Spoink,66/106,NO_VARIANT_LINK
pkm-emerald-106-106-970d51d642,Emerald,Fighting Energy,106/106,NO_VARIANT_LINK
pkm-ex-trainer-kit-2-minun-1-12-c743653047,EX Trainer Kit 2 Minun,Arcanine,1/12,NO_VARIANT_LINK
pkm-ex-trainer-kit-2-minun-2-12-1e1ab1d7e5,EX Trainer Kit 2 Minun,Charmander,2/12,NO_VARIANT_LINK
pkm-ex-trainer-kit-2-minun-3-12-840cdb1686,EX Trainer Kit 2 Minun,Charmeleon,3/12,NO_VARIANT_LINK
pkm-ex-trainer-kit-2-minun-4-12-c9e1dd209b,EX Trainer Kit 2 Minun,Growlithe,4/12,NO_VARIANT_LINK
pkm-ex-trainer-kit-2-minun-5-12-a74a121f30,EX Trainer Kit 2 Minun,Mareep,5/12,NO_VARIANT_LINK
pkm-ex-trainer-kit-2-minun-6-12-a241d0ae92,EX Trainer Kit 2 Minun,Minun,6/12,NO_VARIANT_LINK
pkm-ex-trainer-kit-2-minun-7-12-7186cd0979,EX Trainer Kit 2 Minun,Vulpix,7/12,NO_VARIANT_LINK
pkm-ex-trainer-kit-2-minun-8-12-089f7ae838,EX Trainer Kit 2 Minun,Celio's Network,8/12,NO_VARIANT_LINK
pkm-ex-trainer-kit-2-minun-9-12-1dea3a16af,EX Trainer Kit 2 Minun,Energy Search,9/12,NO_VARIANT_LINK
pkm-ex-trainer-kit-2-minun-10-12-4d593e40ef,EX Trainer Kit 2 Minun,Potion,10/12,NO_VARIANT_LINK
pkm-ex-trainer-kit-2-minun-11-12-368476d47c,EX Trainer Kit 2 Minun,Fire Energy,11/12,NO_VARIANT_LINK
pkm-ex-trainer-kit-2-minun-12-12-340000fd10,EX Trainer Kit 2 Minun,Lightning Energy,12/12,NO_VARIANT_LINK
pkm-ex-trainer-kit-2-plusle-1-12-c221f4f7db,EX Trainer Kit 2 Plusle,Beldum,1/12,NO_VARIANT_LINK
pkm-ex-trainer-kit-2-plusle-2-12-7eee4e6bd6,EX Trainer Kit 2 Plusle,Electrike,2/12,NO_VARIANT_LINK
pkm-ex-trainer-kit-2-plusle-3-12-8aaaa37b52,EX Trainer Kit 2 Plusle,Grumpig,3/12,NO_VARIANT_LINK
pkm-ex-trainer-kit-2-plusle-4-12-513ca1b888,EX Trainer Kit 2 Plusle,Meowth,4/12,NO_VARIANT_LINK
pkm-ex-trainer-kit-2-plusle-5-12-1610dcc060,EX Trainer Kit 2 Plusle,Metang,5/12,NO_VARIANT_LINK
pkm-ex-trainer-kit-2-plusle-6-12-431800b1d0,EX Trainer Kit 2 Plusle,Plusle,6/12,NO_VARIANT_LINK
pkm-ex-trainer-kit-2-plusle-7-12-a06ec60c8f,EX Trainer Kit 2 Plusle,Spoink,7/12,NO_VARIANT_LINK
pkm-ex-trainer-kit-2-plusle-8-12-2d0d2277a7,EX Trainer Kit 2 Plusle,Energy Search,8/12,NO_VARIANT_LINK
pkm-ex-trainer-kit-2-plusle-9-12-4dac87be22,EX Trainer Kit 2 Plusle,Potion,9/12,NO_VARIANT_LINK
pkm-ex-trainer-kit-2-plusle-10-12-46d7a9cb2c,EX Trainer Kit 2 Plusle,Professor Cozmo's Discovery,10/12,NO_VARIANT_LINK
pkm-ex-trainer-kit-2-plusle-11-12-1a16b90df2,EX Trainer Kit 2 Plusle,Lightning Energy,11/12,NO_VARIANT_LINK
pkm-ex-trainer-kit-2-plusle-12-12-ac5a11923a,EX Trainer Kit 2 Plusle,Psychic Energy,12/12,NO_VARIANT_LINK
pkm-ex-trainer-kit-latias-1-10-2917b7ea47,EX Trainer Kit Latias,Bagon,1/10,NO_VARIANT_LINK
pkm-ex-trainer-kit-latias-2-10-36178777b5,EX Trainer Kit Latias,Combusken,2/10,NO_VARIANT_LINK
pkm-ex-trainer-kit-latias-3-10-c8d3664e09,EX Trainer Kit Latias,Delcatty,3/10,NO_VARIANT_LINK
pkm-ex-trainer-kit-latias-4-10-6e32177559,EX Trainer Kit Latias,Latias,4/10,NO_VARIANT_LINK
pkm-ex-trainer-kit-latias-5-10-49f0771925,EX Trainer Kit Latias,Numel,5/10,NO_VARIANT_LINK
pkm-ex-trainer-kit-latias-6-10-c620558e3a,EX Trainer Kit Latias,Skitty,6/10,NO_VARIANT_LINK
pkm-ex-trainer-kit-latias-7-10-bb46ae6eaf,EX Trainer Kit Latias,Torchic,7/10,NO_VARIANT_LINK
pkm-ex-trainer-kit-latias-8-10-f4607f20e1,EX Trainer Kit Latias,Potion,8/10,NO_VARIANT_LINK
pkm-ex-trainer-kit-latias-9-10-bdcb12d5f0,EX Trainer Kit Latias,Energy Search,9/10,NO_VARIANT_LINK
pkm-ex-trainer-kit-latias-10-10-017016fe2a,EX Trainer Kit Latias,Fire Energy,10/10,NO_VARIANT_LINK
pkm-ex-trainer-kit-latios-1-10-015f8cab86,EX Trainer Kit Latios,Electrike,1/10,NO_VARIANT_LINK
pkm-ex-trainer-kit-latios-2-10-f6821aab27,EX Trainer Kit Latios,Latios,2/10,NO_VARIANT_LINK
pkm-ex-trainer-kit-latios-3-10-d85a13d5a7,EX Trainer Kit Latios,Linoone,3/10,NO_VARIANT_LINK
pkm-ex-trainer-kit-latios-4-10-fd25a2c1b5,EX Trainer Kit Latios,Magnemite,4/10,NO_VARIANT_LINK
pkm-ex-trainer-kit-latios-5-10-b3add78290,EX Trainer Kit Latios,Magneton,5/10,NO_VARIANT_LINK
pkm-ex-trainer-kit-latios-6-10-b2723fb148,EX Trainer Kit Latios,Pikachu,6/10,NO_VARIANT_LINK
pkm-ex-trainer-kit-latios-7-10-6b1b274597,EX Trainer Kit Latios,Zigzagoon,7/10,NO_VARIANT_LINK
pkm-ex-trainer-kit-latios-8-10-59fda9c24d,EX Trainer Kit Latios,Potion,8/10,NO_VARIANT_LINK
pkm-ex-trainer-kit-latios-9-10-742bdba4d8,EX Trainer Kit Latios,Energy Search,9/10,NO_VARIANT_LINK
pkm-ex-trainer-kit-latios-10-10-78acdf9788,EX Trainer Kit Latios,Lightning Energy,10/10,NO_VARIANT_LINK
pkm-firered-and-leafgreen-1-112-d7a6e2d40b,FireRed and LeafGreen,Beedrill,1/112,NO_VARIANT_LINK
pkm-firered-and-leafgreen-2-112-4040391592,FireRed and LeafGreen,Butterfree,2/112,NO_VARIANT_LINK
pkm-firered-and-leafgreen-3-112-e8bc61327f,FireRed and LeafGreen,Dewgong,3/112,NO_VARIANT_LINK
pkm-firered-and-leafgreen-4-112-791d8e664a,FireRed and LeafGreen,Ditto,4/112,NO_VARIANT_LINK
pkm-firered-and-leafgreen-5-112-41f62c2baf,FireRed and LeafGreen,Exeggutor,5/112,NO_VARIANT_LINK
pkm-firered-and-leafgreen-6-112-a1d4780319,FireRed and LeafGreen,Kangaskhan,6/112,NO_VARIANT_LINK
pkm-firered-and-leafgreen-7-112-a1a6923606,FireRed and LeafGreen,Marowak,7/112,NO_VARIANT_LINK
pkm-firered-and-leafgreen-8-112-3aee6b44bf,FireRed and LeafGreen,Nidoking,8/112,NO_VARIANT_LINK
pkm-firered-and-leafgreen-9-112-5c1760dc5e,FireRed and LeafGreen,Nidoqueen,9/112,NO_VARIANT_LINK
pkm-firered-and-leafgreen-10-112-e437a882ac,FireRed and LeafGreen,Pidgeot,10/112,NO_VARIANT_LINK
pkm-firered-and-leafgreen-11-112-d3cb88292c,FireRed and LeafGreen,Poliwrath,11/112,NO_VARIANT_LINK
pkm-firered-and-leafgreen-12-112-3fe38156ed,FireRed and LeafGreen,Raichu,12/112,NO_VARIANT_LINK
pkm-firered-and-leafgreen-13-112-29e704fa64,FireRed and LeafGreen,Rapidash,13/112,NO_VARIANT_LINK
pkm-firered-and-leafgreen-14-112-da561123af,FireRed and LeafGreen,Slowbro,14/112,NO_VARIANT_LINK
pkm-firered-and-leafgreen-15-112-2111d857cc,FireRed and LeafGreen,Snorlax,15/112,NO_VARIANT_LINK
pkm-firered-and-leafgreen-16-112-7f77c6abf4,FireRed and LeafGreen,Tauros,16/112,NO_VARIANT_LINK
pkm-firered-and-leafgreen-17-112-bf30be2376,FireRed and LeafGreen,Victreebel,17/112,NO_VARIANT_LINK
pkm-firered-and-leafgreen-18-112-65620c8646,FireRed and LeafGreen,Arcanine,18/112,NO_VARIANT_LINK
pkm-firered-and-leafgreen-19-112-f9757611d9,FireRed and LeafGreen,Chansey,19/112,NO_VARIANT_LINK
pkm-firered-and-leafgreen-20-112-9479b7da11,FireRed and LeafGreen,Cloyster,20/112,NO_VARIANT_LINK
pkm-firered-and-leafgreen-21-112-8050cb6767,FireRed and LeafGreen,Dodrio,21/112,NO_VARIANT_LINK
pkm-firered-and-leafgreen-22-112-334808b77a,FireRed and LeafGreen,Dugtrio,22/112,NO_VARIANT_LINK
pkm-firered-and-leafgreen-23-112-e745d3fcea,FireRed and LeafGreen,Farfetch'd,23/112,NO_VARIANT_LINK
pkm-firered-and-leafgreen-24-112-4910cc43ee,FireRed and LeafGreen,Fearow,24/112,NO_VARIANT_LINK
pkm-firered-and-leafgreen-25-112-4903a6c26c,FireRed and LeafGreen,Hypno,25/112,NO_VARIANT_LINK
pkm-firered-and-leafgreen-26-112-d197155eff,FireRed and LeafGreen,Kingler,26/112,NO_VARIANT_LINK
pkm-firered-and-leafgreen-27-112-1190b02a94,FireRed and LeafGreen,Magneton,27/112,NO_VARIANT_LINK
pkm-firered-and-leafgreen-28-112-93a691c9bc,FireRed and LeafGreen,Primeape,28/112,NO_VARIANT_LINK
pkm-firered-and-leafgreen-29-112-3a58f333ad,FireRed and LeafGreen,Scyther,29/112,NO_VARIANT_LINK
pkm-firered-and-leafgreen-30-112-3c979a8d90,FireRed and LeafGreen,Tangela,30/112,NO_VARIANT_LINK
pkm-firered-and-leafgreen-31-112-12bff0d08d,FireRed and LeafGreen,Charmeleon,31/112,NO_VARIANT_LINK
pkm-firered-and-leafgreen-32-112-9d13ef2780,FireRed and LeafGreen,Drowzee,32/112,NO_VARIANT_LINK
pkm-firered-and-leafgreen-33-112-5823e59872,FireRed and LeafGreen,Exeggcute,33/112,NO_VARIANT_LINK
pkm-firered-and-leafgreen-34-112-d737ff86d0,FireRed and LeafGreen,Haunter,34/112,NO_VARIANT_LINK
pkm-firered-and-leafgreen-35-112-16da65e8a5,FireRed and LeafGreen,Ivysaur,35/112,NO_VARIANT_LINK
pkm-firered-and-leafgreen-36-112-bc176dd46c,FireRed and LeafGreen,Kakuna,36/112,NO_VARIANT_LINK
pkm-firered-and-leafgreen-37-112-721797356a,FireRed and LeafGreen,Lickitung,37/112,NO_VARIANT_LINK
pkm-firered-and-leafgreen-38-112-168b5c7c25,FireRed and LeafGreen,Mankey,38/112,NO_VARIANT_LINK
pkm-firered-and-leafgreen-39-112-23408d534b,FireRed and LeafGreen,Metapod,39/112,NO_VARIANT_LINK
pkm-firered-and-leafgreen-40-112-6f0b15532e,FireRed and LeafGreen,Nidorina,40/112,NO_VARIANT_LINK
pkm-firered-and-leafgreen-41-112-f44ee75d53,FireRed and LeafGreen,Nidorino,41/112,NO_VARIANT_LINK
pkm-firered-and-leafgreen-42-112-aed8bd9cb6,FireRed and LeafGreen,Onix,42/112,NO_VARIANT_LINK
pkm-firered-and-leafgreen-43-112-54538b6514,FireRed and LeafGreen,Parasect,43/112,NO_VARIANT_LINK
pkm-firered-and-leafgreen-44-112-14ddaea467,FireRed and LeafGreen,Persian,44/112,NO_VARIANT_LINK
pkm-firered-and-leafgreen-45-112-311f43d807,FireRed and LeafGreen,Pidgeotto,45/112,NO_VARIANT_LINK
pkm-firered-and-leafgreen-46-112-ae0faa8279,FireRed and LeafGreen,Poliwhirl,46/112,NO_VARIANT_LINK
pkm-firered-and-leafgreen-47-112-e7e9bcce15,FireRed and LeafGreen,Porygon,47/112,NO_VARIANT_LINK
pkm-firered-and-leafgreen-48-112-30bb476ade,FireRed and LeafGreen,Raticate,48/112,NO_VARIANT_LINK
pkm-firered-and-leafgreen-49-112-00c9587173,FireRed and LeafGreen,Venomoth,49/112,NO_VARIANT_LINK
pkm-firered-and-leafgreen-50-112-449d079874,FireRed and LeafGreen,Wartortle,50/112,NO_VARIANT_LINK
pkm-firered-and-leafgreen-51-112-324d39ed23,FireRed and LeafGreen,Weepinbell,51/112,NO_VARIANT_LINK
pkm-firered-and-leafgreen-52-112-6f41f89d56,FireRed and LeafGreen,Wigglytuff,52/112,NO_VARIANT_LINK
pkm-firered-and-leafgreen-53-112-8dfc671f18,FireRed and LeafGreen,Bellsprout,53/112,NO_VARIANT_LINK
pkm-firered-and-leafgreen-54-112-fcbf22f769,FireRed and LeafGreen,Bulbasaur,54/112,NO_VARIANT_LINK
pkm-firered-and-leafgreen-55-112-2d5f52e8ce,FireRed and LeafGreen,Bulbasaur,55/112,NO_VARIANT_LINK
pkm-firered-and-leafgreen-56-112-2a58347edf,FireRed and LeafGreen,Caterpie,56/112,NO_VARIANT_LINK
pkm-firered-and-leafgreen-57-112-31340da172,FireRed and LeafGreen,Charmander,57/112,NO_VARIANT_LINK
pkm-firered-and-leafgreen-58-112-c1d39f2cf4,FireRed and LeafGreen,Charmander,58/112,NO_VARIANT_LINK
pkm-firered-and-leafgreen-59-112-47ebad9c3b,FireRed and LeafGreen,Clefairy,59/112,NO_VARIANT_LINK
pkm-firered-and-leafgreen-60-112-d145925078,FireRed and LeafGreen,Cubone,60/112,NO_VARIANT_LINK
pkm-firered-and-leafgreen-61-112-074e9ffd19,FireRed and LeafGreen,Diglett,61/112,NO_VARIANT_LINK
pkm-firered-and-leafgreen-62-112-f970727d17,FireRed and LeafGreen,Doduo,62/112,NO_VARIANT_LINK
pkm-firered-and-leafgreen-63-112-a05079e176,FireRed and LeafGreen,Gastly,63/112,NO_VARIANT_LINK
pkm-firered-and-leafgreen-64-112-10c4419596,FireRed and LeafGreen,Growlithe,64/112,NO_VARIANT_LINK
pkm-firered-and-leafgreen-65-112-10eea54616,FireRed and LeafGreen,Jigglypuff,65/112,NO_VARIANT_LINK
pkm-firered-and-leafgreen-66-112-66c1566f73,FireRed and LeafGreen,Krabby,66/112,NO_VARIANT_LINK
pkm-firered-and-leafgreen-67-112-e00d3200d8,FireRed and LeafGreen,Magikarp,67/112,NO_VARIANT_LINK
pkm-firered-and-leafgreen-68-112-452ca4e3ce,FireRed and LeafGreen,Magnemite,68/112,NO_VARIANT_LINK
pkm-firered-and-leafgreen-69-112-dfc4947a3a,FireRed and LeafGreen,Meowth,69/112,NO_VARIANT_LINK
pkm-firered-and-leafgreen-70-112-a0104d7dc1,FireRed and LeafGreen,Nidoran ♀,70/112,NO_VARIANT_LINK
pkm-firered-and-leafgreen-71-112-9a7c12aadb,FireRed and LeafGreen,Nidoran ♂,71/112,NO_VARIANT_LINK
pkm-firered-and-leafgreen-72-112-ea4887e6b3,FireRed and LeafGreen,Paras,72/112,NO_VARIANT_LINK
pkm-firered-and-leafgreen-73-112-8b4297fd30,FireRed and LeafGreen,Pidgey,73/112,NO_VARIANT_LINK
pkm-firered-and-leafgreen-74-112-f5b6460c01,FireRed and LeafGreen,Pikachu,74/112,NO_VARIANT_LINK
pkm-firered-and-leafgreen-75-112-68a6f29916,FireRed and LeafGreen,Poliwag,75/112,NO_VARIANT_LINK
pkm-firered-and-leafgreen-76-112-d81cd14421,FireRed and LeafGreen,Ponyta,76/112,NO_VARIANT_LINK
pkm-firered-and-leafgreen-77-112-ca5cdee359,FireRed and LeafGreen,Rattata,77/112,NO_VARIANT_LINK
pkm-firered-and-leafgreen-78-112-99ec656775,FireRed and LeafGreen,Seel,78/112,NO_VARIANT_LINK
pkm-firered-and-leafgreen-79-112-c3e64fbe70,FireRed and LeafGreen,Shellder,79/112,NO_VARIANT_LINK
pkm-firered-and-leafgreen-80-112-6a365a53dd,FireRed and LeafGreen,Slowpoke,80/112,NO_VARIANT_LINK
pkm-firered-and-leafgreen-81-112-ced8968320,FireRed and LeafGreen,Spearow,81/112,NO_VARIANT_LINK
pkm-firered-and-leafgreen-82-112-c1f967a6f9,FireRed and LeafGreen,Squirtle,82/112,NO_VARIANT_LINK
pkm-firered-and-leafgreen-83-112-400a9948ae,FireRed and LeafGreen,Squirtle,83/112,NO_VARIANT_LINK
pkm-firered-and-leafgreen-84-112-e291d745bf,FireRed and LeafGreen,Venonat,84/112,NO_VARIANT_LINK
pkm-firered-and-leafgreen-85-112-035a80ff86,FireRed and LeafGreen,Voltorb,85/112,NO_VARIANT_LINK
pkm-firered-and-leafgreen-86-112-30659185f9,FireRed and LeafGreen,Weedle,86/112,NO_VARIANT_LINK
pkm-firered-and-leafgreen-87-112-b0d0968a90,FireRed and LeafGreen,Bill's Maintenance,87/112,NO_VARIANT_LINK
pkm-firered-and-leafgreen-88-112-77323ae1ee,FireRed and LeafGreen,Celio's Network,88/112,NO_VARIANT_LINK
pkm-firered-and-leafgreen-89-112-77e7d78a3d,FireRed and LeafGreen,Energy Removal 2,89/112,NO_VARIANT_LINK
pkm-firered-and-leafgreen-90-112-b954efa067,FireRed and LeafGreen,Energy Switch,90/112,NO_VARIANT_LINK
pkm-firered-and-leafgreen-91-112-13307b2acd,FireRed and LeafGreen,EXP.ALL,91/112,NO_VARIANT_LINK
pkm-firered-and-leafgreen-92-112-e84280f2fb,FireRed and LeafGreen,Great Ball,92/112,NO_VARIANT_LINK
pkm-firered-and-leafgreen-93-112-84392f3ce0,FireRed and LeafGreen,Life Herb,93/112,NO_VARIANT_LINK
pkm-firered-and-leafgreen-94-112-7a23f6a8e9,FireRed and LeafGreen,Mt. Moon,94/112,NO_VARIANT_LINK
pkm-firered-and-leafgreen-95-112-dcfedf75a8,FireRed and LeafGreen,Poké Ball,95/112,NO_VARIANT_LINK
pkm-firered-and-leafgreen-96-112-e8686ab998,FireRed and LeafGreen,PokéDex HANDY909,96/112,NO_VARIANT_LINK
pkm-firered-and-leafgreen-97-112-43489518e6,FireRed and LeafGreen,Pokémon Reversal,97/112,NO_VARIANT_LINK
pkm-firered-and-leafgreen-98-112-e47223f41a,FireRed and LeafGreen,Prof. Oak's Research,98/112,NO_VARIANT_LINK
pkm-firered-and-leafgreen-99-112-8c14021318,FireRed and LeafGreen,Super Scoop Up,99/112,NO_VARIANT_LINK
pkm-firered-and-leafgreen-100-112-a95479e205,FireRed and LeafGreen,VS Seeker,100/112,NO_VARIANT_LINK
pkm-firered-and-leafgreen-101-112-25352bc52c,FireRed and LeafGreen,Potion,101/112,NO_VARIANT_LINK
pkm-firered-and-leafgreen-102-112-15248cf4f4,FireRed and LeafGreen,Switch,102/112,NO_VARIANT_LINK
pkm-firered-and-leafgreen-103-112-a0668c3e20,FireRed and LeafGreen,Multi Energy,103/112,NO_VARIANT_LINK
pkm-firered-and-leafgreen-104-112-c8c03533e1,FireRed and LeafGreen,Blastoise ex,104/112,NO_VARIANT_LINK
pkm-firered-and-leafgreen-105-112-d9ead71f09,FireRed and LeafGreen,Charizard ex,105/112,NO_VARIANT_LINK
pkm-firered-and-leafgreen-106-112-0e3537d2f2,FireRed and LeafGreen,Clefable ex,106/112,NO_VARIANT_LINK
pkm-firered-and-leafgreen-107-112-9b899f5fe6,FireRed and LeafGreen,Electrode ex,107/112,NO_VARIANT_LINK
pkm-firered-and-leafgreen-108-112-3d90387649,FireRed and LeafGreen,Gengar ex,108/112,NO_VARIANT_LINK
pkm-firered-and-leafgreen-109-112-7e83e7392f,FireRed and LeafGreen,Gyarados ex,109/112,NO_VARIANT_LINK
pkm-firered-and-leafgreen-110-112-3acffbc35b,FireRed and LeafGreen,Mr. Mime ex,110/112,NO_VARIANT_LINK
pkm-firered-and-leafgreen-111-112-2bfdbb74da,FireRed and LeafGreen,Mr. Mime ex,111/112,NO_VARIANT_LINK
pkm-firered-and-leafgreen-112-112-1469263cc5,FireRed and LeafGreen,Venusaur ex,112/112,NO_VARIANT_LINK
pkm-firered-and-leafgreen-113-112-3b8196298c,FireRed and LeafGreen,Charmander,113/112,NO_VARIANT_LINK
pkm-firered-and-leafgreen-114-112-998966da18,FireRed and LeafGreen,Articuno ex,114/112,NO_VARIANT_LINK
pkm-firered-and-leafgreen-115-112-9828add245,FireRed and LeafGreen,Moltres ex,115/112,NO_VARIANT_LINK
pkm-firered-and-leafgreen-116-112-384ff449fa,FireRed and LeafGreen,Zapdos ex,116/112,NO_VARIANT_LINK
pkm-hidden-legends-2-101-813475750b,Hidden Legends,Claydol,2/101,NO_VARIANT_LINK
pkm-hidden-legends-10-101-bb8c1213a3,Hidden Legends,Medicham,10/101,NO_VARIANT_LINK
pkm-hidden-legends-21-101-5e05aa0050,Hidden Legends,Metang,21/101,NO_VARIANT_LINK
pkm-hidden-legends-28-101-370fb68840,Hidden Legends,Beldum,28/101,NO_VARIANT_LINK
pkm-hidden-legends-29-101-29406e40d8,Hidden Legends,Beldum,29/101,NO_VARIANT_LINK
pkm-hidden-legends-31-101-6f593a7180,Hidden Legends,Claydol,31/101,NO_VARIANT_LINK
pkm-hidden-legends-42-101-e6062c487f,Hidden Legends,Medicham,42/101,NO_VARIANT_LINK
pkm-hidden-legends-43-101-cdac640d3f,Hidden Legends,Metang,43/101,NO_VARIANT_LINK
pkm-hidden-legends-44-101-467edddd11,Hidden Legends,Metang,44/101,NO_VARIANT_LINK
pkm-hidden-legends-52-101-01f194b74d,Hidden Legends,Baltoy,52/101,NO_VARIANT_LINK
pkm-hidden-legends-53-101-fbeaa74cb1,Hidden Legends,Baltoy,53/101,NO_VARIANT_LINK
pkm-hidden-legends-54-101-704ee52b29,Hidden Legends,Beldum,54/101,NO_VARIANT_LINK
pkm-hidden-legends-56-101-29ae473ae7,Hidden Legends,Chinchou,56/101,NO_VARIANT_LINK
pkm-hidden-legends-57-101-05b18e5b65,Hidden Legends,Chinchou,57/101,NO_VARIANT_LINK
pkm-hidden-legends-65-101-be09e80a2b,Hidden Legends,Meditite,65/101,NO_VARIANT_LINK
pkm-hidden-legends-66-101-1acd1b0189,Hidden Legends,Meditite,66/101,NO_VARIANT_LINK
pkm-holon-phantoms-11-110-3ceb7cde03,Holon Phantoms,Latias δ,11/110,NO_VARIANT_LINK
pkm-holon-phantoms-12-110-517cb423e9,Holon Phantoms,Latios δ,12/110,NO_VARIANT_LINK
pkm-holon-phantoms-16-110-0eaef50c10,Holon Phantoms,Rayquaza δ,16/110,NO_VARIANT_LINK
pkm-holon-phantoms-26-110-9ef616441e,Holon Phantoms,Rayquaza δ,26/110,NO_VARIANT_LINK
pkm-holon-phantoms-62-110-4136c2134b,Holon Phantoms,Corphish,62/110,NO_VARIANT_LINK
pkm-holon-phantoms-63-110-9c814d61df,Holon Phantoms,Corphish,63/110,NO_VARIANT_LINK
pkm-holon-phantoms-98-110-ef5fa5b3f2,Holon Phantoms,δ Rainbow Energy,98/110,NO_VARIANT_LINK
pkm-holon-phantoms-110-110-258788c4e4,Holon Phantoms,Fighting Energy,110/110,NO_VARIANT_LINK
pkm-power-keepers-108-108-8cfb0eb8a1,Power Keepers,Fighting Energy,108/108,NO_VARIANT_LINK
pkm-ruby-and-sapphire-3-109-34a805b454,Ruby and Sapphire,Blaziken,3/109,NO_VARIANT_LINK
pkm-ruby-and-sapphire-5-109-9020dad551,Ruby and Sapphire,Delcatty,5/109,NO_VARIANT_LINK
pkm-ruby-and-sapphire-8-109-309243a937,Ruby and Sapphire,Hariyama,8/109,NO_VARIANT_LINK
pkm-ruby-and-sapphire-9-109-60014c7591,Ruby and Sapphire,Manectric,9/109,NO_VARIANT_LINK
pkm-ruby-and-sapphire-10-109-e9d38f9792,Ruby and Sapphire,Mightyena,10/109,NO_VARIANT_LINK
pkm-ruby-and-sapphire-11-109-7afdfc7849,Ruby and Sapphire,Sceptile,11/109,NO_VARIANT_LINK
pkm-ruby-and-sapphire-13-109-9abed1d000,Ruby and Sapphire,Swampert,13/109,NO_VARIANT_LINK
pkm-ruby-and-sapphire-15-109-0890bad9d5,Ruby and Sapphire,Blaziken,15/109,NO_VARIANT_LINK
pkm-ruby-and-sapphire-20-109-c0028d0d1c,Ruby and Sapphire,Sceptile,20/109,NO_VARIANT_LINK
pkm-ruby-and-sapphire-23-109-a2492bb2a6,Ruby and Sapphire,Swampert,23/109,NO_VARIANT_LINK
pkm-ruby-and-sapphire-25-109-2fdee83718,Ruby and Sapphire,Aron,25/109,NO_VARIANT_LINK
pkm-ruby-and-sapphire-27-109-16179028d7,Ruby and Sapphire,Combusken,27/109,NO_VARIANT_LINK
pkm-ruby-and-sapphire-28-109-92d91fae8d,Ruby and Sapphire,Combusken,28/109,NO_VARIANT_LINK
pkm-ruby-and-sapphire-29-109-714f0c76cc,Ruby and Sapphire,Delcatty,29/109,NO_VARIANT_LINK
pkm-ruby-and-sapphire-30-109-1c05ee961d,Ruby and Sapphire,Electrike,30/109,NO_VARIANT_LINK
pkm-ruby-and-sapphire-31-109-bceed9ee27,Ruby and Sapphire,Grovyle,31/109,NO_VARIANT_LINK
pkm-ruby-and-sapphire-32-109-3f15e3a10a,Ruby and Sapphire,Grovyle,32/109,NO_VARIANT_LINK
pkm-ruby-and-sapphire-33-109-c36a6716b5,Ruby and Sapphire,Hariyama,33/109,NO_VARIANT_LINK
pkm-ruby-and-sapphire-34-109-f087393c17,Ruby and Sapphire,Kirlia,34/109,NO_VARIANT_LINK
pkm-ruby-and-sapphire-35-109-445e86f389,Ruby and Sapphire,Kirlia,35/109,NO_VARIANT_LINK
pkm-ruby-and-sapphire-36-109-7fed3bf03e,Ruby and Sapphire,Lairon,36/109,NO_VARIANT_LINK
pkm-ruby-and-sapphire-37-109-d123b9c5d5,Ruby and Sapphire,Lairon,37/109,NO_VARIANT_LINK
pkm-ruby-and-sapphire-39-109-5a11129b9f,Ruby and Sapphire,Manectric,39/109,NO_VARIANT_LINK
pkm-ruby-and-sapphire-40-109-cc4fb6c100,Ruby and Sapphire,Marshtomp,40/109,NO_VARIANT_LINK
pkm-ruby-and-sapphire-41-109-49381c463d,Ruby and Sapphire,Marshtomp,41/109,NO_VARIANT_LINK
pkm-ruby-and-sapphire-42-109-ce21ec6b70,Ruby and Sapphire,Mightyena,42/109,NO_VARIANT_LINK
pkm-ruby-and-sapphire-44-109-09700e9f0a,Ruby and Sapphire,Skitty,44/109,NO_VARIANT_LINK
pkm-ruby-and-sapphire-49-109-207aeedb21,Ruby and Sapphire,Aron,49/109,NO_VARIANT_LINK
pkm-ruby-and-sapphire-50-109-b2b2a1cffd,Ruby and Sapphire,Aron,50/109,NO_VARIANT_LINK
pkm-ruby-and-sapphire-52-109-1ff6e661b8,Ruby and Sapphire,Electrike,52/109,NO_VARIANT_LINK
pkm-ruby-and-sapphire-53-109-7ede32ce1c,Ruby and Sapphire,Electrike,53/109,NO_VARIANT_LINK
pkm-ruby-and-sapphire-56-109-558b4c1b0f,Ruby and Sapphire,Makuhita,56/109,NO_VARIANT_LINK
pkm-ruby-and-sapphire-57-109-10c7e72381,Ruby and Sapphire,Makuhita,57/109,NO_VARIANT_LINK
pkm-ruby-and-sapphire-58-109-fc963b0305,Ruby and Sapphire,Makuhita,58/109,NO_VARIANT_LINK
pkm-ruby-and-sapphire-59-109-31531c8a47,Ruby and Sapphire,Mudkip,59/109,NO_VARIANT_LINK
pkm-ruby-and-sapphire-60-109-275917b7ee,Ruby and Sapphire,Mudkip,60/109,NO_VARIANT_LINK
pkm-ruby-and-sapphire-63-109-9e576aa332,Ruby and Sapphire,Poochyena,63/109,NO_VARIANT_LINK
pkm-ruby-and-sapphire-64-109-c108c7243b,Ruby and Sapphire,Poochyena,64/109,NO_VARIANT_LINK
pkm-ruby-and-sapphire-65-109-4097f5c672,Ruby and Sapphire,Poochyena,65/109,NO_VARIANT_LINK
pkm-ruby-and-sapphire-66-109-73513785e9,Ruby and Sapphire,Ralts,66/109,NO_VARIANT_LINK
pkm-ruby-and-sapphire-67-109-52e42aa376,Ruby and Sapphire,Ralts,67/109,NO_VARIANT_LINK
pkm-ruby-and-sapphire-68-109-bea8093912,Ruby and Sapphire,Ralts,68/109,NO_VARIANT_LINK
pkm-ruby-and-sapphire-70-109-8ecce238ef,Ruby and Sapphire,Skitty,70/109,NO_VARIANT_LINK
pkm-ruby-and-sapphire-71-109-41a0ded0ee,Ruby and Sapphire,Skitty,71/109,NO_VARIANT_LINK
pkm-ruby-and-sapphire-73-109-04ff49c816,Ruby and Sapphire,Torchic,73/109,NO_VARIANT_LINK
pkm-ruby-and-sapphire-74-109-a914898ae8,Ruby and Sapphire,Torchic,74/109,NO_VARIANT_LINK
pkm-ruby-and-sapphire-75-109-49ffcb6bb7,Ruby and Sapphire,Treecko,75/109,NO_VARIANT_LINK
pkm-ruby-and-sapphire-76-109-60326d5813,Ruby and Sapphire,Treecko,76/109,NO_VARIANT_LINK
pkm-ruby-and-sapphire-83-109-08adef6a52,Ruby and Sapphire,Lady Outing,83/109,NO_VARIANT_LINK
pkm-ruby-and-sapphire-105-109-3d16e64128,Ruby and Sapphire,Fighting Energy,105/109,NO_VARIANT_LINK
pkm-sandstorm-12-100-ad7b3bf0ba,Sandstorm,Shiftry,12/100,NO_VARIANT_LINK
pkm-sandstorm-22-100-e512492f1e,Sandstorm,Shiftry,22/100,NO_VARIANT_LINK
pkm-sandstorm-27-100-edaf8d5935,Sandstorm,Anorith,27/100,NO_VARIANT_LINK
pkm-sandstorm-28-100-49dfb00530,Sandstorm,Anorith,28/100,NO_VARIANT_LINK
pkm-sandstorm-42-100-3c87fada4d,Sandstorm,Lileep,42/100,NO_VARIANT_LINK
pkm-sandstorm-43-100-957b2db9d6,Sandstorm,Lileep,43/100,NO_VARIANT_LINK
pkm-sandstorm-45-100-95433c7092,Sandstorm,Lombre,45/100,NO_VARIANT_LINK
pkm-sandstorm-46-100-7828776000,Sandstorm,Lombre,46/100,NO_VARIANT_LINK
pkm-sandstorm-48-100-bf88a7851c,Sandstorm,Nuzleaf,48/100,NO_VARIANT_LINK
pkm-sandstorm-49-100-6ef67b8d3a,Sandstorm,Nuzleaf,49/100,NO_VARIANT_LINK
pkm-sandstorm-57-100-4f52dd9f2a,Sandstorm,Cacnea,57/100,NO_VARIANT_LINK
pkm-sandstorm-58-100-96fe704088,Sandstorm,Cacnea,58/100,NO_VARIANT_LINK
pkm-sandstorm-61-100-49b6e3da75,Sandstorm,Duskull,61/100,NO_VARIANT_LINK
pkm-sandstorm-62-100-809e5cbc83,Sandstorm,Duskull,62/100,NO_VARIANT_LINK
pkm-sandstorm-66-100-e0da61a3ac,Sandstorm,Lotad,66/100,NO_VARIANT_LINK
pkm-sandstorm-67-100-5c105b17d2,Sandstorm,Lotad,67/100,NO_VARIANT_LINK
pkm-sandstorm-76-100-6529788de0,Sandstorm,Seedot,76/100,NO_VARIANT_LINK
pkm-sandstorm-77-100-6e2562cb92,Sandstorm,Seedot,77/100,NO_VARIANT_LINK
pkm-team-magma-vs-team-aqua-2-95-66b5ed9709,Team Magma vs Team Aqua,Team Aqua's Crawdaunt,2/95,NO_VARIANT_LINK
pkm-team-magma-vs-team-aqua-4-95-85c55fe3d9,Team Magma vs Team Aqua,Team Aqua's Manectric,4/95,NO_VARIANT_LINK
pkm-team-magma-vs-team-aqua-5-95-afe632769e,Team Magma vs Team Aqua,Team Aqua's Sharpedo,5/95,NO_VARIANT_LINK
pkm-team-magma-vs-team-aqua-8-95-ab5f89b7b3,Team Magma vs Team Aqua,Team Magma's Claydol,8/95,NO_VARIANT_LINK
pkm-team-magma-vs-team-aqua-10-95-82abd10714,Team Magma vs Team Aqua,Team Magma's Houndoom,10/95,NO_VARIANT_LINK
pkm-team-magma-vs-team-aqua-11-95-944baf12db,Team Magma vs Team Aqua,Team Magma's Rhydon,11/95,NO_VARIANT_LINK
pkm-team-magma-vs-team-aqua-14-95-81129ae5be,Team Magma vs Team Aqua,Team Aqua's Crawdaunt,14/95,NO_VARIANT_LINK
pkm-team-magma-vs-team-aqua-15-95-ce98be25bd,Team Magma vs Team Aqua,Team Aqua's Mightyena,15/95,NO_VARIANT_LINK
pkm-team-magma-vs-team-aqua-16-95-b955b60075,Team Magma vs Team Aqua,Team Aqua's Sealeo,16/95,NO_VARIANT_LINK
pkm-team-magma-vs-team-aqua-18-95-3c67b2b12c,Team Magma vs Team Aqua,Team Aqua's Sharpedo,18/95,NO_VARIANT_LINK
pkm-team-magma-vs-team-aqua-20-95-36a54b82c2,Team Magma vs Team Aqua,Team Magma's Lairon,20/95,NO_VARIANT_LINK
pkm-team-magma-vs-team-aqua-21-95-8917e54201,Team Magma vs Team Aqua,Team Magma's Mightyena,21/95,NO_VARIANT_LINK
pkm-team-magma-vs-team-aqua-22-95-0de226339c,Team Magma vs Team Aqua,Team Magma's Rhydon,22/95,NO_VARIANT_LINK
pkm-team-magma-vs-team-aqua-24-95-14078ad969,Team Magma vs Team Aqua,Team Aqua's Cacnea,24/95,NO_VARIANT_LINK
pkm-team-magma-vs-team-aqua-25-95-549ea4555e,Team Magma vs Team Aqua,Team Aqua's Carvanha,25/95,NO_VARIANT_LINK
pkm-team-magma-vs-team-aqua-26-95-7e1b3dfac2,Team Magma vs Team Aqua,Team Aqua's Corphish,26/95,NO_VARIANT_LINK
pkm-team-magma-vs-team-aqua-27-95-0e9d6faf05,Team Magma vs Team Aqua,Team Aqua's Electrike,27/95,NO_VARIANT_LINK
pkm-team-magma-vs-team-aqua-29-95-3376fa1410,Team Magma vs Team Aqua,Team Aqua's Manectric,29/95,NO_VARIANT_LINK
pkm-team-magma-vs-team-aqua-30-95-fc67fcd3c5,Team Magma vs Team Aqua,Team Aqua's Mightyena,30/95,NO_VARIANT_LINK
pkm-team-magma-vs-team-aqua-31-95-ed0428e00f,Team Magma vs Team Aqua,Team Aqua's Sealeo,31/95,NO_VARIANT_LINK
pkm-team-magma-vs-team-aqua-32-95-3b9d9767c7,Team Magma vs Team Aqua,Team Magma's Baltoy,32/95,NO_VARIANT_LINK
pkm-team-magma-vs-team-aqua-33-95-79bd5696d2,Team Magma vs Team Aqua,Team Magma's Claydol,33/95,NO_VARIANT_LINK
pkm-team-magma-vs-team-aqua-34-95-b3543f5f90,Team Magma vs Team Aqua,Team Magma's Houndoom,34/95,NO_VARIANT_LINK
pkm-team-magma-vs-team-aqua-35-95-46b95a2664,Team Magma vs Team Aqua,Team Magma's Houndour,35/95,NO_VARIANT_LINK
pkm-team-magma-vs-team-aqua-36-95-3f57ac8503,Team Magma vs Team Aqua,Team Magma's Lairon,36/95,NO_VARIANT_LINK
pkm-team-magma-vs-team-aqua-37-95-eca029efa5,Team Magma vs Team Aqua,Team Magma's Mightyena,37/95,NO_VARIANT_LINK
pkm-team-magma-vs-team-aqua-38-95-d2c2c09bed,Team Magma vs Team Aqua,Team Magma's Rhyhorn,38/95,NO_VARIANT_LINK
pkm-team-magma-vs-team-aqua-47-95-0a55a19196,Team Magma vs Team Aqua,Team Aqua's Carvanha,47/95,NO_VARIANT_LINK
pkm-team-magma-vs-team-aqua-48-95-72adaaa41f,Team Magma vs Team Aqua,Team Aqua's Carvanha,48/95,NO_VARIANT_LINK
pkm-team-magma-vs-team-aqua-50-95-83a07df33c,Team Magma vs Team Aqua,Team Aqua's Corphish,50/95,NO_VARIANT_LINK
pkm-team-magma-vs-team-aqua-51-95-3a7245e837,Team Magma vs Team Aqua,Team Aqua's Corphish,51/95,NO_VARIANT_LINK
pkm-team-magma-vs-team-aqua-52-95-57df940d44,Team Magma vs Team Aqua,Team Aqua's Electrike,52/95,NO_VARIANT_LINK
pkm-team-magma-vs-team-aqua-53-95-8c32f76287,Team Magma vs Team Aqua,Team Aqua's Electrike,53/95,NO_VARIANT_LINK
pkm-team-magma-vs-team-aqua-54-95-41e5f16a71,Team Magma vs Team Aqua,Team Aqua's Poochyena,54/95,NO_VARIANT_LINK
pkm-team-magma-vs-team-aqua-55-95-faf673b41d,Team Magma vs Team Aqua,Team Aqua's Poochyena,55/95,NO_VARIANT_LINK
pkm-team-magma-vs-team-aqua-56-95-bf5757ca62,Team Magma vs Team Aqua,Team Aqua's Spheal,56/95,NO_VARIANT_LINK
pkm-team-magma-vs-team-aqua-57-95-d183a3f8e0,Team Magma vs Team Aqua,Team Aqua's Spheal,57/95,NO_VARIANT_LINK
pkm-team-magma-vs-team-aqua-58-95-797e7f7366,Team Magma vs Team Aqua,Team Magma's Aron,58/95,NO_VARIANT_LINK
pkm-team-magma-vs-team-aqua-59-95-4866a6ccf8,Team Magma vs Team Aqua,Team Magma's Aron,59/95,NO_VARIANT_LINK
pkm-team-magma-vs-team-aqua-60-95-59c8457ed9,Team Magma vs Team Aqua,Team Magma's Baltoy,60/95,NO_VARIANT_LINK
pkm-team-magma-vs-team-aqua-61-95-0b54c04387,Team Magma vs Team Aqua,Team Magma's Baltoy,61/95,NO_VARIANT_LINK
pkm-team-magma-vs-team-aqua-62-95-47174030c6,Team Magma vs Team Aqua,Team Magma's Houndour,62/95,NO_VARIANT_LINK
pkm-team-magma-vs-team-aqua-63-95-8d54367d7c,Team Magma vs Team Aqua,Team Magma's Houndour,63/95,NO_VARIANT_LINK
pkm-team-magma-vs-team-aqua-65-95-b829e34c05,Team Magma vs Team Aqua,Team Magma's Poochyena,65/95,NO_VARIANT_LINK
pkm-team-magma-vs-team-aqua-66-95-7ea62bf2ee,Team Magma vs Team Aqua,Team Magma's Poochyena,66/95,NO_VARIANT_LINK
pkm-team-magma-vs-team-aqua-67-95-66e88bf9ce,Team Magma vs Team Aqua,Team Magma's Rhyhorn,67/95,NO_VARIANT_LINK
pkm-team-magma-vs-team-aqua-68-95-fed9eed6f8,Team Magma vs Team Aqua,Team Magma's Rhyhorn,68/95,NO_VARIANT_LINK
pkm-team-rocket-returns-5-109-4ca480fb1a,Team Rocket Returns,Dark Houndoom,5/109,NO_VARIANT_LINK
pkm-team-rocket-returns-19-109-d44a3950e3,Team Rocket Returns,Dark Tyranitar,19/109,NO_VARIANT_LINK
pkm-team-rocket-returns-20-109-e13f9a65f2,Team Rocket Returns,Dark Tyranitar,20/109,NO_VARIANT_LINK
pkm-team-rocket-returns-31-109-704efcdf23,Team Rocket Returns,Dark Dragonair,31/109,NO_VARIANT_LINK
pkm-team-rocket-returns-32-109-8cd9f4ef7e,Team Rocket Returns,Dark Dragonair,32/109,NO_VARIANT_LINK
pkm-team-rocket-returns-37-109-bc6d042e97,Team Rocket Returns,Dark Houndoom,37/109,NO_VARIANT_LINK
pkm-team-rocket-returns-40-109-d6de2cc3bd,Team Rocket Returns,Dark Pupitar,40/109,NO_VARIANT_LINK
pkm-team-rocket-returns-41-109-bc034525b9,Team Rocket Returns,Dark Pupitar,41/109,NO_VARIANT_LINK
pkm-team-rocket-returns-45-109-2bfe91426a,Team Rocket Returns,Mantine,45/109,NO_VARIANT_LINK
pkm-team-rocket-returns-52-109-6ed12a5078,Team Rocket Returns,Dratini,52/109,NO_VARIANT_LINK
pkm-team-rocket-returns-53-109-b32a031588,Team Rocket Returns,Dratini,53/109,NO_VARIANT_LINK
pkm-team-rocket-returns-59-109-deaffe4792,Team Rocket Returns,Houndour,59/109,NO_VARIANT_LINK
pkm-team-rocket-returns-60-109-c629f8bf58,Team Rocket Returns,Houndour,60/109,NO_VARIANT_LINK
pkm-team-rocket-returns-62-109-63cac84338,Team Rocket Returns,Larvitar,62/109,NO_VARIANT_LINK
pkm-team-rocket-returns-63-109-794249c2b4,Team Rocket Returns,Larvitar,63/109,NO_VARIANT_LINK
pkm-team-rocket-returns-71-109-7af0c61bee,Team Rocket Returns,Rattata,71/109,NO_VARIANT_LINK
pkm-team-rocket-returns-72-109-8c0693d780,Team Rocket Returns,Rattata,72/109,NO_VARIANT_LINK
pkm-unseen-forces-a-115-5fa29d0723,Unseen Forces,Unown,A/115,NO_VARIANT_LINK
pkm-unseen-forces-b-115-0ffd67b295,Unseen Forces,Unown,B/115,NO_VARIANT_LINK
pkm-unseen-forces-c-115-9b6ee27bc9,Unseen Forces,Unown,C/115,NO_VARIANT_LINK
pkm-unseen-forces-d-115-f26ae1ae54,Unseen Forces,Unown,D/115,NO_VARIANT_LINK
pkm-unseen-forces-e-115-21c5f234f1,Unseen Forces,Unown,E/115,NO_VARIANT_LINK
pkm-unseen-forces-f-115-924efd8d42,Unseen Forces,Unown,F/115,NO_VARIANT_LINK
pkm-unseen-forces-g-115-8afa836f9a,Unseen Forces,Unown,G/115,NO_VARIANT_LINK
pkm-unseen-forces-h-115-2eb21ad51d,Unseen Forces,Unown,H/115,NO_VARIANT_LINK
pkm-unseen-forces-i-115-a5723df78b,Unseen Forces,Unown,I/115,NO_VARIANT_LINK
pkm-unseen-forces-j-115-0accf5b83a,Unseen Forces,Unown,J/115,NO_VARIANT_LINK
pkm-unseen-forces-k-115-ec69cbcf29,Unseen Forces,Unown,K/115,NO_VARIANT_LINK
pkm-unseen-forces-l-115-36d5233799,Unseen Forces,Unown,L/115,NO_VARIANT_LINK
pkm-unseen-forces-m-115-39a3e7a3c8,Unseen Forces,Unown,M/115,NO_VARIANT_LINK
pkm-unseen-forces-n-115-3b4689dc7e,Unseen Forces,Unown,N/115,NO_VARIANT_LINK
pkm-unseen-forces-o-115-a84c8cc8d1,Unseen Forces,Unown,O/115,NO_VARIANT_LINK
pkm-unseen-forces-p-115-12c82b9b04,Unseen Forces,Unown,P/115,NO_VARIANT_LINK
pkm-unseen-forces-q-115-2cde928d4f,Unseen Forces,Unown,Q/115,NO_VARIANT_LINK
pkm-unseen-forces-r-115-f0f0173646,Unseen Forces,Unown,R/115,NO_VARIANT_LINK
pkm-unseen-forces-s-115-a3af66ea18,Unseen Forces,Unown,S/115,NO_VARIANT_LINK
pkm-unseen-forces-t-115-2da08a51e3,Unseen Forces,Unown,T/115,NO_VARIANT_LINK
pkm-unseen-forces-u-115-276ed9ef12,Unseen Forces,Unown,U/115,NO_VARIANT_LINK
pkm-unseen-forces-v-115-73796b956b,Unseen Forces,Unown,V/115,NO_VARIANT_LINK
pkm-unseen-forces-w-115-2b30670a05,Unseen Forces,Unown,W/115,NO_VARIANT_LINK
pkm-unseen-forces-x-115-20f9dee220,Unseen Forces,Unown,X/115,NO_VARIANT_LINK
pkm-unseen-forces-y-115-64e05afcc6,Unseen Forces,Unown,Y/115,NO_VARIANT_LINK
pkm-unseen-forces-z-115-54aaeaa94f,Unseen Forces,Unown,Z/115,NO_VARIANT_LINK
pkm-gym-challenge-75-132-497af2219a,Gym Challenge,Giovanni's Nidoran ♀,75/132,NO_VARIANT_LINK
pkm-gym-challenge-76-132-49f935251b,Gym Challenge,Giovanni's Nidoran ♂,76/132,NO_VARIANT_LINK
pkm-gym-challenge-127-132-f138389efd,Gym Challenge,Fighting Energy,127/132,NO_VARIANT_LINK
pkm-gym-heroes-42-132-7c65889d30,Gym Heroes,Erika's Dratini,42/132,NO_VARIANT_LINK
pkm-gym-heroes-127-132-16523ea998,Gym Heroes,Fighting Energy,127/132,NO_VARIANT_LINK
pkm-call-of-legends-93-95-38891c0695,Call of Legends,Fighting Energy,93/95,NO_VARIANT_LINK
pkm-call-of-legends-sl1-95-f5030a6ca3,Call of Legends,Deoxys,SL1/95,NO_VARIANT_LINK
pkm-call-of-legends-sl2-95-d29c59b00c,Call of Legends,Dialga,SL2/95,NO_VARIANT_LINK
pkm-call-of-legends-sl3-95-b11798120a,Call of Legends,Entei,SL3/95,NO_VARIANT_LINK
pkm-call-of-legends-sl4-95-ff03df075c,Call of Legends,Groudon,SL4/95,NO_VARIANT_LINK
pkm-call-of-legends-sl5-95-8e5cce3016,Call of Legends,Ho-Oh,SL5/95,NO_VARIANT_LINK
pkm-call-of-legends-sl6-95-1427b196dc,Call of Legends,Kyogre,SL6/95,NO_VARIANT_LINK
pkm-call-of-legends-sl7-95-2f86d2d6e1,Call of Legends,Lugia,SL7/95,NO_VARIANT_LINK
pkm-call-of-legends-sl8-95-e30b9ee3ad,Call of Legends,Palkia,SL8/95,NO_VARIANT_LINK
pkm-call-of-legends-sl9-95-ad2cffa690,Call of Legends,Raikou,SL9/95,NO_VARIANT_LINK
pkm-call-of-legends-sl10-95-a1109b571d,Call of Legends,Rayquaza,SL10/95,NO_VARIANT_LINK
pkm-call-of-legends-sl11-95-2fc638056c,Call of Legends,Suicune,SL11/95,NO_VARIANT_LINK
pkm-heartgold-and-soulsilver-1-123-a477da31fe,HeartGold and SoulSilver,Arcanine,1/123,NO_VARIANT_LINK
pkm-heartgold-and-soulsilver-2-123-6ad343df54,HeartGold and SoulSilver,Azumarill,2/123,NO_VARIANT_LINK
pkm-heartgold-and-soulsilver-3-123-e83d361fd2,HeartGold and SoulSilver,Clefable,3/123,NO_VARIANT_LINK
pkm-heartgold-and-soulsilver-4-123-762ca622ea,HeartGold and SoulSilver,Gyarados,4/123,NO_VARIANT_LINK
pkm-heartgold-and-soulsilver-5-123-268893118b,HeartGold and SoulSilver,Hitmontop,5/123,NO_VARIANT_LINK
pkm-heartgold-and-soulsilver-6-123-7f10e1d07a,HeartGold and SoulSilver,Jumpluff,6/123,NO_VARIANT_LINK
pkm-heartgold-and-soulsilver-7-123-5d4b3f2c21,HeartGold and SoulSilver,Ninetales,7/123,NO_VARIANT_LINK
pkm-heartgold-and-soulsilver-8-123-fb3490d649,HeartGold and SoulSilver,Noctowl,8/123,NO_VARIANT_LINK
pkm-heartgold-and-soulsilver-9-123-482c52a73c,HeartGold and SoulSilver,Quagsire,9/123,NO_VARIANT_LINK
pkm-heartgold-and-soulsilver-10-123-698e4333ad,HeartGold and SoulSilver,Raichu,10/123,NO_VARIANT_LINK
pkm-heartgold-and-soulsilver-11-123-e4cec531d8,HeartGold and SoulSilver,Shuckle,11/123,NO_VARIANT_LINK
pkm-heartgold-and-soulsilver-12-123-29d3245f10,HeartGold and SoulSilver,Slowking,12/123,NO_VARIANT_LINK
pkm-heartgold-and-soulsilver-13-123-1c92c29066,HeartGold and SoulSilver,Wobbuffet,13/123,NO_VARIANT_LINK
pkm-heartgold-and-soulsilver-14-123-1914764941,HeartGold and SoulSilver,Ampharos,14/123,NO_VARIANT_LINK
pkm-heartgold-and-soulsilver-15-123-81eff8482e,HeartGold and SoulSilver,Ariados,15/123,NO_VARIANT_LINK
pkm-heartgold-and-soulsilver-16-123-2aa15ce9ac,HeartGold and SoulSilver,Butterfree,16/123,NO_VARIANT_LINK
pkm-heartgold-and-soulsilver-17-123-e87318d85f,HeartGold and SoulSilver,Cleffa,17/123,NO_VARIANT_LINK
pkm-heartgold-and-soulsilver-18-123-38b7cab1bb,HeartGold and SoulSilver,Exeggutor,18/123,NO_VARIANT_LINK
pkm-heartgold-and-soulsilver-19-123-664c193fcf,HeartGold and SoulSilver,Farfetch'd,19/123,NO_VARIANT_LINK
pkm-heartgold-and-soulsilver-20-123-0a1443039e,HeartGold and SoulSilver,Feraligatr,20/123,NO_VARIANT_LINK
pkm-heartgold-and-soulsilver-21-123-ad967e8ba2,HeartGold and SoulSilver,Furret,21/123,NO_VARIANT_LINK
pkm-heartgold-and-soulsilver-22-123-767f7f1961,HeartGold and SoulSilver,Granbull,22/123,NO_VARIANT_LINK
pkm-heartgold-and-soulsilver-23-123-42444d47e0,HeartGold and SoulSilver,Hypno,23/123,NO_VARIANT_LINK
pkm-heartgold-and-soulsilver-24-123-82b50e45c3,HeartGold and SoulSilver,Lapras,24/123,NO_VARIANT_LINK
pkm-heartgold-and-soulsilver-25-123-a6c4ccfa7b,HeartGold and SoulSilver,Ledian,25/123,NO_VARIANT_LINK
pkm-heartgold-and-soulsilver-26-123-50d7775aae,HeartGold and SoulSilver,Meganium,26/123,NO_VARIANT_LINK
pkm-heartgold-and-soulsilver-27-123-0b8050b72a,HeartGold and SoulSilver,Persian,27/123,NO_VARIANT_LINK
pkm-heartgold-and-soulsilver-28-123-ddbbeea313,HeartGold and SoulSilver,Pichu,28/123,NO_VARIANT_LINK
pkm-heartgold-and-soulsilver-29-123-354b8cb4b2,HeartGold and SoulSilver,Sandslash,29/123,NO_VARIANT_LINK
pkm-heartgold-and-soulsilver-30-123-8f05f340ce,HeartGold and SoulSilver,Smoochum,30/123,NO_VARIANT_LINK
pkm-heartgold-and-soulsilver-31-123-8440834415,HeartGold and SoulSilver,Sunflora,31/123,NO_VARIANT_LINK
pkm-heartgold-and-soulsilver-32-123-d774a221fc,HeartGold and SoulSilver,Typhlosion,32/123,NO_VARIANT_LINK
pkm-heartgold-and-soulsilver-33-123-fd868e0045,HeartGold and SoulSilver,Tyrogue,33/123,NO_VARIANT_LINK
pkm-heartgold-and-soulsilver-34-123-ecd86f4b54,HeartGold and SoulSilver,Weezing,34/123,NO_VARIANT_LINK
pkm-heartgold-and-soulsilver-35-123-f6f1656cf4,HeartGold and SoulSilver,Bayleef,35/123,NO_VARIANT_LINK
pkm-heartgold-and-soulsilver-36-123-fae642cd61,HeartGold and SoulSilver,Blissey,36/123,NO_VARIANT_LINK
pkm-heartgold-and-soulsilver-37-123-348cdf7dac,HeartGold and SoulSilver,Corsola,37/123,NO_VARIANT_LINK
pkm-heartgold-and-soulsilver-38-123-0f6e6cc9ad,HeartGold and SoulSilver,Croconaw,38/123,NO_VARIANT_LINK
pkm-heartgold-and-soulsilver-39-123-2ddeabb086,HeartGold and SoulSilver,Delibird,39/123,NO_VARIANT_LINK
pkm-heartgold-and-soulsilver-40-123-cbecbd001e,HeartGold and SoulSilver,Donphan,40/123,NO_VARIANT_LINK
pkm-heartgold-and-soulsilver-41-123-f21ff9f893,HeartGold and SoulSilver,Dunsparce,41/123,NO_VARIANT_LINK
pkm-heartgold-and-soulsilver-42-123-17be1b27b0,HeartGold and SoulSilver,Flaaffy,42/123,NO_VARIANT_LINK
pkm-heartgold-and-soulsilver-43-123-a13deb2f6c,HeartGold and SoulSilver,Heracross,43/123,NO_VARIANT_LINK
pkm-heartgold-and-soulsilver-44-123-0eba21f2e2,HeartGold and SoulSilver,Igglybuff,44/123,NO_VARIANT_LINK
pkm-heartgold-and-soulsilver-45-123-a710bce41f,HeartGold and SoulSilver,Mantine,45/123,NO_VARIANT_LINK
pkm-heartgold-and-soulsilver-46-123-22c455f462,HeartGold and SoulSilver,Metapod,46/123,NO_VARIANT_LINK
pkm-heartgold-and-soulsilver-47-123-2be9114e4e,HeartGold and SoulSilver,Miltank,47/123,NO_VARIANT_LINK
pkm-heartgold-and-soulsilver-48-123-26f8e78924,HeartGold and SoulSilver,Parasect,48/123,NO_VARIANT_LINK
pkm-heartgold-and-soulsilver-49-123-2643f5bbe4,HeartGold and SoulSilver,Quilava,49/123,NO_VARIANT_LINK
pkm-heartgold-and-soulsilver-50-123-d678a150ad,HeartGold and SoulSilver,Qwilfish,50/123,NO_VARIANT_LINK
pkm-heartgold-and-soulsilver-51-123-ec8c2e2aa2,HeartGold and SoulSilver,Skiploom,51/123,NO_VARIANT_LINK
pkm-heartgold-and-soulsilver-52-123-b1a0f48754,HeartGold and SoulSilver,Slowbro,52/123,NO_VARIANT_LINK
pkm-heartgold-and-soulsilver-53-123-66b54c8464,HeartGold and SoulSilver,Starmie,53/123,NO_VARIANT_LINK
pkm-heartgold-and-soulsilver-54-123-10c0ff4dd6,HeartGold and SoulSilver,Unown,54/123,NO_VARIANT_LINK
pkm-heartgold-and-soulsilver-55-123-b5b31493fa,HeartGold and SoulSilver,Unown,55/123,NO_VARIANT_LINK
pkm-heartgold-and-soulsilver-56-123-7b9b18d619,HeartGold and SoulSilver,Wigglytuff,56/123,NO_VARIANT_LINK
pkm-heartgold-and-soulsilver-57-123-9093cdf992,HeartGold and SoulSilver,Caterpie,57/123,NO_VARIANT_LINK
pkm-heartgold-and-soulsilver-58-123-d3e1777d16,HeartGold and SoulSilver,Chansey,58/123,NO_VARIANT_LINK
pkm-heartgold-and-soulsilver-59-123-975844e4d1,HeartGold and SoulSilver,Chikorita,59/123,NO_VARIANT_LINK
pkm-heartgold-and-soulsilver-60-123-4df9eca4f4,HeartGold and SoulSilver,Clefairy,60/123,NO_VARIANT_LINK
pkm-heartgold-and-soulsilver-61-123-f0836e92a0,HeartGold and SoulSilver,Cyndaquil,61/123,NO_VARIANT_LINK
pkm-heartgold-and-soulsilver-62-123-585f5ebbfe,HeartGold and SoulSilver,Drowzee,62/123,NO_VARIANT_LINK
pkm-heartgold-and-soulsilver-63-123-92ae48f2f3,HeartGold and SoulSilver,Exeggcute,63/123,NO_VARIANT_LINK
pkm-heartgold-and-soulsilver-64-123-e35a5d9fdc,HeartGold and SoulSilver,Girafarig,64/123,NO_VARIANT_LINK
pkm-heartgold-and-soulsilver-65-123-65e210b123,HeartGold and SoulSilver,Growlithe,65/123,NO_VARIANT_LINK
pkm-heartgold-and-soulsilver-66-123-512d163798,HeartGold and SoulSilver,Hoothoot,66/123,NO_VARIANT_LINK
pkm-heartgold-and-soulsilver-67-123-27881c0162,HeartGold and SoulSilver,Hoppip,67/123,NO_VARIANT_LINK
pkm-heartgold-and-soulsilver-68-123-852d02ef0f,HeartGold and SoulSilver,Jigglypuff,68/123,NO_VARIANT_LINK
pkm-heartgold-and-soulsilver-69-123-40617ce497,HeartGold and SoulSilver,Jynx,69/123,NO_VARIANT_LINK
pkm-heartgold-and-soulsilver-70-123-ef770578a3,HeartGold and SoulSilver,Koffing,70/123,NO_VARIANT_LINK
pkm-heartgold-and-soulsilver-71-123-24853ef3d7,HeartGold and SoulSilver,Ledyba,71/123,NO_VARIANT_LINK
pkm-heartgold-and-soulsilver-72-123-92e5ea43e5,HeartGold and SoulSilver,Magikarp,72/123,NO_VARIANT_LINK
pkm-heartgold-and-soulsilver-73-123-7fad369aa4,HeartGold and SoulSilver,Mareep,73/123,NO_VARIANT_LINK
pkm-heartgold-and-soulsilver-74-123-2035b188c6,HeartGold and SoulSilver,Marill,74/123,NO_VARIANT_LINK
pkm-heartgold-and-soulsilver-75-123-27f9d012a1,HeartGold and SoulSilver,Meowth,75/123,NO_VARIANT_LINK
pkm-heartgold-and-soulsilver-76-123-cd29b89c11,HeartGold and SoulSilver,Paras,76/123,NO_VARIANT_LINK
pkm-heartgold-and-soulsilver-77-123-c277d4cb5b,HeartGold and SoulSilver,Phanpy,77/123,NO_VARIANT_LINK
pkm-heartgold-and-soulsilver-78-123-1d14425229,HeartGold and SoulSilver,Pikachu,78/123,NO_VARIANT_LINK
pkm-heartgold-and-soulsilver-79-123-3bcb19bb6c,HeartGold and SoulSilver,Sandshrew,79/123,NO_VARIANT_LINK
pkm-heartgold-and-soulsilver-80-123-ad92172303,HeartGold and SoulSilver,Sentret,80/123,NO_VARIANT_LINK
pkm-heartgold-and-soulsilver-81-123-72ef624f0b,HeartGold and SoulSilver,Slowpoke,81/123,NO_VARIANT_LINK
pkm-heartgold-and-soulsilver-82-123-fdf6d551d5,HeartGold and SoulSilver,Snubbull,82/123,NO_VARIANT_LINK
pkm-heartgold-and-soulsilver-83-123-6b96afdd5a,HeartGold and SoulSilver,Spinarak,83/123,NO_VARIANT_LINK
pkm-heartgold-and-soulsilver-84-123-b827273e61,HeartGold and SoulSilver,Staryu,84/123,NO_VARIANT_LINK
pkm-heartgold-and-soulsilver-85-123-a7a0617bef,HeartGold and SoulSilver,Sunkern,85/123,NO_VARIANT_LINK
pkm-heartgold-and-soulsilver-86-123-9980891475,HeartGold and SoulSilver,Totodile,86/123,NO_VARIANT_LINK
pkm-heartgold-and-soulsilver-87-123-fa831df1bc,HeartGold and SoulSilver,Vulpix,87/123,NO_VARIANT_LINK
pkm-heartgold-and-soulsilver-88-123-786b9c0285,HeartGold and SoulSilver,Wooper,88/123,NO_VARIANT_LINK
pkm-heartgold-and-soulsilver-89-123-beb9962821,HeartGold and SoulSilver,Bill,89/123,NO_VARIANT_LINK
pkm-heartgold-and-soulsilver-90-123-fed654aa42,HeartGold and SoulSilver,Copycat,90/123,NO_VARIANT_LINK
pkm-heartgold-and-soulsilver-91-123-3d01d0a715,HeartGold and SoulSilver,Energy Switch,91/123,NO_VARIANT_LINK
pkm-heartgold-and-soulsilver-92-123-b59aaa78c6,HeartGold and SoulSilver,Fisherman,92/123,NO_VARIANT_LINK
pkm-heartgold-and-soulsilver-93-123-c8513f3e50,HeartGold and SoulSilver,Full Heal,93/123,NO_VARIANT_LINK
pkm-heartgold-and-soulsilver-94-123-85213e7bb0,HeartGold and SoulSilver,Moomoo Milk,94/123,NO_VARIANT_LINK
pkm-heartgold-and-soulsilver-95-123-b0558de03d,HeartGold and SoulSilver,Poké Ball,95/123,NO_VARIANT_LINK
pkm-heartgold-and-soulsilver-96-123-cc4ce393d5,HeartGold and SoulSilver,Pokégear 3.0,96/123,NO_VARIANT_LINK
pkm-heartgold-and-soulsilver-97-123-0fe3c2769a,HeartGold and SoulSilver,Pokémon Collector,97/123,NO_VARIANT_LINK
pkm-heartgold-and-soulsilver-98-123-88eee91412,HeartGold and SoulSilver,Pokémon Communication,98/123,NO_VARIANT_LINK
pkm-heartgold-and-soulsilver-99-123-7d2e39bc95,HeartGold and SoulSilver,Pokémon Reversal,99/123,NO_VARIANT_LINK
pkm-heartgold-and-soulsilver-100-123-c0e45ee9eb,HeartGold and SoulSilver,Professor Elm's Training Method,100/123,NO_VARIANT_LINK
pkm-heartgold-and-soulsilver-101-123-3b624b9f2d,HeartGold and SoulSilver,Professor Oak's New Theory,101/123,NO_VARIANT_LINK
pkm-heartgold-and-soulsilver-102-123-77dd3ef570,HeartGold and SoulSilver,Switch,102/123,NO_VARIANT_LINK
pkm-heartgold-and-soulsilver-103-123-41cc61c59e,HeartGold and SoulSilver,Double Colorless Energy,103/123,NO_VARIANT_LINK
pkm-heartgold-and-soulsilver-104-123-853511c65e,HeartGold and SoulSilver,Rainbow Energy,104/123,NO_VARIANT_LINK
pkm-heartgold-and-soulsilver-105-123-4879df1378,HeartGold and SoulSilver,Ampharos,105/123,NO_VARIANT_LINK
pkm-heartgold-and-soulsilver-106-123-759e14bb2f,HeartGold and SoulSilver,Blissey,106/123,NO_VARIANT_LINK
pkm-heartgold-and-soulsilver-107-123-1805e642be,HeartGold and SoulSilver,Donphan,107/123,NO_VARIANT_LINK
pkm-heartgold-and-soulsilver-108-123-11a26fa4f1,HeartGold and SoulSilver,Feraligatr,108/123,NO_VARIANT_LINK
pkm-heartgold-and-soulsilver-109-123-361094eeaf,HeartGold and SoulSilver,Meganium,109/123,NO_VARIANT_LINK
pkm-heartgold-and-soulsilver-110-123-fcc0131ffa,HeartGold and SoulSilver,Typhlosion,110/123,NO_VARIANT_LINK
pkm-heartgold-and-soulsilver-111-123-d5a179f275,HeartGold and SoulSilver,Ho-Oh LEGEND,111/123,NO_VARIANT_LINK
pkm-heartgold-and-soulsilver-112-123-9550bc9288,HeartGold and SoulSilver,Ho-Oh LEGEND,112/123,NO_VARIANT_LINK
pkm-heartgold-and-soulsilver-113-123-f2cdfeb4cf,HeartGold and SoulSilver,Lugia LEGEND,113/123,NO_VARIANT_LINK
pkm-heartgold-and-soulsilver-114-123-1efac8682a,HeartGold and SoulSilver,Lugia LEGEND,114/123,NO_VARIANT_LINK
pkm-heartgold-and-soulsilver-115-123-3a702cadae,HeartGold and SoulSilver,Grass Energy,115/123,NO_VARIANT_LINK
pkm-heartgold-and-soulsilver-116-123-d108ffe247,HeartGold and SoulSilver,Fire Energy,116/123,NO_VARIANT_LINK
pkm-heartgold-and-soulsilver-117-123-9c741d5e45,HeartGold and SoulSilver,Water Energy,117/123,NO_VARIANT_LINK
pkm-heartgold-and-soulsilver-118-123-03b3cc4256,HeartGold and SoulSilver,Lightning Energy,118/123,NO_VARIANT_LINK
pkm-heartgold-and-soulsilver-119-123-857c9f6815,HeartGold and SoulSilver,Psychic Energy,119/123,NO_VARIANT_LINK
pkm-heartgold-and-soulsilver-120-123-0453054f5a,HeartGold and SoulSilver,Fighting Energy,120/123,NO_VARIANT_LINK
pkm-heartgold-and-soulsilver-121-123-dc63acabb2,HeartGold and SoulSilver,Darkness Energy,121/123,NO_VARIANT_LINK
pkm-heartgold-and-soulsilver-122-123-44659a4f1f,HeartGold and SoulSilver,Metal Energy,122/123,NO_VARIANT_LINK
pkm-heartgold-and-soulsilver-123-123-a439f900cc,HeartGold and SoulSilver,Gyarados,123/123,NO_VARIANT_LINK
pkm-heartgold-and-soulsilver-one-123-3e863c8657,HeartGold and SoulSilver,Alph Lithograph,ONE/123,NO_VARIANT_LINK
pkm-hgss-black-star-promos-hgss01-25-f4ff189248,HGSS Black Star Promos,Ho-Oh,HGSS01/25,NO_VARIANT_LINK
pkm-hgss-black-star-promos-hgss02-25-c2564afe5f,HGSS Black Star Promos,Lugia,HGSS02/25,NO_VARIANT_LINK
pkm-hgss-black-star-promos-hgss03-25-3f25b83f80,HGSS Black Star Promos,Pikachu,HGSS03/25,NO_VARIANT_LINK
pkm-hgss-black-star-promos-hgss04-25-78896fdfa9,HGSS Black Star Promos,Wobbuffet,HGSS04/25,NO_VARIANT_LINK
pkm-hgss-black-star-promos-hgss05-25-d0dc54bdd9,HGSS Black Star Promos,Hoothoot,HGSS05/25,NO_VARIANT_LINK
pkm-hgss-black-star-promos-hgss06-25-cb8cfac0c9,HGSS Black Star Promos,Noctowl,HGSS06/25,NO_VARIANT_LINK
pkm-hgss-black-star-promos-hgss07-25-e51f75fdc5,HGSS Black Star Promos,Feraligatr,HGSS07/25,NO_VARIANT_LINK
pkm-hgss-black-star-promos-hgss08-25-08bf732ca6,HGSS Black Star Promos,Meganium,HGSS08/25,NO_VARIANT_LINK
pkm-hgss-black-star-promos-hgss09-25-20c8b48f6e,HGSS Black Star Promos,Typhlosion,HGSS09/25,NO_VARIANT_LINK
pkm-hgss-black-star-promos-hgss10-25-3d147e4e7d,HGSS Black Star Promos,Latias,HGSS10/25,NO_VARIANT_LINK
pkm-hgss-black-star-promos-hgss11-25-3e342243be,HGSS Black Star Promos,Latios,HGSS11/25,NO_VARIANT_LINK
pkm-hgss-black-star-promos-hgss12-25-0be63553d5,HGSS Black Star Promos,Cleffa,HGSS12/25,NO_VARIANT_LINK
pkm-hgss-black-star-promos-hgss13-25-b8248e0e9d,HGSS Black Star Promos,Smoochum,HGSS13/25,NO_VARIANT_LINK
pkm-hgss-black-star-promos-hgss14-25-d39968f214,HGSS Black Star Promos,Lapras,HGSS14/25,NO_VARIANT_LINK
pkm-hgss-black-star-promos-hgss15-25-0571fc3dee,HGSS Black Star Promos,Shuckle,HGSS15/25,NO_VARIANT_LINK
pkm-hgss-black-star-promos-hgss16-25-9e093d1be2,HGSS Black Star Promos,Plusle,HGSS16/25,NO_VARIANT_LINK
pkm-hgss-black-star-promos-hgss17-25-237be50268,HGSS Black Star Promos,Minun,HGSS17/25,NO_VARIANT_LINK
pkm-hgss-black-star-promos-hgss18-25-fb9a831f78,HGSS Black Star Promos,Tropical Tidal Wave,HGSS18/25,NO_VARIANT_LINK
pkm-hgss-black-star-promos-hgss19-25-8edaf4ce63,HGSS Black Star Promos,Raikou,HGSS19/25,NO_VARIANT_LINK
pkm-hgss-black-star-promos-hgss20-25-366ce655d5,HGSS Black Star Promos,Entei,HGSS20/25,NO_VARIANT_LINK
pkm-hgss-black-star-promos-hgss21-25-610b4bc3b7,HGSS Black Star Promos,Suicune,HGSS21/25,NO_VARIANT_LINK
pkm-hgss-black-star-promos-hgss22-25-98c9be7d92,HGSS Black Star Promos,Porygon,HGSS22/25,NO_VARIANT_LINK
pkm-hgss-black-star-promos-hgss23-25-bfd312fe79,HGSS Black Star Promos,Porygon2,HGSS23/25,NO_VARIANT_LINK
pkm-hgss-black-star-promos-hgss24-25-179c2c6175,HGSS Black Star Promos,Hitmonchan,HGSS24/25,NO_VARIANT_LINK
pkm-hgss-black-star-promos-hgss25-25-38460ae5bc,HGSS Black Star Promos,Hitmonlee,HGSS25/25,NO_VARIANT_LINK
pkm-hstriumphant-1-102-30eb0cb3b3,HSTriumphant,Aggron,1/102,NO_VARIANT_LINK
pkm-hstriumphant-2-102-713f81a7dc,HSTriumphant,Altaria,2/102,NO_VARIANT_LINK
pkm-hstriumphant-3-102-3dc5389215,HSTriumphant,Celebi,3/102,NO_VARIANT_LINK
pkm-hstriumphant-4-102-309d1aa04d,HSTriumphant,Drapion,4/102,NO_VARIANT_LINK
pkm-hstriumphant-5-102-62e655d0bf,HSTriumphant,Mamoswine,5/102,NO_VARIANT_LINK
pkm-hstriumphant-6-102-e89f99d925,HSTriumphant,Nidoking,6/102,NO_VARIANT_LINK
pkm-hstriumphant-7-102-b0715e51c6,HSTriumphant,Porygon-Z,7/102,NO_VARIANT_LINK
pkm-hstriumphant-8-102-f33e228cec,HSTriumphant,Rapidash,8/102,NO_VARIANT_LINK
pkm-hstriumphant-9-102-8b0107ec37,HSTriumphant,Solrock,9/102,NO_VARIANT_LINK
pkm-hstriumphant-10-102-8f96ebb029,HSTriumphant,Spiritomb,10/102,NO_VARIANT_LINK
pkm-hstriumphant-11-102-be01dd25a7,HSTriumphant,Venomoth,11/102,NO_VARIANT_LINK
pkm-hstriumphant-12-102-82fced2928,HSTriumphant,Victreebel,12/102,NO_VARIANT_LINK
pkm-hstriumphant-13-102-ee781e3794,HSTriumphant,Ambipom,13/102,NO_VARIANT_LINK
pkm-hstriumphant-14-102-a1eba08c8d,HSTriumphant,Banette,14/102,NO_VARIANT_LINK
pkm-hstriumphant-15-102-d3c63ba90f,HSTriumphant,Bronzong,15/102,NO_VARIANT_LINK
pkm-hstriumphant-16-102-5679383e10,HSTriumphant,Carnivine,16/102,NO_VARIANT_LINK
pkm-hstriumphant-17-102-7a840de0c5,HSTriumphant,Ditto,17/102,NO_VARIANT_LINK
pkm-hstriumphant-18-102-d22b54e65d,HSTriumphant,Dragonite,18/102,NO_VARIANT_LINK
pkm-hstriumphant-19-102-6e021f1148,HSTriumphant,Dugtrio,19/102,NO_VARIANT_LINK
pkm-hstriumphant-20-102-618dd23302,HSTriumphant,Electivire,20/102,NO_VARIANT_LINK
pkm-hstriumphant-21-102-20113c7547,HSTriumphant,Elekid,21/102,NO_VARIANT_LINK
pkm-hstriumphant-22-102-edbefbe5c3,HSTriumphant,Golduck,22/102,NO_VARIANT_LINK
pkm-hstriumphant-23-102-f539831f6a,HSTriumphant,Grumpig,23/102,NO_VARIANT_LINK
pkm-hstriumphant-24-102-30a71af7e4,HSTriumphant,Kricketune,24/102,NO_VARIANT_LINK
pkm-hstriumphant-25-102-0e01113e0f,HSTriumphant,Lunatone,25/102,NO_VARIANT_LINK
pkm-hstriumphant-26-102-31d7759476,HSTriumphant,Machamp,26/102,NO_VARIANT_LINK
pkm-hstriumphant-27-102-17449bf9df,HSTriumphant,Magmortar,27/102,NO_VARIANT_LINK
pkm-hstriumphant-28-102-888347080f,HSTriumphant,Nidoqueen,28/102,NO_VARIANT_LINK
pkm-hstriumphant-29-102-c9a7882e0a,HSTriumphant,Pidgeot,29/102,NO_VARIANT_LINK
pkm-hstriumphant-30-102-0d97044fbd,HSTriumphant,Sharpedo,30/102,NO_VARIANT_LINK
pkm-hstriumphant-31-102-1340afc446,HSTriumphant,Wailord,31/102,NO_VARIANT_LINK
pkm-hstriumphant-32-102-501020987d,HSTriumphant,Dragonair,32/102,NO_VARIANT_LINK
pkm-hstriumphant-33-102-232674b3d1,HSTriumphant,Electabuzz,33/102,NO_VARIANT_LINK
pkm-hstriumphant-34-102-9ab272a3bc,HSTriumphant,Electrode,34/102,NO_VARIANT_LINK
pkm-hstriumphant-35-102-752e2987e6,HSTriumphant,Haunter,35/102,NO_VARIANT_LINK
pkm-hstriumphant-36-102-b84f586616,HSTriumphant,Kangaskhan,36/102,NO_VARIANT_LINK
pkm-hstriumphant-37-102-699a6027d1,HSTriumphant,Lairon,37/102,NO_VARIANT_LINK
pkm-hstriumphant-38-102-f86ed37536,HSTriumphant,Lickilicky,38/102,NO_VARIANT_LINK
pkm-hstriumphant-39-102-134c9ae919,HSTriumphant,Luvdisc,39/102,NO_VARIANT_LINK
pkm-hstriumphant-40-102-797e31b9af,HSTriumphant,Machoke,40/102,NO_VARIANT_LINK
pkm-hstriumphant-41-102-3fa42ecd85,HSTriumphant,Magby,41/102,NO_VARIANT_LINK
pkm-hstriumphant-42-102-fe8d23db14,HSTriumphant,Magmar,42/102,NO_VARIANT_LINK
pkm-hstriumphant-43-102-813f66695e,HSTriumphant,Magneton,43/102,NO_VARIANT_LINK
pkm-hstriumphant-44-102-47237505eb,HSTriumphant,Marowak,44/102,NO_VARIANT_LINK
pkm-hstriumphant-45-102-24ea59a0ba,HSTriumphant,Nidorina,45/102,NO_VARIANT_LINK
pkm-hstriumphant-46-102-d46241c44d,HSTriumphant,Nidorino,46/102,NO_VARIANT_LINK
pkm-hstriumphant-47-102-062348981e,HSTriumphant,Pidgeotto,47/102,NO_VARIANT_LINK
pkm-hstriumphant-48-102-a37003d090,HSTriumphant,Piloswine,48/102,NO_VARIANT_LINK
pkm-hstriumphant-49-102-486addc24e,HSTriumphant,Porygon2,49/102,NO_VARIANT_LINK
pkm-hstriumphant-50-102-a9be7b9ae2,HSTriumphant,Tentacruel,50/102,NO_VARIANT_LINK
pkm-hstriumphant-51-102-c36a834536,HSTriumphant,Unown,51/102,NO_VARIANT_LINK
pkm-hstriumphant-52-102-d74b7b1d24,HSTriumphant,Wailmer,52/102,NO_VARIANT_LINK
pkm-hstriumphant-53-102-3d5fb6e685,HSTriumphant,Weepinbell,53/102,NO_VARIANT_LINK
pkm-hstriumphant-54-102-e7116df840,HSTriumphant,Yanmega,54/102,NO_VARIANT_LINK
pkm-hstriumphant-55-102-5b49d5fdfc,HSTriumphant,Aipom,55/102,NO_VARIANT_LINK
pkm-hstriumphant-56-102-936d5eb7bb,HSTriumphant,Aron,56/102,NO_VARIANT_LINK
pkm-hstriumphant-57-102-a749cd433f,HSTriumphant,Bellsprout,57/102,NO_VARIANT_LINK
pkm-hstriumphant-58-102-9d583bc2d9,HSTriumphant,Bronzor,58/102,NO_VARIANT_LINK
pkm-hstriumphant-59-102-c0a4699d70,HSTriumphant,Carvanha,59/102,NO_VARIANT_LINK
pkm-hstriumphant-60-102-4614ec0d0f,HSTriumphant,Cubone,60/102,NO_VARIANT_LINK
pkm-hstriumphant-61-102-5190a2647c,HSTriumphant,Diglett,61/102,NO_VARIANT_LINK
pkm-hstriumphant-62-102-d6bda4e544,HSTriumphant,Dratini,62/102,NO_VARIANT_LINK
pkm-hstriumphant-63-102-5a1aba1c19,HSTriumphant,Gastly,63/102,NO_VARIANT_LINK
pkm-hstriumphant-64-102-672a724e3e,HSTriumphant,Illumise,64/102,NO_VARIANT_LINK
pkm-hstriumphant-65-102-fcdae5a22a,HSTriumphant,Kricketot,65/102,NO_VARIANT_LINK
pkm-hstriumphant-66-102-bc70890ee5,HSTriumphant,Lickitung,66/102,NO_VARIANT_LINK
pkm-hstriumphant-67-102-a32807cc9c,HSTriumphant,Machop,67/102,NO_VARIANT_LINK
pkm-hstriumphant-68-102-487dd64a82,HSTriumphant,Magnemite,68/102,NO_VARIANT_LINK
pkm-hstriumphant-69-102-dc6eaa0793,HSTriumphant,Nidoran ♀,69/102,NO_VARIANT_LINK
pkm-hstriumphant-70-102-54b23ef6f8,HSTriumphant,Nidoran ♂,70/102,NO_VARIANT_LINK
pkm-hstriumphant-71-102-b0e485adf1,HSTriumphant,Pidgey,71/102,NO_VARIANT_LINK
pkm-hstriumphant-72-102-445e48fc50,HSTriumphant,Ponyta,72/102,NO_VARIANT_LINK
pkm-hstriumphant-73-102-c4f9ef2f24,HSTriumphant,Porygon,73/102,NO_VARIANT_LINK
pkm-hstriumphant-74-102-e8deecbb44,HSTriumphant,Psyduck,74/102,NO_VARIANT_LINK
pkm-hstriumphant-75-102-1c126613a0,HSTriumphant,Shuppet,75/102,NO_VARIANT_LINK
pkm-hstriumphant-76-102-4e784ccc35,HSTriumphant,Skorupi,76/102,NO_VARIANT_LINK
pkm-hstriumphant-77-102-9c517f08fa,HSTriumphant,Spoink,77/102,NO_VARIANT_LINK
pkm-hstriumphant-78-102-cfed02651f,HSTriumphant,Swablu,78/102,NO_VARIANT_LINK
pkm-hstriumphant-79-102-a6118e13d0,HSTriumphant,Swinub,79/102,NO_VARIANT_LINK
pkm-hstriumphant-80-102-55aca9aa9e,HSTriumphant,Tentacool,80/102,NO_VARIANT_LINK
pkm-hstriumphant-81-102-d3abead896,HSTriumphant,Venonat,81/102,NO_VARIANT_LINK
pkm-hstriumphant-82-102-342cfbb65a,HSTriumphant,Volbeat,82/102,NO_VARIANT_LINK
pkm-hstriumphant-83-102-5f47c1ff2e,HSTriumphant,Voltorb,83/102,NO_VARIANT_LINK
pkm-hstriumphant-84-102-894fd3b6c2,HSTriumphant,Yanma,84/102,NO_VARIANT_LINK
pkm-hstriumphant-85-102-2c15fe8092,HSTriumphant,Black Belt,85/102,NO_VARIANT_LINK
pkm-hstriumphant-86-102-9ec00f7cf3,HSTriumphant,Indigo Plateau,86/102,NO_VARIANT_LINK
pkm-hstriumphant-87-102-e19c444ce3,HSTriumphant,Junk Arm,87/102,NO_VARIANT_LINK
pkm-hstriumphant-88-102-289a094794,HSTriumphant,Seeker,88/102,NO_VARIANT_LINK
pkm-hstriumphant-89-102-1c56171419,HSTriumphant,Twins,89/102,NO_VARIANT_LINK
pkm-hstriumphant-90-102-f4ff6f6cc7,HSTriumphant,Rescue Energy,90/102,NO_VARIANT_LINK
pkm-hstriumphant-91-102-710e26a00a,HSTriumphant,Absol,91/102,NO_VARIANT_LINK
pkm-hstriumphant-92-102-3d3b7e7947,HSTriumphant,Celebi,92/102,NO_VARIANT_LINK
pkm-hstriumphant-93-102-ccffdd18e1,HSTriumphant,Electrode,93/102,NO_VARIANT_LINK
pkm-hstriumphant-94-102-3e7b9491b6,HSTriumphant,Gengar,94/102,NO_VARIANT_LINK
pkm-hstriumphant-95-102-14b5800f10,HSTriumphant,Machamp,95/102,NO_VARIANT_LINK
pkm-hstriumphant-96-102-09f68ca5d4,HSTriumphant,Magnezone,96/102,NO_VARIANT_LINK
pkm-hstriumphant-97-102-543cb35737,HSTriumphant,Mew,97/102,NO_VARIANT_LINK
pkm-hstriumphant-98-102-83ae892b8f,HSTriumphant,Yanmega,98/102,NO_VARIANT_LINK
pkm-hstriumphant-99-102-feb32b534f,HSTriumphant,Darkrai & Cresselia LEGEND,99/102,NO_VARIANT_LINK
pkm-hstriumphant-100-102-601ee0770b,HSTriumphant,Darkrai & Cresselia LEGEND,100/102,NO_VARIANT_LINK
pkm-hstriumphant-101-102-74829dd698,HSTriumphant,Palkia & Dialga LEGEND,101/102,NO_VARIANT_LINK
pkm-hstriumphant-102-102-c08324f8dc,HSTriumphant,Palkia & Dialga LEGEND,102/102,NO_VARIANT_LINK
pkm-hstriumphant-four-102-5e4d49d528,HSTriumphant,Alph Lithograph,FOUR/102,NO_VARIANT_LINK
pkm-hsundaunted-1-90-ce4d20813c,HSUndaunted,Bellossom,1/90,NO_VARIANT_LINK
pkm-hsundaunted-2-90-c35b6e24f1,HSUndaunted,Espeon,2/90,NO_VARIANT_LINK
pkm-hsundaunted-3-90-cb9f352c36,HSUndaunted,Forretress,3/90,NO_VARIANT_LINK
pkm-hsundaunted-4-90-084238fa71,HSUndaunted,Gliscor,4/90,NO_VARIANT_LINK
pkm-hsundaunted-5-90-f22bb7415c,HSUndaunted,Houndoom,5/90,NO_VARIANT_LINK
pkm-hsundaunted-6-90-d9a86348fd,HSUndaunted,Magcargo,6/90,NO_VARIANT_LINK
pkm-hsundaunted-7-90-186ebb74eb,HSUndaunted,Scizor,7/90,NO_VARIANT_LINK
pkm-hsundaunted-8-90-2b09f3f6fa,HSUndaunted,Smeargle,8/90,NO_VARIANT_LINK
pkm-hsundaunted-9-90-6680c9d1e5,HSUndaunted,Togekiss,9/90,NO_VARIANT_LINK
pkm-hsundaunted-10-90-046dd759dd,HSUndaunted,Umbreon,10/90,NO_VARIANT_LINK
pkm-hsundaunted-11-90-6b5be7b059,HSUndaunted,Dodrio,11/90,NO_VARIANT_LINK
pkm-hsundaunted-12-90-4c9e332c17,HSUndaunted,Drifblim,12/90,NO_VARIANT_LINK
pkm-hsundaunted-13-90-0caf3e10ea,HSUndaunted,Forretress,13/90,NO_VARIANT_LINK
pkm-hsundaunted-14-90-68459a86f6,HSUndaunted,Hariyama,14/90,NO_VARIANT_LINK
pkm-hsundaunted-15-90-415f205b63,HSUndaunted,Honchkrow,15/90,NO_VARIANT_LINK
pkm-hsundaunted-16-90-6c673c571d,HSUndaunted,Honchkrow,16/90,NO_VARIANT_LINK
pkm-hsundaunted-17-90-1ae3f04346,HSUndaunted,Leafeon,17/90,NO_VARIANT_LINK
pkm-hsundaunted-18-90-085d5ac9b4,HSUndaunted,Metagross,18/90,NO_VARIANT_LINK
pkm-hsundaunted-19-90-f0cd9feef1,HSUndaunted,Mismagius,19/90,NO_VARIANT_LINK
pkm-hsundaunted-20-90-eefdacb07f,HSUndaunted,Rotom,20/90,NO_VARIANT_LINK
pkm-hsundaunted-21-90-a1a0f7aeb1,HSUndaunted,Skarmory,21/90,NO_VARIANT_LINK
pkm-hsundaunted-22-90-9e99666b90,HSUndaunted,Tropius,22/90,NO_VARIANT_LINK
pkm-hsundaunted-23-90-028dc6e6e7,HSUndaunted,Vespiquen,23/90,NO_VARIANT_LINK
pkm-hsundaunted-24-90-fe264d9042,HSUndaunted,Vileplume,24/90,NO_VARIANT_LINK
pkm-hsundaunted-25-90-a749997730,HSUndaunted,Weavile,25/90,NO_VARIANT_LINK
pkm-hsundaunted-26-90-544da9e80a,HSUndaunted,Flareon,26/90,NO_VARIANT_LINK
pkm-hsundaunted-27-90-997a50ca31,HSUndaunted,Gloom,27/90,NO_VARIANT_LINK
pkm-hsundaunted-28-90-9e091d8478,HSUndaunted,Jolteon,28/90,NO_VARIANT_LINK
pkm-hsundaunted-29-90-f4fa3bad7a,HSUndaunted,Lairon,29/90,NO_VARIANT_LINK
pkm-hsundaunted-30-90-98b22076f1,HSUndaunted,Metang,30/90,NO_VARIANT_LINK
pkm-hsundaunted-31-90-dad4f9da19,HSUndaunted,Muk,31/90,NO_VARIANT_LINK
pkm-hsundaunted-32-90-130a31988c,HSUndaunted,Pinsir,32/90,NO_VARIANT_LINK
pkm-hsundaunted-33-90-70d7d482cf,HSUndaunted,Raichu,33/90,NO_VARIANT_LINK
pkm-hsundaunted-34-90-7e1d72c297,HSUndaunted,Raticate,34/90,NO_VARIANT_LINK
pkm-hsundaunted-35-90-bf1e7c1784,HSUndaunted,Sableye,35/90,NO_VARIANT_LINK
pkm-hsundaunted-36-90-513c5eb4ad,HSUndaunted,Scyther,36/90,NO_VARIANT_LINK
pkm-hsundaunted-37-90-4cb333fa53,HSUndaunted,Skuntank,37/90,NO_VARIANT_LINK
pkm-hsundaunted-38-90-e4a59c369f,HSUndaunted,Slowbro,38/90,NO_VARIANT_LINK
pkm-hsundaunted-39-90-4f92ad6fc6,HSUndaunted,Togetic,39/90,NO_VARIANT_LINK
pkm-hsundaunted-40-90-8cf7fcac00,HSUndaunted,Unown,40/90,NO_VARIANT_LINK
pkm-hsundaunted-41-90-93ff4a094b,HSUndaunted,Vaporeon,41/90,NO_VARIANT_LINK
pkm-hsundaunted-42-90-d83dfd0794,HSUndaunted,Aron,42/90,NO_VARIANT_LINK
pkm-hsundaunted-43-90-507aec9010,HSUndaunted,Beldum,43/90,NO_VARIANT_LINK
pkm-hsundaunted-44-90-ad55a406b8,HSUndaunted,Combee,44/90,NO_VARIANT_LINK
pkm-hsundaunted-45-90-16eadde402,HSUndaunted,Doduo,45/90,NO_VARIANT_LINK
pkm-hsundaunted-46-90-4ee3211606,HSUndaunted,Drifloon,46/90,NO_VARIANT_LINK
pkm-hsundaunted-47-90-409bd1275b,HSUndaunted,Eevee,47/90,NO_VARIANT_LINK
pkm-hsundaunted-48-90-d8f0a8cb60,HSUndaunted,Eevee,48/90,NO_VARIANT_LINK
pkm-hsundaunted-49-90-2d2230adac,HSUndaunted,Gligar,49/90,NO_VARIANT_LINK
pkm-hsundaunted-50-90-e2264372e9,HSUndaunted,Grimer,50/90,NO_VARIANT_LINK
pkm-hsundaunted-51-90-6a80fd655c,HSUndaunted,Hitmonchan,51/90,NO_VARIANT_LINK
pkm-hsundaunted-52-90-aba2c460e8,HSUndaunted,Hitmonlee,52/90,NO_VARIANT_LINK
pkm-hsundaunted-53-90-06c2eb1453,HSUndaunted,Houndour,53/90,NO_VARIANT_LINK
pkm-hsundaunted-54-90-4c4fff1e45,HSUndaunted,Houndour,54/90,NO_VARIANT_LINK
pkm-hsundaunted-55-90-20e4efa6bb,HSUndaunted,Makuhita,55/90,NO_VARIANT_LINK
pkm-hsundaunted-56-90-5641063ce9,HSUndaunted,Mawile,56/90,NO_VARIANT_LINK
pkm-hsundaunted-57-90-10bc8cc028,HSUndaunted,Misdreavus,57/90,NO_VARIANT_LINK
pkm-hsundaunted-58-90-ea12c3d6ea,HSUndaunted,Murkrow,58/90,NO_VARIANT_LINK
pkm-hsundaunted-59-90-07835608a7,HSUndaunted,Murkrow,59/90,NO_VARIANT_LINK
pkm-hsundaunted-60-90-171df7f938,HSUndaunted,Oddish,60/90,NO_VARIANT_LINK
pkm-hsundaunted-61-90-11f5094050,HSUndaunted,Pikachu,61/90,NO_VARIANT_LINK
pkm-hsundaunted-62-90-2ea82897fe,HSUndaunted,Pineco,62/90,NO_VARIANT_LINK
pkm-hsundaunted-63-90-f66119d7fa,HSUndaunted,Pineco,63/90,NO_VARIANT_LINK
pkm-hsundaunted-64-90-2e588fa1ce,HSUndaunted,Rattata,64/90,NO_VARIANT_LINK
pkm-hsundaunted-65-90-358cad2eb9,HSUndaunted,Scyther,65/90,NO_VARIANT_LINK
pkm-hsundaunted-66-90-afc65d970c,HSUndaunted,Slowpoke,66/90,NO_VARIANT_LINK
pkm-hsundaunted-67-90-095295dfce,HSUndaunted,Slugma,67/90,NO_VARIANT_LINK
pkm-hsundaunted-68-90-344a9584ae,HSUndaunted,Sneasel,68/90,NO_VARIANT_LINK
pkm-hsundaunted-69-90-8379361da0,HSUndaunted,Stunky,69/90,NO_VARIANT_LINK
pkm-hsundaunted-70-90-22890ad907,HSUndaunted,Togepi,70/90,NO_VARIANT_LINK
pkm-hsundaunted-71-90-56fdf43940,HSUndaunted,Burned Tower,71/90,NO_VARIANT_LINK
pkm-hsundaunted-72-90-d7433921c5,HSUndaunted,Defender,72/90,NO_VARIANT_LINK
pkm-hsundaunted-73-90-2031c857c8,HSUndaunted,Energy Exchanger,73/90,NO_VARIANT_LINK
pkm-hsundaunted-74-90-4b89c52414,HSUndaunted,Flower Shop Lady,74/90,NO_VARIANT_LINK
pkm-hsundaunted-75-90-253b9fd16f,HSUndaunted,Legend Box,75/90,NO_VARIANT_LINK
pkm-hsundaunted-76-90-4d3c74211a,HSUndaunted,Ruins of Alph,76/90,NO_VARIANT_LINK
pkm-hsundaunted-77-90-1881c52729,HSUndaunted,Sage's Training,77/90,NO_VARIANT_LINK
pkm-hsundaunted-78-90-e7e06a46fb,HSUndaunted,Team Rocket's Trickery,78/90,NO_VARIANT_LINK
pkm-hsundaunted-79-90-f90b8a20b7,HSUndaunted,Darkness Energy,79/90,NO_VARIANT_LINK
pkm-hsundaunted-80-90-0e85e57830,HSUndaunted,Metal Energy,80/90,NO_VARIANT_LINK
pkm-hsundaunted-81-90-a4e5c3b3b8,HSUndaunted,Espeon,81/90,NO_VARIANT_LINK
pkm-hsundaunted-82-90-44ff4ea048,HSUndaunted,Houndoom,82/90,NO_VARIANT_LINK
pkm-hsundaunted-83-90-1c77f9840c,HSUndaunted,Raichu,83/90,NO_VARIANT_LINK
pkm-hsundaunted-84-90-e65bc6f7c1,HSUndaunted,Scizor,84/90,NO_VARIANT_LINK
pkm-hsundaunted-85-90-86a357155d,HSUndaunted,Slowking,85/90,NO_VARIANT_LINK
pkm-hsundaunted-86-90-5eec985170,HSUndaunted,Umbreon,86/90,NO_VARIANT_LINK
pkm-hsundaunted-87-90-dcb0749bde,HSUndaunted,Kyogre & Groudon LEGEND,87/90,NO_VARIANT_LINK
pkm-hsundaunted-88-90-f18f2871d9,HSUndaunted,Kyogre & Groudon LEGEND,88/90,NO_VARIANT_LINK
pkm-hsundaunted-89-90-18222ba758,HSUndaunted,Rayquaza & Deoxys LEGEND,89/90,NO_VARIANT_LINK
pkm-hsundaunted-90-90-ac177e0608,HSUndaunted,Rayquaza & Deoxys LEGEND,90/90,NO_VARIANT_LINK
pkm-hsundaunted-three-90-83697eb1ba,HSUndaunted,Alph Lithograph,THREE/90,NO_VARIANT_LINK
pkm-hsunleashed-1-95-27b4822122,HSUnleashed,Jirachi,1/95,NO_VARIANT_LINK
pkm-hsunleashed-2-95-bf54c710fa,HSUnleashed,Magmortar,2/95,NO_VARIANT_LINK
pkm-hsunleashed-3-95-d9b79ef53e,HSUnleashed,Manaphy,3/95,NO_VARIANT_LINK
pkm-hsunleashed-4-95-772d1f8568,HSUnleashed,Metagross,4/95,NO_VARIANT_LINK
pkm-hsunleashed-5-95-a68a689c5c,HSUnleashed,Mismagius,5/95,NO_VARIANT_LINK
pkm-hsunleashed-6-95-81a7d3ab89,HSUnleashed,Octillery,6/95,NO_VARIANT_LINK
pkm-hsunleashed-7-95-c330cc63a5,HSUnleashed,Politoed,7/95,NO_VARIANT_LINK
pkm-hsunleashed-8-95-37cc2b0707,HSUnleashed,Shaymin,8/95,NO_VARIANT_LINK
pkm-hsunleashed-9-95-e599f985c4,HSUnleashed,Sudowoodo,9/95,NO_VARIANT_LINK
pkm-hsunleashed-10-95-1114a53593,HSUnleashed,Torterra,10/95,NO_VARIANT_LINK
pkm-hsunleashed-11-95-db106a4c8a,HSUnleashed,Xatu,11/95,NO_VARIANT_LINK
pkm-hsunleashed-12-95-d8c4f41625,HSUnleashed,Beedrill,12/95,NO_VARIANT_LINK
pkm-hsunleashed-13-95-d421f9a808,HSUnleashed,Blastoise,13/95,NO_VARIANT_LINK
pkm-hsunleashed-14-95-37c0a33023,HSUnleashed,Crobat,14/95,NO_VARIANT_LINK
pkm-hsunleashed-15-95-6e891f3c46,HSUnleashed,Fearow,15/95,NO_VARIANT_LINK
pkm-hsunleashed-16-95-1676b550df,HSUnleashed,Floatzel,16/95,NO_VARIANT_LINK
pkm-hsunleashed-17-95-d50203cbac,HSUnleashed,Kingdra,17/95,NO_VARIANT_LINK
pkm-hsunleashed-18-95-32c1cecd35,HSUnleashed,Lanturn,18/95,NO_VARIANT_LINK
pkm-hsunleashed-19-95-495a5e6e31,HSUnleashed,Lucario,19/95,NO_VARIANT_LINK
pkm-hsunleashed-20-95-3c77e723d7,HSUnleashed,Ninetales,20/95,NO_VARIANT_LINK
pkm-hsunleashed-21-95-f368117661,HSUnleashed,Poliwrath,21/95,NO_VARIANT_LINK
pkm-hsunleashed-22-95-1f67e40bfb,HSUnleashed,Primeape,22/95,NO_VARIANT_LINK
pkm-hsunleashed-23-95-048b99225f,HSUnleashed,Roserade,23/95,NO_VARIANT_LINK
pkm-hsunleashed-24-95-4c38a5ec8e,HSUnleashed,Steelix,24/95,NO_VARIANT_LINK
pkm-hsunleashed-25-95-aadc7d604c,HSUnleashed,Torkoal,25/95,NO_VARIANT_LINK
pkm-hsunleashed-26-95-f0e41975f9,HSUnleashed,Tyranitar,26/95,NO_VARIANT_LINK
pkm-hsunleashed-27-95-0f048548ea,HSUnleashed,Ursaring,27/95,NO_VARIANT_LINK
pkm-hsunleashed-28-95-b397ce5670,HSUnleashed,Cherrim,28/95,NO_VARIANT_LINK
pkm-hsunleashed-29-95-df919803b5,HSUnleashed,Dunsparce,29/95,NO_VARIANT_LINK
pkm-hsunleashed-30-95-b8880efc8e,HSUnleashed,Golbat,30/95,NO_VARIANT_LINK
pkm-hsunleashed-31-95-0c72d228d9,HSUnleashed,Grotle,31/95,NO_VARIANT_LINK
pkm-hsunleashed-32-95-48bfbfe8df,HSUnleashed,Kakuna,32/95,NO_VARIANT_LINK
pkm-hsunleashed-33-95-1fec38fb62,HSUnleashed,Metang,33/95,NO_VARIANT_LINK
pkm-hsunleashed-34-95-d1abf2569b,HSUnleashed,Minun,34/95,NO_VARIANT_LINK
pkm-hsunleashed-35-95-73de98b494,HSUnleashed,Numel,35/95,NO_VARIANT_LINK
pkm-hsunleashed-36-95-ffd8bda052,HSUnleashed,Plusle,36/95,NO_VARIANT_LINK
pkm-hsunleashed-37-95-9d839c8ac1,HSUnleashed,Poliwhirl,37/95,NO_VARIANT_LINK
pkm-hsunleashed-38-95-58ba3352b4,HSUnleashed,Pupitar,38/95,NO_VARIANT_LINK
pkm-hsunleashed-39-95-71d4b7f652,HSUnleashed,Pupitar,39/95,NO_VARIANT_LINK
pkm-hsunleashed-40-95-73481ffc5e,HSUnleashed,Seadra,40/95,NO_VARIANT_LINK
pkm-hsunleashed-41-95-f3c43931ee,HSUnleashed,Tauros,41/95,NO_VARIANT_LINK
pkm-hsunleashed-42-95-468f4ffa18,HSUnleashed,Wartortle,42/95,NO_VARIANT_LINK
pkm-hsunleashed-43-95-c81169aaa0,HSUnleashed,Aipom,43/95,NO_VARIANT_LINK
pkm-hsunleashed-44-95-3b5da152e2,HSUnleashed,Beldum,44/95,NO_VARIANT_LINK
pkm-hsunleashed-45-95-a7c74d9c5f,HSUnleashed,Buizel,45/95,NO_VARIANT_LINK
pkm-hsunleashed-46-95-8eb618ac57,HSUnleashed,Carnivine,46/95,NO_VARIANT_LINK
pkm-hsunleashed-47-95-e162ac3077,HSUnleashed,Cherubi,47/95,NO_VARIANT_LINK
pkm-hsunleashed-48-95-dd1d609afa,HSUnleashed,Chinchou,48/95,NO_VARIANT_LINK
pkm-hsunleashed-49-95-c9aa8bbce8,HSUnleashed,Horsea,49/95,NO_VARIANT_LINK
pkm-hsunleashed-50-95-a5859c6af0,HSUnleashed,Larvitar,50/95,NO_VARIANT_LINK
pkm-hsunleashed-51-95-4cc1c45783,HSUnleashed,Larvitar,51/95,NO_VARIANT_LINK
pkm-hsunleashed-52-95-fab4e036d8,HSUnleashed,Magmar,52/95,NO_VARIANT_LINK
pkm-hsunleashed-53-95-d007d27481,HSUnleashed,Mankey,53/95,NO_VARIANT_LINK
pkm-hsunleashed-54-95-a831ed66f3,HSUnleashed,Misdreavus,54/95,NO_VARIANT_LINK
pkm-hsunleashed-55-95-b976aa19ab,HSUnleashed,Natu,55/95,NO_VARIANT_LINK
pkm-hsunleashed-56-95-69c20446ed,HSUnleashed,Onix,56/95,NO_VARIANT_LINK
pkm-hsunleashed-57-95-1e4ae5b024,HSUnleashed,Onix,57/95,NO_VARIANT_LINK
pkm-hsunleashed-58-95-31fd7fd0f0,HSUnleashed,Poliwag,58/95,NO_VARIANT_LINK
pkm-hsunleashed-59-95-a3bc1f1cdc,HSUnleashed,Remoraid,59/95,NO_VARIANT_LINK
pkm-hsunleashed-60-95-0add6f4082,HSUnleashed,Riolu,60/95,NO_VARIANT_LINK
pkm-hsunleashed-61-95-4a4943955a,HSUnleashed,Roselia,61/95,NO_VARIANT_LINK
pkm-hsunleashed-62-95-2d9534e234,HSUnleashed,Spearow,62/95,NO_VARIANT_LINK
pkm-hsunleashed-63-95-ce66b2f2fd,HSUnleashed,Squirtle,63/95,NO_VARIANT_LINK
pkm-hsunleashed-64-95-2bb510205f,HSUnleashed,Stantler,64/95,NO_VARIANT_LINK
pkm-hsunleashed-65-95-75191ff77f,HSUnleashed,Teddiursa,65/95,NO_VARIANT_LINK
pkm-hsunleashed-66-95-64d6d38ef9,HSUnleashed,Tropius,66/95,NO_VARIANT_LINK
pkm-hsunleashed-67-95-4f06b58084,HSUnleashed,Turtwig,67/95,NO_VARIANT_LINK
pkm-hsunleashed-68-95-d8f37ea99c,HSUnleashed,Vulpix,68/95,NO_VARIANT_LINK
pkm-hsunleashed-69-95-c4b864a3ac,HSUnleashed,Weedle,69/95,NO_VARIANT_LINK
pkm-hsunleashed-70-95-198de1f317,HSUnleashed,Zubat,70/95,NO_VARIANT_LINK
pkm-hsunleashed-71-95-660d17ba99,HSUnleashed,Cheerleader's Cheer,71/95,NO_VARIANT_LINK
pkm-hsunleashed-72-95-3626d247ed,HSUnleashed,Dual Ball,72/95,NO_VARIANT_LINK
pkm-hsunleashed-73-95-37913ebda0,HSUnleashed,Emcee's Chatter,73/95,NO_VARIANT_LINK
pkm-hsunleashed-74-95-3348439f71,HSUnleashed,Energy Returner,74/95,NO_VARIANT_LINK
pkm-hsunleashed-75-95-63835f292e,HSUnleashed,Engineer's Adjustments,75/95,NO_VARIANT_LINK
pkm-hsunleashed-76-95-de2c6a70b2,HSUnleashed,Good Rod,76/95,NO_VARIANT_LINK
pkm-hsunleashed-77-95-41ecf3080a,HSUnleashed,Interviewer's Questions,77/95,NO_VARIANT_LINK
pkm-hsunleashed-78-95-9b66f8a8bf,HSUnleashed,Judge,78/95,NO_VARIANT_LINK
pkm-hsunleashed-79-95-a7f78182f9,HSUnleashed,Life Herb,79/95,NO_VARIANT_LINK
pkm-hsunleashed-80-95-eb9cb8cf77,HSUnleashed,PlusPower,80/95,NO_VARIANT_LINK
pkm-hsunleashed-81-95-d595675fc5,HSUnleashed,Pokémon Circulator,81/95,NO_VARIANT_LINK
pkm-hsunleashed-82-95-63d40ee21f,HSUnleashed,Rare Candy,82/95,NO_VARIANT_LINK
pkm-hsunleashed-83-95-623d550fe7,HSUnleashed,Super Scoop Up,83/95,NO_VARIANT_LINK
pkm-hsunleashed-84-95-5843257b7d,HSUnleashed,Crobat,84/95,NO_VARIANT_LINK
pkm-hsunleashed-85-95-5d757ce3a1,HSUnleashed,Kingdra,85/95,NO_VARIANT_LINK
pkm-hsunleashed-86-95-37cc7a1822,HSUnleashed,Lanturn,86/95,NO_VARIANT_LINK
pkm-hsunleashed-87-95-d699bef9a7,HSUnleashed,Steelix,87/95,NO_VARIANT_LINK
pkm-hsunleashed-88-95-842d031616,HSUnleashed,Tyranitar,88/95,NO_VARIANT_LINK
pkm-hsunleashed-89-95-da7a56da7b,HSUnleashed,Ursaring,89/95,NO_VARIANT_LINK
pkm-hsunleashed-90-95-6696c9052e,HSUnleashed,Entei & Raikou LEGEND,90/95,NO_VARIANT_LINK
pkm-hsunleashed-91-95-db8226e915,HSUnleashed,Entei & Raikou LEGEND,91/95,NO_VARIANT_LINK
pkm-hsunleashed-92-95-fa0708d0f2,HSUnleashed,Raikou & Suicune LEGEND,92/95,NO_VARIANT_LINK
pkm-hsunleashed-93-95-6d8bc13167,HSUnleashed,Raikou & Suicune LEGEND,93/95,NO_VARIANT_LINK
pkm-hsunleashed-94-95-9920f2acfa,HSUnleashed,Suicune & Entei LEGEND,94/95,NO_VARIANT_LINK
pkm-hsunleashed-95-95-c43b79ea00,HSUnleashed,Suicune & Entei LEGEND,95/95,NO_VARIANT_LINK
pkm-hsunleashed-two-95-f9a44ecef4,HSUnleashed,Alph Lithograph,TWO/95,NO_VARIANT_LINK
pkm-neo-destiny-33-105-75d7986c1a,Neo Destiny,Dark Exeggutor,33/105,NO_VARIANT_LINK
pkm-neo-destiny-63-105-eab584b989,Neo Destiny,Dratini,63/105,NO_VARIANT_LINK
pkm-neo-destiny-74-105-579e0046f6,Neo Destiny,Mantine,74/105,NO_VARIANT_LINK
pkm-neo-genesis-64-111-adf3969398,Neo Genesis,Mantine,64/111,NO_VARIANT_LINK
pkm-neo-genesis-106-111-c3011494cb,Neo Genesis,Fighting Energy,106/111,NO_VARIANT_LINK
pkm-nintendo-black-star-promos-1-40-d627565008,Nintendo Black Star Promos,Kyogre ex,1/40,NO_VARIANT_LINK
pkm-nintendo-black-star-promos-2-40-4bd402fe46,Nintendo Black Star Promos,Groudon ex,2/40,NO_VARIANT_LINK
pkm-nintendo-black-star-promos-3-40-ea266814bc,Nintendo Black Star Promos,Treecko,3/40,NO_VARIANT_LINK
pkm-nintendo-black-star-promos-4-40-d408d501a9,Nintendo Black Star Promos,Grovyle,4/40,NO_VARIANT_LINK
pkm-nintendo-black-star-promos-5-40-37fe7440a4,Nintendo Black Star Promos,Mudkip,5/40,NO_VARIANT_LINK
pkm-nintendo-black-star-promos-6-40-fda58a087d,Nintendo Black Star Promos,Torchic,6/40,NO_VARIANT_LINK
pkm-nintendo-black-star-promos-7-40-7d9ff30cb9,Nintendo Black Star Promos,Treecko,7/40,NO_VARIANT_LINK
pkm-nintendo-black-star-promos-8-40-73f3767212,Nintendo Black Star Promos,Torchic,8/40,NO_VARIANT_LINK
pkm-nintendo-black-star-promos-9-40-4694722d1a,Nintendo Black Star Promos,Combusken,9/40,NO_VARIANT_LINK
pkm-nintendo-black-star-promos-10-40-29a3ef1519,Nintendo Black Star Promos,Mudkip,10/40,NO_VARIANT_LINK
pkm-nintendo-black-star-promos-11-40-3f0141dbdb,Nintendo Black Star Promos,Marshtomp,11/40,NO_VARIANT_LINK
pkm-nintendo-black-star-promos-12-40-47d4d03798,Nintendo Black Star Promos,Pikachu,12/40,NO_VARIANT_LINK
pkm-nintendo-black-star-promos-13-40-4a1c8e63fe,Nintendo Black Star Promos,Meowth,13/40,NO_VARIANT_LINK
pkm-nintendo-black-star-promos-14-40-2cd9e34f5e,Nintendo Black Star Promos,Latias,14/40,NO_VARIANT_LINK
pkm-nintendo-black-star-promos-15-40-32ae950a17,Nintendo Black Star Promos,Latios,15/40,NO_VARIANT_LINK
pkm-nintendo-black-star-promos-16-40-80086a10e3,Nintendo Black Star Promos,Treecko,16/40,NO_VARIANT_LINK
pkm-nintendo-black-star-promos-17-40-d8e29452ba,Nintendo Black Star Promos,Torchic,17/40,NO_VARIANT_LINK
pkm-nintendo-black-star-promos-18-40-136211e97d,Nintendo Black Star Promos,Mudkip,18/40,NO_VARIANT_LINK
pkm-nintendo-black-star-promos-19-40-590fcfcbd4,Nintendo Black Star Promos,Whismur,19/40,NO_VARIANT_LINK
pkm-nintendo-black-star-promos-20-40-668fbdae5a,Nintendo Black Star Promos,Ludicolo,20/40,NO_VARIANT_LINK
pkm-nintendo-black-star-promos-21-40-f7e7e1f84c,Nintendo Black Star Promos,Jirachi,21/40,NO_VARIANT_LINK
pkm-nintendo-black-star-promos-22-40-e6e6d91ec8,Nintendo Black Star Promos,Beldum,22/40,NO_VARIANT_LINK
pkm-nintendo-black-star-promos-23-40-de574ea0d1,Nintendo Black Star Promos,Metang,23/40,NO_VARIANT_LINK
pkm-nintendo-black-star-promos-24-40-1ef795052f,Nintendo Black Star Promos,Chimecho,24/40,NO_VARIANT_LINK
pkm-nintendo-black-star-promos-25-40-6f959bb511,Nintendo Black Star Promos,Flygon,25/40,NO_VARIANT_LINK
pkm-nintendo-black-star-promos-26-40-3b896fa19b,Nintendo Black Star Promos,Tropical Wind,26/40,NO_VARIANT_LINK
pkm-nintendo-black-star-promos-27-40-94a511f084,Nintendo Black Star Promos,Tropical Tidal Wave,27/40,NO_VARIANT_LINK
pkm-nintendo-black-star-promos-28-40-c1b6e4a9c7,Nintendo Black Star Promos,Championship Arena,28/40,NO_VARIANT_LINK
pkm-nintendo-black-star-promos-29-40-911a9d45b6,Nintendo Black Star Promos,Celebi,29/40,NO_VARIANT_LINK
pkm-nintendo-black-star-promos-30-40-1b0f73287e,Nintendo Black Star Promos,Suicune,30/40,NO_VARIANT_LINK
pkm-nintendo-black-star-promos-31-40-b12e6cd6f6,Nintendo Black Star Promos,Moltres ex,31/40,NO_VARIANT_LINK
pkm-nintendo-black-star-promos-32-40-bff7f5808f,Nintendo Black Star Promos,Articuno ex,32/40,NO_VARIANT_LINK
pkm-nintendo-black-star-promos-33-40-fa7a9749fd,Nintendo Black Star Promos,Zapdos ex,33/40,NO_VARIANT_LINK
pkm-nintendo-black-star-promos-34-40-a4aaecfc31,Nintendo Black Star Promos,Typhlosion,34/40,NO_VARIANT_LINK
pkm-nintendo-black-star-promos-35-40-1033d31ba7,Nintendo Black Star Promos,Pikachu δ,35/40,NO_VARIANT_LINK
pkm-nintendo-black-star-promos-36-40-c29ea14af8,Nintendo Black Star Promos,Tropical Tidal Wave,36/40,NO_VARIANT_LINK
pkm-nintendo-black-star-promos-37-40-5c82807a56,Nintendo Black Star Promos,Kyogre ex,37/40,NO_VARIANT_LINK
pkm-nintendo-black-star-promos-38-40-531ada9523,Nintendo Black Star Promos,Groudon ex,38/40,NO_VARIANT_LINK
pkm-nintendo-black-star-promos-39-40-e662cb6e9a,Nintendo Black Star Promos,Rayquaza ex,39/40,NO_VARIANT_LINK
pkm-nintendo-black-star-promos-40-40-0d8e3e94cf,Nintendo Black Star Promos,Mew,40/40,NO_VARIANT_LINK
pkm-best-of-game-1-9-eb24011deb,Best of Game,Electabuzz,1/9,NO_VARIANT_LINK
pkm-best-of-game-2-9-647f2f1d7d,Best of Game,Hitmonchan,2/9,NO_VARIANT_LINK
pkm-best-of-game-3-9-2091153248,Best of Game,Professor Elm,3/9,NO_VARIANT_LINK
pkm-best-of-game-4-9-2d902aad8d,Best of Game,Rocket's Scizor,4/9,NO_VARIANT_LINK
pkm-best-of-game-5-9-5787ef68ad,Best of Game,Rocket's Sneasel,5/9,NO_VARIANT_LINK
pkm-best-of-game-6-9-d69c8f9504,Best of Game,Dark Ivysaur,6/9,NO_VARIANT_LINK
pkm-best-of-game-7-9-1c7139ccf5,Best of Game,Dark Venusaur,7/9,NO_VARIANT_LINK
pkm-best-of-game-8-9-41b0061778,Best of Game,Rocket's Mewtwo,8/9,NO_VARIANT_LINK
pkm-best-of-game-9-9-89cf59f27d,Best of Game,Rocket's Hitmonchan,9/9,NO_VARIANT_LINK
pkm-futsal-collection-1-5-d117c12a86,Futsal Collection,Pikachu on the Ball,1/5,NO_VARIANT_LINK
pkm-futsal-collection-2-5-c4f40ac1ed,Futsal Collection,Eevee on the Ball,2/5,NO_VARIANT_LINK
pkm-futsal-collection-3-5-c3e1912d0a,Futsal Collection,Grookey on the Ball,3/5,NO_VARIANT_LINK
pkm-futsal-collection-4-5-7aa1946476,Futsal Collection,Scorbunny on the Ball,4/5,NO_VARIANT_LINK
pkm-futsal-collection-5-5-aad4292f1e,Futsal Collection,Sobble on the Ball,5/5,NO_VARIANT_LINK
pkm-legendary-collection-72-110-6d0be4d032,Legendary Collection,Dratini,72/110,NO_VARIANT_LINK
pkm-legendary-collection-82-110-7861a29fbf,Legendary Collection,Nidoran ♀,82/110,NO_VARIANT_LINK
pkm-legendary-collection-83-110-ebda385ab6,Legendary Collection,Nidoran ♂,83/110,NO_VARIANT_LINK
pkm-mcdonalds-collection-2011-1-12-8fe37545fc,McDonalds Collection 2011,Snivy,1/12,NO_VARIANT_LINK
pkm-mcdonalds-collection-2011-2-12-a25d38be6d,McDonalds Collection 2011,Maractus,2/12,NO_VARIANT_LINK
pkm-mcdonalds-collection-2011-3-12-c80d6dfca5,McDonalds Collection 2011,Tepig,3/12,NO_VARIANT_LINK
pkm-mcdonalds-collection-2011-4-12-02ceec4a0a,McDonalds Collection 2011,Oshawott,4/12,NO_VARIANT_LINK
pkm-mcdonalds-collection-2011-5-12-fafd752a63,McDonalds Collection 2011,Alomomola,5/12,NO_VARIANT_LINK
pkm-mcdonalds-collection-2011-6-12-8c051ae41a,McDonalds Collection 2011,Blitzle,6/12,NO_VARIANT_LINK
pkm-mcdonalds-collection-2011-7-12-d1626fc6d8,McDonalds Collection 2011,Munna,7/12,NO_VARIANT_LINK
pkm-mcdonalds-collection-2011-8-12-1d869d8fac,McDonalds Collection 2011,Sandile,8/12,NO_VARIANT_LINK
pkm-mcdonalds-collection-2011-9-12-e162e51cab,McDonalds Collection 2011,Zorua,9/12,NO_VARIANT_LINK
pkm-mcdonalds-collection-2011-10-12-71045592f8,McDonalds Collection 2011,Klink,10/12,NO_VARIANT_LINK
pkm-mcdonalds-collection-2011-11-12-beecd13242,McDonalds Collection 2011,Pidove,11/12,NO_VARIANT_LINK
pkm-mcdonalds-collection-2011-12-12-881f53d34d,McDonalds Collection 2011,Audino,12/12,NO_VARIANT_LINK
pkm-mcdonalds-collection-2012-1-12-ee7b448899,McDonalds Collection 2012,Servine,1/12,NO_VARIANT_LINK
pkm-mcdonalds-collection-2012-2-12-6fd230d6b2,McDonalds Collection 2012,Pansage,2/12,NO_VARIANT_LINK
pkm-mcdonalds-collection-2012-3-12-d604749f03,McDonalds Collection 2012,Dwebble,3/12,NO_VARIANT_LINK
pkm-mcdonalds-collection-2012-4-12-11e0e64a11,McDonalds Collection 2012,Pignite,4/12,NO_VARIANT_LINK
pkm-mcdonalds-collection-2012-5-12-2ba0330349,McDonalds Collection 2012,Dewott,5/12,NO_VARIANT_LINK
pkm-mcdonalds-collection-2012-6-12-032475e6e3,McDonalds Collection 2012,Emolga,6/12,NO_VARIANT_LINK
pkm-mcdonalds-collection-2012-7-12-3952133f67,McDonalds Collection 2012,Woobat,7/12,NO_VARIANT_LINK
pkm-mcdonalds-collection-2012-8-12-cd03e60e01,McDonalds Collection 2012,Drilbur,8/12,NO_VARIANT_LINK
pkm-mcdonalds-collection-2012-9-12-45e0905622,McDonalds Collection 2012,Purrloin,9/12,NO_VARIANT_LINK
pkm-mcdonalds-collection-2012-10-12-da2f545296,McDonalds Collection 2012,Scraggy,10/12,NO_VARIANT_LINK
pkm-mcdonalds-collection-2012-11-12-ee5605b50e,McDonalds Collection 2012,Klang,11/12,NO_VARIANT_LINK
pkm-mcdonalds-collection-2012-12-12-fa14cf69d8,McDonalds Collection 2012,Axew,12/12,NO_VARIANT_LINK
pkm-mcdonalds-collection-2014-1-12-0fbeb7bc23,McDonalds Collection 2014,Weedle,1/12,NO_VARIANT_LINK
pkm-mcdonalds-collection-2014-2-12-db7b21175d,McDonalds Collection 2014,Chespin,2/12,NO_VARIANT_LINK
pkm-mcdonalds-collection-2014-3-12-cd823c76f7,McDonalds Collection 2014,Fennekin,3/12,NO_VARIANT_LINK
pkm-mcdonalds-collection-2014-4-12-79a0b1756a,McDonalds Collection 2014,Froakie,4/12,NO_VARIANT_LINK
pkm-mcdonalds-collection-2014-5-12-d50a16f0c0,McDonalds Collection 2014,Pikachu,5/12,NO_VARIANT_LINK
pkm-mcdonalds-collection-2014-6-12-42f853926c,McDonalds Collection 2014,Inkay,6/12,NO_VARIANT_LINK
pkm-mcdonalds-collection-2014-7-12-ce9e8bda8c,McDonalds Collection 2014,Honedge,7/12,NO_VARIANT_LINK
pkm-mcdonalds-collection-2014-8-12-2ce39fea2a,McDonalds Collection 2014,Snubbull,8/12,NO_VARIANT_LINK
pkm-mcdonalds-collection-2014-9-12-2236154dc7,McDonalds Collection 2014,Swirlix,9/12,NO_VARIANT_LINK
pkm-mcdonalds-collection-2014-10-12-2bda90c8cf,McDonalds Collection 2014,Bunnelby,10/12,NO_VARIANT_LINK
pkm-mcdonalds-collection-2014-11-12-e3873c3f75,McDonalds Collection 2014,Fletchling,11/12,NO_VARIANT_LINK
pkm-mcdonalds-collection-2014-12-12-4788b8d61d,McDonalds Collection 2014,Furfrou,12/12,NO_VARIANT_LINK
pkm-mcdonalds-collection-2015-1-12-77eca6026c,McDonalds Collection 2015,Treecko,1/12,NO_VARIANT_LINK
pkm-mcdonalds-collection-2015-2-12-5d281c3182,McDonalds Collection 2015,Lotad,2/12,NO_VARIANT_LINK
pkm-mcdonalds-collection-2015-3-12-7b17028c0e,McDonalds Collection 2015,Torchic,3/12,NO_VARIANT_LINK
pkm-mcdonalds-collection-2015-4-12-f2c67fe2e3,McDonalds Collection 2015,Staryu,4/12,NO_VARIANT_LINK
pkm-mcdonalds-collection-2015-5-12-71a2d921e9,McDonalds Collection 2015,Mudkip,5/12,NO_VARIANT_LINK
pkm-mcdonalds-collection-2015-6-12-70b42d321a,McDonalds Collection 2015,Pikachu,6/12,NO_VARIANT_LINK
pkm-mcdonalds-collection-2015-7-12-1c39d5157d,McDonalds Collection 2015,Electrike,7/12,NO_VARIANT_LINK
pkm-mcdonalds-collection-2015-8-12-9d524a1677,McDonalds Collection 2015,Rhyhorn,8/12,NO_VARIANT_LINK
pkm-mcdonalds-collection-2015-9-12-8836fdb4fa,McDonalds Collection 2015,Meditite,9/12,NO_VARIANT_LINK
pkm-mcdonalds-collection-2015-10-12-8c73c12c59,McDonalds Collection 2015,Marill,10/12,NO_VARIANT_LINK
pkm-mcdonalds-collection-2015-11-12-1a1e94313d,McDonalds Collection 2015,Zigzagoon,11/12,NO_VARIANT_LINK
pkm-mcdonalds-collection-2015-12-12-ba10522d5c,McDonalds Collection 2015,Skitty,12/12,NO_VARIANT_LINK
pkm-mcdonalds-collection-2016-1-12-6f29b15f11,McDonalds Collection 2016,Vulpix,1/12,NO_VARIANT_LINK
pkm-mcdonalds-collection-2016-2-12-3c43ba2f76,McDonalds Collection 2016,Torchic,2/12,NO_VARIANT_LINK
pkm-mcdonalds-collection-2016-3-12-ea03b1f749,McDonalds Collection 2016,Fennekin,3/12,NO_VARIANT_LINK
pkm-mcdonalds-collection-2016-4-12-4e55ed4d14,McDonalds Collection 2016,Magikarp,4/12,NO_VARIANT_LINK
pkm-mcdonalds-collection-2016-5-12-9e694fbf5a,McDonalds Collection 2016,Totodile,5/12,NO_VARIANT_LINK
pkm-mcdonalds-collection-2016-6-12-c2f35d4aeb,McDonalds Collection 2016,Pikachu,6/12,NO_VARIANT_LINK
pkm-mcdonalds-collection-2016-7-12-673dfa9ca3,McDonalds Collection 2016,Scraggy,7/12,NO_VARIANT_LINK
pkm-mcdonalds-collection-2016-8-12-0a9e3dc11b,McDonalds Collection 2016,Jigglypuff,8/12,NO_VARIANT_LINK
pkm-mcdonalds-collection-2016-9-12-32c6d18029,McDonalds Collection 2016,Togepi,9/12,NO_VARIANT_LINK
pkm-mcdonalds-collection-2016-10-12-33638af27f,McDonalds Collection 2016,Dedenne,10/12,NO_VARIANT_LINK
pkm-mcdonalds-collection-2016-11-12-7d5c7d6057,McDonalds Collection 2016,Meowth,11/12,NO_VARIANT_LINK
pkm-mcdonalds-collection-2016-12-12-11ac8829cf,McDonalds Collection 2016,Eevee,12/12,NO_VARIANT_LINK
pkm-mcdonalds-collection-2017-1-12-3770dcfc88,McDonalds Collection 2017,Rowlet,1/12,NO_VARIANT_LINK
pkm-mcdonalds-collection-2017-2-12-c72e3f77dc,McDonalds Collection 2017,Grubbin,2/12,NO_VARIANT_LINK
pkm-mcdonalds-collection-2017-3-12-10f205a670,McDonalds Collection 2017,Litten,3/12,NO_VARIANT_LINK
pkm-mcdonalds-collection-2017-4-12-13ca8e5ea1,McDonalds Collection 2017,Popplio,4/12,NO_VARIANT_LINK
pkm-mcdonalds-collection-2017-5-12-6617bac272,McDonalds Collection 2017,Pikachu,5/12,NO_VARIANT_LINK
pkm-mcdonalds-collection-2017-6-12-1c1f3f5619,McDonalds Collection 2017,Cosmog,6/12,NO_VARIANT_LINK
pkm-mcdonalds-collection-2017-7-12-a2c8f836e0,McDonalds Collection 2017,Crabrawler,7/12,NO_VARIANT_LINK
pkm-mcdonalds-collection-2017-8-12-3b3e32e31c,McDonalds Collection 2017,Alolan Meowth,8/12,NO_VARIANT_LINK
pkm-mcdonalds-collection-2017-9-12-f3687678b5,McDonalds Collection 2017,Alolan Diglett,9/12,NO_VARIANT_LINK
pkm-mcdonalds-collection-2017-10-12-d96fe7c573,McDonalds Collection 2017,Cutiefly,10/12,NO_VARIANT_LINK
pkm-mcdonalds-collection-2017-11-12-ced781b54d,McDonalds Collection 2017,Pikipek,11/12,NO_VARIANT_LINK
pkm-mcdonalds-collection-2017-12-12-5eb99f4033,McDonalds Collection 2017,Yungoos,12/12,NO_VARIANT_LINK
pkm-mcdonalds-collection-2018-1-12-530ab4e6e7,McDonalds Collection 2018,Growlithe,1/12,NO_VARIANT_LINK
pkm-mcdonalds-collection-2018-2-12-742eaaa4ef,McDonalds Collection 2018,Psyduck,2/12,NO_VARIANT_LINK
pkm-mcdonalds-collection-2018-3-12-cf24226a14,McDonalds Collection 2018,Horsea,3/12,NO_VARIANT_LINK
pkm-mcdonalds-collection-2018-4-12-6a1715f8a4,McDonalds Collection 2018,Pikachu,4/12,NO_VARIANT_LINK
pkm-mcdonalds-collection-2018-5-12-e76067a966,McDonalds Collection 2018,Slowpoke,5/12,NO_VARIANT_LINK
pkm-mcdonalds-collection-2018-6-12-867546d59f,McDonalds Collection 2018,Machop,6/12,NO_VARIANT_LINK
pkm-mcdonalds-collection-2018-7-12-a08a90e4ab,McDonalds Collection 2018,Cubone,7/12,NO_VARIANT_LINK
pkm-mcdonalds-collection-2018-8-12-50ec3b832e,McDonalds Collection 2018,Magnemite,8/12,NO_VARIANT_LINK
pkm-mcdonalds-collection-2018-9-12-c4b48050bb,McDonalds Collection 2018,Dratini,9/12,NO_VARIANT_LINK
pkm-mcdonalds-collection-2018-10-12-4de711e21d,McDonalds Collection 2018,Chansey,10/12,NO_VARIANT_LINK
pkm-mcdonalds-collection-2018-11-12-cae0c260d0,McDonalds Collection 2018,Eevee,11/12,NO_VARIANT_LINK
pkm-mcdonalds-collection-2018-12-12-c6212ae2a9,McDonalds Collection 2018,Porygon,12/12,NO_VARIANT_LINK
pkm-mcdonalds-collection-2019-1-12-c2924c997b,McDonalds Collection 2019,Caterpie,1/12,NO_VARIANT_LINK
pkm-mcdonalds-collection-2019-2-12-92c474cb2a,McDonalds Collection 2019,Alolan Exeggutor,2/12,NO_VARIANT_LINK
pkm-mcdonalds-collection-2019-3-12-abe8c3591b,McDonalds Collection 2019,Magmar,3/12,NO_VARIANT_LINK
pkm-mcdonalds-collection-2019-4-12-80ecd1857b,McDonalds Collection 2019,Alolan Sandshrew,4/12,NO_VARIANT_LINK
pkm-mcdonalds-collection-2019-5-12-17a575219e,McDonalds Collection 2019,Lapras,5/12,NO_VARIANT_LINK
pkm-mcdonalds-collection-2019-6-12-1c587e6a46,McDonalds Collection 2019,Pikachu,6/12,NO_VARIANT_LINK
pkm-mcdonalds-collection-2019-7-12-b5c6291807,McDonalds Collection 2019,Gastly,7/12,NO_VARIANT_LINK
pkm-mcdonalds-collection-2019-8-12-b3f1d5f938,McDonalds Collection 2019,Mankey,8/12,NO_VARIANT_LINK
pkm-mcdonalds-collection-2019-9-12-3ec7cecf6a,McDonalds Collection 2019,Onix,9/12,NO_VARIANT_LINK
pkm-mcdonalds-collection-2019-10-12-297c32b053,McDonalds Collection 2019,Alolan Meowth,10/12,NO_VARIANT_LINK
pkm-mcdonalds-collection-2019-11-12-604013f2da,McDonalds Collection 2019,Alolan Dugtrio,11/12,NO_VARIANT_LINK
pkm-mcdonalds-collection-2019-12-12-9489f268d9,McDonalds Collection 2019,Eevee,12/12,NO_VARIANT_LINK
pkm-mcdonalds-collection-2021-1-25-39c4f13526,McDonalds Collection 2021,Bulbasaur,1/25,NO_VARIANT_LINK
pkm-mcdonalds-collection-2021-2-25-8dc37652c2,McDonalds Collection 2021,Chikorita,2/25,NO_VARIANT_LINK
pkm-mcdonalds-collection-2021-3-25-e08096ee99,McDonalds Collection 2021,Treecko,3/25,NO_VARIANT_LINK
pkm-mcdonalds-collection-2021-4-25-e09bbeccb9,McDonalds Collection 2021,Turtwig,4/25,NO_VARIANT_LINK
pkm-mcdonalds-collection-2021-5-25-9b533eb291,McDonalds Collection 2021,Snivy,5/25,NO_VARIANT_LINK
pkm-mcdonalds-collection-2021-6-25-c3223052b4,McDonalds Collection 2021,Chespin,6/25,NO_VARIANT_LINK
pkm-mcdonalds-collection-2021-7-25-d1240468bd,McDonalds Collection 2021,Rowlet,7/25,NO_VARIANT_LINK
pkm-mcdonalds-collection-2021-8-25-a6b3f8ab57,McDonalds Collection 2021,Grookey,8/25,NO_VARIANT_LINK
pkm-mcdonalds-collection-2021-9-25-66ad81ef15,McDonalds Collection 2021,Charmander,9/25,NO_VARIANT_LINK
pkm-mcdonalds-collection-2021-10-25-017b2775b9,McDonalds Collection 2021,Cyndaquil,10/25,NO_VARIANT_LINK
pkm-mcdonalds-collection-2021-11-25-7c9f88d780,McDonalds Collection 2021,Torchic,11/25,NO_VARIANT_LINK
pkm-mcdonalds-collection-2021-12-25-b36bd6c1ee,McDonalds Collection 2021,Chimchar,12/25,NO_VARIANT_LINK
pkm-mcdonalds-collection-2021-13-25-84438aeba0,McDonalds Collection 2021,Tepig,13/25,NO_VARIANT_LINK
pkm-mcdonalds-collection-2021-14-25-a5d26f5a53,McDonalds Collection 2021,Fennekin,14/25,NO_VARIANT_LINK
pkm-mcdonalds-collection-2021-15-25-67521eb260,McDonalds Collection 2021,Litten,15/25,NO_VARIANT_LINK
pkm-mcdonalds-collection-2021-16-25-1220dcc4cf,McDonalds Collection 2021,Scorbunny,16/25,NO_VARIANT_LINK
pkm-mcdonalds-collection-2021-17-25-e1c019b9dd,McDonalds Collection 2021,Squirtle,17/25,NO_VARIANT_LINK
pkm-mcdonalds-collection-2021-18-25-bbca71f9e6,McDonalds Collection 2021,Totodile,18/25,NO_VARIANT_LINK
pkm-mcdonalds-collection-2021-19-25-d231f39383,McDonalds Collection 2021,Mudkip,19/25,NO_VARIANT_LINK
pkm-mcdonalds-collection-2021-20-25-afe6eb14f8,McDonalds Collection 2021,Piplup,20/25,NO_VARIANT_LINK
pkm-mcdonalds-collection-2021-21-25-686f7d0275,McDonalds Collection 2021,Oshawott,21/25,NO_VARIANT_LINK
pkm-mcdonalds-collection-2021-22-25-fc10109481,McDonalds Collection 2021,Froakie,22/25,NO_VARIANT_LINK
pkm-mcdonalds-collection-2021-23-25-4d3c5752b3,McDonalds Collection 2021,Popplio,23/25,NO_VARIANT_LINK
pkm-mcdonalds-collection-2021-24-25-5912717ad0,McDonalds Collection 2021,Sobble,24/25,NO_VARIANT_LINK
pkm-mcdonalds-collection-2021-25-25-69b19516a8,McDonalds Collection 2021,Pikachu,25/25,NO_VARIANT_LINK
pkm-mcdonalds-collection-2022-1-15-bd683c499c,McDonalds Collection 2022,Ledyba,1/15,NO_VARIANT_LINK
pkm-mcdonalds-collection-2022-2-15-fd21936421,McDonalds Collection 2022,Rowlet,2/15,NO_VARIANT_LINK
pkm-mcdonalds-collection-2022-3-15-d487ac1007,McDonalds Collection 2022,Gossifleur,3/15,NO_VARIANT_LINK
pkm-mcdonalds-collection-2022-4-15-04e060c8a4,McDonalds Collection 2022,Growlithe,4/15,NO_VARIANT_LINK
pkm-mcdonalds-collection-2022-5-15-0af633a652,McDonalds Collection 2022,Victini,5/15,NO_VARIANT_LINK
pkm-mcdonalds-collection-2022-6-15-b002db85be,McDonalds Collection 2022,Lapras,6/15,NO_VARIANT_LINK
pkm-mcdonalds-collection-2022-7-15-b67c3caf1a,McDonalds Collection 2022,Pikachu,7/15,NO_VARIANT_LINK
pkm-mcdonalds-collection-2022-8-15-5787de1e83,McDonalds Collection 2022,Chinchou,8/15,NO_VARIANT_LINK
pkm-mcdonalds-collection-2022-9-15-f29e13384d,McDonalds Collection 2022,Flaaffy,9/15,NO_VARIANT_LINK
pkm-mcdonalds-collection-2022-10-15-68923e5ed7,McDonalds Collection 2022,Tynamo,10/15,NO_VARIANT_LINK
pkm-mcdonalds-collection-2022-11-15-120a0557f3,McDonalds Collection 2022,Cutiefly,11/15,NO_VARIANT_LINK
pkm-mcdonalds-collection-2022-12-15-fc3fdf27e6,McDonalds Collection 2022,Bewear,12/15,NO_VARIANT_LINK
pkm-mcdonalds-collection-2022-13-15-2af126b99f,McDonalds Collection 2022,Pangoro,13/15,NO_VARIANT_LINK
pkm-mcdonalds-collection-2022-14-15-d03a222ea8,McDonalds Collection 2022,Drampa,14/15,NO_VARIANT_LINK
pkm-mcdonalds-collection-2022-15-15-bd4d9afb50,McDonalds Collection 2022,Smeargle,15/15,NO_VARIANT_LINK
pkm-arceus-sh10-99-3a532922d9,Arceus,Bagon,SH10/99,NO_VARIANT_LINK
pkm-arceus-sh11-99-16f9ec4937,Arceus,Ponyta,SH11/99,NO_VARIANT_LINK
pkm-arceus-sh12-99-9295482b12,Arceus,Shinx,SH12/99,NO_VARIANT_LINK
pkm-arceus-ar1-99-d43af8ca6e,Arceus,Arceus,AR1/99,NO_VARIANT_LINK
pkm-arceus-ar2-99-95bbb8559e,Arceus,Arceus,AR2/99,NO_VARIANT_LINK
pkm-arceus-ar3-99-2f29272cb3,Arceus,Arceus,AR3/99,NO_VARIANT_LINK
pkm-arceus-ar4-99-5e894de30c,Arceus,Arceus,AR4/99,NO_VARIANT_LINK
pkm-arceus-ar5-99-260a326946,Arceus,Arceus,AR5/99,NO_VARIANT_LINK
pkm-arceus-ar6-99-0d3390b1f6,Arceus,Arceus,AR6/99,NO_VARIANT_LINK
pkm-arceus-ar7-99-b34bcad7b4,Arceus,Arceus,AR7/99,NO_VARIANT_LINK
pkm-arceus-ar8-99-71a5260ae3,Arceus,Arceus,AR8/99,NO_VARIANT_LINK
pkm-arceus-ar9-99-253a586db0,Arceus,Arceus,AR9/99,NO_VARIANT_LINK
pkm-platinum-9-127-77abd6de8c,Platinum,Giratina,9/127,NO_VARIANT_LINK
pkm-platinum-10-127-aa898e6388,Platinum,Giratina,10/127,NO_VARIANT_LINK
pkm-platinum-27-127-58b83b691c,Platinum,Giratina,27/127,NO_VARIANT_LINK
pkm-platinum-28-127-c0317cc4bd,Platinum,Giratina,28/127,NO_VARIANT_LINK
pkm-platinum-124-127-3ed0a2b040,Platinum,Giratina LV.X,124/127,NO_VARIANT_LINK
pkm-platinum-sh4-127-f43ada879f,Platinum,Lotad,SH4/127,NO_VARIANT_LINK
pkm-platinum-sh5-127-8d962c7915,Platinum,Swablu,SH5/127,NO_VARIANT_LINK
pkm-platinum-sh6-127-8b3dd046c5,Platinum,Vulpix,SH6/127,NO_VARIANT_LINK
pkm-rising-rivals-71-111-57659821a0,Rising Rivals,Nidoran ♀,71/111,NO_VARIANT_LINK
pkm-rising-rivals-72-111-30b253360b,Rising Rivals,Nidoran ♂,72/111,NO_VARIANT_LINK
pkm-rising-rivals-88-111-1b304f5634,Rising Rivals,Aaron's Collection,88/111,NO_VARIANT_LINK
pkm-rising-rivals-95-111-756cbecd10,Rising Rivals,Team Galactic's Invention G-107 Technical Machine G,95/111,NO_VARIANT_LINK
pkm-supreme-victors-sh7-147-e50818a56f,Supreme Victors,Milotic,SH7/147,NO_VARIANT_LINK
pkm-supreme-victors-sh8-147-db44d340ce,Supreme Victors,Relicanth,SH8/147,NO_VARIANT_LINK
pkm-supreme-victors-sh9-147-4a4af9e5d8,Supreme Victors,Yanma,SH9/147,NO_VARIANT_LINK
pkm-pop-series-5-9-17-f1367eb125,POP Series 5,δ Rainbow Energy,9/17,NO_VARIANT_LINK
pkm-burning-shadows-18a-147-071fdd84b3,Burning Shadows,Charmander,18a/147,NO_VARIANT_LINK
pkm-burning-shadows-39a-147-626ca7dd66,Burning Shadows,Tapu Fini-GX,39a/147,NO_VARIANT_LINK
pkm-burning-shadows-75-147-1e01e4d5fe,Burning Shadows,Lycanroc,75/147,NO_VARIANT_LINK
pkm-burning-shadows-76-147-367625986e,Burning Shadows,Lycanroc,76/147,NO_VARIANT_LINK
pkm-burning-shadows-88a-147-dfa1e2949e,Burning Shadows,Darkrai-GX,88a/147,NO_VARIANT_LINK
pkm-burning-shadows-92a-147-d1f2cedc16,Burning Shadows,Kirlia,92a/147,NO_VARIANT_LINK
pkm-burning-shadows-105a-147-debede849d,Burning Shadows,Porygon-Z,105a/147,NO_VARIANT_LINK
pkm-burning-shadows-112a-147-3a6e7b4586,Burning Shadows,Acerola,112a/147,NO_VARIANT_LINK
pkm-burning-shadows-115a-147-5ff1d7d9a0,Burning Shadows,Guzma,115a/147,NO_VARIANT_LINK
pkm-burning-shadows-116a-147-0e915a0cc7,Burning Shadows,Kiawe,116a/147,NO_VARIANT_LINK
pkm-burning-shadows-125-147-cc45c3001b,Burning Shadows,Tormenting Spray,125/147,NO_VARIANT_LINK
pkm-celestial-storm-7-168-04f35fe927,Celestial Storm,Treecko,7/168,NO_VARIANT_LINK
pkm-celestial-storm-8-168-a39a73526a,Celestial Storm,Treecko,8/168,NO_VARIANT_LINK
pkm-celestial-storm-10a-168-b0a10750e9,Celestial Storm,Sceptile,10a/168,NO_VARIANT_LINK
pkm-celestial-storm-11-168-297bd68582,Celestial Storm,Seedot,11/168,NO_VARIANT_LINK
pkm-celestial-storm-12-168-45ad6d1efd,Celestial Storm,Seedot,12/168,NO_VARIANT_LINK
pkm-celestial-storm-25-168-e263a8d79a,Celestial Storm,Torchic,25/168,NO_VARIANT_LINK
pkm-celestial-storm-26-168-3498858ca3,Celestial Storm,Torchic,26/168,NO_VARIANT_LINK
pkm-celestial-storm-30-168-0a455c2238,Celestial Storm,Oricorio,30/168,NO_VARIANT_LINK
pkm-celestial-storm-32-168-8ed59014f3,Celestial Storm,Mudkip,32/168,NO_VARIANT_LINK
pkm-celestial-storm-33-168-5e881ae719,Celestial Storm,Mudkip,33/168,NO_VARIANT_LINK
pkm-celestial-storm-55-168-7257b8a8ae,Celestial Storm,Oricorio,55/168,NO_VARIANT_LINK
pkm-celestial-storm-63-168-6425783d8f,Celestial Storm,Shuppet,63/168,NO_VARIANT_LINK
pkm-celestial-storm-64-168-fc80ff1635,Celestial Storm,Shuppet,64/168,NO_VARIANT_LINK
pkm-celestial-storm-67-168-3aeffa468e,Celestial Storm,Deoxys,67/168,NO_VARIANT_LINK
pkm-celestial-storm-68-168-cfa48a681b,Celestial Storm,Deoxys,68/168,NO_VARIANT_LINK
pkm-celestial-storm-69-168-22c63e60ed,Celestial Storm,Deoxys,69/168,NO_VARIANT_LINK
pkm-celestial-storm-92-168-ea54da6123,Celestial Storm,Beldum,92/168,NO_VARIANT_LINK
pkm-celestial-storm-93-168-8e705be926,Celestial Storm,Beldum,93/168,NO_VARIANT_LINK
pkm-celestial-storm-97-168-568939a825,Celestial Storm,Jirachi ◇,97/168,NO_VARIANT_LINK
pkm-celestial-storm-103-168-3943f02678,Celestial Storm,Bagon,103/168,NO_VARIANT_LINK
pkm-celestial-storm-104-168-cfc3ec1d16,Celestial Storm,Bagon,104/168,NO_VARIANT_LINK
pkm-celestial-storm-107-168-d050aa3285,Celestial Storm,Latias ◇,107/168,NO_VARIANT_LINK
pkm-celestial-storm-108-168-bbbc563f06,Celestial Storm,Latios ◇,108/168,NO_VARIANT_LINK
pkm-celestial-storm-116-168-d68b7b4f67,Celestial Storm,Whismur,116/168,NO_VARIANT_LINK
pkm-celestial-storm-117-168-d2d8217c9b,Celestial Storm,Whismur,117/168,NO_VARIANT_LINK
pkm-celestial-storm-123a-168-9d596468b3,Celestial Storm,Acro Bike,123a/168,NO_VARIANT_LINK
pkm-celestial-storm-148a-168-410498661b,Celestial Storm,Tate & Liza,148a/168,NO_VARIANT_LINK
pkm-celestial-storm-177a-168-6f897d05d6,Celestial Storm,Rayquaza-GX,177a/168,NO_VARIANT_LINK
pkm-cosmic-eclipse-17-236-8cabde8e95,Cosmic Eclipse,Rowlet,17/236,NO_VARIANT_LINK
pkm-cosmic-eclipse-18-236-6eb6f9fdbe,Cosmic Eclipse,Rowlet,18/236,NO_VARIANT_LINK
pkm-cosmic-eclipse-30-236-8cdad5d14c,Cosmic Eclipse,Victini,30/236,NO_VARIANT_LINK
pkm-cosmic-eclipse-49-236-4517460a0c,Cosmic Eclipse,Spheal,49/236,NO_VARIANT_LINK
pkm-cosmic-eclipse-50-236-1ea1d4101d,Cosmic Eclipse,Spheal,50/236,NO_VARIANT_LINK
pkm-cosmic-eclipse-73-236-b1958ca88d,Cosmic Eclipse,Togedemaru,73/236,NO_VARIANT_LINK
pkm-cosmic-eclipse-74-236-c015757a7e,Cosmic Eclipse,Togedemaru,74/236,NO_VARIANT_LINK
pkm-cosmic-eclipse-96-236-5ce0ca367a,Cosmic Eclipse,Mimikyu,96/236,NO_VARIANT_LINK
pkm-cosmic-eclipse-97-236-05cd4a151e,Cosmic Eclipse,Mimikyu,97/236,NO_VARIANT_LINK
pkm-cosmic-eclipse-99-236-b1a9e64124,Cosmic Eclipse,Cosmog,99/236,NO_VARIANT_LINK
pkm-cosmic-eclipse-100-236-d4afc4abcc,Cosmic Eclipse,Cosmog,100/236,NO_VARIANT_LINK
pkm-cosmic-eclipse-107-236-d774d377ea,Cosmic Eclipse,Trapinch,107/236,NO_VARIANT_LINK
pkm-cosmic-eclipse-108-236-dcc31ac217,Cosmic Eclipse,Trapinch,108/236,NO_VARIANT_LINK
pkm-cosmic-eclipse-143a-236-80ec9d7a29,Cosmic Eclipse,Togepi & Cleffa & Igglybuff-GX,143a/236,NO_VARIANT_LINK
pkm-cosmic-eclipse-149-236-93444039ba,Cosmic Eclipse,Flabébé,149/236,NO_VARIANT_LINK
pkm-cosmic-eclipse-150-236-2a5b87c04b,Cosmic Eclipse,Flabébé,150/236,NO_VARIANT_LINK
pkm-cosmic-eclipse-160-236-4e93b0f295,Cosmic Eclipse,Jangmo-o,160/236,NO_VARIANT_LINK
pkm-cosmic-eclipse-161-236-79acdfd12a,Cosmic Eclipse,Jangmo-o,161/236,NO_VARIANT_LINK
pkm-cosmic-eclipse-166-236-c7f39b308b,Cosmic Eclipse,Eevee,166/236,NO_VARIANT_LINK
pkm-cosmic-eclipse-167-236-be0958c337,Cosmic Eclipse,Eevee,167/236,NO_VARIANT_LINK
pkm-cosmic-eclipse-215-236-85d41212f3,Cosmic Eclipse,Blastoise & Piplup-GX,215/236,NO_VARIANT_LINK
pkm-cosmic-eclipse-221-236-d407a31bb5,Cosmic Eclipse,Arceus & Dialga & Palkia-GX,221/236,NO_VARIANT_LINK
pkm-cosmic-eclipse-224-236-5b2e5665b3,Cosmic Eclipse,Naganadel & Guzzlord-GX,224/236,NO_VARIANT_LINK
pkm-cosmic-eclipse-226-236-fdc9368116,Cosmic Eclipse,Mega Lopunny & Jigglypuff-GX,226/236,NO_VARIANT_LINK
pkm-crimson-invasion-63a-111-2ba245bd83,Crimson Invasion,Guzzlord-GX,63a/111,NO_VARIANT_LINK
pkm-crimson-invasion-84a-111-a62c3bbf64,Crimson Invasion,Regigigas,84a/111,NO_VARIANT_LINK
pkm-crimson-invasion-94-111-fb3f202588,Crimson Invasion,Fighting Memory,94/111,NO_VARIANT_LINK
pkm-dragon-majesty-7-70-7fb4c3140f,Dragon Majesty,Victini ◇,7/70,NO_VARIANT_LINK
pkm-dragon-majesty-34-70-dc5edf0321,Dragon Majesty,Dratini,34/70,NO_VARIANT_LINK
pkm-dragon-majesty-35-70-37c853cd88,Dragon Majesty,Dratini,35/70,NO_VARIANT_LINK
pkm-dragon-majesty-40a-70-c7a18a45c6,Dragon Majesty,Altaria,40a/70,NO_VARIANT_LINK
pkm-dragon-majesty-60a-70-fb5d1f43d4,Dragon Majesty,Fiery Flint,60a/70,NO_VARIANT_LINK
pkm-dragon-majesty-61-70-9f592d24cc,Dragon Majesty,Lance ◇,61/70,NO_VARIANT_LINK
pkm-forbidden-light-2a-131-c9f471af33,Forbidden Light,Alolan Exeggutor,2a/131,NO_VARIANT_LINK
pkm-forbidden-light-5-131-d4d0774c11,Forbidden Light,Scatterbug,5/131,NO_VARIANT_LINK
pkm-forbidden-light-6-131-7398317b6b,Forbidden Light,Scatterbug,6/131,NO_VARIANT_LINK
pkm-forbidden-light-14-131-1461b20966,Forbidden Light,Fennekin,14/131,NO_VARIANT_LINK
pkm-forbidden-light-15-131-91bc916afb,Forbidden Light,Fennekin,15/131,NO_VARIANT_LINK
pkm-forbidden-light-21-131-2d165731ff,Forbidden Light,Froakie,21/131,NO_VARIANT_LINK
pkm-forbidden-light-22-131-87f8813342,Forbidden Light,Froakie,22/131,NO_VARIANT_LINK
pkm-forbidden-light-31-131-a61bc81fee,Forbidden Light,Volcanion ◇,31/131,NO_VARIANT_LINK
pkm-forbidden-light-46-131-f2f1be79f2,Forbidden Light,Honedge,46/131,NO_VARIANT_LINK
pkm-forbidden-light-47-131-9dc2f8548a,Forbidden Light,Honedge,47/131,NO_VARIANT_LINK
pkm-forbidden-light-71-131-435601fc03,Forbidden Light,Zygarde,71/131,NO_VARIANT_LINK
pkm-forbidden-light-72-131-d1bd7d87ab,Forbidden Light,Zygarde,72/131,NO_VARIANT_LINK
pkm-forbidden-light-74-131-7c4eb23666,Forbidden Light,Diancie ◇,74/131,NO_VARIANT_LINK
pkm-forbidden-light-83-131-7736265ab8,Forbidden Light,Flabébé,83/131,NO_VARIANT_LINK
pkm-forbidden-light-84-131-dc1ef5fc39,Forbidden Light,Flabébé,84/131,NO_VARIANT_LINK
pkm-forbidden-light-91-131-10f2936bff,Forbidden Light,Goomy,91/131,NO_VARIANT_LINK
pkm-forbidden-light-92-131-95933f30b1,Forbidden Light,Goomy,92/131,NO_VARIANT_LINK
pkm-forbidden-light-96-131-263ba167e2,Forbidden Light,Arceus ◇,96/131,NO_VARIANT_LINK
pkm-forbidden-light-102a-131-46dcd42815,Forbidden Light,Beast Ring,102a/131,NO_VARIANT_LINK
pkm-forbidden-light-110-131-f7cf3918d7,Forbidden Light,Lysandre ◇,110/131,NO_VARIANT_LINK
pkm-forbidden-light-112a-131-573e044941,Forbidden Light,Metal Frying Pan,112a/131,NO_VARIANT_LINK
pkm-forbidden-light-113a-131-93651afd74,Forbidden Light,Mysterious Treasure,113a/131,NO_VARIANT_LINK
pkm-forbidden-light-117-131-f604d92249,Forbidden Light,Beast Energy ◇,117/131,NO_VARIANT_LINK
pkm-forbidden-light-118-131-950038f0d8,Forbidden Light,Unit Energy FightingDarknessFairy,118/131,NO_VARIANT_LINK
pkm-forbidden-light-146-131-b92acdc171,Forbidden Light,Unit Energy FightingDarknessFairy,146/131,NO_VARIANT_LINK
pkm-guardians-rising-10-145-348b9960a5,Guardians Rising,Victini,10/145,NO_VARIANT_LINK
pkm-guardians-rising-14-145-8504a8bd1f,Guardians Rising,Oricorio,14/145,NO_VARIANT_LINK
pkm-guardians-rising-19a-145-48eae7f3a7,Guardians Rising,Alolan Sandshrew,19a/145,NO_VARIANT_LINK
pkm-guardians-rising-21a-145-205620f2d1,Guardians Rising,Alolan Vulpix,21a/145,NO_VARIANT_LINK
pkm-guardians-rising-46-145-b33b90ffe5,Guardians Rising,Oricorio,46/145,NO_VARIANT_LINK
pkm-guardians-rising-51a-145-c6ae8a7dc2,Guardians Rising,Garbodor,51a/145,NO_VARIANT_LINK
pkm-guardians-rising-55-145-83d83268ba,Guardians Rising,Oricorio,55/145,NO_VARIANT_LINK
pkm-guardians-rising-56-145-13c413ec85,Guardians Rising,Oricorio,56/145,NO_VARIANT_LINK
pkm-guardians-rising-60a-145-ede973199b,Guardians Rising,Tapu Lele-GX,60a/145,NO_VARIANT_LINK
pkm-guardians-rising-62-145-33738d089a,Guardians Rising,Machop,62/145,NO_VARIANT_LINK
pkm-guardians-rising-63-145-e3df2d02c7,Guardians Rising,Machop,63/145,NO_VARIANT_LINK
pkm-guardians-rising-92a-145-01a8c01358,Guardians Rising,Sylveon-GX,92a/145,NO_VARIANT_LINK
pkm-guardians-rising-121a-145-4b4ce9c558,Guardians Rising,Choice Band,121a/145,NO_VARIANT_LINK
pkm-guardians-rising-124a-145-0d60229748,Guardians Rising,Enhanced Hammer,124a/145,NO_VARIANT_LINK
pkm-guardians-rising-125a-145-0096b2f132,Guardians Rising,Field Blower,125a/145,NO_VARIANT_LINK
pkm-guardians-rising-128a-145-79d21b6611,Guardians Rising,Max Potion,128a/145,NO_VARIANT_LINK
pkm-guardians-rising-130a-145-64c643c408,Guardians Rising,Rescue Stretcher,130a/145,NO_VARIANT_LINK
pkm-guardians-rising-157a-145-3ba850a836,Guardians Rising,Metagross-GX,157a/145,NO_VARIANT_LINK
pkm-guardians-rising-169-145-d24233da8c,Guardians Rising,Fighting Energy,169/145,NO_VARIANT_LINK
pkm-hidden-fates-shiny-vault-sv66-94-e62b65d307,Hidden Fates Shiny Vault,Lycanroc-GX,SV66/94,NO_VARIANT_LINK
pkm-hidden-fates-shiny-vault-sv67-94-4331e0f0ec,Hidden Fates Shiny Vault,Lycanroc-GX,SV67/94,NO_VARIANT_LINK
pkm-lost-thunder-5-214-2f614be358,Lost Thunder,Chikorita,5/214,NO_VARIANT_LINK
pkm-lost-thunder-6-214-0473fc25a1,Lost Thunder,Chikorita,6/214,NO_VARIANT_LINK
pkm-lost-thunder-11-214-44a10755ac,Lost Thunder,Hoppip,11/214,NO_VARIANT_LINK
pkm-lost-thunder-12-214-2d0ec223a9,Lost Thunder,Hoppip,12/214,NO_VARIANT_LINK
pkm-lost-thunder-19-214-6fc6c3c232,Lost Thunder,Celebi ◇,19/214,NO_VARIANT_LINK
pkm-lost-thunder-23-214-25a1baa4b5,Lost Thunder,Wurmple,23/214,NO_VARIANT_LINK
pkm-lost-thunder-24-214-4b1a206cab,Lost Thunder,Wurmple,24/214,NO_VARIANT_LINK
pkm-lost-thunder-39-214-81311f2d6b,Lost Thunder,Cyndaquil,39/214,NO_VARIANT_LINK
pkm-lost-thunder-40-214-a07c25d57f,Lost Thunder,Cyndaquil,40/214,NO_VARIANT_LINK
pkm-lost-thunder-49-214-ce06ca32c8,Lost Thunder,Victini,49/214,NO_VARIANT_LINK
pkm-lost-thunder-58-214-dce05ae84a,Lost Thunder,Mantine,58/214,NO_VARIANT_LINK
pkm-lost-thunder-64-214-e4cb2974de,Lost Thunder,Popplio,64/214,NO_VARIANT_LINK
pkm-lost-thunder-65-214-4637984785,Lost Thunder,Popplio,65/214,NO_VARIANT_LINK
pkm-lost-thunder-68-214-df355953b2,Lost Thunder,Mareanie,68/214,NO_VARIANT_LINK
pkm-lost-thunder-75-214-06f32f384d,Lost Thunder,Mareep,75/214,NO_VARIANT_LINK
pkm-lost-thunder-76-214-2b55bb70df,Lost Thunder,Mareep,76/214,NO_VARIANT_LINK
pkm-lost-thunder-84-214-424ffa1921,Lost Thunder,Dedenne,84/214,NO_VARIANT_LINK
pkm-lost-thunder-90-214-d520b60850,Lost Thunder,Unown,90/214,NO_VARIANT_LINK
pkm-lost-thunder-91-214-c3eb0ab432,Lost Thunder,Unown,91/214,NO_VARIANT_LINK
pkm-lost-thunder-92-214-a947b4c16c,Lost Thunder,Unown,92/214,NO_VARIANT_LINK
pkm-lost-thunder-97-214-db68dcef3b,Lost Thunder,Giratina,97/214,NO_VARIANT_LINK
pkm-lost-thunder-105-214-e7d50fe4c7,Lost Thunder,Mareanie,105/214,NO_VARIANT_LINK
pkm-lost-thunder-114-214-bf4c0f45de,Lost Thunder,Larvitar,114/214,NO_VARIANT_LINK
pkm-lost-thunder-115-214-7183d96f05,Lost Thunder,Larvitar,115/214,NO_VARIANT_LINK
pkm-lost-thunder-117-214-2b03f3a36b,Lost Thunder,Carbink,117/214,NO_VARIANT_LINK
pkm-lost-thunder-142-214-3de77314ab,Lost Thunder,Dedenne,142/214,NO_VARIANT_LINK
pkm-lost-thunder-143-214-17240a5abe,Lost Thunder,Carbink,143/214,NO_VARIANT_LINK
pkm-lost-thunder-144-214-e94d60783d,Lost Thunder,Xerneas ◇,144/214,NO_VARIANT_LINK
pkm-lost-thunder-154-214-b87a3a410d,Lost Thunder,Ditto ◇,154/214,NO_VARIANT_LINK
pkm-lost-thunder-161-214-b1620f800e,Lost Thunder,Kecleon,161/214,NO_VARIANT_LINK
pkm-lost-thunder-162-214-8d63000089,Lost Thunder,Kecleon,162/214,NO_VARIANT_LINK
pkm-lost-thunder-163-214-7202d1dce4,Lost Thunder,Pikipek,163/214,NO_VARIANT_LINK
pkm-lost-thunder-164-214-42a8adc7bd,Lost Thunder,Pikipek,164/214,NO_VARIANT_LINK
pkm-lost-thunder-172a-214-d9327d56d5,Lost Thunder,Electropower,172a/214,NO_VARIANT_LINK
pkm-lost-thunder-174-214-b80a4da62e,Lost Thunder,Fairy Charm Grass,174/214,NO_VARIANT_LINK
pkm-lost-thunder-175-214-fd641c6ac4,Lost Thunder,Fairy Charm Psychic,175/214,NO_VARIANT_LINK
pkm-lost-thunder-176-214-1ff9f27f1b,Lost Thunder,Fairy Charm Fighting,176/214,NO_VARIANT_LINK
pkm-lost-thunder-177-214-a5fb1ee48e,Lost Thunder,Fairy Charm Dragon,177/214,NO_VARIANT_LINK
pkm-lost-thunder-178-214-50a87e47a2,Lost Thunder,Heat Factory ◇,178/214,NO_VARIANT_LINK
pkm-lost-thunder-180-214-08e16f9b00,Lost Thunder,Life Forest ◇,180/214,NO_VARIANT_LINK
pkm-lost-thunder-182-214-374945a496,Lost Thunder,Lusamine ◇,182/214,NO_VARIANT_LINK
pkm-lost-thunder-187a-214-7fbe82c3f8,Lost Thunder,Net Ball,187a/214,NO_VARIANT_LINK
pkm-lost-thunder-188a-214-12cc760fb3,Lost Thunder,Professor Elm's Lecture,188a/214,NO_VARIANT_LINK
pkm-lost-thunder-189a-214-8a442f6dec,Lost Thunder,Sightseer,189a/214,NO_VARIANT_LINK
pkm-lost-thunder-191-214-a97367f5cc,Lost Thunder,Thunder Mountain ◇,191/214,NO_VARIANT_LINK
pkm-shining-legends-10a-73-7c70d5a3f8,Shining Legends,Entei-GX,10a/73,NO_VARIANT_LINK
pkm-shining-legends-68a-73-4b31f92636,Shining Legends,Ultra Ball,68a/73,NO_VARIANT_LINK
pkm-shining-legends-77a-73-6ece814000,Shining Legends,Zoroark-GX,77a/73,NO_VARIANT_LINK
pkm-sm-black-star-promos-sm01-248-ed1f05c96b,SM Black Star Promos,Rowlet,SM01/248,NO_VARIANT_LINK
pkm-sm-black-star-promos-sm02-248-61a8326b42,SM Black Star Promos,Litten,SM02/248,NO_VARIANT_LINK
pkm-sm-black-star-promos-sm03-248-c541dccd79,SM Black Star Promos,Popplio,SM03/248,NO_VARIANT_LINK
pkm-sm-black-star-promos-sm04-248-33d43f7fdb,SM Black Star Promos,Pikachu,SM04/248,NO_VARIANT_LINK
pkm-sm-black-star-promos-sm05-248-5a62980274,SM Black Star Promos,Snorlax-GX,SM05/248,NO_VARIANT_LINK
pkm-sm-black-star-promos-sm06-248-cb7f5b5ce7,SM Black Star Promos,Rockruff,SM06/248,NO_VARIANT_LINK
pkm-sm-black-star-promos-sm07-248-4ec81c9e5d,SM Black Star Promos,Pikipek,SM07/248,NO_VARIANT_LINK
pkm-sm-black-star-promos-sm08-248-c527cdbc4c,SM Black Star Promos,Litten,SM08/248,NO_VARIANT_LINK
pkm-sm-black-star-promos-sm09-248-6728248a4c,SM Black Star Promos,Togedemaru,SM09/248,NO_VARIANT_LINK
pkm-sm-black-star-promos-sm10-248-b62b005d0a,SM Black Star Promos,Shiinotic,SM10/248,NO_VARIANT_LINK
pkm-sm-black-star-promos-sm11-248-8496799af8,SM Black Star Promos,Bruxish,SM11/248,NO_VARIANT_LINK
pkm-sm-black-star-promos-sm12-248-4632f79a43,SM Black Star Promos,Passimian,SM12/248,NO_VARIANT_LINK
pkm-sm-black-star-promos-sm13-248-9c7ec9bfba,SM Black Star Promos,Oranguru,SM13/248,NO_VARIANT_LINK
pkm-sm-black-star-promos-sm14-248-7dafc14d26,SM Black Star Promos,Lycanroc-GX,SM14/248,NO_VARIANT_LINK
pkm-sm-black-star-promos-sm15-248-c87c643cec,SM Black Star Promos,Zygarde,SM15/248,NO_VARIANT_LINK
pkm-sm-black-star-promos-sm16-248-ab4c4f6d3c,SM Black Star Promos,Solgaleo-GX,SM16/248,NO_VARIANT_LINK
pkm-sm-black-star-promos-sm17-248-098223b5e9,SM Black Star Promos,Lunala-GX,SM17/248,NO_VARIANT_LINK
pkm-sm-black-star-promos-sm18-248-a1c8601be4,SM Black Star Promos,Alolan Sandslash,SM18/248,NO_VARIANT_LINK
pkm-sm-black-star-promos-sm19-248-50915fc870,SM Black Star Promos,Oricorio,SM19/248,NO_VARIANT_LINK
pkm-sm-black-star-promos-sm20-248-2afc4c9b8f,SM Black Star Promos,Mudsdale,SM20/248,NO_VARIANT_LINK
pkm-sm-black-star-promos-sm21-248-bf50921cd6,SM Black Star Promos,Drampa,SM21/248,NO_VARIANT_LINK
pkm-sm-black-star-promos-sm22-248-649dfe397b,SM Black Star Promos,Rowlet,SM22/248,NO_VARIANT_LINK
pkm-sm-black-star-promos-sm23-248-d2f2c5f83a,SM Black Star Promos,Litten,SM23/248,NO_VARIANT_LINK
pkm-sm-black-star-promos-sm24-248-977c932e18,SM Black Star Promos,Popplio,SM24/248,NO_VARIANT_LINK
pkm-sm-black-star-promos-sm25-248-e09caa08b4,SM Black Star Promos,Lurantis,SM25/248,NO_VARIANT_LINK
pkm-sm-black-star-promos-sm26-248-9c9d214b30,SM Black Star Promos,Tsareena,SM26/248,NO_VARIANT_LINK
pkm-sm-black-star-promos-sm27-248-38ab1ee4f3,SM Black Star Promos,Turtonator,SM27/248,NO_VARIANT_LINK
pkm-sm-black-star-promos-sm28-248-3b0e22e257,SM Black Star Promos,Vikavolt,SM28/248,NO_VARIANT_LINK
pkm-sm-black-star-promos-sm29-248-eccc87128e,SM Black Star Promos,Mimikyu,SM29/248,NO_VARIANT_LINK
pkm-sm-black-star-promos-sm30-248-458a3635b7,SM Black Star Promos,Tapu Koko,SM30/248,NO_VARIANT_LINK
pkm-sm-black-star-promos-sm30a-248-9e9b6e0668,SM Black Star Promos,Tapu Koko,SM30a/248,NO_VARIANT_LINK
pkm-sm-black-star-promos-sm31-248-5c02ed12cb,SM Black Star Promos,Tapu Koko,SM31/248,NO_VARIANT_LINK
pkm-sm-black-star-promos-sm32-248-d451021c55,SM Black Star Promos,Tapu Bulu-GX,SM32/248,NO_VARIANT_LINK
pkm-sm-black-star-promos-sm33-248-11d177bc1d,SM Black Star Promos,Tapu Koko-GX,SM33/248,NO_VARIANT_LINK
pkm-sm-black-star-promos-sm34-248-18ff62745f,SM Black Star Promos,Bewear-GX,SM34/248,NO_VARIANT_LINK
pkm-sm-black-star-promos-sm35-248-536e8cf1b2,SM Black Star Promos,Espeon-GX,SM35/248,NO_VARIANT_LINK
pkm-sm-black-star-promos-sm36-248-92fe2436ca,SM Black Star Promos,Umbreon-GX,SM36/248,NO_VARIANT_LINK
pkm-sm-black-star-promos-sm37-248-bce3687c47,SM Black Star Promos,Decidueye-GX,SM37/248,NO_VARIANT_LINK
pkm-sm-black-star-promos-sm38-248-d05da856b9,SM Black Star Promos,Incineroar-GX,SM38/248,NO_VARIANT_LINK
pkm-sm-black-star-promos-sm39-248-fe85606201,SM Black Star Promos,Primarina-GX,SM39/248,NO_VARIANT_LINK
pkm-sm-black-star-promos-sm40-248-e2de8f77eb,SM Black Star Promos,Jangmo-o,SM40/248,NO_VARIANT_LINK
pkm-sm-black-star-promos-sm41-248-82175c3e06,SM Black Star Promos,Komala,SM41/248,NO_VARIANT_LINK
pkm-sm-black-star-promos-sm42-248-35b9f862ae,SM Black Star Promos,Cosmog,SM42/248,NO_VARIANT_LINK
pkm-sm-black-star-promos-sm43-248-7a1d0463d1,SM Black Star Promos,Alolan Meowth,SM43/248,NO_VARIANT_LINK
pkm-sm-black-star-promos-sm44-248-5dc7df8ea7,SM Black Star Promos,Togedemaru,SM44/248,NO_VARIANT_LINK
pkm-sm-black-star-promos-sm45-248-01603640c7,SM Black Star Promos,Tapu Lele,SM45/248,NO_VARIANT_LINK
pkm-sm-black-star-promos-sm46-248-29d24ea6fd,SM Black Star Promos,Seviper,SM46/248,NO_VARIANT_LINK
pkm-sm-black-star-promos-sm47-248-289de9c28a,SM Black Star Promos,Crabominable,SM47/248,NO_VARIANT_LINK
pkm-sm-black-star-promos-sm48-248-c8a93334e0,SM Black Star Promos,Zygarde,SM48/248,NO_VARIANT_LINK
pkm-sm-black-star-promos-sm49-248-adbf27f211,SM Black Star Promos,Bewear,SM49/248,NO_VARIANT_LINK
pkm-sm-black-star-promos-sm50-248-0775252c8b,SM Black Star Promos,Tapu Koko-GX,SM50/248,NO_VARIANT_LINK
pkm-sm-black-star-promos-sm51-248-9353600b78,SM Black Star Promos,Alolan Meowth,SM51/248,NO_VARIANT_LINK
pkm-sm-black-star-promos-sm52-248-11c1cb9318,SM Black Star Promos,Golisopod,SM52/248,NO_VARIANT_LINK
pkm-sm-black-star-promos-sm53-248-65afe5aacb,SM Black Star Promos,Dhelmise,SM53/248,NO_VARIANT_LINK
pkm-sm-black-star-promos-sm54-248-d431a9ddfa,SM Black Star Promos,Lucario,SM54/248,NO_VARIANT_LINK
pkm-sm-black-star-promos-sm55-248-b73b084d56,SM Black Star Promos,Decidueye,SM55/248,NO_VARIANT_LINK
pkm-sm-black-star-promos-sm56-248-b35d24b6ef,SM Black Star Promos,Tsareena-GX,SM56/248,NO_VARIANT_LINK
pkm-sm-black-star-promos-sm57-248-2870c270e7,SM Black Star Promos,Ho-Oh-GX,SM57/248,NO_VARIANT_LINK
pkm-sm-black-star-promos-sm58-248-a88741d7d7,SM Black Star Promos,Necrozma-GX,SM58/248,NO_VARIANT_LINK
pkm-sm-black-star-promos-sm59-248-5867380a7c,SM Black Star Promos,Marshadow-GX,SM59/248,NO_VARIANT_LINK
pkm-sm-black-star-promos-sm60-248-bb042864d5,SM Black Star Promos,Charizard-GX,SM60/248,NO_VARIANT_LINK
pkm-sm-black-star-promos-sm61-248-f1344a9cdf,SM Black Star Promos,Tapu Bulu,SM61/248,NO_VARIANT_LINK
pkm-sm-black-star-promos-sm62-248-d45054e15b,SM Black Star Promos,Golisopod-GX,SM62/248,NO_VARIANT_LINK
pkm-sm-black-star-promos-sm63-248-031ca389ed,SM Black Star Promos,Salazzle-GX,SM63/248,NO_VARIANT_LINK
pkm-sm-black-star-promos-sm64-248-fedfaf27e0,SM Black Star Promos,Silvally,SM64/248,NO_VARIANT_LINK
pkm-sm-black-star-promos-sm65-248-59439b3cb6,SM Black Star Promos,Alolan Raichu,SM65/248,NO_VARIANT_LINK
pkm-sm-black-star-promos-sm66-248-4b9c5e9f6e,SM Black Star Promos,Pheromosa-GX,SM66/248,NO_VARIANT_LINK
pkm-sm-black-star-promos-sm67-248-a655533331,SM Black Star Promos,Celesteela-GX,SM67/248,NO_VARIANT_LINK
pkm-sm-black-star-promos-sm68-248-a7ae7d7037,SM Black Star Promos,Xurkitree-GX,SM68/248,NO_VARIANT_LINK
pkm-sm-black-star-promos-sm69-248-2961e5825c,SM Black Star Promos,Buzzwole-GX,SM69/248,NO_VARIANT_LINK
pkm-sm-black-star-promos-sm70-248-6205a02280,SM Black Star Promos,Shining Ho-Oh,SM70/248,NO_VARIANT_LINK
pkm-sm-black-star-promos-sm71-248-5cb55e3c32,SM Black Star Promos,Kommo-o-GX,SM71/248,NO_VARIANT_LINK
pkm-sm-black-star-promos-sm72-248-0ff9d58d33,SM Black Star Promos,Alolan Raichu,SM72/248,NO_VARIANT_LINK
pkm-sm-black-star-promos-sm73-248-9f1b287e8a,SM Black Star Promos,Salazzle,SM73/248,NO_VARIANT_LINK
pkm-sm-black-star-promos-sm74-248-cb380f310a,SM Black Star Promos,Regirock,SM74/248,NO_VARIANT_LINK
pkm-sm-black-star-promos-sm75-248-6e99a6a494,SM Black Star Promos,Registeel,SM75/248,NO_VARIANT_LINK
pkm-sm-black-star-promos-sm76-248-d7dc7525c1,SM Black Star Promos,Pikachu,SM76/248,NO_VARIANT_LINK
pkm-sm-black-star-promos-sm77-248-4e76a87023,SM Black Star Promos,Mewtwo,SM77/248,NO_VARIANT_LINK
pkm-sm-black-star-promos-sm78-248-53429b9880,SM Black Star Promos,Champions Festival,SM78/248,NO_VARIANT_LINK
pkm-sm-black-star-promos-sm79-248-985a968273,SM Black Star Promos,Shining Celebi,SM79/248,NO_VARIANT_LINK
pkm-sm-black-star-promos-sm80-248-ff2205b48d,SM Black Star Promos,Ho-Oh-GX,SM80/248,NO_VARIANT_LINK
pkm-sm-black-star-promos-sm81-248-72e284fe23,SM Black Star Promos,Pikachu,SM81/248,NO_VARIANT_LINK
pkm-sm-black-star-promos-sm82-248-a1d7511fff,SM Black Star Promos,Shining Lugia,SM82/248,NO_VARIANT_LINK
pkm-sm-black-star-promos-sm83-248-76037f5979,SM Black Star Promos,Zorua,SM83/248,NO_VARIANT_LINK
pkm-sm-black-star-promos-sm84-248-29a064a6fa,SM Black Star Promos,Zoroark-GX,SM84/248,NO_VARIANT_LINK
pkm-sm-black-star-promos-sm85-248-f7bd0b2603,SM Black Star Promos,Marshadow,SM85/248,NO_VARIANT_LINK
pkm-sm-black-star-promos-sm86-248-46693fa58a,SM Black Star Promos,Pikachu,SM86/248,NO_VARIANT_LINK
pkm-sm-black-star-promos-sm87-248-40c68605b6,SM Black Star Promos,Latias,SM87/248,NO_VARIANT_LINK
pkm-sm-black-star-promos-sm88-248-b3541ab50a,SM Black Star Promos,Latios,SM88/248,NO_VARIANT_LINK
pkm-sm-black-star-promos-sm89-248-cb6e589ad9,SM Black Star Promos,Zoroark,SM89/248,NO_VARIANT_LINK
pkm-sm-black-star-promos-sm90-248-26cdc2d1a7,SM Black Star Promos,Raichu-GX,SM90/248,NO_VARIANT_LINK
pkm-sm-black-star-promos-sm91-248-c4eddaacbd,SM Black Star Promos,Silvally-GX,SM91/248,NO_VARIANT_LINK
pkm-sm-black-star-promos-sm92-248-ec853343cf,SM Black Star Promos,Tapu Fini,SM92/248,NO_VARIANT_LINK
pkm-sm-black-star-promos-sm93-248-e92fa299a9,SM Black Star Promos,Marshadow,SM93/248,NO_VARIANT_LINK
pkm-sm-black-star-promos-sm94-248-7317738061,SM Black Star Promos,Wash Rotom,SM94/248,NO_VARIANT_LINK
pkm-sm-black-star-promos-sm95-248-b1e9e1a264,SM Black Star Promos,Lucario,SM95/248,NO_VARIANT_LINK
pkm-sm-black-star-promos-sm96-248-13234288b4,SM Black Star Promos,Heatran,SM96/248,NO_VARIANT_LINK
pkm-sm-black-star-promos-sm97-248-53ea55be18,SM Black Star Promos,Gumshoos,SM97/248,NO_VARIANT_LINK
pkm-sm-black-star-promos-sm98-248-6700c04dff,SM Black Star Promos,Pikachu,SM98/248,NO_VARIANT_LINK
pkm-sm-black-star-promos-sm99-248-468272ff33,SM Black Star Promos,Mimikyu,SM99/248,NO_VARIANT_LINK
pkm-sm-black-star-promos-sm100-248-8517e4003c,SM Black Star Promos,Lucario-GX,SM100/248,NO_VARIANT_LINK
pkm-sm-black-star-promos-sm101-248-da8accabd2,SM Black Star Promos,Dawn Wings Necrozma-GX,SM101/248,NO_VARIANT_LINK
pkm-sm-black-star-promos-sm102-248-0d22f321e9,SM Black Star Promos,Dusk Mane Necrozma-GX,SM102/248,NO_VARIANT_LINK
pkm-sm-black-star-promos-sm103-248-d86e8d3d24,SM Black Star Promos,Lunala-GX,SM103/248,NO_VARIANT_LINK
pkm-sm-black-star-promos-sm103a-248-7122f97135,SM Black Star Promos,Lunala-GX,SM103a/248,NO_VARIANT_LINK
pkm-sm-black-star-promos-sm104-248-b92c4c1f4c,SM Black Star Promos,Solgaleo-GX,SM104/248,NO_VARIANT_LINK
pkm-sm-black-star-promos-sm104a-248-ab594cb8bc,SM Black Star Promos,Solgaleo-GX,SM104a/248,NO_VARIANT_LINK
pkm-sm-black-star-promos-sm105-248-27ee6b5c46,SM Black Star Promos,Lycanroc,SM105/248,NO_VARIANT_LINK
pkm-sm-black-star-promos-sm106-248-99a75d5e94,SM Black Star Promos,Dawn Wings Necrozma,SM106/248,NO_VARIANT_LINK
pkm-sm-black-star-promos-sm107-248-afb2aa39c3,SM Black Star Promos,Dusk Mane Necrozma,SM107/248,NO_VARIANT_LINK
pkm-sm-black-star-promos-sm108-248-4909d3f2fc,SM Black Star Promos,Ash's Pikachu,SM108/248,NO_VARIANT_LINK
pkm-sm-black-star-promos-sm109-248-02cff5823e,SM Black Star Promos,Ash's Pikachu,SM109/248,NO_VARIANT_LINK
pkm-sm-black-star-promos-sm110-248-cdfb9838f0,SM Black Star Promos,Ash's Pikachu,SM110/248,NO_VARIANT_LINK
pkm-sm-black-star-promos-sm111-248-40ffc58f41,SM Black Star Promos,Ash's Pikachu,SM111/248,NO_VARIANT_LINK
pkm-sm-black-star-promos-sm112-248-946dfac144,SM Black Star Promos,Ash's Pikachu,SM112/248,NO_VARIANT_LINK
pkm-sm-black-star-promos-sm113-248-ea05f5a9fb,SM Black Star Promos,Ash's Pikachu,SM113/248,NO_VARIANT_LINK
pkm-sm-black-star-promos-sm114-248-c7853cd278,SM Black Star Promos,Ash's Pikachu,SM114/248,NO_VARIANT_LINK
pkm-sm-black-star-promos-sm115-248-2308b4ba3f,SM Black Star Promos,Pheromosa,SM115/248,NO_VARIANT_LINK
pkm-sm-black-star-promos-sm116-248-f08de62300,SM Black Star Promos,Xurkitree,SM116/248,NO_VARIANT_LINK
pkm-sm-black-star-promos-sm117-248-f8f6736412,SM Black Star Promos,Malamar,SM117/248,NO_VARIANT_LINK
pkm-sm-black-star-promos-sm118-248-778113e9e1,SM Black Star Promos,Lycanroc,SM118/248,NO_VARIANT_LINK
pkm-sm-black-star-promos-sm119-248-f6e856a594,SM Black Star Promos,Exeggcute,SM119/248,NO_VARIANT_LINK
pkm-sm-black-star-promos-sm120-248-7b21c44e12,SM Black Star Promos,Rockruff,SM120/248,NO_VARIANT_LINK
pkm-sm-black-star-promos-sm121-248-cb9e17f70d,SM Black Star Promos,Raikou-GX,SM121/248,NO_VARIANT_LINK
pkm-sm-black-star-promos-sm122-248-15abaf042e,SM Black Star Promos,Zygarde-GX,SM122/248,NO_VARIANT_LINK
pkm-sm-black-star-promos-sm123-248-d2c0b5a8f2,SM Black Star Promos,Dawn Wings Necrozma,SM123/248,NO_VARIANT_LINK
pkm-sm-black-star-promos-sm124-248-f4387213cd,SM Black Star Promos,Dusk Mane Necrozma,SM124/248,NO_VARIANT_LINK
pkm-sm-black-star-promos-sm125-248-43e0f43ee9,SM Black Star Promos,Naganadel-GX,SM125/248,NO_VARIANT_LINK
pkm-sm-black-star-promos-sm126-248-9372126a0d,SM Black Star Promos,Ultra Necrozma-GX,SM126/248,NO_VARIANT_LINK
pkm-sm-black-star-promos-sm127-248-c289c838d2,SM Black Star Promos,Alolan Sandslash,SM127/248,NO_VARIANT_LINK
pkm-sm-black-star-promos-sm128-248-3ec1741128,SM Black Star Promos,Alolan Ninetales,SM128/248,NO_VARIANT_LINK
pkm-sm-black-star-promos-sm129-248-61d17e1899,SM Black Star Promos,Kyogre,SM129/248,NO_VARIANT_LINK
pkm-sm-black-star-promos-sm130-248-a072cf8ccb,SM Black Star Promos,Manectric,SM130/248,NO_VARIANT_LINK
pkm-sm-black-star-promos-sm131-248-85dc2c1c34,SM Black Star Promos,Celesteela,SM131/248,NO_VARIANT_LINK
pkm-sm-black-star-promos-sm132-248-7f30cc498f,SM Black Star Promos,Delcatty,SM132/248,NO_VARIANT_LINK
pkm-sm-black-star-promos-sm133-248-cc3e910a6f,SM Black Star Promos,Thundurus-GX,SM133/248,NO_VARIANT_LINK
pkm-sm-black-star-promos-sm134-248-6b0fe8441e,SM Black Star Promos,Tornadus-GX,SM134/248,NO_VARIANT_LINK
pkm-sm-black-star-promos-sm135-248-02df5c5718,SM Black Star Promos,Latias,SM135/248,NO_VARIANT_LINK
pkm-sm-black-star-promos-sm136-248-2990192b62,SM Black Star Promos,Latios,SM136/248,NO_VARIANT_LINK
pkm-sm-black-star-promos-sm137-248-258f4b9db6,SM Black Star Promos,Reshiram-GX,SM137/248,NO_VARIANT_LINK
pkm-sm-black-star-promos-sm138-248-9aa5f5ae02,SM Black Star Promos,Zekrom-GX,SM138/248,NO_VARIANT_LINK
pkm-sm-black-star-promos-sm139-248-f00a4b9376,SM Black Star Promos,Salamence-GX,SM139/248,NO_VARIANT_LINK
pkm-sm-black-star-promos-sm140-248-dd055f2996,SM Black Star Promos,Salamence,SM140/248,NO_VARIANT_LINK
pkm-sm-black-star-promos-sm141-248-1d2cf781f3,SM Black Star Promos,White Kyurem-GX,SM141/248,NO_VARIANT_LINK
pkm-sm-black-star-promos-sm142-248-e1f84f0a1e,SM Black Star Promos,Kyurem,SM142/248,NO_VARIANT_LINK
pkm-sm-black-star-promos-sm143-248-8de982456a,SM Black Star Promos,Moltres,SM143/248,NO_VARIANT_LINK
pkm-sm-black-star-promos-sm144-248-32ab4022f0,SM Black Star Promos,Articuno,SM144/248,NO_VARIANT_LINK
pkm-sm-black-star-promos-sm145-248-46bbe1c311,SM Black Star Promos,Zapdos,SM145/248,NO_VARIANT_LINK
pkm-sm-black-star-promos-sm146-248-2401b2e5ee,SM Black Star Promos,Leafeon-GX,SM146/248,NO_VARIANT_LINK
pkm-sm-black-star-promos-sm147-248-31419b373e,SM Black Star Promos,Glaceon-GX,SM147/248,NO_VARIANT_LINK
pkm-sm-black-star-promos-sm148-248-7895021403,SM Black Star Promos,Champions Festival,SM148/248,NO_VARIANT_LINK
pkm-sm-black-star-promos-sm149-248-29ab75f005,SM Black Star Promos,Suicune,SM149/248,NO_VARIANT_LINK
pkm-sm-black-star-promos-sm150-248-f8bd17665a,SM Black Star Promos,Raikou,SM150/248,NO_VARIANT_LINK
pkm-sm-black-star-promos-sm151-248-c9e70f5254,SM Black Star Promos,Giratina,SM151/248,NO_VARIANT_LINK
pkm-sm-black-star-promos-sm152-248-0f47f0e243,SM Black Star Promos,Tapu Lele,SM152/248,NO_VARIANT_LINK
pkm-sm-black-star-promos-sm153-248-31b13c9fa0,SM Black Star Promos,Rowlet,SM153/248,NO_VARIANT_LINK
pkm-sm-black-star-promos-sm154-248-9ae264dc80,SM Black Star Promos,Salandit,SM154/248,NO_VARIANT_LINK
pkm-sm-black-star-promos-sm155-248-f049ef74f6,SM Black Star Promos,Kingdra-GX,SM155/248,NO_VARIANT_LINK
pkm-sm-black-star-promos-sm156-248-d107d9f0fc,SM Black Star Promos,Dragonite-GX,SM156/248,NO_VARIANT_LINK
pkm-sm-black-star-promos-sm157-248-c600931097,SM Black Star Promos,Pikachu,SM157/248,NO_VARIANT_LINK
pkm-sm-black-star-promos-sm158-248-3b4b661143,SM Black Star Promos,Charizard,SM158/248,NO_VARIANT_LINK
pkm-sm-black-star-promos-sm159-248-4d0d7fc022,SM Black Star Promos,Zapdos,SM159/248,NO_VARIANT_LINK
pkm-sm-black-star-promos-sm160-248-f81440157c,SM Black Star Promos,Nidoqueen,SM160/248,NO_VARIANT_LINK
pkm-sm-black-star-promos-sm161-248-335b2468d7,SM Black Star Promos,Jirachi,SM161/248,NO_VARIANT_LINK
pkm-sm-black-star-promos-sm162-248-6f812f75dc,SM Black Star Promos,Pikachu,SM162/248,NO_VARIANT_LINK
pkm-sm-black-star-promos-sm163-248-43ecfaf5cd,SM Black Star Promos,Mimikyu,SM163/248,NO_VARIANT_LINK
pkm-sm-black-star-promos-sm164-248-459002ab91,SM Black Star Promos,Deoxys,SM164/248,NO_VARIANT_LINK
pkm-sm-black-star-promos-sm165-248-b2fd68cd01,SM Black Star Promos,Ultra Necrozma,SM165/248,NO_VARIANT_LINK
pkm-sm-black-star-promos-sm166-248-f0f9444156,SM Black Star Promos,Magikarp & Wailord-GX,SM166/248,NO_VARIANT_LINK
pkm-sm-black-star-promos-sm167-248-3c22fe9414,SM Black Star Promos,Celebi & Venusaur-GX,SM167/248,NO_VARIANT_LINK
pkm-sm-black-star-promos-sm168-248-83fead344a,SM Black Star Promos,Pikachu & Zekrom-GX,SM168/248,NO_VARIANT_LINK
pkm-sm-black-star-promos-sm169-248-faa510b125,SM Black Star Promos,Eevee & Snorlax-GX,SM169/248,NO_VARIANT_LINK
pkm-sm-black-star-promos-sm170-248-fc573066f3,SM Black Star Promos,Detective Pikachu,SM170/248,NO_VARIANT_LINK
pkm-sm-black-star-promos-sm171-248-16d4db8507,SM Black Star Promos,Flareon-GX,SM171/248,NO_VARIANT_LINK
pkm-sm-black-star-promos-sm172-248-0dc48d2ca6,SM Black Star Promos,Vaporeon-GX,SM172/248,NO_VARIANT_LINK
pkm-sm-black-star-promos-sm173-248-ef601cca9f,SM Black Star Promos,Jolteon-GX,SM173/248,NO_VARIANT_LINK
pkm-sm-black-star-promos-sm174-248-662ebaaf52,SM Black Star Promos,Eevee-GX,SM174/248,NO_VARIANT_LINK
pkm-sm-black-star-promos-sm175-248-34f8464e81,SM Black Star Promos,Eevee-GX,SM175/248,NO_VARIANT_LINK
pkm-sm-black-star-promos-sm176-248-92b27656e0,SM Black Star Promos,Eevee-GX,SM176/248,NO_VARIANT_LINK
pkm-sm-black-star-promos-sm177-248-2ac44612d1,SM Black Star Promos,Meltan,SM177/248,NO_VARIANT_LINK
pkm-sm-black-star-promos-sm178-248-a145275a53,SM Black Star Promos,Melmetal-GX,SM178/248,NO_VARIANT_LINK
pkm-sm-black-star-promos-sm179-248-8228b9e89e,SM Black Star Promos,Volcanion,SM179/248,NO_VARIANT_LINK
pkm-sm-black-star-promos-sm180-248-6c1c2e3d3b,SM Black Star Promos,Stakataka,SM180/248,NO_VARIANT_LINK
pkm-sm-black-star-promos-sm181-248-1c9dd9463a,SM Black Star Promos,Melmetal,SM181/248,NO_VARIANT_LINK
pkm-sm-black-star-promos-sm182-248-0c3a35a368,SM Black Star Promos,Persian,SM182/248,NO_VARIANT_LINK
pkm-sm-black-star-promos-sm183-248-35cb22e33b,SM Black Star Promos,Pikachu,SM183/248,NO_VARIANT_LINK
pkm-sm-black-star-promos-sm184-248-a83dab6519,SM Black Star Promos,Eevee,SM184/248,NO_VARIANT_LINK
pkm-sm-black-star-promos-sm185-248-b9c7db7587,SM Black Star Promos,Typhlosion,SM185/248,NO_VARIANT_LINK
pkm-sm-black-star-promos-sm186-248-ab08c182cc,SM Black Star Promos,Flareon,SM186/248,NO_VARIANT_LINK
pkm-sm-black-star-promos-sm187-248-4806cc86d3,SM Black Star Promos,Alolan Marowak-GX,SM187/248,NO_VARIANT_LINK
pkm-sm-black-star-promos-sm188-248-963ad650f9,SM Black Star Promos,Kangaskhan-GX,SM188/248,NO_VARIANT_LINK
pkm-sm-black-star-promos-sm189-248-69e26bc5e9,SM Black Star Promos,Blastoise-GX,SM189/248,NO_VARIANT_LINK
pkm-sm-black-star-promos-sm190-248-fe563b3a98,SM Black Star Promos,Detective Pikachu,SM190/248,NO_VARIANT_LINK
pkm-sm-black-star-promos-sm191-248-30a3a68189,SM Black Star Promos,Mewtwo & Mew-GX,SM191/248,NO_VARIANT_LINK
pkm-sm-black-star-promos-sm192-248-882e6812e7,SM Black Star Promos,Lucario & Melmetal-GX,SM192/248,NO_VARIANT_LINK
pkm-sm-black-star-promos-sm193-248-65385a2a04,SM Black Star Promos,Garchomp & Giratina-GX,SM193/248,NO_VARIANT_LINK
pkm-sm-black-star-promos-sm194-248-1a125a1322,SM Black Star Promos,Detective Pikachu,SM194/248,NO_VARIANT_LINK
pkm-sm-black-star-promos-sm195-248-7ff141472d,SM Black Star Promos,Charizard-GX,SM195/248,NO_VARIANT_LINK
pkm-sm-black-star-promos-sm196-248-62dbd5e454,SM Black Star Promos,Mewtwo-GX,SM196/248,NO_VARIANT_LINK
pkm-sm-black-star-promos-sm197-248-27db12cdad,SM Black Star Promos,Greninja-GX,SM197/248,NO_VARIANT_LINK
pkm-sm-black-star-promos-sm198-248-6d78bbe0b5,SM Black Star Promos,Bulbasaur,SM198/248,NO_VARIANT_LINK
pkm-sm-black-star-promos-sm199-248-3f64004e06,SM Black Star Promos,Psyduck,SM199/248,NO_VARIANT_LINK
pkm-sm-black-star-promos-sm200-248-668af9224c,SM Black Star Promos,Snubbull,SM200/248,NO_VARIANT_LINK
pkm-sm-black-star-promos-sm201-248-bc5225fdab,SM Black Star Promos,Reshiram & Charizard-GX,SM201/248,NO_VARIANT_LINK
pkm-sm-black-star-promos-sm202-248-4c6185b63e,SM Black Star Promos,Amoonguss,SM202/248,NO_VARIANT_LINK
pkm-sm-black-star-promos-sm203-248-a6de283cda,SM Black Star Promos,Tapu Fini,SM203/248,NO_VARIANT_LINK
pkm-sm-black-star-promos-sm204-248-8326d8e2bd,SM Black Star Promos,Necrozma,SM204/248,NO_VARIANT_LINK
pkm-sm-black-star-promos-sm205-248-44823c931c,SM Black Star Promos,Terrakion,SM205/248,NO_VARIANT_LINK
pkm-sm-black-star-promos-sm206-248-6d4ec41468,SM Black Star Promos,Pikachu,SM206/248,NO_VARIANT_LINK
pkm-sm-black-star-promos-sm207-248-07648751a6,SM Black Star Promos,Sudowoodo,SM207/248,NO_VARIANT_LINK
pkm-sm-black-star-promos-sm208-248-1bbe592e1d,SM Black Star Promos,Vikavolt,SM208/248,NO_VARIANT_LINK
pkm-sm-black-star-promos-sm209-248-bbbd2e6454,SM Black Star Promos,Stakataka,SM209/248,NO_VARIANT_LINK
pkm-sm-black-star-promos-sm210-248-3422d0f575,SM Black Star Promos,Moltres & Zapdos & Articuno-GX,SM210/248,NO_VARIANT_LINK
pkm-sm-black-star-promos-sm211-248-4d3b51d54a,SM Black Star Promos,Charizard-GX,SM211/248,NO_VARIANT_LINK
pkm-sm-black-star-promos-sm212-248-931f316675,SM Black Star Promos,Gyarados-GX,SM212/248,NO_VARIANT_LINK
pkm-sm-black-star-promos-sm213-248-9e5d72d4c0,SM Black Star Promos,Raichu-GX,SM213/248,NO_VARIANT_LINK
pkm-sm-black-star-promos-sm214-248-c70b11ccb7,SM Black Star Promos,Mewtwo,SM214/248,NO_VARIANT_LINK
pkm-sm-black-star-promos-sm215-248-895031b17b,SM Black Star Promos,Mew,SM215/248,NO_VARIANT_LINK
pkm-sm-black-star-promos-sm216-248-df3f82e8fb,SM Black Star Promos,Porygon-Z-GX,SM216/248,NO_VARIANT_LINK
pkm-sm-black-star-promos-sm217-248-a934ce11aa,SM Black Star Promos,Trevenant & Dusknoir-GX,SM217/248,NO_VARIANT_LINK
pkm-sm-black-star-promos-sm218-248-8c3add5e42,SM Black Star Promos,Buzzwole,SM218/248,NO_VARIANT_LINK
pkm-sm-black-star-promos-sm219-248-dbd47ec343,SM Black Star Promos,Entei,SM219/248,NO_VARIANT_LINK
pkm-sm-black-star-promos-sm220-248-1543207a75,SM Black Star Promos,Phione,SM220/248,NO_VARIANT_LINK
pkm-sm-black-star-promos-sm221-248-201f10e8a2,SM Black Star Promos,Blacephalon,SM221/248,NO_VARIANT_LINK
pkm-sm-black-star-promos-sm222-248-9819422595,SM Black Star Promos,Mismagius,SM222/248,NO_VARIANT_LINK
pkm-sm-black-star-promos-sm223-248-1dc0b3e962,SM Black Star Promos,Terrakion,SM223/248,NO_VARIANT_LINK
pkm-sm-black-star-promos-sm224-248-f5d601837e,SM Black Star Promos,Celebi,SM224/248,NO_VARIANT_LINK
pkm-sm-black-star-promos-sm225-248-0ff459d3a1,SM Black Star Promos,Victini,SM225/248,NO_VARIANT_LINK
pkm-sm-black-star-promos-sm226-248-259c0bdd50,SM Black Star Promos,Charizard,SM226/248,NO_VARIANT_LINK
pkm-sm-black-star-promos-sm227-248-acb4f066cd,SM Black Star Promos,Pikachu,SM227/248,NO_VARIANT_LINK
pkm-sm-black-star-promos-sm228-248-1bd93bef01,SM Black Star Promos,Armored Mewtwo,SM228/248,NO_VARIANT_LINK
pkm-sm-black-star-promos-sm229-248-54e1786c4f,SM Black Star Promos,Venusaur & Snivy-GX,SM229/248,NO_VARIANT_LINK
pkm-sm-black-star-promos-sm230-248-75b67549d3,SM Black Star Promos,Charizard & Braixen-GX,SM230/248,NO_VARIANT_LINK
pkm-sm-black-star-promos-sm231-248-85a86946bd,SM Black Star Promos,Champions Festival,SM231/248,NO_VARIANT_LINK
pkm-sm-black-star-promos-sm232-248-0f2c30afea,SM Black Star Promos,Pikachu-GX,SM232/248,NO_VARIANT_LINK
pkm-sm-black-star-promos-sm233-248-65a921f921,SM Black Star Promos,Eevee-GX,SM233/248,NO_VARIANT_LINK
pkm-sm-black-star-promos-sm234-248-28c2339987,SM Black Star Promos,Pikachu,SM234/248,NO_VARIANT_LINK
pkm-sm-black-star-promos-sm235-248-61e1f2283a,SM Black Star Promos,Eevee,SM235/248,NO_VARIANT_LINK
pkm-sm-black-star-promos-sm236-248-c63a45d140,SM Black Star Promos,Alolan Sandslash-GX,SM236/248,NO_VARIANT_LINK
pkm-sm-black-star-promos-sm237-248-565d7dcdea,SM Black Star Promos,Leafeon,SM237/248,NO_VARIANT_LINK
pkm-sm-black-star-promos-sm238-248-8bfe7b995b,SM Black Star Promos,Glaceon,SM238/248,NO_VARIANT_LINK
pkm-sm-black-star-promos-sm239-248-400dac8312,SM Black Star Promos,Carracosta-GX,SM239/248,NO_VARIANT_LINK
pkm-sm-black-star-promos-sm240-248-33c6ededd4,SM Black Star Promos,Espeon & Deoxys-GX,SM240/248,NO_VARIANT_LINK
pkm-sm-black-star-promos-sm241-248-cf4c44ceba,SM Black Star Promos,Umbreon & Darkrai-GX,SM241/248,NO_VARIANT_LINK
pkm-sm-black-star-promos-sm242-248-e3a06cad82,SM Black Star Promos,Eevee-GX,SM242/248,NO_VARIANT_LINK
pkm-sm-black-star-promos-sm243-248-2a6bd4e574,SM Black Star Promos,Regigigas,SM243/248,NO_VARIANT_LINK
pkm-sm-black-star-promos-sm244-248-4e90273a5d,SM Black Star Promos,Aipom,SM244/248,NO_VARIANT_LINK
pkm-sm-black-star-promos-sm245-248-f84bd36b4e,SM Black Star Promos,Mismagius,SM245/248,NO_VARIANT_LINK
pkm-sm-black-star-promos-sm246-248-fc7f332616,SM Black Star Promos,Sabrina & Brycen,SM246/248,NO_VARIANT_LINK
pkm-sm-black-star-promos-sm247-248-9111f47a40,SM Black Star Promos,Reshiram & Charizard-GX,SM247/248,NO_VARIANT_LINK
pkm-sm-black-star-promos-sm248-248-ac88d9d151,SM Black Star Promos,Pikachu & Zekrom-GX,SM248/248,NO_VARIANT_LINK
pkm-sun-and-moon-1-149-c5a537f8b1,Sun and Moon,Caterpie,1/149,NO_VARIANT_LINK
pkm-sun-and-moon-2-149-60544eb0f2,Sun and Moon,Metapod,2/149,NO_VARIANT_LINK
pkm-sun-and-moon-3-149-1b5caee5a0,Sun and Moon,Butterfree,3/149,NO_VARIANT_LINK
pkm-sun-and-moon-4-149-ec1a7ee192,Sun and Moon,Paras,4/149,NO_VARIANT_LINK
pkm-sun-and-moon-5-149-4d942e4e75,Sun and Moon,Parasect,5/149,NO_VARIANT_LINK
pkm-sun-and-moon-6-149-aa8adae5bb,Sun and Moon,Pinsir,6/149,NO_VARIANT_LINK
pkm-sun-and-moon-7-149-9afc555d7e,Sun and Moon,Surskit,7/149,NO_VARIANT_LINK
pkm-sun-and-moon-8-149-6ded8d54d2,Sun and Moon,Masquerain,8/149,NO_VARIANT_LINK
pkm-sun-and-moon-9-149-e0e492d5b4,Sun and Moon,Rowlet,9/149,NO_VARIANT_LINK
pkm-sun-and-moon-10-149-3abd41d32f,Sun and Moon,Dartrix,10/149,NO_VARIANT_LINK
pkm-sun-and-moon-11-149-cc15bad391,Sun and Moon,Decidueye,11/149,NO_VARIANT_LINK
pkm-sun-and-moon-12-149-7b3b882190,Sun and Moon,Decidueye-GX,12/149,NO_VARIANT_LINK
pkm-sun-and-moon-13-149-a4bb67af43,Sun and Moon,Grubbin,13/149,NO_VARIANT_LINK
pkm-sun-and-moon-14-149-5192444d8d,Sun and Moon,Fomantis,14/149,NO_VARIANT_LINK
pkm-sun-and-moon-15-149-11836d55bc,Sun and Moon,Lurantis-GX,15/149,NO_VARIANT_LINK
pkm-sun-and-moon-16-149-c545a1eb02,Sun and Moon,Morelull,16/149,NO_VARIANT_LINK
pkm-sun-and-moon-17-149-2e8cc8479e,Sun and Moon,Shiinotic,17/149,NO_VARIANT_LINK
pkm-sun-and-moon-18-149-017a2b6916,Sun and Moon,Bounsweet,18/149,NO_VARIANT_LINK
pkm-sun-and-moon-19-149-c5b4bfca25,Sun and Moon,Steenee,19/149,NO_VARIANT_LINK
pkm-sun-and-moon-20-149-05817f2859,Sun and Moon,Tsareena,20/149,NO_VARIANT_LINK
pkm-sun-and-moon-21-149-8dc791066c,Sun and Moon,Growlithe,21/149,NO_VARIANT_LINK
pkm-sun-and-moon-22-149-15530f4c30,Sun and Moon,Arcanine,22/149,NO_VARIANT_LINK
pkm-sun-and-moon-23-149-e1a9dbfe04,Sun and Moon,Torkoal,23/149,NO_VARIANT_LINK
pkm-sun-and-moon-24-149-f5f33abee7,Sun and Moon,Litten,24/149,NO_VARIANT_LINK
pkm-sun-and-moon-25-149-68f18a542a,Sun and Moon,Torracat,25/149,NO_VARIANT_LINK
pkm-sun-and-moon-26-149-0b421dc085,Sun and Moon,Incineroar,26/149,NO_VARIANT_LINK
pkm-sun-and-moon-27-149-1d9ace4cb1,Sun and Moon,Incineroar-GX,27/149,NO_VARIANT_LINK
pkm-sun-and-moon-28-149-44ba898615,Sun and Moon,Psyduck,28/149,NO_VARIANT_LINK
pkm-sun-and-moon-29-149-b3d7288d67,Sun and Moon,Golduck,29/149,NO_VARIANT_LINK
pkm-sun-and-moon-30-149-c886091898,Sun and Moon,Poliwag,30/149,NO_VARIANT_LINK
pkm-sun-and-moon-31-149-10891df790,Sun and Moon,Poliwhirl,31/149,NO_VARIANT_LINK
pkm-sun-and-moon-32-149-de72d77468,Sun and Moon,Poliwrath,32/149,NO_VARIANT_LINK
pkm-sun-and-moon-33-149-31c8322884,Sun and Moon,Shellder,33/149,NO_VARIANT_LINK
pkm-sun-and-moon-34-149-5ea08ca25c,Sun and Moon,Cloyster,34/149,NO_VARIANT_LINK
pkm-sun-and-moon-35-149-def46eaf8a,Sun and Moon,Lapras-GX,35/149,NO_VARIANT_LINK
pkm-sun-and-moon-36-149-3a9f541192,Sun and Moon,Corsola,36/149,NO_VARIANT_LINK
pkm-sun-and-moon-37-149-4700e4e9ca,Sun and Moon,Wingull,37/149,NO_VARIANT_LINK
pkm-sun-and-moon-38-149-f4c8f5b382,Sun and Moon,Pelipper,38/149,NO_VARIANT_LINK
pkm-sun-and-moon-39-149-8ec7ccb76b,Sun and Moon,Popplio,39/149,NO_VARIANT_LINK
pkm-sun-and-moon-40-149-2b22da1a64,Sun and Moon,Brionne,40/149,NO_VARIANT_LINK
pkm-sun-and-moon-41-149-f4a6d7d21e,Sun and Moon,Primarina,41/149,NO_VARIANT_LINK
pkm-sun-and-moon-42-149-089d3f1684,Sun and Moon,Primarina-GX,42/149,NO_VARIANT_LINK
pkm-sun-and-moon-43-149-ebf1733644,Sun and Moon,Crabominable,43/149,NO_VARIANT_LINK
pkm-sun-and-moon-44-149-22686ebaad,Sun and Moon,Wishiwashi,44/149,NO_VARIANT_LINK
pkm-sun-and-moon-45-149-fc1cef55a7,Sun and Moon,Dewpider,45/149,NO_VARIANT_LINK
pkm-sun-and-moon-46-149-20dca47bdf,Sun and Moon,Araquanid,46/149,NO_VARIANT_LINK
pkm-sun-and-moon-47-149-6fd94b62f0,Sun and Moon,Pyukumuku,47/149,NO_VARIANT_LINK
pkm-sun-and-moon-48-149-4540aca025,Sun and Moon,Bruxish,48/149,NO_VARIANT_LINK
pkm-sun-and-moon-49-149-76ab54d412,Sun and Moon,Chinchou,49/149,NO_VARIANT_LINK
pkm-sun-and-moon-50-149-99a765b5ca,Sun and Moon,Lanturn,50/149,NO_VARIANT_LINK
pkm-sun-and-moon-51-149-6610c10b0e,Sun and Moon,Charjabug,51/149,NO_VARIANT_LINK
pkm-sun-and-moon-52-149-c5e590c6e5,Sun and Moon,Vikavolt,52/149,NO_VARIANT_LINK
pkm-sun-and-moon-53-149-f29bc9f97d,Sun and Moon,Togedemaru,53/149,NO_VARIANT_LINK
pkm-sun-and-moon-54-149-d586906c11,Sun and Moon,Zubat,54/149,NO_VARIANT_LINK
pkm-sun-and-moon-55-149-f39755387e,Sun and Moon,Golbat,55/149,NO_VARIANT_LINK
pkm-sun-and-moon-56-149-3f9dfe9ebd,Sun and Moon,Crobat,56/149,NO_VARIANT_LINK
pkm-sun-and-moon-57-149-89b87e761f,Sun and Moon,Alolan Grimer,57/149,NO_VARIANT_LINK
pkm-sun-and-moon-58-149-2346695ef4,Sun and Moon,Alolan Muk,58/149,NO_VARIANT_LINK
pkm-sun-and-moon-59-149-e5249330a8,Sun and Moon,Drowzee,59/149,NO_VARIANT_LINK
pkm-sun-and-moon-60-149-16016b6bef,Sun and Moon,Hypno,60/149,NO_VARIANT_LINK
pkm-sun-and-moon-61-149-1ab22439bf,Sun and Moon,Espeon-GX,61/149,NO_VARIANT_LINK
pkm-sun-and-moon-62-149-a8db541052,Sun and Moon,Mareanie,62/149,NO_VARIANT_LINK
pkm-sun-and-moon-63-149-8e9fa953ac,Sun and Moon,Toxapex,63/149,NO_VARIANT_LINK
pkm-sun-and-moon-64-149-d25f17623d,Sun and Moon,Cosmog,64/149,NO_VARIANT_LINK
pkm-sun-and-moon-65-149-0df92c8ac9,Sun and Moon,Cosmoem,65/149,NO_VARIANT_LINK
pkm-sun-and-moon-66-149-96a9879826,Sun and Moon,Lunala-GX,66/149,NO_VARIANT_LINK
pkm-sun-and-moon-67-149-f8bd5f2145,Sun and Moon,Makuhita,67/149,NO_VARIANT_LINK
pkm-sun-and-moon-68-149-b4507ad8fe,Sun and Moon,Hariyama,68/149,NO_VARIANT_LINK
pkm-sun-and-moon-69-149-8313162c87,Sun and Moon,Roggenrola,69/149,NO_VARIANT_LINK
pkm-sun-and-moon-70-149-6a9bbdd730,Sun and Moon,Boldore,70/149,NO_VARIANT_LINK
pkm-sun-and-moon-71-149-99a98fe255,Sun and Moon,Gigalith,71/149,NO_VARIANT_LINK
pkm-sun-and-moon-72-149-92bba5efe8,Sun and Moon,Crabrawler,72/149,NO_VARIANT_LINK
pkm-sun-and-moon-73-149-6f133fb2fb,Sun and Moon,Passimian,73/149,NO_VARIANT_LINK
pkm-sun-and-moon-74-149-ee50024c30,Sun and Moon,Sandygast,74/149,NO_VARIANT_LINK
pkm-sun-and-moon-75-149-25822136a4,Sun and Moon,Palossand,75/149,NO_VARIANT_LINK
pkm-sun-and-moon-76-149-cfb05a8aa5,Sun and Moon,Alolan Rattata,76/149,NO_VARIANT_LINK
pkm-sun-and-moon-77-149-005077174d,Sun and Moon,Alolan Raticate,77/149,NO_VARIANT_LINK
pkm-sun-and-moon-78-149-77f46c8472,Sun and Moon,Alolan Meowth,78/149,NO_VARIANT_LINK
pkm-sun-and-moon-79-149-b930ae5e03,Sun and Moon,Alolan Persian,79/149,NO_VARIANT_LINK
pkm-sun-and-moon-80-149-d1ffa22910,Sun and Moon,Umbreon-GX,80/149,NO_VARIANT_LINK
pkm-sun-and-moon-81-149-b50950fd2c,Sun and Moon,Carvanha,81/149,NO_VARIANT_LINK
pkm-sun-and-moon-82-149-b3334c5c4c,Sun and Moon,Sharpedo,82/149,NO_VARIANT_LINK
pkm-sun-and-moon-83-149-ded4816a30,Sun and Moon,Sandile,83/149,NO_VARIANT_LINK
pkm-sun-and-moon-84-149-31c9dceb36,Sun and Moon,Krokorok,84/149,NO_VARIANT_LINK
pkm-sun-and-moon-85-149-46125ca8d4,Sun and Moon,Krookodile,85/149,NO_VARIANT_LINK
pkm-sun-and-moon-86-149-b84b576047,Sun and Moon,Alolan Diglett,86/149,NO_VARIANT_LINK
pkm-sun-and-moon-87-149-7988ea67ec,Sun and Moon,Alolan Dugtrio,87/149,NO_VARIANT_LINK
pkm-sun-and-moon-88-149-7624a537ae,Sun and Moon,Skarmory,88/149,NO_VARIANT_LINK
pkm-sun-and-moon-89-149-2445b3cce3,Sun and Moon,Solgaleo-GX,89/149,NO_VARIANT_LINK
pkm-sun-and-moon-90-149-d6e3435fce,Sun and Moon,Snubbull,90/149,NO_VARIANT_LINK
pkm-sun-and-moon-91-149-23ae99077a,Sun and Moon,Granbull,91/149,NO_VARIANT_LINK
pkm-sun-and-moon-92-149-62c94cd75d,Sun and Moon,Cutiefly,92/149,NO_VARIANT_LINK
pkm-sun-and-moon-93-149-2bbdf20c8b,Sun and Moon,Ribombee,93/149,NO_VARIANT_LINK
pkm-sun-and-moon-94-149-e07526b2ad,Sun and Moon,Dratini,94/149,NO_VARIANT_LINK
pkm-sun-and-moon-95-149-2591a166b0,Sun and Moon,Dragonair,95/149,NO_VARIANT_LINK
pkm-sun-and-moon-96-149-b78bd789bd,Sun and Moon,Dragonite,96/149,NO_VARIANT_LINK
pkm-sun-and-moon-97-149-3d61e46d21,Sun and Moon,Spearow,97/149,NO_VARIANT_LINK
pkm-sun-and-moon-98-149-2d0036db44,Sun and Moon,Fearow,98/149,NO_VARIANT_LINK
pkm-sun-and-moon-99-149-7cb327fba7,Sun and Moon,Kangaskhan,99/149,NO_VARIANT_LINK
pkm-sun-and-moon-100-149-a379af4624,Sun and Moon,Tauros-GX,100/149,NO_VARIANT_LINK
pkm-sun-and-moon-101-149-4fe13bcdd0,Sun and Moon,Eevee,101/149,NO_VARIANT_LINK
pkm-sun-and-moon-101a-149-29cf874cd2,Sun and Moon,Eevee,101a/149,NO_VARIANT_LINK
pkm-sun-and-moon-102-149-746629334e,Sun and Moon,Spinda,102/149,NO_VARIANT_LINK
pkm-sun-and-moon-103-149-0239c83f18,Sun and Moon,Lillipup,103/149,NO_VARIANT_LINK
pkm-sun-and-moon-104-149-eab2a91710,Sun and Moon,Herdier,104/149,NO_VARIANT_LINK
pkm-sun-and-moon-105-149-3b771196e5,Sun and Moon,Stoutland,105/149,NO_VARIANT_LINK
pkm-sun-and-moon-106-149-12f9136ff5,Sun and Moon,Pikipek,106/149,NO_VARIANT_LINK
pkm-sun-and-moon-107-149-6ad111d229,Sun and Moon,Trumbeak,107/149,NO_VARIANT_LINK
pkm-sun-and-moon-108-149-fa6b906960,Sun and Moon,Toucannon,108/149,NO_VARIANT_LINK
pkm-sun-and-moon-109-149-906fc73909,Sun and Moon,Yungoos,109/149,NO_VARIANT_LINK
pkm-sun-and-moon-110-149-bb8e0a4c5d,Sun and Moon,Gumshoos-GX,110/149,NO_VARIANT_LINK
pkm-sun-and-moon-111-149-954ef22c59,Sun and Moon,Stufful,111/149,NO_VARIANT_LINK
pkm-sun-and-moon-112-149-ba8001a4e4,Sun and Moon,Bewear,112/149,NO_VARIANT_LINK
pkm-sun-and-moon-113-149-8c4b6ce787,Sun and Moon,Oranguru,113/149,NO_VARIANT_LINK
pkm-sun-and-moon-114-149-36027c6293,Sun and Moon,Big Malasada,114/149,NO_VARIANT_LINK
pkm-sun-and-moon-115-149-c713bfb140,Sun and Moon,Crushing Hammer,115/149,NO_VARIANT_LINK
pkm-sun-and-moon-116-149-f4dc732174,Sun and Moon,Energy Retrieval,116/149,NO_VARIANT_LINK
pkm-sun-and-moon-117-149-a6f8d6c7d8,Sun and Moon,Energy Switch,117/149,NO_VARIANT_LINK
pkm-sun-and-moon-118-149-afb90ce772,Sun and Moon,Exp. Share,118/149,NO_VARIANT_LINK
pkm-sun-and-moon-119-149-28ee8aafc3,Sun and Moon,Great Ball,119/149,NO_VARIANT_LINK
pkm-sun-and-moon-120-149-f62644c131,Sun and Moon,Hau,120/149,NO_VARIANT_LINK
pkm-sun-and-moon-121-149-a2575e6302,Sun and Moon,Ilima,121/149,NO_VARIANT_LINK
pkm-sun-and-moon-122-149-0d671a9e65,Sun and Moon,Lillie,122/149,NO_VARIANT_LINK
pkm-sun-and-moon-123-149-04def26a58,Sun and Moon,Nest Ball,123/149,NO_VARIANT_LINK
pkm-sun-and-moon-124-149-257e9cd054,Sun and Moon,Poison Barb,124/149,NO_VARIANT_LINK
pkm-sun-and-moon-125-149-cb4ef82922,Sun and Moon,Poké Ball,125/149,NO_VARIANT_LINK
pkm-sun-and-moon-126-149-b507217489,Sun and Moon,Pokémon Catcher,126/149,NO_VARIANT_LINK
pkm-sun-and-moon-127-149-af9f05ae1e,Sun and Moon,Potion,127/149,NO_VARIANT_LINK
pkm-sun-and-moon-128-149-5a2f86373d,Sun and Moon,Professor Kukui,128/149,NO_VARIANT_LINK
pkm-sun-and-moon-129-149-ae4accb382,Sun and Moon,Rare Candy,129/149,NO_VARIANT_LINK
pkm-sun-and-moon-130-149-d757254dce,Sun and Moon,Repel,130/149,NO_VARIANT_LINK
pkm-sun-and-moon-131-149-a85d58c244,Sun and Moon,Rotom Dex,131/149,NO_VARIANT_LINK
pkm-sun-and-moon-132-149-8f29614605,Sun and Moon,Switch,132/149,NO_VARIANT_LINK
pkm-sun-and-moon-133-149-3f7741b291,Sun and Moon,Team Skull Grunt,133/149,NO_VARIANT_LINK
pkm-sun-and-moon-134-149-691055fb25,Sun and Moon,Timer Ball,134/149,NO_VARIANT_LINK
pkm-sun-and-moon-135-149-e9c1db269a,Sun and Moon,Ultra Ball,135/149,NO_VARIANT_LINK
pkm-sun-and-moon-136-149-b846047420,Sun and Moon,Double Colorless Energy,136/149,NO_VARIANT_LINK
pkm-sun-and-moon-137-149-b3706d1117,Sun and Moon,Rainbow Energy,137/149,NO_VARIANT_LINK
pkm-sun-and-moon-138-149-0b2a5993b0,Sun and Moon,Lurantis-GX,138/149,NO_VARIANT_LINK
pkm-sun-and-moon-139-149-aae8daf1bb,Sun and Moon,Lapras-GX,139/149,NO_VARIANT_LINK
pkm-sun-and-moon-140-149-cad851f2ac,Sun and Moon,Espeon-GX,140/149,NO_VARIANT_LINK
pkm-sun-and-moon-141-149-8d4bea74d9,Sun and Moon,Lunala-GX,141/149,NO_VARIANT_LINK
pkm-sun-and-moon-142-149-000c688d15,Sun and Moon,Umbreon-GX,142/149,NO_VARIANT_LINK
pkm-sun-and-moon-143-149-f16c60d594,Sun and Moon,Solgaleo-GX,143/149,NO_VARIANT_LINK
pkm-sun-and-moon-144-149-bbe1ef8e83,Sun and Moon,Tauros-GX,144/149,NO_VARIANT_LINK
pkm-sun-and-moon-145-149-2137176299,Sun and Moon,Gumshoos-GX,145/149,NO_VARIANT_LINK
pkm-sun-and-moon-146-149-b38ec9de88,Sun and Moon,Ilima,146/149,NO_VARIANT_LINK
pkm-sun-and-moon-147-149-6f2f9f5cbe,Sun and Moon,Lillie,147/149,NO_VARIANT_LINK
pkm-sun-and-moon-148-149-8f05600c3f,Sun and Moon,Professor Kukui,148/149,NO_VARIANT_LINK
pkm-sun-and-moon-149-149-03e79dbb71,Sun and Moon,Team Skull Grunt,149/149,NO_VARIANT_LINK
pkm-sun-and-moon-150-149-66e2acbe8e,Sun and Moon,Lurantis-GX,150/149,NO_VARIANT_LINK
pkm-sun-and-moon-151-149-6326d576ad,Sun and Moon,Lapras-GX,151/149,NO_VARIANT_LINK
pkm-sun-and-moon-152-149-fbf6c174e3,Sun and Moon,Espeon-GX,152/149,NO_VARIANT_LINK
pkm-sun-and-moon-153-149-abdf1545b9,Sun and Moon,Lunala-GX,153/149,NO_VARIANT_LINK
pkm-sun-and-moon-154-149-1e167ff2b8,Sun and Moon,Umbreon-GX,154/149,NO_VARIANT_LINK
pkm-sun-and-moon-155-149-b0653ff35d,Sun and Moon,Solgaleo-GX,155/149,NO_VARIANT_LINK
pkm-sun-and-moon-156-149-38e00f9ecc,Sun and Moon,Tauros-GX,156/149,NO_VARIANT_LINK
pkm-sun-and-moon-157-149-469901cf98,Sun and Moon,Gumshoos-GX,157/149,NO_VARIANT_LINK
pkm-sun-and-moon-158-149-5de3d9259a,Sun and Moon,Nest Ball,158/149,NO_VARIANT_LINK
pkm-sun-and-moon-159-149-258cda3cc1,Sun and Moon,Rotom Dex,159/149,NO_VARIANT_LINK
pkm-sun-and-moon-160-149-5bddddcd0f,Sun and Moon,Switch,160/149,NO_VARIANT_LINK
pkm-sun-and-moon-161-149-aeb2e83ed2,Sun and Moon,Ultra Ball,161/149,NO_VARIANT_LINK
pkm-sun-and-moon-162-149-0129f48d97,Sun and Moon,Psychic Energy,162/149,NO_VARIANT_LINK
pkm-sun-and-moon-163-149-c6b0e5c643,Sun and Moon,Metal Energy,163/149,NO_VARIANT_LINK
pkm-sun-and-moon-164-149-18ba04e7ca,Sun and Moon,Grass Energy,164/149,NO_VARIANT_LINK
pkm-sun-and-moon-165-149-b3f6e2db93,Sun and Moon,Fire Energy,165/149,NO_VARIANT_LINK
pkm-sun-and-moon-166-149-198cfc836a,Sun and Moon,Water Energy,166/149,NO_VARIANT_LINK
pkm-sun-and-moon-167-149-5f834b6133,Sun and Moon,Lightning Energy,167/149,NO_VARIANT_LINK
pkm-sun-and-moon-168-149-d558bf3e10,Sun and Moon,Psychic Energy,168/149,NO_VARIANT_LINK
pkm-sun-and-moon-169-149-f2a3d77abc,Sun and Moon,Fighting Energy,169/149,NO_VARIANT_LINK
pkm-sun-and-moon-170-149-6d9b0d5980,Sun and Moon,Darkness Energy,170/149,NO_VARIANT_LINK
pkm-sun-and-moon-171-149-a72ba19533,Sun and Moon,Metal Energy,171/149,NO_VARIANT_LINK
pkm-sun-and-moon-172-149-ab358e2938,Sun and Moon,Fairy Energy,172/149,NO_VARIANT_LINK
pkm-team-up-2-181-6b683e1e6c,Team Up,Weedle,2/181,NO_VARIANT_LINK
pkm-team-up-3-181-3dae394867,Team Up,Weedle,3/181,NO_VARIANT_LINK
pkm-team-up-10-181-de8d12d06d,Team Up,Shaymin ◇,10/181,NO_VARIANT_LINK
pkm-team-up-11-181-597aba00ed,Team Up,Charmander,11/181,NO_VARIANT_LINK
pkm-team-up-12-181-b695f69257,Team Up,Charmander,12/181,NO_VARIANT_LINK
pkm-team-up-22-181-93764d3511,Team Up,Squirtle,22/181,NO_VARIANT_LINK
pkm-team-up-23-181-fc5b7d3e2b,Team Up,Squirtle,23/181,NO_VARIANT_LINK
pkm-team-up-34-181-00e126614c,Team Up,Alolan Geodude,34/181,NO_VARIANT_LINK
pkm-team-up-35-181-d6c6a4c831,Team Up,Alolan Geodude,35/181,NO_VARIANT_LINK
pkm-team-up-51-181-189f70a14c,Team Up,Tapu Koko ◇,51/181,NO_VARIANT_LINK
pkm-team-up-54-181-ab6386c4bb,Team Up,Nidoran ♀,54/181,NO_VARIANT_LINK
pkm-team-up-57-181-3a17aa6b3d,Team Up,Nidoran ♂,57/181,NO_VARIANT_LINK
pkm-team-up-114-181-7e20839232,Team Up,Alolan Exeggutor,114/181,NO_VARIANT_LINK
pkm-team-up-115-181-0e6352a689,Team Up,Alolan Exeggutor,115/181,NO_VARIANT_LINK
pkm-team-up-116-181-964f1d64f1,Team Up,Dratini,116/181,NO_VARIANT_LINK
pkm-team-up-117-181-c160473206,Team Up,Dratini,117/181,NO_VARIANT_LINK
pkm-team-up-121-181-93a16341f5,Team Up,Pidgey,121/181,NO_VARIANT_LINK
pkm-team-up-122-181-1a2ec0dbbd,Team Up,Pidgey,122/181,NO_VARIANT_LINK
pkm-team-up-134-181-fd374b7169,Team Up,Black Market ◇,134/181,NO_VARIANT_LINK
pkm-team-up-152a-181-39959ef11f,Team Up,Pokémon Communication,152a/181,NO_VARIANT_LINK
pkm-team-up-152b-181-5f567b880f,Team Up,Pokémon Communication,152b/181,NO_VARIANT_LINK
pkm-team-up-158-181-07d513fed0,Team Up,Wondrous Labyrinth ◇,158/181,NO_VARIANT_LINK
pkm-team-up-161-181-d147ab6f8c,Team Up,Magikarp & Wailord-GX,161/181,NO_VARIANT_LINK
pkm-team-up-165-181-7fa0cd4ea1,Team Up,Gengar & Mimikyu-GX,165/181,NO_VARIANT_LINK
pkm-team-up-170-181-b5970f94af,Team Up,Latias & Latios-GX,170/181,NO_VARIANT_LINK
pkm-ultra-prism-6-156-1214d9e605,Ultra Prism,Turtwig,6/156,NO_VARIANT_LINK
pkm-ultra-prism-7-156-8cca83dbd8,Ultra Prism,Turtwig,7/156,NO_VARIANT_LINK
pkm-ultra-prism-15-156-3cc894718c,Ultra Prism,Shaymin,15/156,NO_VARIANT_LINK
pkm-ultra-prism-20-156-44a2d8e2b0,Ultra Prism,Chimchar,20/156,NO_VARIANT_LINK
pkm-ultra-prism-21-156-8d1bc7eae4,Ultra Prism,Chimchar,21/156,NO_VARIANT_LINK
pkm-ultra-prism-31-156-ea4ac935b2,Ultra Prism,Piplup,31/156,NO_VARIANT_LINK
pkm-ultra-prism-32-156-3440640bbe,Ultra Prism,Piplup,32/156,NO_VARIANT_LINK
pkm-ultra-prism-45-156-92fbb0a90b,Ultra Prism,Shinx,45/156,NO_VARIANT_LINK
pkm-ultra-prism-46-156-42c1beb850,Ultra Prism,Shinx,46/156,NO_VARIANT_LINK
pkm-ultra-prism-58-156-cbf355142a,Ultra Prism,Giratina ◇,58/156,NO_VARIANT_LINK
pkm-ultra-prism-62-156-ba7f49d8ab,Ultra Prism,Lunala ◇,62/156,NO_VARIANT_LINK
pkm-ultra-prism-77-156-1095dd7fee,Ultra Prism,Darkrai ◇,77/156,NO_VARIANT_LINK
pkm-ultra-prism-80-156-30cb121230,Ultra Prism,Magnemite,80/156,NO_VARIANT_LINK
pkm-ultra-prism-81-156-b4a5ae6f99,Ultra Prism,Magnemite,81/156,NO_VARIANT_LINK
pkm-ultra-prism-89-156-0c6bd5d7ab,Ultra Prism,Solgaleo ◇,89/156,NO_VARIANT_LINK
pkm-ultra-prism-96-156-6218100b33,Ultra Prism,Gible,96/156,NO_VARIANT_LINK
pkm-ultra-prism-97-156-6a97a6a9c2,Ultra Prism,Gible,97/156,NO_VARIANT_LINK
pkm-ultra-prism-104-156-297b12710b,Ultra Prism,Eevee,104/156,NO_VARIANT_LINK
pkm-ultra-prism-105-156-6ae907a3e1,Ultra Prism,Eevee,105/156,NO_VARIANT_LINK
pkm-ultra-prism-111-156-f91a8d536f,Ultra Prism,Shaymin,111/156,NO_VARIANT_LINK
pkm-ultra-prism-119a-156-f1d431c7a9,Ultra Prism,Cynthia,119a/156,NO_VARIANT_LINK
pkm-ultra-prism-120-156-b0caca60d8,Ultra Prism,Cyrus ◇,120/156,NO_VARIANT_LINK
pkm-ultra-prism-122a-156-9864077886,Ultra Prism,Escape Board,122a/156,NO_VARIANT_LINK
pkm-ultra-prism-125a-156-b0ef2223c3,Ultra Prism,Lillie,125a/156,NO_VARIANT_LINK
pkm-ultra-prism-135a-156-bf7e976764,Ultra Prism,Volkner,135a/156,NO_VARIANT_LINK
pkm-ultra-prism-136-156-7b39839b07,Ultra Prism,Super Boost Energy ◇,136/156,NO_VARIANT_LINK
pkm-ultra-prism-137-156-2c84ddec51,Ultra Prism,Unit Energy GrassFireWater,137/156,NO_VARIANT_LINK
pkm-ultra-prism-138-156-a227d56fdd,Ultra Prism,Unit Energy LightningPsychicMetal,138/156,NO_VARIANT_LINK
pkm-ultra-prism-153a-156-e2e39410be,Ultra Prism,Lusamine,153a/156,NO_VARIANT_LINK
pkm-ultra-prism-157-156-1bb1b1e24b,Ultra Prism,Leafeon-GX,157/156,NO_VARIANT_LINK
pkm-ultra-prism-158-156-22844c6946,Ultra Prism,Pheromosa-GX,158/156,NO_VARIANT_LINK
pkm-ultra-prism-159-156-f7222498a6,Ultra Prism,Glaceon-GX,159/156,NO_VARIANT_LINK
pkm-ultra-prism-160-156-d43bfde7c5,Ultra Prism,Xurkitree-GX,160/156,NO_VARIANT_LINK
pkm-ultra-prism-161-156-04a9a00da1,Ultra Prism,Dawn Wings Necrozma-GX,161/156,NO_VARIANT_LINK
pkm-ultra-prism-162-156-5c0a7de906,Ultra Prism,Celesteela-GX,162/156,NO_VARIANT_LINK
pkm-ultra-prism-163-156-2a0acfdcc8,Ultra Prism,Dusk Mane Necrozma-GX,163/156,NO_VARIANT_LINK
pkm-ultra-prism-164-156-1f79b4d587,Ultra Prism,Dialga-GX,164/156,NO_VARIANT_LINK
pkm-ultra-prism-165-156-7a0bd3cd74,Ultra Prism,Palkia-GX,165/156,NO_VARIANT_LINK
pkm-ultra-prism-166-156-f1f32a3789,Ultra Prism,Crushing Hammer,166/156,NO_VARIANT_LINK
pkm-ultra-prism-167-156-77558f3630,Ultra Prism,Escape Board,167/156,NO_VARIANT_LINK
pkm-ultra-prism-168-156-f81b22fd33,Ultra Prism,Missing Clover,168/156,NO_VARIANT_LINK
pkm-ultra-prism-169-156-32466f9749,Ultra Prism,Peeking Red Card,169/156,NO_VARIANT_LINK
pkm-ultra-prism-170-156-6ebdae3108,Ultra Prism,Unit Energy GrassFireWater,170/156,NO_VARIANT_LINK
pkm-ultra-prism-171-156-d908645758,Ultra Prism,Unit Energy LightningPsychicMetal,171/156,NO_VARIANT_LINK
pkm-ultra-prism-172-156-f6edd8ce0c,Ultra Prism,Lunala-GX,172/156,NO_VARIANT_LINK
pkm-ultra-prism-173-156-9637091f97,Ultra Prism,Solgaleo-GX,173/156,NO_VARIANT_LINK
pkm-unbroken-bonds-5-214-d04bc82ffd,Unbroken Bonds,Oddish,5/214,NO_VARIANT_LINK
pkm-unbroken-bonds-6-214-e80b0a3e74,Unbroken Bonds,Oddish,6/214,NO_VARIANT_LINK
pkm-unbroken-bonds-9-214-9bd353854d,Unbroken Bonds,Venonat,9/214,NO_VARIANT_LINK
pkm-unbroken-bonds-10-214-ca2389b1c1,Unbroken Bonds,Venonat,10/214,NO_VARIANT_LINK
pkm-unbroken-bonds-26-214-bf654e8c2c,Unbroken Bonds,Litten,26/214,NO_VARIANT_LINK
pkm-unbroken-bonds-27-214-037b4e0fd1,Unbroken Bonds,Litten,27/214,NO_VARIANT_LINK
pkm-unbroken-bonds-36-214-49d34a8344,Unbroken Bonds,Poliwag,36/214,NO_VARIANT_LINK
pkm-unbroken-bonds-37-214-d2db09a456,Unbroken Bonds,Poliwag,37/214,NO_VARIANT_LINK
pkm-unbroken-bonds-67-214-861da47725,Unbroken Bonds,Gastly,67/214,NO_VARIANT_LINK
pkm-unbroken-bonds-68-214-3a887bbf67,Unbroken Bonds,Gastly,68/214,NO_VARIANT_LINK
pkm-unbroken-bonds-92-214-6ab7e627f1,Unbroken Bonds,Rhyhorn,92/214,NO_VARIANT_LINK
pkm-unbroken-bonds-93-214-4cadeeb976,Unbroken Bonds,Rhyhorn,93/214,NO_VARIANT_LINK
pkm-unbroken-bonds-113-214-95c881b670,Unbroken Bonds,Sandile,113/214,NO_VARIANT_LINK
pkm-unbroken-bonds-114-214-cdf3990f62,Unbroken Bonds,Sandile,114/214,NO_VARIANT_LINK
pkm-unbroken-bonds-154-214-96489c08f9,Unbroken Bonds,Porygon,154/214,NO_VARIANT_LINK
pkm-unbroken-bonds-155-214-fce361c73b,Unbroken Bonds,Porygon,155/214,NO_VARIANT_LINK
pkm-unbroken-bonds-172-214-dc686aa033,Unbroken Bonds,Fairy Charm Lightning,172/214,NO_VARIANT_LINK
pkm-unbroken-bonds-182a-214-e14a1b10c0,Unbroken Bonds,Pokégear 3.0,182a/214,NO_VARIANT_LINK
pkm-unbroken-bonds-182b-214-5493d4f598,Unbroken Bonds,Pokégear 3.0,182b/214,NO_VARIANT_LINK
pkm-unbroken-bonds-187-214-bbed3c407f,Unbroken Bonds,Surprise Box,187/214,NO_VARIANT_LINK
pkm-unbroken-bonds-189a-214-14b2cad1a1,Unbroken Bonds,Welder,189a/214,NO_VARIANT_LINK
pkm-unbroken-bonds-191-214-39a80c6811,Unbroken Bonds,Pheromosa & Buzzwole-GX,191/214,NO_VARIANT_LINK
pkm-unbroken-bonds-192-214-e0877ac138,Unbroken Bonds,Pheromosa & Buzzwole-GX,192/214,NO_VARIANT_LINK
pkm-unbroken-bonds-195a-214-51c3647179,Unbroken Bonds,Dedenne-GX,195a/214,NO_VARIANT_LINK
pkm-unbroken-bonds-196-214-48a0bcad3f,Unbroken Bonds,Muk & Alolan Muk-GX,196/214,NO_VARIANT_LINK
pkm-unbroken-bonds-197-214-6361d481ee,Unbroken Bonds,Muk & Alolan Muk-GX,197/214,NO_VARIANT_LINK
pkm-unbroken-bonds-198-214-fc942618fc,Unbroken Bonds,Marshadow & Machamp-GX,198/214,NO_VARIANT_LINK
pkm-unbroken-bonds-199-214-7938b6d27b,Unbroken Bonds,Marshadow & Machamp-GX,199/214,NO_VARIANT_LINK
pkm-unbroken-bonds-200-214-f37e8324d3,Unbroken Bonds,Greninja & Zoroark-GX,200/214,NO_VARIANT_LINK
pkm-unbroken-bonds-201-214-009153b124,Unbroken Bonds,Greninja & Zoroark-GX,201/214,NO_VARIANT_LINK
pkm-unbroken-bonds-204-214-c499b646af,Unbroken Bonds,Gardevoir & Sylveon-GX,204/214,NO_VARIANT_LINK
pkm-unbroken-bonds-205-214-2063e9df6f,Unbroken Bonds,Gardevoir & Sylveon-GX,205/214,NO_VARIANT_LINK
pkm-unified-minds-6-236-18fe8b92ae,Unified Minds,Sewaddle,6/236,NO_VARIANT_LINK
pkm-unified-minds-7-236-f1d729d359,Unified Minds,Sewaddle,7/236,NO_VARIANT_LINK
pkm-unified-minds-26-236-75aca464a8,Unified Minds,Victini,26/236,NO_VARIANT_LINK
pkm-unified-minds-27-236-c502d59e47,Unified Minds,Litwick,27/236,NO_VARIANT_LINK
pkm-unified-minds-28-236-f7e6feac2c,Unified Minds,Litwick,28/236,NO_VARIANT_LINK
pkm-unified-minds-33-236-5c4e9334ed,Unified Minds,Salandit,33/236,NO_VARIANT_LINK
pkm-unified-minds-34-236-b60728cbc9,Unified Minds,Salazzle,34/236,NO_VARIANT_LINK
pkm-unified-minds-55-236-87759aff05,Unified Minds,Pikachu,55/236,NO_VARIANT_LINK
pkm-unified-minds-56-236-2106b49a92,Unified Minds,Pikachu,56/236,NO_VARIANT_LINK
pkm-unified-minds-63-236-708826b512,Unified Minds,Tynamo,63/236,NO_VARIANT_LINK
pkm-unified-minds-64-236-97fc2594a7,Unified Minds,Tynamo,64/236,NO_VARIANT_LINK
pkm-unified-minds-79a-236-b14db591da,Unified Minds,Jirachi-GX,79a/236,NO_VARIANT_LINK
pkm-unified-minds-86-236-767291bc39,Unified Minds,Giratina,86/236,NO_VARIANT_LINK
pkm-unified-minds-92-236-4377f8a083,Unified Minds,Honedge,92/236,NO_VARIANT_LINK
pkm-unified-minds-93-236-7b1435befc,Unified Minds,Honedge,93/236,NO_VARIANT_LINK
pkm-unified-minds-98-236-cb4dbeb335,Unified Minds,Salandit,98/236,NO_VARIANT_LINK
pkm-unified-minds-99-236-9d485caa3a,Unified Minds,Salazzle,99/236,NO_VARIANT_LINK
pkm-unified-minds-115-236-561b72b8e7,Unified Minds,Riolu,115/236,NO_VARIANT_LINK
pkm-unified-minds-116-236-34a7723918,Unified Minds,Riolu,116/236,NO_VARIANT_LINK
pkm-unified-minds-128-236-8a89308987,Unified Minds,Murkrow,128/236,NO_VARIANT_LINK
pkm-unified-minds-129-236-86c0438010,Unified Minds,Murkrow,129/236,NO_VARIANT_LINK
pkm-unified-minds-146-236-b570171a2b,Unified Minds,Garchomp & Giratina-GX,146/236,NO_VARIANT_LINK
pkm-unified-minds-147-236-e16c670f43,Unified Minds,Dratini,147/236,NO_VARIANT_LINK
pkm-unified-minds-148-236-f522423982,Unified Minds,Dratini,148/236,NO_VARIANT_LINK
pkm-unified-minds-149-236-190904ff3f,Unified Minds,Dragonair,149/236,NO_VARIANT_LINK
pkm-unified-minds-150-236-9ba7ef9875,Unified Minds,Dragonair,150/236,NO_VARIANT_LINK
pkm-unified-minds-167-236-c681afbf56,Unified Minds,Slakoth,167/236,NO_VARIANT_LINK
pkm-unified-minds-168-236-6f0e5a0fa4,Unified Minds,Slakoth,168/236,NO_VARIANT_LINK
pkm-unified-minds-191a-236-7eef7461db,Unified Minds,Cherish Ball,191a/236,NO_VARIANT_LINK
pkm-unified-minds-206a-236-05494c46f5,Unified Minds,Reset Stamp,206a/236,NO_VARIANT_LINK
pkm-unified-minds-215-236-b8608fcbe7,Unified Minds,Rowlet & Alolan Exeggutor-GX,215/236,NO_VARIANT_LINK
pkm-unified-minds-218-236-f8e93fe5a8,Unified Minds,Slowpoke & Psyduck-GX,218/236,NO_VARIANT_LINK
pkm-unified-minds-221-236-15be748b38,Unified Minds,Raichu & Alolan Raichu-GX,221/236,NO_VARIANT_LINK
pkm-unified-minds-226-236-ae1d908b81,Unified Minds,Mega Sableye & Tyranitar-GX,226/236,NO_VARIANT_LINK
pkm-unified-minds-228-236-33db606e5e,Unified Minds,Garchomp & Giratina-GX,228/236,NO_VARIANT_LINK
pkm-unified-minds-247-236-f38869dcae,Unified Minds,Garchomp & Giratina-GX,247/236,NO_VARIANT_LINK
pkm-ancient-origins-10-98-a49f2f2da3,Ancient Origins,Vespiquen,10/98,NO_VARIANT_LINK
pkm-ancient-origins-11-98-f0ad186dd0,Ancient Origins,Vespiquen,11/98,NO_VARIANT_LINK
pkm-ancient-origins-14-98-f0126797de,Ancient Origins,Entei,14/98,NO_VARIANT_LINK
pkm-ancient-origins-15-98-e304af0190,Ancient Origins,Entei,15/98,NO_VARIANT_LINK
pkm-ancient-origins-17-98-003e181245,Ancient Origins,Volcarona,17/98,NO_VARIANT_LINK
pkm-ancient-origins-18-98-83fd81fb2f,Ancient Origins,Volcarona,18/98,NO_VARIANT_LINK
pkm-ancient-origins-20-98-b5274888cf,Ancient Origins,Gyarados,20/98,NO_VARIANT_LINK
pkm-ancient-origins-21-98-f27474c2eb,Ancient Origins,Gyarados,21/98,NO_VARIANT_LINK
pkm-ancient-origins-31-98-061ce5120c,Ancient Origins,Baltoy,31/98,NO_VARIANT_LINK
pkm-ancient-origins-32-98-185a6ecf63,Ancient Origins,Baltoy,32/98,NO_VARIANT_LINK
pkm-ancient-origins-35-98-3b7743e9ee,Ancient Origins,Golurk,35/98,NO_VARIANT_LINK
pkm-ancient-origins-41-98-03733607ad,Ancient Origins,Golurk,41/98,NO_VARIANT_LINK
pkm-ancient-origins-49-98-0a0bf69836,Ancient Origins,Metagross,49/98,NO_VARIANT_LINK
pkm-ancient-origins-50-98-c864fa0f6a,Ancient Origins,Metagross,50/98,NO_VARIANT_LINK
pkm-ancient-origins-57-98-9fa3cc13b2,Ancient Origins,Giratina-EX,57/98,NO_VARIANT_LINK
pkm-ancient-origins-66-98-8bf0ed882b,Ancient Origins,Porygon-Z,66/98,NO_VARIANT_LINK
pkm-ancient-origins-67-98-07a27feb2c,Ancient Origins,Porygon-Z,67/98,NO_VARIANT_LINK
pkm-ancient-origins-75a-98-9985705edc,Ancient Origins,Hex Maniac,75a/98,NO_VARIANT_LINK
pkm-ancient-origins-84-98-789ae5be7f,Ancient Origins,Sceptile-EX,84/98,NO_VARIANT_LINK
pkm-ancient-origins-85-98-c9bd48d412,Ancient Origins,M Sceptile-EX,85/98,NO_VARIANT_LINK
pkm-ancient-origins-86-98-4410281f47,Ancient Origins,Kyurem-EX,86/98,NO_VARIANT_LINK
pkm-ancient-origins-87-98-ee3044d672,Ancient Origins,Ampharos-EX,87/98,NO_VARIANT_LINK
pkm-ancient-origins-88-98-894fcf7a93,Ancient Origins,M Ampharos-EX,88/98,NO_VARIANT_LINK
pkm-ancient-origins-89-98-e595c55dc7,Ancient Origins,Hoopa-EX,89/98,NO_VARIANT_LINK
pkm-ancient-origins-90-98-be087ed50e,Ancient Origins,Machamp-EX,90/98,NO_VARIANT_LINK
pkm-ancient-origins-91-98-c22bfca459,Ancient Origins,Tyranitar-EX,91/98,NO_VARIANT_LINK
pkm-ancient-origins-92-98-8ff8bfeb5f,Ancient Origins,M Tyranitar-EX,92/98,NO_VARIANT_LINK
pkm-ancient-origins-93-98-a73a4fc27a,Ancient Origins,Giratina-EX,93/98,NO_VARIANT_LINK
pkm-ancient-origins-94-98-3248aa472a,Ancient Origins,Lugia-EX,94/98,NO_VARIANT_LINK
pkm-ancient-origins-96-98-28d1d521a3,Ancient Origins,Primal Kyogre-EX,96/98,NO_VARIANT_LINK
pkm-ancient-origins-97-98-406d777522,Ancient Origins,Primal Groudon-EX,97/98,NO_VARIANT_LINK
pkm-ancient-origins-98-98-531f95c510,Ancient Origins,M Rayquaza-EX,98/98,NO_VARIANT_LINK
pkm-breakpoint-22-122-54f2b880a0,BREAKpoint,Shellder,22/122,NO_VARIANT_LINK
pkm-breakpoint-23-122-8901b66342,BREAKpoint,Shellder,23/122,NO_VARIANT_LINK
pkm-breakpoint-97-122-92c77e4f4d,BREAKpoint,Bursting Balloon,97/122,NO_VARIANT_LINK
pkm-breakpoint-98a-122-1825bfebb4,BREAKpoint,Delinquent,98a/122,NO_VARIANT_LINK
pkm-breakpoint-98b-122-d5d78559d2,BREAKpoint,Delinquent,98b/122,NO_VARIANT_LINK
pkm-breakpoint-99-122-ea8f552531,BREAKpoint,Fighting Fury Belt,99/122,NO_VARIANT_LINK
pkm-breakpoint-107a-122-dcde702bf3,BREAKpoint,Professor Sycamore,107a/122,NO_VARIANT_LINK
pkm-breakthrough-7-162-689f12eead,BREAKthrough,Chespin,7/162,NO_VARIANT_LINK
pkm-breakthrough-8-162-68022e8bf3,BREAKthrough,Chespin,8/162,NO_VARIANT_LINK
pkm-breakthrough-9-162-2913097625,BREAKthrough,Chespin,9/162,NO_VARIANT_LINK
pkm-breakthrough-31-162-ba602a37d4,BREAKthrough,Remoraid,31/162,NO_VARIANT_LINK
pkm-breakthrough-32-162-ff26ec6c16,BREAKthrough,Remoraid,32/162,NO_VARIANT_LINK
pkm-breakthrough-51-162-d71ba2f315,BREAKthrough,Magnemite,51/162,NO_VARIANT_LINK
pkm-breakthrough-52-162-b789f1b617,BREAKthrough,Magnemite,52/162,NO_VARIANT_LINK
pkm-breakthrough-61-162-941bdb42e3,BREAKthrough,Mewtwo-EX,61/162,NO_VARIANT_LINK
pkm-breakthrough-62-162-e38bf7069c,BREAKthrough,Mewtwo-EX,62/162,NO_VARIANT_LINK
pkm-breakthrough-63-162-97a177c1d1,BREAKthrough,M Mewtwo-EX,63/162,NO_VARIANT_LINK
pkm-breakthrough-64-162-d326ed6034,BREAKthrough,M Mewtwo-EX,64/162,NO_VARIANT_LINK
pkm-breakthrough-68-162-a4e6f102d4,BREAKthrough,Ralts,68/162,NO_VARIANT_LINK
pkm-breakthrough-89-162-bb66b48132,BREAKthrough,Zorua,89/162,NO_VARIANT_LINK
pkm-breakthrough-90-162-8d0335b643,BREAKthrough,Zorua,90/162,NO_VARIANT_LINK
pkm-breakthrough-100-162-5d4383adeb,BREAKthrough,Ralts,100/162,NO_VARIANT_LINK
pkm-breakthrough-101-162-9aa4f58b05,BREAKthrough,Flabébé,101/162,NO_VARIANT_LINK
pkm-breakthrough-108-162-6236db8dce,BREAKthrough,Axew,108/162,NO_VARIANT_LINK
pkm-breakthrough-109-162-1d84aa4e01,BREAKthrough,Axew,109/162,NO_VARIANT_LINK
pkm-breakthrough-115-162-8cbcc352cd,BREAKthrough,Doduo,115/162,NO_VARIANT_LINK
pkm-breakthrough-116-162-a06b6dfa21,BREAKthrough,Doduo,116/162,NO_VARIANT_LINK
pkm-breakthrough-131-162-f5e6aa5604,BREAKthrough,Noibat,131/162,NO_VARIANT_LINK
pkm-breakthrough-132-162-9ebe86fa63,BREAKthrough,Noibat,132/162,NO_VARIANT_LINK
pkm-breakthrough-146a-162-11c772f631,BREAKthrough,Professor's Letter,146a/162,NO_VARIANT_LINK
pkm-breakthrough-157-162-48b5cc2be2,BREAKthrough,Mewtwo-EX,157/162,NO_VARIANT_LINK
pkm-breakthrough-158-162-164db6b507,BREAKthrough,Mewtwo-EX,158/162,NO_VARIANT_LINK
pkm-breakthrough-159-162-92a515fa31,BREAKthrough,M Mewtwo-EX,159/162,NO_VARIANT_LINK
pkm-breakthrough-160-162-518c9c3f0e,BREAKthrough,M Mewtwo-EX,160/162,NO_VARIANT_LINK
pkm-breakthrough-163-162-2df6b4f424,BREAKthrough,Mewtwo-EX,163/162,NO_VARIANT_LINK
pkm-breakthrough-164-162-e6cc5c7568,BREAKthrough,Mewtwo-EX,164/162,NO_VARIANT_LINK
pkm-evolutions-43-108-23c58ce7f5,Evolutions,Nidoran ♂,43/108,NO_VARIANT_LINK
pkm-evolutions-96-108-6f19207083,Evolutions,Fighting Energy,96/108,NO_VARIANT_LINK
pkm-fates-collide-3-124-868962806d,Fates Collide,Wormadam,3/124,NO_VARIANT_LINK
pkm-fates-collide-10-124-784521fa19,Fates Collide,Fennekin,10/124,NO_VARIANT_LINK
pkm-fates-collide-11-124-80c8da3d8f,Fates Collide,Fennekin,11/124,NO_VARIANT_LINK
pkm-fates-collide-40-124-a8e4c472c7,Fates Collide,Larvitar,40/124,NO_VARIANT_LINK
pkm-fates-collide-41-124-46c0ddb752,Fates Collide,Larvitar,41/124,NO_VARIANT_LINK
pkm-fates-collide-43a-124-8425be2ba7,Fates Collide,Regirock-EX,43a/124,NO_VARIANT_LINK
pkm-fates-collide-44-124-0bafb330ef,Fates Collide,Wormadam,44/124,NO_VARIANT_LINK
pkm-fates-collide-45-124-d7fd9c9ac5,Fates Collide,Riolu,45/124,NO_VARIANT_LINK
pkm-fates-collide-46-124-d61de44e23,Fates Collide,Riolu,46/124,NO_VARIANT_LINK
pkm-fates-collide-47-124-b851918b8a,Fates Collide,Lucario,47/124,NO_VARIANT_LINK
pkm-fates-collide-49-124-ae22a14b7e,Fates Collide,Carbink,49/124,NO_VARIANT_LINK
pkm-fates-collide-50-124-44c010b1fd,Fates Collide,Carbink,50/124,NO_VARIANT_LINK
pkm-fates-collide-52-124-5bcff5322c,Fates Collide,Zygarde,52/124,NO_VARIANT_LINK
pkm-fates-collide-53-124-71413b5541,Fates Collide,Zygarde,53/124,NO_VARIANT_LINK
pkm-fates-collide-54a-124-41c2e16dd4,Fates Collide,Zygarde-EX,54a/124,NO_VARIANT_LINK
pkm-fates-collide-59-124-24189831a1,Fates Collide,Wormadam,59/124,NO_VARIANT_LINK
pkm-fates-collide-63-124-354da0f147,Fates Collide,Lucario,63/124,NO_VARIANT_LINK
pkm-fates-collide-86-124-c7eb881261,Fates Collide,Minccino,86/124,NO_VARIANT_LINK
pkm-fates-collide-87-124-2c954519f9,Fates Collide,Minccino,87/124,NO_VARIANT_LINK
pkm-fates-collide-88-124-1eef6b92df,Fates Collide,Cinccino,88/124,NO_VARIANT_LINK
pkm-fates-collide-89-124-6233af4c96,Fates Collide,Cinccino,89/124,NO_VARIANT_LINK
pkm-fates-collide-105-124-0bf3f67b2d,Fates Collide,N,105/124,NO_VARIANT_LINK
pkm-fates-collide-105a-124-6712042160,Fates Collide,N,105a/124,NO_VARIANT_LINK
pkm-fates-collide-111a-124-c4cc9c745f,Fates Collide,Shauna,111a/124,NO_VARIANT_LINK
pkm-flashfire-11-106-2426f2ce5c,Flashfire,Charizard-EX,11/106,NO_VARIANT_LINK
pkm-flashfire-12-106-7a88d985ff,Flashfire,Charizard-EX,12/106,NO_VARIANT_LINK
pkm-flashfire-13-106-493fac885e,Flashfire,M Charizard-EX,13/106,NO_VARIANT_LINK
pkm-flashfire-18-106-f5aad238b4,Flashfire,Litleo,18/106,NO_VARIANT_LINK
pkm-flashfire-19-106-44ab6c5ec9,Flashfire,Litleo,19/106,NO_VARIANT_LINK
pkm-flashfire-50-106-149552cd15,Flashfire,Sneasel,50/106,NO_VARIANT_LINK
pkm-flashfire-51-106-12c3f76bda,Flashfire,Sneasel,51/106,NO_VARIANT_LINK
pkm-flashfire-53-106-9d79f2f934,Flashfire,Stunky,53/106,NO_VARIANT_LINK
pkm-flashfire-54-106-3347d5c24b,Flashfire,Stunky,54/106,NO_VARIANT_LINK
pkm-flashfire-62-106-1e36f4fde8,Flashfire,Flabébé,62/106,NO_VARIANT_LINK
pkm-flashfire-63-106-eddff5b5df,Flashfire,Flabébé,63/106,NO_VARIANT_LINK
pkm-flashfire-64-106-9baca76605,Flashfire,Floette,64/106,NO_VARIANT_LINK
pkm-flashfire-65-106-23103cde0c,Flashfire,Floette,65/106,NO_VARIANT_LINK
pkm-flashfire-69-106-bf6170130b,Flashfire,M Charizard-EX,69/106,NO_VARIANT_LINK
pkm-flashfire-88a-106-f05dcddb87,Flashfire,Blacksmith,88a/106,NO_VARIANT_LINK
pkm-flashfire-100-106-9760cf0e8a,Flashfire,Charizard-EX,100/106,NO_VARIANT_LINK
pkm-flashfire-101-106-9d175f3f75,Flashfire,Magnezone-EX,101/106,NO_VARIANT_LINK
pkm-flashfire-102-106-72a11fe9c7,Flashfire,Toxicroak-EX,102/106,NO_VARIANT_LINK
pkm-flashfire-103-106-7323561b4d,Flashfire,Kangaskhan-EX,103/106,NO_VARIANT_LINK
pkm-flashfire-104-106-aa72877aa1,Flashfire,Lysandre,104/106,NO_VARIANT_LINK
pkm-flashfire-105-106-84a64eecc4,Flashfire,Pokémon Center Lady,105/106,NO_VARIANT_LINK
pkm-flashfire-106-106-994d2eea90,Flashfire,Pokémon Fan Club,106/106,NO_VARIANT_LINK
pkm-flashfire-107-106-b0b1ddc62c,Flashfire,M Charizard-EX,107/106,NO_VARIANT_LINK
pkm-flashfire-108-106-458e26b2b5,Flashfire,M Charizard-EX,108/106,NO_VARIANT_LINK
pkm-flashfire-109-106-c2113ca699,Flashfire,M Kangaskhan-EX,109/106,NO_VARIANT_LINK
pkm-furious-fists-55a-111-ff93a89c2d,Furious Fists,M Lucario-EX,55a/111,NO_VARIANT_LINK
pkm-furious-fists-59-111-c1a9d5b05e,Furious Fists,Pancham,59/111,NO_VARIANT_LINK
pkm-furious-fists-60-111-2eae4ca40d,Furious Fists,Pancham,60/111,NO_VARIANT_LINK
pkm-furious-fists-69-111-7add435738,Furious Fists,Clefairy,69/111,NO_VARIANT_LINK
pkm-furious-fists-70-111-f906c64abf,Furious Fists,Clefairy,70/111,NO_VARIANT_LINK
pkm-furious-fists-90-111-60896d8ae1,Furious Fists,Fighting Stadium,90/111,NO_VARIANT_LINK
pkm-furious-fists-105-111-865ff37d9d,Furious Fists,Heracross-EX,105/111,NO_VARIANT_LINK
pkm-furious-fists-106-111-0f2e7e7088,Furious Fists,Seismitoad-EX,106/111,NO_VARIANT_LINK
pkm-furious-fists-107-111-4f0b8a968d,Furious Fists,Lucario-EX,107/111,NO_VARIANT_LINK
pkm-furious-fists-108-111-6f09be3ac4,Furious Fists,Dragonite-EX,108/111,NO_VARIANT_LINK
pkm-furious-fists-109-111-92138b0a75,Furious Fists,Battle Reporter,109/111,NO_VARIANT_LINK
pkm-furious-fists-110-111-3e0c5d78f4,Furious Fists,Fossil Researcher,110/111,NO_VARIANT_LINK
pkm-furious-fists-111-111-b9dcbf9406,Furious Fists,Korrina,111/111,NO_VARIANT_LINK
pkm-generations-28a-83-3aab07422a,Generations,Jolteon-EX,28a/83,NO_VARIANT_LINK
pkm-generations-73a-83-3d9bf7951c,Generations,Team Flare Grunt,73a/83,NO_VARIANT_LINK
pkm-generations-80-83-320405c00b,Generations,Fighting Energy,80/83,NO_VARIANT_LINK
pkm-generations-rc1-83-b7e51d1c45,Generations,Chikorita,RC1/83,NO_VARIANT_LINK
pkm-generations-rc2-83-0db3448993,Generations,Shroomish,RC2/83,NO_VARIANT_LINK
pkm-generations-rc3-83-35bfc5b00f,Generations,Charmander,RC3/83,NO_VARIANT_LINK
pkm-generations-rc4-83-0b8db642bb,Generations,Charmeleon,RC4/83,NO_VARIANT_LINK
pkm-generations-rc5-83-be4b319fb6,Generations,Charizard,RC5/83,NO_VARIANT_LINK
pkm-generations-rc6-83-5f2a32c3e0,Generations,Flareon-EX,RC6/83,NO_VARIANT_LINK
pkm-generations-rc7-83-e1f94c55bf,Generations,Snorunt,RC7/83,NO_VARIANT_LINK
pkm-generations-rc8-83-f540a1639f,Generations,Froslass,RC8/83,NO_VARIANT_LINK
pkm-generations-rc9-83-79a9d63f8b,Generations,Raichu,RC9/83,NO_VARIANT_LINK
pkm-generations-rc10-83-340170ea12,Generations,Dedenne,RC10/83,NO_VARIANT_LINK
pkm-generations-rc11-83-2ba4f2241b,Generations,Wobbuffet,RC11/83,NO_VARIANT_LINK
pkm-generations-rc12-83-2446524ed4,Generations,Gulpin,RC12/83,NO_VARIANT_LINK
pkm-generations-rc13-83-a04caab9da,Generations,Jirachi,RC13/83,NO_VARIANT_LINK
pkm-generations-rc14-83-4f6a880bcf,Generations,Espurr,RC14/83,NO_VARIANT_LINK
pkm-generations-rc15-83-36015b08fe,Generations,Meowstic,RC15/83,NO_VARIANT_LINK
pkm-generations-rc16-83-06f7b3fc43,Generations,Yveltal,RC16/83,NO_VARIANT_LINK
pkm-generations-rc17-83-83add69216,Generations,Flabébé,RC17/83,NO_VARIANT_LINK
pkm-generations-rc18-83-588c694d59,Generations,Floette,RC18/83,NO_VARIANT_LINK
pkm-generations-rc19-83-690cadf922,Generations,Swirlix,RC19/83,NO_VARIANT_LINK
pkm-generations-rc20-83-8499361eee,Generations,Slurpuff,RC20/83,NO_VARIANT_LINK
pkm-generations-rc21-83-2ea35900e0,Generations,Sylveon-EX,RC21/83,NO_VARIANT_LINK
pkm-generations-rc22-83-ac188f2c74,Generations,Diancie,RC22/83,NO_VARIANT_LINK
pkm-generations-rc23-83-5db3d586f7,Generations,Swablu,RC23/83,NO_VARIANT_LINK
pkm-generations-rc24-83-152352e484,Generations,Altaria,RC24/83,NO_VARIANT_LINK
pkm-generations-rc25-83-1d9ae23026,Generations,Fletchling,RC25/83,NO_VARIANT_LINK
pkm-generations-rc26-83-899e279b34,Generations,Floral Crown,RC26/83,NO_VARIANT_LINK
pkm-generations-rc27-83-b6695f1fce,Generations,Wally,RC27/83,NO_VARIANT_LINK
pkm-generations-rc28-83-b339274cdb,Generations,Flareon-EX,RC28/83,NO_VARIANT_LINK
pkm-generations-rc29-83-e06ac5c7b5,Generations,Pikachu,RC29/83,NO_VARIANT_LINK
pkm-generations-rc30-83-f2a5840139,Generations,Gardevoir-EX,RC30/83,NO_VARIANT_LINK
pkm-generations-rc31-83-6cbbe90da3,Generations,M Gardevoir-EX,RC31/83,NO_VARIANT_LINK
pkm-generations-rc32-83-26d12d2d74,Generations,Sylveon-EX,RC32/83,NO_VARIANT_LINK
pkm-phantom-forces-24a-119-de8b9f22b5,Phantom Forces,M Manectric-EX,24a/119,NO_VARIANT_LINK
pkm-phantom-forces-28-119-28f099648a,Phantom Forces,Helioptile,28/119,NO_VARIANT_LINK
pkm-phantom-forces-29-119-26bc1dae3a,Phantom Forces,Helioptile,29/119,NO_VARIANT_LINK
pkm-phantom-forces-65a-119-dcfc52538c,Phantom Forces,Aegislash-EX,65a/119,NO_VARIANT_LINK
pkm-phantom-forces-92-119-078aedfa86,Phantom Forces,Battle Compressor Team Flare Gear,92/119,NO_VARIANT_LINK
pkm-phantom-forces-97-119-6bd7f77c9d,Phantom Forces,Head Ringer Team Flare Hyper Gear,97/119,NO_VARIANT_LINK
pkm-phantom-forces-98-119-1d9dd22486,Phantom Forces,Jamming Net Team Flare Hyper Gear,98/119,NO_VARIANT_LINK
pkm-phantom-forces-102-119-682fa300e1,Phantom Forces,Robo Substitute Team Flare Gear,102/119,NO_VARIANT_LINK
pkm-phantom-forces-106-119-d2d0fe9c3a,Phantom Forces,Target Whistle Team Flare Gear,106/119,NO_VARIANT_LINK
pkm-phantom-forces-113-119-ebd4850dfb,Phantom Forces,Manectric-EX,113/119,NO_VARIANT_LINK
pkm-phantom-forces-114-119-8f3922b377,Phantom Forces,Gengar-EX,114/119,NO_VARIANT_LINK
pkm-phantom-forces-115-119-7f861fbbe9,Phantom Forces,Malamar-EX,115/119,NO_VARIANT_LINK
pkm-phantom-forces-116-119-cef222db2e,Phantom Forces,Florges-EX,116/119,NO_VARIANT_LINK
pkm-phantom-forces-117-119-6e17ea2dfe,Phantom Forces,AZ,117/119,NO_VARIANT_LINK
pkm-phantom-forces-118-119-7f6f8a0008,Phantom Forces,Lysandre's Trump Card,118/119,NO_VARIANT_LINK
pkm-phantom-forces-119-119-0aae46a1c2,Phantom Forces,Xerosic,119/119,NO_VARIANT_LINK
pkm-phantom-forces-120-119-493d261a57,Phantom Forces,M Manectric-EX,120/119,NO_VARIANT_LINK
pkm-phantom-forces-121-119-d036071969,Phantom Forces,M Gengar-EX,121/119,NO_VARIANT_LINK
pkm-phantom-forces-122-119-d9b7752391,Phantom Forces,Dialga-EX,122/119,NO_VARIANT_LINK
pkm-primal-clash-9-160-6ba7e668d6,Primal Clash,Sceptile,9/160,NO_VARIANT_LINK
pkm-primal-clash-24-160-22c6073df9,Primal Clash,Magcargo,24/160,NO_VARIANT_LINK
pkm-primal-clash-26-160-36fba39f49,Primal Clash,Torchic,26/160,NO_VARIANT_LINK
pkm-primal-clash-36-160-dda895a366,Primal Clash,Swampert,36/160,NO_VARIANT_LINK
pkm-primal-clash-37-160-6dc833f628,Primal Clash,Ludicolo,37/160,NO_VARIANT_LINK
pkm-primal-clash-41-160-4675a6f2fe,Primal Clash,Whiscash,41/160,NO_VARIANT_LINK
pkm-primal-clash-45-160-888f7aa396,Primal Clash,Spheal,45/160,NO_VARIANT_LINK
pkm-primal-clash-46-160-0a6adb5122,Primal Clash,Spheal,46/160,NO_VARIANT_LINK
pkm-primal-clash-52-160-fb31babc6c,Primal Clash,Gorebyss,52/160,NO_VARIANT_LINK
pkm-primal-clash-55-160-ee51151d02,Primal Clash,Primal Kyogre-EX,55/160,NO_VARIANT_LINK
pkm-primal-clash-60-160-d1c73cfbbe,Primal Clash,Electrike,60/160,NO_VARIANT_LINK
pkm-primal-clash-64-160-2f04f0ac6d,Primal Clash,Eelektrik,64/160,NO_VARIANT_LINK
pkm-primal-clash-66-160-bee3bbb63a,Primal Clash,Nidoran ♀,66/160,NO_VARIANT_LINK
pkm-primal-clash-69-160-def215fafc,Primal Clash,Nidoqueen,69/160,NO_VARIANT_LINK
pkm-primal-clash-71-160-21f58a0d08,Primal Clash,Tentacool,71/160,NO_VARIANT_LINK
pkm-primal-clash-77-160-c1cff93b46,Primal Clash,Rhyperior,77/160,NO_VARIANT_LINK
pkm-primal-clash-81-160-00afb182ce,Primal Clash,Medicham,81/160,NO_VARIANT_LINK
pkm-primal-clash-86-160-11350cdc04,Primal Clash,Primal Groudon-EX,86/160,NO_VARIANT_LINK
pkm-primal-clash-97-160-f45fb8d347,Primal Clash,Excadrill,97/160,NO_VARIANT_LINK
pkm-primal-clash-104-160-1a4a16d490,Primal Clash,Azumarill,104/160,NO_VARIANT_LINK
pkm-primal-clash-108-160-ea6d51bcfb,Primal Clash,Kingdra,108/160,NO_VARIANT_LINK
pkm-primal-clash-117-160-2d4e67e64c,Primal Clash,Bidoof,117/160,NO_VARIANT_LINK
pkm-primal-clash-121-160-cac8bf45ad,Primal Clash,Bunnelby,121/160,NO_VARIANT_LINK
pkm-primal-clash-145-160-33e602cf16,Primal Clash,Trevenant-EX,145/160,NO_VARIANT_LINK
pkm-primal-clash-146-160-1964ad3aef,Primal Clash,Camerupt-EX,146/160,NO_VARIANT_LINK
pkm-primal-clash-147-160-db2aaa3042,Primal Clash,Wailord-EX,147/160,NO_VARIANT_LINK
pkm-primal-clash-148-160-21ca3193a9,Primal Clash,Kyogre-EX,148/160,NO_VARIANT_LINK
pkm-primal-clash-149-160-27fa404987,Primal Clash,Primal Kyogre-EX,149/160,NO_VARIANT_LINK
pkm-primal-clash-150-160-aeb20c6e08,Primal Clash,Groudon-EX,150/160,NO_VARIANT_LINK
pkm-primal-clash-151-160-e5774a6aa8,Primal Clash,Primal Groudon-EX,151/160,NO_VARIANT_LINK
pkm-primal-clash-152-160-c4cfdf4dd3,Primal Clash,Sharpedo-EX,152/160,NO_VARIANT_LINK
pkm-primal-clash-153-160-c3efaa57c9,Primal Clash,Aggron-EX,153/160,NO_VARIANT_LINK
pkm-primal-clash-154-160-3281a0d363,Primal Clash,M Aggron-EX,154/160,NO_VARIANT_LINK
pkm-primal-clash-155-160-084b3509d8,Primal Clash,Gardevoir-EX,155/160,NO_VARIANT_LINK
pkm-primal-clash-156-160-0f87d8d1f2,Primal Clash,M Gardevoir-EX,156/160,NO_VARIANT_LINK
pkm-primal-clash-157-160-41314a9729,Primal Clash,Archie's Ace in the Hole,157/160,NO_VARIANT_LINK
pkm-primal-clash-158-160-fd3e24a3d7,Primal Clash,Maxie's Hidden Ball Trick,158/160,NO_VARIANT_LINK
pkm-primal-clash-159-160-6ee81a4fde,Primal Clash,Professor Birch's Observations,159/160,NO_VARIANT_LINK
pkm-primal-clash-160-160-d661227f6a,Primal Clash,Teammates,160/160,NO_VARIANT_LINK
pkm-primal-clash-161-160-05c4938591,Primal Clash,Dive Ball,161/160,NO_VARIANT_LINK
pkm-primal-clash-162-160-86752a48c7,Primal Clash,Enhanced Hammer,162/160,NO_VARIANT_LINK
pkm-primal-clash-163-160-0877e036b9,Primal Clash,Switch,163/160,NO_VARIANT_LINK
pkm-primal-clash-164-160-1280488d9e,Primal Clash,Weakness Policy,164/160,NO_VARIANT_LINK
pkm-roaring-skies-7-108-12feb2d88b,Roaring Skies,Dustox,7/108,NO_VARIANT_LINK
pkm-roaring-skies-8-108-b1343f4297,Roaring Skies,Dustox,8/108,NO_VARIANT_LINK
pkm-roaring-skies-13-108-9961745fe1,Roaring Skies,Victini,13/108,NO_VARIANT_LINK
pkm-roaring-skies-16-108-38a609bdb8,Roaring Skies,Articuno,16/108,NO_VARIANT_LINK
pkm-roaring-skies-17-108-f7440fdd32,Roaring Skies,Articuno,17/108,NO_VARIANT_LINK
pkm-roaring-skies-27-108-6a4dd4ea41,Roaring Skies,Natu,27/108,NO_VARIANT_LINK
pkm-roaring-skies-28-108-c7e9f3c004,Roaring Skies,Natu,28/108,NO_VARIANT_LINK
pkm-roaring-skies-31-108-4c957039b0,Roaring Skies,Banette,31/108,NO_VARIANT_LINK
pkm-roaring-skies-32-108-aed049d183,Roaring Skies,Banette,32/108,NO_VARIANT_LINK
pkm-roaring-skies-45-108-d7db1032b3,Roaring Skies,Togekiss,45/108,NO_VARIANT_LINK
pkm-roaring-skies-46-108-25c96a8807,Roaring Skies,Togekiss,46/108,NO_VARIANT_LINK
pkm-roaring-skies-49-108-9686b07f0e,Roaring Skies,Dratini,49/108,NO_VARIANT_LINK
pkm-roaring-skies-51-108-924c9b9dec,Roaring Skies,Dragonite,51/108,NO_VARIANT_LINK
pkm-roaring-skies-52-108-1a35bee6b3,Roaring Skies,Dragonite,52/108,NO_VARIANT_LINK
pkm-roaring-skies-53-108-c83e533c5b,Roaring Skies,Altaria,53/108,NO_VARIANT_LINK
pkm-roaring-skies-54-108-e20171c5d1,Roaring Skies,Bagon,54/108,NO_VARIANT_LINK
pkm-roaring-skies-55-108-496890a752,Roaring Skies,Bagon,55/108,NO_VARIANT_LINK
pkm-roaring-skies-60-108-4cf8e4c671,Roaring Skies,Rayquaza-EX,60/108,NO_VARIANT_LINK
pkm-roaring-skies-61-108-f787fae642,Roaring Skies,M Rayquaza-EX,61/108,NO_VARIANT_LINK
pkm-roaring-skies-71-108-358a8578e4,Roaring Skies,Swellow,71/108,NO_VARIANT_LINK
pkm-roaring-skies-72-108-5c7037c985,Roaring Skies,Swellow,72/108,NO_VARIANT_LINK
pkm-roaring-skies-74-108-d2ff5f44ab,Roaring Skies,Altaria,74/108,NO_VARIANT_LINK
pkm-roaring-skies-75-108-cd8688e2a5,Roaring Skies,Rayquaza-EX,75/108,NO_VARIANT_LINK
pkm-roaring-skies-76-108-2c443f9656,Roaring Skies,M Rayquaza-EX,76/108,NO_VARIANT_LINK
pkm-roaring-skies-77a-108-7dae60742c,Roaring Skies,Shaymin-EX,77a/108,NO_VARIANT_LINK
pkm-roaring-skies-80-108-f96d83e923,Roaring Skies,Unfezant,80/108,NO_VARIANT_LINK
pkm-roaring-skies-81-108-e0d5efff28,Roaring Skies,Unfezant,81/108,NO_VARIANT_LINK
pkm-roaring-skies-92a-108-de363d4fda,Roaring Skies,Trainers' Mail,92a/108,NO_VARIANT_LINK
pkm-roaring-skies-98-108-644db978ca,Roaring Skies,Thundurus-EX,98/108,NO_VARIANT_LINK
pkm-roaring-skies-99-108-fcbc2c97a9,Roaring Skies,Gallade-EX,99/108,NO_VARIANT_LINK
pkm-roaring-skies-100-108-ff888fba3f,Roaring Skies,M Gallade-EX,100/108,NO_VARIANT_LINK
pkm-roaring-skies-101-108-358f9f20d0,Roaring Skies,Latios-EX,101/108,NO_VARIANT_LINK
pkm-roaring-skies-102-108-7213cc4c18,Roaring Skies,M Latios-EX,102/108,NO_VARIANT_LINK
pkm-roaring-skies-103-108-8255d62681,Roaring Skies,Hydreigon-EX,103/108,NO_VARIANT_LINK
pkm-roaring-skies-104-108-ff7c70ac83,Roaring Skies,Rayquaza-EX,104/108,NO_VARIANT_LINK
pkm-roaring-skies-105-108-0b8b0a8dba,Roaring Skies,M Rayquaza-EX,105/108,NO_VARIANT_LINK
pkm-roaring-skies-106-108-4cbf408255,Roaring Skies,Shaymin-EX,106/108,NO_VARIANT_LINK
pkm-roaring-skies-107-108-b65d81373e,Roaring Skies,Wally,107/108,NO_VARIANT_LINK
pkm-roaring-skies-108-108-e16ebbd1a8,Roaring Skies,Winona,108/108,NO_VARIANT_LINK
pkm-steam-siege-27-114-20544405bf,Steam Siege,Mantine,27/114,NO_VARIANT_LINK
pkm-steam-siege-43-114-9e96c590c3,Steam Siege,Nidoran ♂,43/114,NO_VARIANT_LINK
pkm-steam-siege-99-114-90beb97227,Steam Siege,Captivating Poké Puff,99/114,NO_VARIANT_LINK
pkm-xy-black-star-promos-xy01-211-058febcbae,XY Black Star Promos,Chespin,XY01/211,NO_VARIANT_LINK
pkm-xy-black-star-promos-xy02-211-ec21fc9c9d,XY Black Star Promos,Fennekin,XY02/211,NO_VARIANT_LINK
pkm-xy-black-star-promos-xy03-211-d833c9ff75,XY Black Star Promos,Froakie,XY03/211,NO_VARIANT_LINK
pkm-xy-black-star-promos-xy04-211-aa388a03c5,XY Black Star Promos,Sylveon,XY04/211,NO_VARIANT_LINK
pkm-xy-black-star-promos-xy05-211-6231e68055,XY Black Star Promos,Xerneas,XY05/211,NO_VARIANT_LINK
pkm-xy-black-star-promos-xy06-211-30668052d1,XY Black Star Promos,Yveltal,XY06/211,NO_VARIANT_LINK
pkm-xy-black-star-promos-xy07-211-0a338979c4,XY Black Star Promos,Xerneas-EX,XY07/211,NO_VARIANT_LINK
pkm-xy-black-star-promos-xy08-211-96a1828433,XY Black Star Promos,Yveltal-EX,XY08/211,NO_VARIANT_LINK
pkm-xy-black-star-promos-xy09-211-d519701d66,XY Black Star Promos,Garchomp-EX,XY09/211,NO_VARIANT_LINK
pkm-xy-black-star-promos-xy10-211-3752724ed3,XY Black Star Promos,Dragalge,XY10/211,NO_VARIANT_LINK
pkm-xy-black-star-promos-xy11-211-deab5d9d83,XY Black Star Promos,Skiddo,XY11/211,NO_VARIANT_LINK
pkm-xy-black-star-promos-xy12-211-967bf6f539,XY Black Star Promos,Honedge,XY12/211,NO_VARIANT_LINK
pkm-xy-black-star-promos-xy13-211-6cc1989497,XY Black Star Promos,Machamp,XY13/211,NO_VARIANT_LINK
pkm-xy-black-star-promos-xy14-211-6777013de8,XY Black Star Promos,Trevenant,XY14/211,NO_VARIANT_LINK
pkm-xy-black-star-promos-xy15-211-bee786dea7,XY Black Star Promos,Slurpuff,XY15/211,NO_VARIANT_LINK
pkm-xy-black-star-promos-xy16-211-6bfd4f67f8,XY Black Star Promos,Gogoat,XY16/211,NO_VARIANT_LINK
pkm-xy-black-star-promos-xy17-211-5bab50c2c2,XY Black Star Promos,Charizard-EX,XY17/211,NO_VARIANT_LINK
pkm-xy-black-star-promos-xy18-211-fc5d7a8e46,XY Black Star Promos,Chesnaught-EX,XY18/211,NO_VARIANT_LINK
pkm-xy-black-star-promos-xy19-211-c7ea249297,XY Black Star Promos,Delphox-EX,XY19/211,NO_VARIANT_LINK
pkm-xy-black-star-promos-xy20-211-47be8069f5,XY Black Star Promos,Greninja-EX,XY20/211,NO_VARIANT_LINK
pkm-xy-black-star-promos-xy21-211-9119b960e3,XY Black Star Promos,Bronzong,XY21/211,NO_VARIANT_LINK
pkm-xy-black-star-promos-xy22-211-d1cbde5e0c,XY Black Star Promos,Darkrai,XY22/211,NO_VARIANT_LINK
pkm-xy-black-star-promos-xy23-211-50f622daa3,XY Black Star Promos,Shiftry,XY23/211,NO_VARIANT_LINK
pkm-xy-black-star-promos-xy24-211-6c22a0cff8,XY Black Star Promos,Greninja,XY24/211,NO_VARIANT_LINK
pkm-xy-black-star-promos-xy25-211-e0d50a313f,XY Black Star Promos,Krookodile-EX,XY25/211,NO_VARIANT_LINK
pkm-xy-black-star-promos-xy26-211-498662c9b0,XY Black Star Promos,Pyroar,XY26/211,NO_VARIANT_LINK
pkm-xy-black-star-promos-xy27-211-099f15d251,XY Black Star Promos,Champions Festival,XY27/211,NO_VARIANT_LINK
pkm-xy-black-star-promos-xy28-211-76c8566e4e,XY Black Star Promos,Venusaur-EX,XY28/211,NO_VARIANT_LINK
pkm-xy-black-star-promos-xy29-211-61340f668c,XY Black Star Promos,Charizard-EX,XY29/211,NO_VARIANT_LINK
pkm-xy-black-star-promos-xy30-211-2bd45c91c6,XY Black Star Promos,Blastoise-EX,XY30/211,NO_VARIANT_LINK
pkm-xy-black-star-promos-xy31-211-4c33822a40,XY Black Star Promos,Xerneas,XY31/211,NO_VARIANT_LINK
pkm-xy-black-star-promos-xy32-211-d43f07d6db,XY Black Star Promos,Yveltal,XY32/211,NO_VARIANT_LINK
pkm-xy-black-star-promos-xy33-211-ce4039d51e,XY Black Star Promos,Trevor,XY33/211,NO_VARIANT_LINK
pkm-xy-black-star-promos-xy34-211-b72dd8fbaf,XY Black Star Promos,Metagross-EX,XY34/211,NO_VARIANT_LINK
pkm-xy-black-star-promos-xy35-211-5393696da1,XY Black Star Promos,M Metagross-EX,XY35/211,NO_VARIANT_LINK
pkm-xy-black-star-promos-xy36-211-e45b621c4e,XY Black Star Promos,Treecko,XY36/211,NO_VARIANT_LINK
pkm-xy-black-star-promos-xy37-211-18348f3211,XY Black Star Promos,Torchic,XY37/211,NO_VARIANT_LINK
pkm-xy-black-star-promos-xy38-211-49a7f85818,XY Black Star Promos,Mudkip,XY38/211,NO_VARIANT_LINK
pkm-xy-black-star-promos-xy39-211-d348d7190b,XY Black Star Promos,Kingdra,XY39/211,NO_VARIANT_LINK
pkm-xy-black-star-promos-xy40-211-c243279c67,XY Black Star Promos,Ditto,XY40/211,NO_VARIANT_LINK
pkm-xy-black-star-promos-xy41-211-26edbf609e,XY Black Star Promos,Kyogre-EX,XY41/211,NO_VARIANT_LINK
pkm-xy-black-star-promos-xy42-211-7b17a8520e,XY Black Star Promos,Groudon-EX,XY42/211,NO_VARIANT_LINK
pkm-xy-black-star-promos-xy43-211-d6f07a03e0,XY Black Star Promos,Diancie-EX,XY43/211,NO_VARIANT_LINK
pkm-xy-black-star-promos-xy44-211-3a23fad9c5,XY Black Star Promos,M Diancie-EX,XY44/211,NO_VARIANT_LINK
pkm-xy-black-star-promos-xy45-211-6056817da6,XY Black Star Promos,Gallade-EX,XY45/211,NO_VARIANT_LINK
pkm-xy-black-star-promos-xy46-211-07d7d86fbf,XY Black Star Promos,Altaria,XY46/211,NO_VARIANT_LINK
pkm-xy-black-star-promos-xy47-211-b3700fdc84,XY Black Star Promos,Heliolisk,XY47/211,NO_VARIANT_LINK
pkm-xy-black-star-promos-xy48-211-6ae61c0a93,XY Black Star Promos,Meowstic,XY48/211,NO_VARIANT_LINK
pkm-xy-black-star-promos-xy49-211-210c15da15,XY Black Star Promos,Regirock,XY49/211,NO_VARIANT_LINK
pkm-xy-black-star-promos-xy50-211-b5ee33f167,XY Black Star Promos,Pangoro,XY50/211,NO_VARIANT_LINK
pkm-xy-black-star-promos-xy51-211-2bad16c2c5,XY Black Star Promos,Kyogre,XY51/211,NO_VARIANT_LINK
pkm-xy-black-star-promos-xy52-211-9e06ff4dbc,XY Black Star Promos,Groudon,XY52/211,NO_VARIANT_LINK
pkm-xy-black-star-promos-xy53-211-bf306c5277,XY Black Star Promos,Sceptile-EX,XY53/211,NO_VARIANT_LINK
pkm-xy-black-star-promos-xy54-211-4e5d6e86f4,XY Black Star Promos,Blaziken-EX,XY54/211,NO_VARIANT_LINK
pkm-xy-black-star-promos-xy55-211-cdb77b3f1f,XY Black Star Promos,Swampert-EX,XY55/211,NO_VARIANT_LINK
pkm-xy-black-star-promos-xy56-211-235fa98f81,XY Black Star Promos,Blissey,XY56/211,NO_VARIANT_LINK
pkm-xy-black-star-promos-xy57-211-ba5abaa339,XY Black Star Promos,Fearow,XY57/211,NO_VARIANT_LINK
pkm-xy-black-star-promos-xy58-211-45be75fd97,XY Black Star Promos,Malamar,XY58/211,NO_VARIANT_LINK
pkm-xy-black-star-promos-xy59-211-3fd5fdb6ce,XY Black Star Promos,Salamence,XY59/211,NO_VARIANT_LINK
pkm-xy-black-star-promos-xy60-211-9d5a4c5c5a,XY Black Star Promos,Gyarados,XY60/211,NO_VARIANT_LINK
pkm-xy-black-star-promos-xy61-211-a2a7e029cd,XY Black Star Promos,Flygon-EX,XY61/211,NO_VARIANT_LINK
pkm-xy-black-star-promos-xy62-211-4c88f09179,XY Black Star Promos,Absol-EX,XY62/211,NO_VARIANT_LINK
pkm-xy-black-star-promos-xy63-211-f6ec388e31,XY Black Star Promos,M Absol-EX,XY63/211,NO_VARIANT_LINK
pkm-xy-black-star-promos-xy64-211-4eb6d2a272,XY Black Star Promos,Rayquaza,XY64/211,NO_VARIANT_LINK
pkm-xy-black-star-promos-xy65-211-a2d77ecfae,XY Black Star Promos,Latios,XY65/211,NO_VARIANT_LINK
pkm-xy-black-star-promos-xy66-211-3a024157c1,XY Black Star Promos,Rayquaza-EX,XY66/211,NO_VARIANT_LINK
pkm-xy-black-star-promos-xy67-211-c75bb7a72d,XY Black Star Promos,Jirachi,XY67/211,NO_VARIANT_LINK
pkm-xy-black-star-promos-xy67a-211-33b4022f3f,XY Black Star Promos,Jirachi,XY67a/211,NO_VARIANT_LINK
pkm-xy-black-star-promos-xy68-211-38721ec299,XY Black Star Promos,Chesnaught,XY68/211,NO_VARIANT_LINK
pkm-xy-black-star-promos-xy69-211-b837293a70,XY Black Star Promos,Rayquaza-EX,XY69/211,NO_VARIANT_LINK
pkm-xy-black-star-promos-xy70-211-60a026d5d9,XY Black Star Promos,Tyrantrum-EX,XY70/211,NO_VARIANT_LINK
pkm-xy-black-star-promos-xy71-211-de8137f503,XY Black Star Promos,Hoopa-EX,XY71/211,NO_VARIANT_LINK
pkm-xy-black-star-promos-xy72-211-c92b975a92,XY Black Star Promos,Latios-EX,XY72/211,NO_VARIANT_LINK
pkm-xy-black-star-promos-xy73-211-7245e19e06,XY Black Star Promos,Rayquaza-EX,XY73/211,NO_VARIANT_LINK
pkm-xy-black-star-promos-xy74-211-a463823513,XY Black Star Promos,Reshiram,XY74/211,NO_VARIANT_LINK
pkm-xy-black-star-promos-xy75-211-4002a95b62,XY Black Star Promos,Palkia,XY75/211,NO_VARIANT_LINK
pkm-xy-black-star-promos-xy76-211-b48bf41754,XY Black Star Promos,Zekrom,XY76/211,NO_VARIANT_LINK
pkm-xy-black-star-promos-xy77-211-2541e9234a,XY Black Star Promos,Dialga,XY77/211,NO_VARIANT_LINK
pkm-xy-black-star-promos-xy78-211-4f67e689c3,XY Black Star Promos,Latias,XY78/211,NO_VARIANT_LINK
pkm-xy-black-star-promos-xy79-211-699037f06f,XY Black Star Promos,Latios,XY79/211,NO_VARIANT_LINK
pkm-xy-black-star-promos-xy80-211-d5f57c6805,XY Black Star Promos,Black Kyurem,XY80/211,NO_VARIANT_LINK
pkm-xy-black-star-promos-xy81-211-91a9a80f4f,XY Black Star Promos,White Kyurem,XY81/211,NO_VARIANT_LINK
pkm-xy-black-star-promos-xy82-211-40dd10ee1f,XY Black Star Promos,Regigigas,XY82/211,NO_VARIANT_LINK
pkm-xy-black-star-promos-xy83-211-8815b832d4,XY Black Star Promos,Arceus,XY83/211,NO_VARIANT_LINK
pkm-xy-black-star-promos-xy84-211-7fad306b6d,XY Black Star Promos,Pikachu-EX,XY84/211,NO_VARIANT_LINK
pkm-xy-black-star-promos-xy85-211-a52d517509,XY Black Star Promos,Hoopa-EX,XY85/211,NO_VARIANT_LINK
pkm-xy-black-star-promos-xy86-211-2637c332a2,XY Black Star Promos,M Blaziken-EX,XY86/211,NO_VARIANT_LINK
pkm-xy-black-star-promos-xy87-211-1fdef410b5,XY Black Star Promos,M Swampert-EX,XY87/211,NO_VARIANT_LINK
pkm-xy-black-star-promos-xy88-211-dff3bfd2a1,XY Black Star Promos,Chespin,XY88/211,NO_VARIANT_LINK
pkm-xy-black-star-promos-xy89-211-23caa890d6,XY Black Star Promos,Pikachu,XY89/211,NO_VARIANT_LINK
pkm-xy-black-star-promos-xy90-211-b4b78a22e9,XY Black Star Promos,Hoopa,XY90/211,NO_VARIANT_LINK
pkm-xy-black-star-promos-xy91-211-63cebf1490,XY Black Star Promos,Champions Festival,XY91/211,NO_VARIANT_LINK
pkm-xy-black-star-promos-xy92-211-e39de35070,XY Black Star Promos,Sableye,XY92/211,NO_VARIANT_LINK
pkm-xy-black-star-promos-xy93-211-8511be66d3,XY Black Star Promos,Celebi,XY93/211,NO_VARIANT_LINK
pkm-xy-black-star-promos-xy94-211-57c0f4c56e,XY Black Star Promos,Trevenant,XY94/211,NO_VARIANT_LINK
pkm-xy-black-star-promos-xy95-211-c873dd0fe5,XY Black Star Promos,Pikachu,XY95/211,NO_VARIANT_LINK
pkm-xy-black-star-promos-xy96-211-1a8d612ce0,XY Black Star Promos,Umbreon,XY96/211,NO_VARIANT_LINK
pkm-xy-black-star-promos-xy97-211-55fc031f7d,XY Black Star Promos,Aerodactyl-EX,XY97/211,NO_VARIANT_LINK
pkm-xy-black-star-promos-xy98-211-89a33dd39b,XY Black Star Promos,M Aerodactyl-EX,XY98/211,NO_VARIANT_LINK
pkm-xy-black-star-promos-xy99-211-f07934feb6,XY Black Star Promos,Aerodactyl Spirit Link,XY99/211,NO_VARIANT_LINK
pkm-xy-black-star-promos-xy100-211-38a9e6ec93,XY Black Star Promos,Mewtwo,XY100/211,NO_VARIANT_LINK
pkm-xy-black-star-promos-xy101-211-34d6808486,XY Black Star Promos,Mewtwo,XY101/211,NO_VARIANT_LINK
pkm-xy-black-star-promos-xy102-211-c818ff0220,XY Black Star Promos,Aurorus-EX,XY102/211,NO_VARIANT_LINK
pkm-xy-black-star-promos-xy103-211-7b1c07954e,XY Black Star Promos,Mawile-EX,XY103/211,NO_VARIANT_LINK
pkm-xy-black-star-promos-xy104-211-7fdf30604c,XY Black Star Promos,M Mawile-EX,XY104/211,NO_VARIANT_LINK
pkm-xy-black-star-promos-xy105-211-ebbf81d6be,XY Black Star Promos,Mawile Spirit Link,XY105/211,NO_VARIANT_LINK
pkm-xy-black-star-promos-xy106-211-269af5d99c,XY Black Star Promos,Gyarados-EX,XY106/211,NO_VARIANT_LINK
pkm-xy-black-star-promos-xy107-211-bae338972f,XY Black Star Promos,Mewtwo-EX,XY107/211,NO_VARIANT_LINK
pkm-xy-black-star-promos-xy108-211-9269259259,XY Black Star Promos,Machamp-EX,XY108/211,NO_VARIANT_LINK
pkm-xy-black-star-promos-xy109-211-32f6505625,XY Black Star Promos,Gyarados,XY109/211,NO_VARIANT_LINK
pkm-xy-black-star-promos-xy110-211-be258bff70,XY Black Star Promos,Mew,XY110/211,NO_VARIANT_LINK
pkm-xy-black-star-promos-xy111-211-e70190839b,XY Black Star Promos,Celebi,XY111/211,NO_VARIANT_LINK
pkm-xy-black-star-promos-xy112-211-0bb527dd33,XY Black Star Promos,Jirachi,XY112/211,NO_VARIANT_LINK
pkm-xy-black-star-promos-xy113-211-de4e70551c,XY Black Star Promos,Manaphy,XY113/211,NO_VARIANT_LINK
pkm-xy-black-star-promos-xy114-211-fd1c537ba2,XY Black Star Promos,Darkrai,XY114/211,NO_VARIANT_LINK
pkm-xy-black-star-promos-xy115-211-813aaa508c,XY Black Star Promos,Shaymin,XY115/211,NO_VARIANT_LINK
pkm-xy-black-star-promos-xy116-211-1b1b58e3d5,XY Black Star Promos,Arceus,XY116/211,NO_VARIANT_LINK
pkm-xy-black-star-promos-xy117-211-9d5da36ccb,XY Black Star Promos,Victini,XY117/211,NO_VARIANT_LINK
pkm-xy-black-star-promos-xy118-211-ed7af4ffb1,XY Black Star Promos,Keldeo,XY118/211,NO_VARIANT_LINK
pkm-xy-black-star-promos-xy119-211-1f50d1db42,XY Black Star Promos,Genesect,XY119/211,NO_VARIANT_LINK
pkm-xy-black-star-promos-xy120-211-7fccac5994,XY Black Star Promos,Meloetta,XY120/211,NO_VARIANT_LINK
pkm-xy-black-star-promos-xy121-211-8668d21259,XY Black Star Promos,Charizard-EX,XY121/211,NO_VARIANT_LINK
pkm-xy-black-star-promos-xy122-211-06f625c762,XY Black Star Promos,Blastoise-EX,XY122/211,NO_VARIANT_LINK
pkm-xy-black-star-promos-xy123-211-a9983d6ed0,XY Black Star Promos,Venusaur-EX,XY123/211,NO_VARIANT_LINK
pkm-xy-black-star-promos-xy124-211-45969c33bb,XY Black Star Promos,Pikachu-EX,XY124/211,NO_VARIANT_LINK
pkm-xy-black-star-promos-xy125-211-6cbc33cf60,XY Black Star Promos,Mewtwo-EX,XY125/211,NO_VARIANT_LINK
pkm-xy-black-star-promos-xy126-211-c60ffcb3ee,XY Black Star Promos,Mew-EX,XY126/211,NO_VARIANT_LINK
pkm-xy-black-star-promos-xy127-211-46575ab493,XY Black Star Promos,Moltres,XY127/211,NO_VARIANT_LINK
pkm-xy-black-star-promos-xy128-211-c34570ad6f,XY Black Star Promos,White Kyurem,XY128/211,NO_VARIANT_LINK
pkm-xy-black-star-promos-xy129-211-567572d990,XY Black Star Promos,Zygarde,XY129/211,NO_VARIANT_LINK
pkm-xy-black-star-promos-xy130-211-316467dbce,XY Black Star Promos,Tyranitar,XY130/211,NO_VARIANT_LINK
pkm-xy-black-star-promos-xy131-211-96b07699ec,XY Black Star Promos,Pansear,XY131/211,NO_VARIANT_LINK
pkm-xy-black-star-promos-xy132-211-ec7d09c2a6,XY Black Star Promos,Gastly,XY132/211,NO_VARIANT_LINK
pkm-xy-black-star-promos-xy133-211-511beb6a67,XY Black Star Promos,Ash-Greninja-EX,XY133/211,NO_VARIANT_LINK
pkm-xy-black-star-promos-xy134-211-c9cf7c12df,XY Black Star Promos,Empoleon BREAK,XY134/211,NO_VARIANT_LINK
pkm-xy-black-star-promos-xy135-211-9ebd152dcd,XY Black Star Promos,Beheeyem BREAK,XY135/211,NO_VARIANT_LINK
pkm-xy-black-star-promos-xy136-211-5dbc34555a,XY Black Star Promos,Noctowl BREAK,XY136/211,NO_VARIANT_LINK
pkm-xy-black-star-promos-xy137-211-db0a668cd7,XY Black Star Promos,Vivillon,XY137/211,NO_VARIANT_LINK
pkm-xy-black-star-promos-xy138-211-1bd38ddf91,XY Black Star Promos,Froakie,XY138/211,NO_VARIANT_LINK
pkm-xy-black-star-promos-xy139-211-b02a222959,XY Black Star Promos,Floette,XY139/211,NO_VARIANT_LINK
pkm-xy-black-star-promos-xy140-211-d2df70b0a3,XY Black Star Promos,Lucario,XY140/211,NO_VARIANT_LINK
pkm-xy-black-star-promos-xy141-211-50750d56ac,XY Black Star Promos,Rayquaza,XY141/211,NO_VARIANT_LINK
pkm-xy-black-star-promos-xy142-211-bf7153f3e8,XY Black Star Promos,Azelf,XY142/211,NO_VARIANT_LINK
pkm-xy-black-star-promos-xy143-211-793ca9bcbd,XY Black Star Promos,Magikarp,XY143/211,NO_VARIANT_LINK
pkm-xy-black-star-promos-xy144-211-b1d455fd89,XY Black Star Promos,Yanmega,XY144/211,NO_VARIANT_LINK
pkm-xy-black-star-promos-xy145-211-bc7e69c6f0,XY Black Star Promos,Volcanion,XY145/211,NO_VARIANT_LINK
pkm-xy-black-star-promos-xy146-211-3a2dafdcec,XY Black Star Promos,Clawitzer,XY146/211,NO_VARIANT_LINK
pkm-xy-black-star-promos-xy147-211-5864bc28b7,XY Black Star Promos,Hoopa,XY147/211,NO_VARIANT_LINK
pkm-xy-black-star-promos-xy148-211-543553a377,XY Black Star Promos,Shaymin-EX,XY148/211,NO_VARIANT_LINK
pkm-xy-black-star-promos-xy149-211-1462157be4,XY Black Star Promos,Xerneas-EX,XY149/211,NO_VARIANT_LINK
pkm-xy-black-star-promos-xy150-211-50693c967e,XY Black Star Promos,Yveltal-EX,XY150/211,NO_VARIANT_LINK
pkm-xy-black-star-promos-xy150a-211-f186cc4978,XY Black Star Promos,Yveltal-EX,XY150a/211,NO_VARIANT_LINK
pkm-xy-black-star-promos-xy151-211-cccfea35b8,XY Black Star Promos,Zygarde-EX,XY151/211,NO_VARIANT_LINK
pkm-xy-black-star-promos-xy152-211-53bdaad5be,XY Black Star Promos,Zygarde,XY152/211,NO_VARIANT_LINK
pkm-xy-black-star-promos-xy153-211-c849380a37,XY Black Star Promos,Ho-Oh,XY153/211,NO_VARIANT_LINK
pkm-xy-black-star-promos-xy154-211-a6a5bba972,XY Black Star Promos,Ho-Oh BREAK,XY154/211,NO_VARIANT_LINK
pkm-xy-black-star-promos-xy155-211-5a95171ad0,XY Black Star Promos,Wobbuffet BREAK,XY155/211,NO_VARIANT_LINK
pkm-xy-black-star-promos-xy156-211-da9df40797,XY Black Star Promos,Lugia,XY156/211,NO_VARIANT_LINK
pkm-xy-black-star-promos-xy157-211-3f12b06335,XY Black Star Promos,Beedrill-EX,XY157/211,NO_VARIANT_LINK
pkm-xy-black-star-promos-xy158-211-645bff759c,XY Black Star Promos,M Beedrill-EX,XY158/211,NO_VARIANT_LINK
pkm-xy-black-star-promos-xy159-211-12d9b6026a,XY Black Star Promos,Beedrill Spirit Link,XY159/211,NO_VARIANT_LINK
pkm-xy-black-star-promos-xy160-211-42baa871d2,XY Black Star Promos,Black Kyurem,XY160/211,NO_VARIANT_LINK
pkm-xy-black-star-promos-xy161-211-69b4f80c31,XY Black Star Promos,Braixen,XY161/211,NO_VARIANT_LINK
pkm-xy-black-star-promos-xy162-211-2350ab00ec,XY Black Star Promos,Greninja,XY162/211,NO_VARIANT_LINK
pkm-xy-black-star-promos-xy163-211-26e8322206,XY Black Star Promos,Weezing,XY163/211,NO_VARIANT_LINK
pkm-xy-black-star-promos-xy164-211-33972f49c7,XY Black Star Promos,Volcanion,XY164/211,NO_VARIANT_LINK
pkm-xy-black-star-promos-xy165-211-a2f990655a,XY Black Star Promos,Magearna,XY165/211,NO_VARIANT_LINK
pkm-xy-black-star-promos-xy166-211-468851dfb4,XY Black Star Promos,M Gengar-EX,XY166/211,NO_VARIANT_LINK
pkm-xy-black-star-promos-xy167-211-64e9ac11aa,XY Black Star Promos,Garchomp-EX,XY167/211,NO_VARIANT_LINK
pkm-xy-black-star-promos-xy168-211-2ef98d76bc,XY Black Star Promos,M Garchomp-EX,XY168/211,NO_VARIANT_LINK
pkm-xy-black-star-promos-xy169-211-705c729805,XY Black Star Promos,Garchomp Spirit Link,XY169/211,NO_VARIANT_LINK
pkm-xy-black-star-promos-xy170-211-c964d5c7ad,XY Black Star Promos,Salamence-EX,XY170/211,NO_VARIANT_LINK
pkm-xy-black-star-promos-xy171-211-6948c9ac5c,XY Black Star Promos,M Salamence-EX,XY171/211,NO_VARIANT_LINK
pkm-xy-black-star-promos-xy172-211-cefdd3a1c0,XY Black Star Promos,Salamence Spirit Link,XY172/211,NO_VARIANT_LINK
pkm-xy-black-star-promos-xy173-211-e587f69ab7,XY Black Star Promos,Volcanion-EX,XY173/211,NO_VARIANT_LINK
pkm-xy-black-star-promos-xy174-211-279fe5a8be,XY Black Star Promos,Pikachu-EX,XY174/211,NO_VARIANT_LINK
pkm-xy-black-star-promos-xy175-211-44dbc2737e,XY Black Star Promos,Magearna-EX,XY175/211,NO_VARIANT_LINK
pkm-xy-black-star-promos-xy176-211-4f910708e9,XY Black Star Promos,Champions Festival,XY176/211,NO_VARIANT_LINK
pkm-xy-black-star-promos-xy177-211-9be07a4441,XY Black Star Promos,Karen,XY177/211,NO_VARIANT_LINK
pkm-xy-black-star-promos-xy177a-211-2a8ede5018,XY Black Star Promos,Karen,XY177a/211,NO_VARIANT_LINK
pkm-xy-black-star-promos-xy178-211-c073a79195,XY Black Star Promos,Absol,XY178/211,NO_VARIANT_LINK
pkm-xy-black-star-promos-xy179-211-4e72d4e2da,XY Black Star Promos,Snorlax,XY179/211,NO_VARIANT_LINK
pkm-xy-black-star-promos-xy180-211-66870c0f25,XY Black Star Promos,Arcanine BREAK,XY180/211,NO_VARIANT_LINK
pkm-xy-black-star-promos-xy181-211-a8755024ab,XY Black Star Promos,Crobat BREAK,XY181/211,NO_VARIANT_LINK
pkm-xy-black-star-promos-xy182-211-84c51a0d64,XY Black Star Promos,Mandibuzz BREAK,XY182/211,NO_VARIANT_LINK
pkm-xy-black-star-promos-xy183-211-ad969460dd,XY Black Star Promos,Mewtwo-EX,XY183/211,NO_VARIANT_LINK
pkm-xy-black-star-promos-xy184-211-ff3c46fba4,XY Black Star Promos,Giratina,XY184/211,NO_VARIANT_LINK
pkm-xy-black-star-promos-xy185-211-6e5988f501,XY Black Star Promos,Volcanion,XY185/211,NO_VARIANT_LINK
pkm-xy-black-star-promos-xy186-211-0c4aa6fb4d,XY Black Star Promos,Magearna,XY186/211,NO_VARIANT_LINK
pkm-xy-black-star-promos-xy187-211-bb9e40a510,XY Black Star Promos,Celebi,XY187/211,NO_VARIANT_LINK
pkm-xy-black-star-promos-xy188-211-73f8c72854,XY Black Star Promos,Shaymin,XY188/211,NO_VARIANT_LINK
pkm-xy-black-star-promos-xy189-211-b8b3a1705b,XY Black Star Promos,Victini,XY189/211,NO_VARIANT_LINK
pkm-xy-black-star-promos-xy190-211-7ad9223d02,XY Black Star Promos,Manaphy,XY190/211,NO_VARIANT_LINK
pkm-xy-black-star-promos-xy191-211-4d1acca88a,XY Black Star Promos,Keldeo,XY191/211,NO_VARIANT_LINK
pkm-xy-black-star-promos-xy192-211-c9f1c4eea5,XY Black Star Promos,Mew,XY192/211,NO_VARIANT_LINK
pkm-xy-black-star-promos-xy193-211-24e50b74fa,XY Black Star Promos,Meloetta,XY193/211,NO_VARIANT_LINK
pkm-xy-black-star-promos-xy194-211-2e8a37646b,XY Black Star Promos,Darkrai,XY194/211,NO_VARIANT_LINK
pkm-xy-black-star-promos-xy195-211-a44a4a6f02,XY Black Star Promos,Jirachi,XY195/211,NO_VARIANT_LINK
pkm-xy-black-star-promos-xy196-211-ccf84b1f52,XY Black Star Promos,Genesect,XY196/211,NO_VARIANT_LINK
pkm-xy-black-star-promos-xy197-211-dc63a17d60,XY Black Star Promos,Arceus,XY197/211,NO_VARIANT_LINK
pkm-xy-black-star-promos-xy198-211-95e7c7fdcc,XY Black Star Promos,M Camerupt-EX,XY198/211,NO_VARIANT_LINK
pkm-xy-black-star-promos-xy198a-211-6c38cc8d7b,XY Black Star Promos,M Camerupt-EX,XY198a/211,NO_VARIANT_LINK
pkm-xy-black-star-promos-xy199-211-9123a8f17f,XY Black Star Promos,Camerupt Spirit Link,XY199/211,NO_VARIANT_LINK
pkm-xy-black-star-promos-xy200-211-dd356ac044,XY Black Star Promos,M Sharpedo-EX,XY200/211,NO_VARIANT_LINK
pkm-xy-black-star-promos-xy200a-211-727b0e6781,XY Black Star Promos,M Sharpedo-EX,XY200a/211,NO_VARIANT_LINK
pkm-xy-black-star-promos-xy201-211-70114659c7,XY Black Star Promos,Sharpedo Spirit Link,XY201/211,NO_VARIANT_LINK
pkm-xy-black-star-promos-xy202-211-474d3e9eb4,XY Black Star Promos,Pikachu,XY202/211,NO_VARIANT_LINK
pkm-xy-black-star-promos-xy203-211-f1c8e66609,XY Black Star Promos,Gym Badge,XY203/211,NO_VARIANT_LINK
pkm-xy-black-star-promos-xy204-211-e8d36b3bbd,XY Black Star Promos,Gym Badge,XY204/211,NO_VARIANT_LINK
pkm-xy-black-star-promos-xy205-211-afe573355d,XY Black Star Promos,Gym Badge,XY205/211,NO_VARIANT_LINK
pkm-xy-black-star-promos-xy206-211-55c9d10ad6,XY Black Star Promos,Gym Badge,XY206/211,NO_VARIANT_LINK
pkm-xy-black-star-promos-xy207-211-2b620e5886,XY Black Star Promos,Gym Badge,XY207/211,NO_VARIANT_LINK
pkm-xy-black-star-promos-xy208-211-381d6bb203,XY Black Star Promos,Gym Badge,XY208/211,NO_VARIANT_LINK
pkm-xy-black-star-promos-xy209-211-085d56a49e,XY Black Star Promos,Gym Badge,XY209/211,NO_VARIANT_LINK
pkm-xy-black-star-promos-xy210-211-1da1d33cab,XY Black Star Promos,Gym Badge,XY210/211,NO_VARIANT_LINK
pkm-xy-black-star-promos-xy211-211-dcc25f1616,XY Black Star Promos,Lucario Spirit Link,XY211/211,NO_VARIANT_LINK
pkm-xy-1-146-a9c37b6cfb,XY,Venusaur-EX,1/146,NO_VARIANT_LINK
pkm-xy-2-146-a341b5bbdf,XY,M Venusaur-EX,2/146,NO_VARIANT_LINK
pkm-xy-3-146-c42fb5b81f,XY,Weedle,3/146,NO_VARIANT_LINK
pkm-xy-4-146-dafadebc62,XY,Kakuna,4/146,NO_VARIANT_LINK
pkm-xy-5-146-2165d7f3d5,XY,Beedrill,5/146,NO_VARIANT_LINK
pkm-xy-6-146-db4f839cb7,XY,Ledyba,6/146,NO_VARIANT_LINK
pkm-xy-7-146-deea0f9b45,XY,Ledian,7/146,NO_VARIANT_LINK
pkm-xy-8-146-c033fef1ba,XY,Volbeat,8/146,NO_VARIANT_LINK
pkm-xy-9-146-793795540c,XY,Illumise,9/146,NO_VARIANT_LINK
pkm-xy-10-146-398dd23306,XY,Pansage,10/146,NO_VARIANT_LINK
pkm-xy-11-146-abeb922c99,XY,Simisage,11/146,NO_VARIANT_LINK
pkm-xy-12-146-8b1ad59092,XY,Chespin,12/146,NO_VARIANT_LINK
pkm-xy-13-146-64f21338f2,XY,Quilladin,13/146,NO_VARIANT_LINK
pkm-xy-14-146-c8e113fded,XY,Chesnaught,14/146,NO_VARIANT_LINK
pkm-xy-15-146-004de4b70e,XY,Scatterbug,15/146,NO_VARIANT_LINK
pkm-xy-16-146-2cb5f4fec5,XY,Spewpa,16/146,NO_VARIANT_LINK
pkm-xy-17-146-88931fa0c3,XY,Vivillon,17/146,NO_VARIANT_LINK
pkm-xy-18-146-28118cc84e,XY,Skiddo,18/146,NO_VARIANT_LINK
pkm-xy-19-146-abc9e9ca12,XY,Gogoat,19/146,NO_VARIANT_LINK
pkm-xy-20-146-64794ef47c,XY,Slugma,20/146,NO_VARIANT_LINK
pkm-xy-21-146-2018fcf13a,XY,Magcargo,21/146,NO_VARIANT_LINK
pkm-xy-22-146-0a2a38dae3,XY,Pansear,22/146,NO_VARIANT_LINK
pkm-xy-23-146-eb806bd181,XY,Simisear,23/146,NO_VARIANT_LINK
pkm-xy-24-146-e7a692e6e1,XY,Fennekin,24/146,NO_VARIANT_LINK
pkm-xy-25-146-7808e590ea,XY,Braixen,25/146,NO_VARIANT_LINK
pkm-xy-26-146-fd98aa1e9d,XY,Delphox,26/146,NO_VARIANT_LINK
pkm-xy-27-146-1c3243aa20,XY,Fletchinder,27/146,NO_VARIANT_LINK
pkm-xy-28-146-50b6b4c480,XY,Talonflame,28/146,NO_VARIANT_LINK
pkm-xy-29-146-3dd6c5184a,XY,Blastoise-EX,29/146,NO_VARIANT_LINK
pkm-xy-30-146-4b936dc579,XY,M Blastoise-EX,30/146,NO_VARIANT_LINK
pkm-xy-31-146-6464821c78,XY,Shellder,31/146,NO_VARIANT_LINK
pkm-xy-32-146-7351f6ce72,XY,Cloyster,32/146,NO_VARIANT_LINK
pkm-xy-33-146-ce4f058c5a,XY,Staryu,33/146,NO_VARIANT_LINK
pkm-xy-34-146-d07b454dc9,XY,Starmie,34/146,NO_VARIANT_LINK
pkm-xy-35-146-ed10388fc5,XY,Lapras,35/146,NO_VARIANT_LINK
pkm-xy-36-146-a12278ca87,XY,Corsola,36/146,NO_VARIANT_LINK
pkm-xy-37-146-6c3802eeb4,XY,Panpour,37/146,NO_VARIANT_LINK
pkm-xy-38-146-689b8f4ca6,XY,Simipour,38/146,NO_VARIANT_LINK
pkm-xy-39-146-a8fc57408b,XY,Froakie,39/146,NO_VARIANT_LINK
pkm-xy-40-146-5a773f7c5b,XY,Frogadier,40/146,NO_VARIANT_LINK
pkm-xy-41-146-537b082ac0,XY,Greninja,41/146,NO_VARIANT_LINK
pkm-xy-42-146-7e33ec1c18,XY,Pikachu,42/146,NO_VARIANT_LINK
pkm-xy-43-146-308e7922e3,XY,Raichu,43/146,NO_VARIANT_LINK
pkm-xy-44-146-e17a19a764,XY,Voltorb,44/146,NO_VARIANT_LINK
pkm-xy-45-146-56562ec8a6,XY,Electrode,45/146,NO_VARIANT_LINK
pkm-xy-46-146-606a29e5c6,XY,Emolga-EX,46/146,NO_VARIANT_LINK
pkm-xy-47-146-41f56e9943,XY,Ekans,47/146,NO_VARIANT_LINK
pkm-xy-48-146-9c78a9d4b1,XY,Arbok,48/146,NO_VARIANT_LINK
pkm-xy-49-146-7b6bf519ee,XY,Spoink,49/146,NO_VARIANT_LINK
pkm-xy-50-146-c23cdf5aa8,XY,Grumpig,50/146,NO_VARIANT_LINK
pkm-xy-51-146-704dac5162,XY,Venipede,51/146,NO_VARIANT_LINK
pkm-xy-52-146-c68a48e425,XY,Whirlipede,52/146,NO_VARIANT_LINK
pkm-xy-53-146-1f0630ba93,XY,Scolipede,53/146,NO_VARIANT_LINK
pkm-xy-54-146-038d6d1bcb,XY,Phantump,54/146,NO_VARIANT_LINK
pkm-xy-55-146-351aa3c982,XY,Trevenant,55/146,NO_VARIANT_LINK
pkm-xy-56-146-d529e5d033,XY,Pumpkaboo,56/146,NO_VARIANT_LINK
pkm-xy-57-146-f1bbe03c21,XY,Gourgeist,57/146,NO_VARIANT_LINK
pkm-xy-58-146-8d7cf3dfee,XY,Diglett,58/146,NO_VARIANT_LINK
pkm-xy-59-146-38c038a6a6,XY,Dugtrio,59/146,NO_VARIANT_LINK
pkm-xy-60-146-d04f1e32d6,XY,Rhyhorn,60/146,NO_VARIANT_LINK
pkm-xy-61-146-72ceeb765f,XY,Rhydon,61/146,NO_VARIANT_LINK
pkm-xy-62-146-9c987543fd,XY,Rhyperior,62/146,NO_VARIANT_LINK
pkm-xy-63-146-36eee20749,XY,Lunatone,63/146,NO_VARIANT_LINK
pkm-xy-64-146-bf3f0da6fb,XY,Solrock,64/146,NO_VARIANT_LINK
pkm-xy-65-146-b5aff7eed7,XY,Timburr,65/146,NO_VARIANT_LINK
pkm-xy-66-146-39f7830b2d,XY,Gurdurr,66/146,NO_VARIANT_LINK
pkm-xy-67-146-06210089c3,XY,Conkeldurr,67/146,NO_VARIANT_LINK
pkm-xy-68-146-29494f53c4,XY,Sableye,68/146,NO_VARIANT_LINK
pkm-xy-69-146-f5239bab65,XY,Sandile,69/146,NO_VARIANT_LINK
pkm-xy-70-146-57165356c3,XY,Krokorok,70/146,NO_VARIANT_LINK
pkm-xy-71-146-75e8abb9a9,XY,Krookodile,71/146,NO_VARIANT_LINK
pkm-xy-72-146-89449bceb7,XY,Zorua,72/146,NO_VARIANT_LINK
pkm-xy-73-146-29bfa5b8b5,XY,Zoroark,73/146,NO_VARIANT_LINK
pkm-xy-74-146-d79c0c5510,XY,Inkay,74/146,NO_VARIANT_LINK
pkm-xy-75-146-03b96fb375,XY,Inkay,75/146,NO_VARIANT_LINK
pkm-xy-76-146-904508b454,XY,Malamar,76/146,NO_VARIANT_LINK
pkm-xy-77-146-24bd49cba5,XY,Malamar,77/146,NO_VARIANT_LINK
pkm-xy-78-146-f75e8a2aa0,XY,Yveltal,78/146,NO_VARIANT_LINK
pkm-xy-79-146-8f917a31c0,XY,Yveltal-EX,79/146,NO_VARIANT_LINK
pkm-xy-80-146-d1d8124096,XY,Skarmory-EX,80/146,NO_VARIANT_LINK
pkm-xy-81-146-3e6fa8560c,XY,Pawniard,81/146,NO_VARIANT_LINK
pkm-xy-82-146-aba5a38aea,XY,Bisharp,82/146,NO_VARIANT_LINK
pkm-xy-83-146-9a296dc671,XY,Honedge,83/146,NO_VARIANT_LINK
pkm-xy-84-146-2c151463e5,XY,Doublade,84/146,NO_VARIANT_LINK
pkm-xy-85-146-12615238e6,XY,Aegislash,85/146,NO_VARIANT_LINK
pkm-xy-86-146-d7bacc75e4,XY,Aegislash,86/146,NO_VARIANT_LINK
pkm-xy-87-146-b4bb07c317,XY,Jigglypuff,87/146,NO_VARIANT_LINK
pkm-xy-88-146-6e0a1457f9,XY,Jigglypuff,88/146,NO_VARIANT_LINK
pkm-xy-89-146-fbb51ba143,XY,Wigglytuff,89/146,NO_VARIANT_LINK
pkm-xy-90-146-309c06a5fb,XY,Wigglytuff,90/146,NO_VARIANT_LINK
pkm-xy-91-146-5cc5007704,XY,Mr. Mime,91/146,NO_VARIANT_LINK
pkm-xy-92-146-2dcc0beae6,XY,Spritzee,92/146,NO_VARIANT_LINK
pkm-xy-93-146-1eeab8b0f9,XY,Aromatisse,93/146,NO_VARIANT_LINK
pkm-xy-94-146-44a9cbb753,XY,Swirlix,94/146,NO_VARIANT_LINK
pkm-xy-95-146-7c97221e8a,XY,Slurpuff,95/146,NO_VARIANT_LINK
pkm-xy-96-146-6ae6f73f4a,XY,Xerneas,96/146,NO_VARIANT_LINK
pkm-xy-97-146-0da0bda7d6,XY,Xerneas-EX,97/146,NO_VARIANT_LINK
pkm-xy-98-146-f770057785,XY,Doduo,98/146,NO_VARIANT_LINK
pkm-xy-99-146-71b5ab0ea6,XY,Dodrio,99/146,NO_VARIANT_LINK
pkm-xy-100-146-414342f888,XY,Tauros,100/146,NO_VARIANT_LINK
pkm-xy-101-146-d2df9df206,XY,Dunsparce,101/146,NO_VARIANT_LINK
pkm-xy-102-146-48a878dcf4,XY,Taillow,102/146,NO_VARIANT_LINK
pkm-xy-103-146-039fd4f935,XY,Swellow,103/146,NO_VARIANT_LINK
pkm-xy-104-146-8a3df0b4b6,XY,Skitty,104/146,NO_VARIANT_LINK
pkm-xy-105-146-108a9b57d2,XY,Delcatty,105/146,NO_VARIANT_LINK
pkm-xy-106-146-383e783d1d,XY,Bidoof,106/146,NO_VARIANT_LINK
pkm-xy-107-146-00c4ea2573,XY,Bibarel,107/146,NO_VARIANT_LINK
pkm-xy-108-146-6ceb4c3f05,XY,Lillipup,108/146,NO_VARIANT_LINK
pkm-xy-109-146-df52ae6dc7,XY,Herdier,109/146,NO_VARIANT_LINK
pkm-xy-110-146-76c16f494e,XY,Stoutland,110/146,NO_VARIANT_LINK
pkm-xy-111-146-aa9747ec1b,XY,Bunnelby,111/146,NO_VARIANT_LINK
pkm-xy-112-146-a73ee8f982,XY,Diggersby,112/146,NO_VARIANT_LINK
pkm-xy-113-146-ee9134b7b5,XY,Fletchling,113/146,NO_VARIANT_LINK
pkm-xy-114-146-4bc95680fc,XY,Furfrou,114/146,NO_VARIANT_LINK
pkm-xy-115-146-b03fcff4c1,XY,Cassius,115/146,NO_VARIANT_LINK
pkm-xy-116-146-f6c437f996,XY,Evosoda,116/146,NO_VARIANT_LINK
pkm-xy-117-146-529f701545,XY,Fairy Garden,117/146,NO_VARIANT_LINK
pkm-xy-118-146-4b3db9df43,XY,Great Ball,118/146,NO_VARIANT_LINK
pkm-xy-119-146-fe8de45379,XY,Hard Charm,119/146,NO_VARIANT_LINK
pkm-xy-120-146-95724b75fc,XY,Max Revive,120/146,NO_VARIANT_LINK
pkm-xy-121-146-75021cae36,XY,Muscle Band,121/146,NO_VARIANT_LINK
pkm-xy-122-146-f38cffac13,XY,Professor Sycamore,122/146,NO_VARIANT_LINK
pkm-xy-123-146-498eeb3956,XY,Professor's Letter,123/146,NO_VARIANT_LINK
pkm-xy-124-146-118b61e12c,XY,Red Card,124/146,NO_VARIANT_LINK
pkm-xy-125-146-968af38e30,XY,Roller Skates,125/146,NO_VARIANT_LINK
pkm-xy-126-146-97792b333d,XY,Shadow Circle,126/146,NO_VARIANT_LINK
pkm-xy-127-146-5ef60d2b78,XY,Shauna,127/146,NO_VARIANT_LINK
pkm-xy-128-146-6fee782673,XY,Super Potion,128/146,NO_VARIANT_LINK
pkm-xy-129-146-f9cafbabe7,XY,Team Flare Grunt,129/146,NO_VARIANT_LINK
pkm-xy-130-146-c75080b62a,XY,Double Colorless Energy,130/146,NO_VARIANT_LINK
pkm-xy-131-146-bab75b3296,XY,Rainbow Energy,131/146,NO_VARIANT_LINK
pkm-xy-132-146-2a333cebee,XY,Grass Energy,132/146,NO_VARIANT_LINK
pkm-xy-133-146-0bd9dd73df,XY,Fire Energy,133/146,NO_VARIANT_LINK
pkm-xy-134-146-68538b517c,XY,Water Energy,134/146,NO_VARIANT_LINK
pkm-xy-135-146-99bda4a1a4,XY,Lightning Energy,135/146,NO_VARIANT_LINK
pkm-xy-136-146-9a996fd6af,XY,Psychic Energy,136/146,NO_VARIANT_LINK
pkm-xy-137-146-a6cfc32e35,XY,Fighting Energy,137/146,NO_VARIANT_LINK
pkm-xy-138-146-23d5ecd15a,XY,Darkness Energy,138/146,NO_VARIANT_LINK
pkm-xy-139-146-8827fab427,XY,Metal Energy,139/146,NO_VARIANT_LINK
pkm-xy-140-146-3bb1a78e36,XY,Fairy Energy,140/146,NO_VARIANT_LINK
pkm-xy-141-146-4d42b9537e,XY,Venusaur-EX,141/146,NO_VARIANT_LINK
pkm-xy-142-146-a2462b1883,XY,Blastoise-EX,142/146,NO_VARIANT_LINK
pkm-xy-143-146-feea8e1552,XY,Emolga-EX,143/146,NO_VARIANT_LINK
pkm-xy-144-146-a8a33ca2a6,XY,Yveltal-EX,144/146,NO_VARIANT_LINK
pkm-xy-145-146-76ee3ec4e6,XY,Skarmory-EX,145/146,NO_VARIANT_LINK
pkm-xy-146-146-9c7b2ab644,XY,Xerneas-EX,146/146,NO_VARIANT_LINK
pkm-chaos-rising-029-086-369c1e7a6f,Chaos Rising,Ampharos,029/086,NO_VARIANT_LINK
pkm-chaos-rising-090-086-08ceac3077,Chaos Rising,Ampharos,090/086,NO_VARIANT_LINK
pkm-chaos-rising-076-086-a6b0264b73,Chaos Rising,AZ's Tranquility,076/086,NO_VARIANT_LINK
pkm-chaos-rising-106-086-658fc3f478,Chaos Rising,AZ's Tranquility,106/086,NO_VARIANT_LINK
pkm-chaos-rising-120-086-01c4788784,Chaos Rising,AZ's Tranquility,120/086,NO_VARIANT_LINK
pkm-chaos-rising-003-086-c96199e170,Chaos Rising,Beedrill ex,003/086,NO_VARIANT_LINK
pkm-chaos-rising-098-086-59c5f85e25,Chaos Rising,Beedrill ex,098/086,NO_VARIANT_LINK
pkm-chaos-rising-005-086-5ef1d91236,Chaos Rising,Chespin,005/086,NO_VARIANT_LINK
pkm-chaos-rising-087-086-a74bd6be0b,Chaos Rising,Chespin,087/086,NO_VARIANT_LINK
pkm-chaos-rising-073-086-415ab1bd08,Chaos Rising,Cinccino ex,073/086,NO_VARIANT_LINK
pkm-chaos-rising-105-086-d6849d220e,Chaos Rising,Cinccino ex,105/086,NO_VARIANT_LINK
pkm-chaos-rising-119-086-c9dc58ad4b,Chaos Rising,Cinccino ex,119/086,NO_VARIANT_LINK
pkm-chaos-rising-047-086-28a6de7b90,Chaos Rising,Claydol,047/086,NO_VARIANT_LINK
pkm-chaos-rising-092-086-96038926a7,Chaos Rising,Claydol,092/086,NO_VARIANT_LINK
pkm-chaos-rising-064-086-e9136aa9f6,Chaos Rising,Cobalion ex,064/086,NO_VARIANT_LINK
pkm-chaos-rising-103-086-be7247c17c,Chaos Rising,Cobalion ex,103/086,NO_VARIANT_LINK
pkm-chaos-rising-051-086-8c09e18977,Chaos Rising,Crobat,051/086,NO_VARIANT_LINK
pkm-chaos-rising-093-086-b605e875cd,Chaos Rising,Crobat,093/086,NO_VARIANT_LINK
pkm-chaos-rising-031-086-4d219b3e25,Chaos Rising,Deoxys,031/086,NO_VARIANT_LINK
pkm-chaos-rising-032-086-6bc719c329,Chaos Rising,Deoxys,032/086,NO_VARIANT_LINK
pkm-chaos-rising-033-086-000ef0b403,Chaos Rising,Deoxys,033/086,NO_VARIANT_LINK
pkm-chaos-rising-034-086-7f866786cb,Chaos Rising,Deoxys,034/086,NO_VARIANT_LINK
pkm-chaos-rising-077-086-ab0d56b8e4,Chaos Rising,Emma,077/086,NO_VARIANT_LINK
pkm-chaos-rising-107-086-84c2f2b665,Chaos Rising,Emma,107/086,NO_VARIANT_LINK
pkm-chaos-rising-020-086-72b4e6abdb,Chaos Rising,Froakie,020/086,NO_VARIANT_LINK
pkm-chaos-rising-088-086-964ab4ecea,Chaos Rising,Froakie,088/086,NO_VARIANT_LINK
pkm-chaos-rising-021-086-ec9525fa59,Chaos Rising,Frogadier,021/086,NO_VARIANT_LINK
pkm-chaos-rising-089-086-bb176ed5d0,Chaos Rising,Frogadier,089/086,NO_VARIANT_LINK
pkm-chaos-rising-041-086-b5a2c310c2,Chaos Rising,Gourgeist ex,041/086,NO_VARIANT_LINK
pkm-chaos-rising-102-086-c46655411b,Chaos Rising,Gourgeist ex,102/086,NO_VARIANT_LINK
pkm-chaos-rising-065-086-031c3512df,Chaos Rising,Mega Dragalge ex,065/086,NO_VARIANT_LINK
pkm-chaos-rising-104-086-77cddb145d,Chaos Rising,Mega Dragalge ex,104/086,NO_VARIANT_LINK
pkm-chaos-rising-118-086-b6dd945d8f,Chaos Rising,Mega Dragalge ex,118/086,NO_VARIANT_LINK
pkm-chaos-rising-035-086-18c0c089c3,Chaos Rising,Mega Floette ex,035/086,NO_VARIANT_LINK
pkm-chaos-rising-101-086-c7ca3723b7,Chaos Rising,Mega Floette ex,101/086,NO_VARIANT_LINK
pkm-chaos-rising-117-086-b8c816994c,Chaos Rising,Mega Floette ex,117/086,NO_VARIANT_LINK
pkm-chaos-rising-022-086-af3b7ccd78,Chaos Rising,Mega Greninja ex,022/086,NO_VARIANT_LINK
pkm-chaos-rising-100-086-7af0534568,Chaos Rising,Mega Greninja ex,100/086,NO_VARIANT_LINK
pkm-chaos-rising-116-086-338a944360,Chaos Rising,Mega Greninja ex,116/086,NO_VARIANT_LINK
pkm-chaos-rising-122-086-818860b2c8,Chaos Rising,Mega Greninja ex,122/086,NO_VARIANT_LINK
pkm-chaos-rising-015-086-38b4bb750b,Chaos Rising,Mega Pyroar ex,015/086,NO_VARIANT_LINK
pkm-chaos-rising-099-086-d9b69fa42f,Chaos Rising,Mega Pyroar ex,099/086,NO_VARIANT_LINK
pkm-chaos-rising-060-086-b671a2cadc,Chaos Rising,Metang,060/086,NO_VARIANT_LINK
pkm-chaos-rising-094-086-01bfbff163,Chaos Rising,Metang,094/086,NO_VARIANT_LINK
pkm-chaos-rising-079-086-55adb811d1,Chaos Rising,Philippe,079/086,NO_VARIANT_LINK
pkm-chaos-rising-110-086-c588dab2b5,Chaos Rising,Philippe,110/086,NO_VARIANT_LINK
pkm-chaos-rising-080-086-de2066a249,Chaos Rising,Prism Tower,080/086,NO_VARIANT_LINK
pkm-chaos-rising-111-086-14a879f6c7,Chaos Rising,Prism Tower,111/086,NO_VARIANT_LINK
pkm-chaos-rising-081-086-7d4e89a458,Chaos Rising,Roxie's Performance,081/086,NO_VARIANT_LINK
pkm-chaos-rising-112-086-8426ef9934,Chaos Rising,Roxie's Performance,112/086,NO_VARIANT_LINK
pkm-chaos-rising-121-086-60b8ff3e66,Chaos Rising,Roxie's Performance,121/086,NO_VARIANT_LINK
pkm-chaos-rising-067-086-e9879e873d,Chaos Rising,Sliggoo,067/086,NO_VARIANT_LINK
pkm-chaos-rising-095-086-46749392b5,Chaos Rising,Sliggoo,095/086,NO_VARIANT_LINK
pkm-chaos-rising-082-086-7fe7aacc31,Chaos Rising,Special Red Card,082/086,NO_VARIANT_LINK
pkm-chaos-rising-113-086-55a82ec258,Chaos Rising,Special Red Card,113/086,NO_VARIANT_LINK
pkm-chaos-rising-069-086-f0f82ac029,Chaos Rising,Tauros,069/086,NO_VARIANT_LINK
pkm-chaos-rising-096-086-d74ce68917,Chaos Rising,Tauros,096/086,NO_VARIANT_LINK
pkm-chaos-rising-071-086-aa827df0da,Chaos Rising,Watchog,071/086,NO_VARIANT_LINK
pkm-chaos-rising-097-086-8d5f9e0f3a,Chaos Rising,Watchog,097/086,NO_VARIANT_LINK
pkm-chaos-rising-042-086-ed90be756f,Chaos Rising,Xerneas,042/086,NO_VARIANT_LINK
pkm-chaos-rising-091-086-2b533bface,Chaos Rising,Xerneas,091/086,NO_VARIANT_LINK
